MARTS-DB ID,First domain type,First domain residues,Second domain type,Second domain residues,Third domain type,Third domain residues
marts_E00000,beta,38-57+64-76+80-82+84-97+104-117+123-129+138-141+144-156+162-164+167-180+186-195+203-213+223-237,alpha1D,41-43+45-46+48+50-57+63-83+86-88+91-103+105+115-128+133-156+166-176+179-189+196-199+202+207-222+225+229+236-244+248-269+275-277+291-296+298-306,,
marts_E00001,alpha1E,39-48+50-57+63-83+86-88+91-105+115-128+133-155+166-176+179-190+198-199+202-222+224-229+236-243+248-275+277+288-296+298-306,,,,
marts_E00002,beta,64-76+80-82+84-97+104-117+123-129+144-156+162-164+167-181+186-195+203-213+223-237,alpha1D,39-41+44-48+50-57+63-83+89+91-102+115-128+135-149+152-156+183-190+196-199+202-222+224-227+252+254-271+291-296+298-306,gamma,194-203+207-222+234-248+258-271+274-275+281-286+288-290+293-295+300-303+314-324+327-337
marts_E00003,beta,51-52+54-55+57+64-76+80-82+84-97+104-117+123-129+138-140+144-156+162-164+167-181+186-195+203-213+223-237,alpha1D,50-57+63-83+89+92-103+115-128+133-156+166-176+179-189+196-199+202-222+224-229+236-244+248-271+279+292-296+298-306,,
marts_E00004,beta,45-57+64-76+80-82+84-97+104-117+123-129+144-156+162-164+167-181+186-195+203-213+223-237,gamma,139-147+162-170+186-203+207-222+234-248+258-272+274-275+281-282+284-286+288-290+293-295+300-303+314-324+327-337,alpha1D,39+41+44-48+50-57+63-83+86+91-103+115-126+133-152+173-176+179-190+197-199+202-222+224-228+240-241+259-271+291-296+298-306
marts_E00005,beta,49-57+64-76+80-82+84-97+104-117+123-129+138-140+144-156+162-164+167-181+186-195+203-213+223-237,alpha1D,50-57+63-83+89+92-103+115-128+133-134+136-156+166-176+179-188+190+196-199+202-222+224-229+236-244+248-271+279+292-296+298-306,,
marts_E00006,beta,39-57+64-76+80-82+84-97+104-117+123-129+144-156+162-164+167-181+186-195+203-213+223-237,gamma,139-147+162-170+186-203+207-222+234-248+258-272+275+281+284-286+288-290+293-295+300-303+314-324+327-337,alpha1D,39-41+44-48+50-57+63-83+86+94-102+115-125+133-152+174-176+179-190+196-199+202-222+224-225+238-240+260-271+291-296+298-306
marts_E00007,beta,37-57+64-76+80-82+84-97+104-117+123-129+138-142+144-156+162-164+167-180+186-195+203-213+223-237,alpha1D,41-43+45-47+50-57+63-83+86-88+91-102+105+115-128+133+135-156+166-176+179-190+196-199+203-205+207-222+224-229+236-244+248-272+279+292-296+298-306,,
marts_E00008,alpha1G,39-48+50-57+63-83+87-89+91-105+115-128+133-156+166-176+179-190+196-199+202-222+224-229+236-244+248-275+288-296+298-306,,,,
marts_E00009,alpha1G,39-48+50-57+63-83+87-88+91-105+116-128+133-156+166-176+179-190+196-199+202-222+224-228+236-244+248-271+286-296+298-306,,,,
marts_E00010,alpha1G,41-48+50+54-57+63-83+87+91-92+94-105+115-128+133-152+166-176+179-190+196-199+202-222+224-229+236-244+248-275+288-296+298-306,,,,
marts_E00011,alpha3B,73-85+96-121+139-159+167-191+204-214+216-219+221-230+243-263+324-346+353-359,,,,
marts_E00012,alpha1F,42-48+50-55+63-83+87-89+91-105+117-128+135-156+166-176+179-190+196-199+202-222+224-229+236-239+243-244+254-272+274-279+294-296+298-306,,,,
marts_E00013,alpha1F,42-48+50-57+63-83+86-89+91-105+117-128+135-156+166-176+179-190+196-199+202-222+224-226+237-239+253-272+276-279+293-296+298-306,,,,
marts_E00014,alpha1F,42-48+50-57+63-83+86-89+91-105+117-128+135-156+166-176+179-190+196-199+202-222+224-227+236-238+240+244+253-272+274-279+294-296+298-306,,,,
marts_E00015,alpha1F,42-48+50-57+63-83+86+89+91-105+117-128+135-156+166-176+179-190+196-199+202-222+224-227+229+236-239+243-244+254-272+277+279+293-296+298-306,,,,
marts_E00016,beta,64-76+80-82+84-97+104-117+123-129+138-140+144-156+162-164+167-181+186-195+203-213+224-237,alpha1D,50-57+63-83+86-88+91-103+115-128+133-134+137-156+166-176+179-189+196-199+202-222+224-229+236-244+248-271+279+292-296+298-306,,
marts_E00017,beta,51-54+64-76+80-82+84-97+104-117+123-129+138-140+142+144-156+162-164+167-181+186-195+203-213+223-237,alpha1D,45-48+50-57+63-83+89+92-103+115-128+133-134+136-156+166-176+179-189+196-199+202-222+224-229+236-244+248-271+279+292-296+298-306,,
marts_E00018,beta,38-57+64-76+80-82+84-97+104-117+123-129+142+144-156+162-164+167-181+186-195+203-213+223-237,alpha1D,41-43+45-46+48+50-57+63-83+87+91+93-102+105+115-128+133-156+166-176+179-188+196-199+202-222+224-229+236-244+248-270+278-279+293-296+298-306,,
marts_E00019,alpha3B,73-85+96-121+139-158+160+168-191+204-214+216-219+221-230+243-263+324-346+352-359,alpha1B,53-57+63-83+115-128+133-147+166-176+179-190+196-199+202-222+224-229+236-244+248-275+288-296+298-306,,
marts_E00020,alpha1G,39-48+50-57+66-83+86-87+89+92-105+115-128+133-151+153-156+166-176+179-190+196-199+202-222+224-229+236-244+248-275+288-296+298-306,,,,
marts_E00021,alpha1G,39-48+50-57+63-83+87-88+91-105+115-128+133-156+166-176+179-187+196-199+202-222+224-229+236-244+248-272+286-296+298-306,,,,
marts_E00022,beta,37-57+64-76+80-82+84-96+104-117+123-129+138-142+144-156+162-164+167-181+186-195+203-213+223-237,alpha1D,50-56+63-83+86+89+91-105+115-128+133-156+166-172+179-188+196-199+202-222+224-229+236-244+248-270+278-279+293-296+298-306,,
marts_E00023,alpha3B,73-85+93-121+140-160+167-191+204-214+216-219+221-231+236-263+324-345+352-359,,,,
marts_E00024,epsilon,104-115+123-134+151-164+172-183+191-200+213-217+226-228+231-246+254-263+268-270+273-277+291-306+309-330+339-350+356-367+369-371+376-378+510-513,delta2,73-86+385-399+403+405-421+454-470+480-492+531-547+553-570+585-599+610-621+633-638+649-662+667-680+707-720,,
marts_E00025,delta2,73-86+385-399+401-403+406-421+454-470+480-492+531-547+553-570+585-599+610-621+633-638+649-662+667-680+707-720,epsilon,104-115+123-134+151-164+172-183+191-200+213-217+226-228+231-246+254-263+268-270+273-277+291-306+309-330+339-350+356-367+369-371+376-378+510-513,,
marts_E00026,alpha1E,39-48+51-57+63-83+87-88+91-105+115-128+133-155+166-175+179-190+202-222+224-228+236-243+248-276+288-296+298-306,,,,
marts_E00027,alpha1E,39-48+50-57+63-83+87-88+91-105+115-128+133-156+166-175+179-190+202-222+224-228+236-243+248-276+288-296+298-306,,,,
marts_E00029,beta,37-57+64-76+80-82+84-97+104-117+123-126+141-142+144-156+162-164+167-180+186-195+203-213+223-237,alpha1D,50-57+63-83+86-88+91-102+105+115-128+133-156+166-176+179-189+196-199+206-222+224-229+236-244+248-269+275-277+291-296+298-306,,
marts_E00030,beta,40-57+64-76+80-82+84-97+104-117+123-129+138-142+144-156+162-164+167-181+186-195+203-213+223-237,alpha1D,41-43+45-47+50-57+63-83+87-88+91-103+105+115-128+133-156+166-176+179-187+196-199+202-222+224-229+236-244+248-277+291-296+298-306,,
marts_E00031,beta,39-57+64-76+80-82+84-97+104-117+123-129+138-141+144-156+162-164+167-181+186-195+203-213+223-237,alpha1D,46-48+50-57+63-83+86-88+91-102+105+115-128+133+135-156+166-176+179-190+196-199+202+205-222+224-229+236-244+248-272+276-279+292-296+298-306,,
marts_E00032,beta,37-57+64-76+80-82+84-97+104-117+123-127+138-142+144-156+162-164+167-181+186-195+203-213+223-237,alpha1D,41-43+45-47+50-57+63-83+86-87+91+93-103+115-128+133-156+166-176+179-189+196-199+202-222+224-228+236-244+248-272+278-279+293-296+298-306,,
marts_E00033,beta,37-38+40-57+65-76+80-82+84-97+104-117+123-129+138-142+144-156+162-164+167-179+186-195+203-213+223-237,alpha1D,41-43+45-48+51-57+63-83+86-88+91-103+105+115-128+133-156+166-176+179-189+196-199+202-204+207-222+236-244+248-270+278-279+293-296+298-306,,
marts_E00034,beta,37-38+40-57+64-76+80-82+84-96+104-117+123-129+138-141+144-156+162-164+167-181+186-195+203-213+223-237,alpha1D,50-57+63-83+86-87+91+93-103+115-128+133-156+166-176+179-188+196-199+203-204+206-222+236-244+248-270+278-279+293-296+298-306,,
marts_E00035,beta,37-57+64-76+80-82+84-97+104-117+123-129+138-142+144-156+162-164+167-181+186-195+203-213+223-237,alpha1D,41-43+45-47+50-57+63-83+87-88+91-102+104-105+115-128+133-156+166-176+179-189+196-199+202-222+224-229+236-244+248-271+278-279+293-296+298-306,,
marts_E00036,beta,39-57+64-76+80-82+84-97+104-117+123-129+144-156+162-164+167-181+186-195+203-213+223-237,gamma,139-147+162-170+186-203+207-222+234-248+258-272+274-275+281-282+284-286+288-290+293-295+300-303+314-324+327-337,alpha1D,46-48+50-57+63-83+87-88+91-102+105+115-128+133-156+166-176+179-189+196-199+202-203+205+207-222+224-229+236-243+248-271+273+279+292-296+298-306
marts_E00037,beta,39-57+64-76+80-82+84-97+104-117+123-129+138-139+144-156+162-164+167-180+186-195+203-213+223-237,gamma,139-147+162-170+186-203+207-222+235-248+258-275+281-282+284-293+299-303+314-324+327-337,alpha1D,50-57+63-83+86-88+91-102+115-128+133-156+166-176+179-187+196-199+202-203+207-222+224-229+236-243+248-272+278-279+293-296+298-306
marts_E00038,beta,39-57+64-76+80-82+84-97+104-117+123-129+138-141+144-156+162-164+167-180+186-195+203-213+223-237,gamma,139-147+162-170+186-203+207-222+234-248+260-264+267+269-275+281-290+294-295+300-303+314-324+327-337,alpha1D,42-48+50-57+63-83+86-88+91-102+105+115-128+133-156+166-176+179-187+196-199+203-204+208-222+224-229+236-243+248-271+278-279+293-296+298-306
marts_E00039,alpha1E,39-48+50-57+63-83+86-88+91-105+115-128+133-155+166-176+179-190+196-198+202-222+224-229+236-243+248-276+288-296+298-306,,,,
marts_E00040,alpha1E,39-48+50-57+63-83+87-88+91-105+115-128+133-155+168-176+179-190+196-199+202-222+224-229+236-243+248-276+288-296+298-306,,,,
marts_E00042,beta,40-57+64-76+80-82+84-96+104-117+123-129+138-142+144-156+162-164+167-181+186-195+203-213+223-237,alpha1D,41-43+45-46+48+50-57+63-83+86-87+91+93-102+105+115-128+133+135-156+166-176+179-190+196-199+202-222+224-229+236-244+248-273+279+294-296+298-306,,
marts_E00043,beta,56-57+64-76+80-82+84-97+104-117+123-127+138-142+144-156+162-164+167-181+186-195+203-213+223-237,alpha1D,41-43+45-48+51-57+63-83+87+91+93-102+105+115-128+133-156+166-176+179-188+196-199+202-203+205-222+224-229+236-244+248-270+278-279+293-296+298-306,,
marts_E00044,beta,40-57+64-76+80-82+84-97+104-117+123-129+138-142+144-156+162-164+167-181+186-195+203-213+223-237,alpha1D,41-43+45-46+48+50-57+63-83+86-87+91+93-102+105+115-128+133+135-156+166-176+179-190+196-199+202-204+207-222+224-225+229+236-244+248-271+278-279+293-296+298-306,,
marts_E00045,beta,56-57+64-76+80-82+84-97+104-117+125-127+138-142+144-156+162-164+167-181+186-195+203-213+223-237,alpha1D,41-43+45-46+48+50-57+63-83+87+91+93-102+105+115-128+133-156+166-176+179-188+196-199+203-222+224-229+236-244+248-270+278-279+293-296+298-306,,
marts_E00046,beta,40-57+64-76+80-82+84-97+104-117+123-129+138-142+144-156+162-164+167-181+186-195+203-213+223-237,alpha1D,41-43+45-46+48+50-57+63-83+86-87+91+93-102+105+115-128+133+135-156+166-176+179-190+196-199+202-204+207-222+224-225+227+229+236-244+248-271+278-279+293-296+298-306,,
marts_E00047,beta,40-57+64-76+80-82+84-97+104-117+123-129+138-142+144-156+162-164+167-181+186-195+205-213+223-237,alpha1D,41-43+45-46+48+50-57+63-83+86-87+91+93-102+105+115-128+133+135-156+166-176+179-190+196-199+202-204+207-222+224+236-244+248-271+278-279+293-296+298-306,,
marts_E00048,beta,37-57+64-76+80-82+84-97+104-117+123-127+138-142+144-156+162-164+167-181+186-195+203-213+223-237,alpha1D,41-43+45-46+48+50-57+63-83+87+91+93-102+105+115-128+133-156+166-176+179-188+196-199+202-222+224-229+236-244+248-270+278-279+293-296+298-306,,
marts_E00049,beta,37-57+64-76+80-82+84-97+104-117+123-129+138-142+144-156+162-164+167-181+186-195+203-213+223-237,alpha1D,41-43+45-46+48+50-57+63-83+86-87+91+93-102+105+115-128+133+135-156+166-176+179-190+196-199+202-204+207-222+224-225+227+229+236-244+248-271+278-279+293-296+298-306,,
marts_E00050,beta,40-57+64-76+80-82+84-97+104-117+123-129+138-142+144-156+162-164+167-181+186-195+205-213+223-237,alpha1D,41-43+45-46+48+50-57+63-83+86-87+91+93-102+105+115-128+133+135-156+166-176+179-190+196-199+202-204+207-222+224-229+236-244+248-271+278-279+293-296+298-306,,
marts_E00051,alpha1F,42-47+50+53-54+63-83+86-89+91-104+117-128+135-156+166-176+179-190+196-199+202-222+224-229+236-237+239-242+252-272+276-279+293-296+298-306,,,,
marts_E00052,alpha1G,41-48+50-57+63-83+86-88+93-94+96+98-105+115-128+135-153+166-176+179-189+196-199+202-222+224-229+236-244+248-272+285-296+298-306,,,,
marts_E00053,alpha1B,39+41-48+50-57+63-83+86+89+97-103+118-128+135-152+166-176+179-190+196-199+202-222+224-229+236-244+248-275+288-296+298-306,,,,
marts_E00054,alpha1G,39-48+50-57+63-83+86+89+91-105+115-128+133-156+166-176+179-190+196-199+202-222+224-229+236-242+244+248-272+284-296+298-306,,,,
marts_E00055,gamma,139-147+149-151+157-159+162-171+186-203+206-222+234-248+259-272+274-275+281+283-286+288-290+293-295+300-303+314-323+327-337,alpha1C,45+48+50-57+63-83+86-89+91-105+115-128+133-156+166-176+179-190+198-199+202-222+224-229+236-242+248-279+286-296+298-306,delta1,74-86+385-399+402-403+405-406+409-421+454-467+483-489+491+531-543+545-547+553-570+585-599+610-621+633-634+638+651-662+667-679+707-718
marts_E00056,alpha3B,73-85+96-121+139-160+167-170+172-191+204-214+216-219+221-230+236-263+324-346+353-359,,,,
marts_E00057,alpha1G,39-48+50-57+63-83+86+89+91-105+115-128+133-156+166-176+179-190+196-199+202-222+224-229+236-243+248-272+284-296+298-306,,,,
marts_E00058,alpha1E,39-48+50-57+63-83+87-88+91-105+115-128+133-155+166-175+180-190+196-197+202-222+224-228+236-243+248-276+288-296+298-306,,,,
marts_E00059,beta,37-57+64-76+80-82+84-97+104-117+123-129+138-142+144-156+162-164+167-181+186-195+203-213+223-237,alpha1D,50-57+63-83+87+91-103+105+115-128+133-156+166-176+179-190+196-199+202-222+224-229+236-244+248-270+278-279+293-296+298-306,,
marts_E00060,beta,37-38+40-57+64-76+80-82+84-97+104-117+123-129+138-142+144-156+162-164+167-180+186-195+205-213+223-237,alpha1D,41-43+45-47+50-57+63-83+86-87+91+93-102+115-128+133+135-156+166-176+179-190+196-199+202-222+224-229+236-244+248-271+279+292-296+298-306,,
marts_E00061,beta,38-57+64-76+80-82+84-97+104-117+123-129+144-156+162-164+167-181+186-195+203-213+223-237,gamma,139-147+162-170+186-203+207-222+234-248+258-272+274-275+281-282+284-286+288-290+293-295+300-303+314-324+327-337,alpha1D,73-81+97-115+143-161+167-168+171-187+214+216-219+221-228+236-238+240-258+328-344+352-359
marts_E00062,beta,39-57+64-76+80-82+84-97+104-117+123-127+129+138+140-142+144-155+162-164+167-181+186-195+203-213+223-237,gamma,139-147+162-170+186-203+207-222+234-248+258-273+281-291+299-303+314-324+327-337,alpha1D,46-48+50-57+63-83+86-88+91-103+115-128+133+136-156+166-176+179-188+190+196-199+202-222+224-229+236-243+248-271+291-296+298-306
marts_E00063,beta,45-57+64-76+80-82+84-97+104-117+123-129+144-156+164+167-181+186-195+203-213+223-237,gamma,139-147+162-170+186-203+207-222+234-248+258-275+281-291+293-295+300-303+314-323+327-337,alpha1D,46-48+50-57+63-83+86+91-103+115-128+133-134+137-156+166-176+179-189+196-199+202-222+224-229+236-243+248-271+291-296+298-306
marts_E00064,beta,40-57+64-76+80-82+84-97+104-117+123-129+141-142+144-156+162-164+167-181+186-195+203-213+223-237,alpha1D,41-43+45-47+50-57+63-83+86-87+91+93-102+105+115-128+133-134+137-156+166-176+179-189+196-199+203-222+224-229+236-243+248-271+279+292-296+298-306,,
marts_E00065,beta,40-57+64-76+80-82+84-97+104-117+123-129+141-142+144-156+162-164+167-181+186-195+203-213+223-237,alpha1D,44+47-48+50-57+63-83+86-87+91+93-103+105+115-128+133-134+137-156+166-176+179-189+196-199+202-203+205-222+224-229+236-243+248-271+279+292-296+298-306,,
marts_E00066,beta,37-57+64-76+80-82+84-97+104-117+123-129+141-142+144-156+162-164+167-181+186-195+203-213+223-237,alpha1D,46+48+50-57+63-83+86-88+91-102+105+115-128+133+135-156+166-176+179-190+196-199+202-203+207-222+224-229+236-243+248-271+279+292-296+298-306,,
marts_E00067,beta,37-38+40-57+64-76+80-82+84-97+104-117+123-129+140-142+144-156+162-164+167-181+186-195+203-213+223-237,alpha1D,41-43+45-47+50-57+63-83+86-87+91+93-102+105+115-128+133-134+137-156+166-176+179-189+196-199+203-222+224-229+236-243+248-271+279+292-296+298-306,,
marts_E00068,beta,37-57+64-76+80-82+84-97+104-117+123-129+141-142+144-156+162-164+167-181+186-195+203-213+223-237,alpha1D,46+48+50-57+63-83+86-87+91+93-102+105+115-128+133-134+136-156+166-176+179-190+196-199+202-203+205-222+224-229+236-243+248-271+279+292-296+298-306,,
marts_E00069,beta,40-57+64-76+80-82+84-97+104-117+123-129+141-142+144-156+162-164+167-181+186-195+203-213+223-237,alpha1D,41-43+45-46+48+50-57+63-83+86-87+91+93-102+105+115-128+133-134+136-156+166-176+179-189+196-199+202-203+205-222+224-229+236-243+248-271+279+292-296+298-306,,
marts_E00070,beta,37-38+40-57+64-76+80-82+84-97+104-117+123-129+140-142+144-156+162-164+167-181+186-195+203-213+223-237,alpha1D,41-43+45-47+50-57+63-83+86-87+91+93-102+105+115-128+133-134+137-156+166-176+179-189+196-199+203-222+224-229+236-243+248-271+279+292-296+298-306,,
marts_E00071,beta,37-57+64-76+80-82+84-97+104-117+123-129+140-142+144-156+162-164+167-181+186-195+203-213+223-237,alpha1D,46-48+51-57+63-83+86-87+91+93-103+105+115-128+133-134+137-156+166-176+179-189+196-199+203-222+224-229+236-243+248-271+279+292-296+298-306,,
marts_E00072,beta,40-57+64-76+80-82+84-97+104-117+123-129+140-142+144-156+162-164+167-181+186-195+203-213+223-237,alpha1D,41-43+45-47+50-57+63-83+86-87+91+93-102+105+115-128+133+135-156+166-176+179-190+196-199+203-204+207-222+224-229+236-243+248-271+279+292-296+298-306,,
marts_E00073,beta,37-57+64-76+80-82+84-97+104-117+123-129+141-142+144-156+162-164+167-181+186-195+203-213+223-237,alpha1D,45-46+48+50-57+63-83+86-87+91+93-102+105+115-128+133-134+137-156+166-176+179-189+196-199+202-203+205-222+224-229+236-243+248-271+279+292-296+298-306,,
marts_E00074,beta,37-38+40-57+64-76+80-82+84-97+104-117+123-129+140-142+144-156+162-164+167-181+186-195+203-213+223-237,alpha1D,41-43+45-47+50-57+63-83+86-87+91+93-102+105+115-128+133-134+137-156+166-176+179-189+196-199+203-222+224-229+236-243+248-271+279+292-296+298-306,,
marts_E00075,beta,40-57+64-76+80-82+84-97+104-117+123-129+140-142+144-156+162-164+167-181+186-195+203-213+223-237,alpha1D,41-43+45-47+50-57+63-83+86-87+91+93-102+105+115-128+133-134+137-156+166-176+179-189+196-199+203-222+224-229+236-243+248-271+279+292-296+298-306,,
marts_E00076,beta,37-57+64-76+80-82+84-97+104-117+123-129+141-142+144-156+162-164+167-181+186-195+203-213+223-237,alpha1D,46+48+50-57+63-83+86-87+91+93-102+105+115-128+133-134+136-156+166-176+179-190+196-199+202-203+205-222+224-229+236-243+248-271+279+292-296+298-306,,
marts_E00077,beta,40-57+64-76+80-82+84-97+104-117+123-129+141-142+144-156+162-164+167-181+186-195+203-213+223-237,alpha1D,44+47-48+50-57+63-83+86-87+91+93-103+105+115-128+133-134+137-156+166-176+179-189+196-199+202-203+205-222+224-229+236-243+248-271+279+292-296+298-306,,
marts_E00078,beta,40-57+64-76+80-82+84-97+104-117+123-129+140-142+144-156+162-164+167-181+186-195+203-213+223-237,alpha1D,46-47+50-57+63-83+86-87+91+93-102+105+115-128+133+135-156+166-176+179-190+196-199+203-204+207-222+224-229+236-243+248-271+279+292-296+298-306,,
marts_E00079,beta,40-57+64-76+80-82+84-97+104-117+123-129+140-142+144-156+162-164+167-181+186-195+203-213+223-237,alpha1D,50-57+63-83+86-88+91-102+104-105+115-128+133-134+136-156+166-176+179-189+196-199+203-222+224-229+236-243+248-271+279+292-296+298-306,,
marts_E00080,beta,40-57+64-76+80-82+84-97+104-117+123-129+141-142+144-156+162-164+167-181+186-195+203-213+223-237,alpha1D,50-57+63-83+86-88+91-102+104-105+115-128+133-134+136-156+166-176+179-189+196-199+202-203+205-222+224-229+236-243+248-271+279+292-296+298-306,,
marts_E00081,beta,37-38+40-57+64-76+80-82+84-96+104-117+123-129+138-142+144-155+162-164+167-180+186-195+203-213+223-237,alpha1D,50-57+63-83+86-88+91-102+105+115-128+133-156+166-176+179-190+196-199+202-204+207-222+224+226+236-244+248-270+278-279+293-296+298-306,,
marts_E00082,beta,56-57+64-76+80-82+84-97+104-117+123-129+138-142+144-156+162-164+167-181+186-195+203-213+223-237,alpha1D,41-43+45-46+48+50-57+63-83+86-88+91-102+105+115-128+133+135-156+166-176+179-190+196-199+202-222+224+236-244+248-271+278-279+293-296+298-306,,
marts_E00083,beta,40-57+64-76+80-82+84-97+104-117+123-129+138-142+144-156+162-164+167-181+186-195+203-213+223-237,alpha1D,41-43+45-46+48+50-57+63-83+86-88+91-102+105+115-128+133-156+166-176+179-189+196-199+202-222+224-225+227+229+236-244+248-271+279+292-296+298-306,,
marts_E00085,beta,37-38+40-57+64-76+80-82+84-97+104-117+123-129+138-142+144-156+162-164+167-181+186-195+203-213+223-237,alpha1D,44+47-48+50-57+63-83+86-88+91-102+115-128+133+135-156+166-176+179-189+196-199+202-203+206-222+236-244+248-271+273-275+291-296+298-306,,
marts_E00086,beta,40-57+64-76+80-82+84-97+104-117+123-129+138-142+144-155+162-164+167-181+186-195+203-213+223-237,alpha1D,41-43+45-46+48+50-57+63-83+86-88+91-102+105+115-128+133-156+166-176+179-189+196-199+202-222+224-229+236-244+248-271+279+292-296+298-306,,
marts_E00089,beta,39-57+64-76+80-82+84-97+104-117+123-129+138-142+144-156+162-164+167-181+186-195+203-213+223-237,alpha1D,44+47-48+50-57+63-83+86-88+91-102+115-128+133+135-156+166-176+179-189+196-199+202-203+206-222+236-244+248-271+273-275+291-296+298-306,,
marts_E00092,beta,40-57+64-76+80-82+84-97+104-117+123-129+138-142+144-156+162-164+167-181+186-195+203-213+223-237,alpha1D,41-43+45-46+48+50-57+63-83+86-88+91-102+105+115-128+133-156+166-176+179-189+196-199+202-222+224-229+236-244+248-271+279+292-296+298-306,,
marts_E00093,beta,37-57+64-76+80-82+84-97+104-117+123-129+138-141+144-156+162-164+167-181+186-195+203-213+223-237,alpha1D,41-43+45-48+51-57+63-83+86-89+91-98+101-105+115-128+133-134+169-176+179-190+205+207+210-211+237-244+256-257+270+278-279+293-296+298-306,,
marts_E00095,beta,37-57+64-76+80-82+84-97+104-117+123-129+138-142+144-156+162-164+167-181+186-195+203-213+223-237,alpha1D,41-43+45-46+48+50-57+63-83+86-87+91+93-102+105+115-128+133-156+166-176+179-189+196-199+203-205+207-222+224-229+236-244+248-272+278-279+293-296+298-306,,
marts_E00096,beta,40-57+64-76+80-82+84-96+104-117+123-129+138-139+144-156+162-164+167-181+186-195+203-213+223-237,alpha1D,41-43+45-47+50-57+63-83+86-88+91-102+115-128+133-134+136-156+166-176+179-190+196-199+202-204+207-222+225-229+236-244+248-274+291-296+298-306,,
marts_E00097,alpha3A,73-85+96-118+139-160+167-178+181-191+204-214+216-219+221-231+236-263+324-326+328-346+353-359,,,,
marts_E00098,beta,37-57+64-76+80-82+84-97+104-117+123-129+144-156+162-164+167-181+186-195+203-213+223-237,gamma,139-147+149-151+157-159+162-170+186-203+207-222+234-248+258-272+274-275+281-286+288-291+293-295+300-303+314-324+327-337,alpha1D,41+43-48+50-57+63-83+91-104+116-128+133-153+179-190+196-199+202-222+224-226+228+257-271+291-296+298-306
marts_E00099,alpha4A,73-80+99-100+102-118+120-121+139-143+145-149+151-159+168-190+204-214+216-219+221-230+236-263+324-337+339-346+352-359,,,,
marts_E00101,beta,43-57+64-76+80-82+84-97+104-117+123-129+140+142+144-156+162-164+167-180+186-195+203-213+223-237,gamma,139-147+162-170+186-203+207-222+234-248+258-275+281-290+294-295+300-303+314-324+327-337,alpha1D,46-48+50-57+63-83+86-88+91-102+115-128+133-134+136-156+166-176+179-190+196-199+202-222+224-229+236-243+248-271+291-296+298-306
marts_E00102,beta,41-57+64-76+80-82+84-97+104-117+123-129+142+144-156+162-164+167-180+186-195+203-213+223-237,gamma,139-147+162-170+186-203+207-222+234-248+258-275+281-290+294-295+300-303+314-324+327-337,alpha1D,46-48+50-57+63-83+86-88+91-102+115-128+133-134+136-156+166-176+179-190+196-199+202-222+224-229+236-243+248-271+291-296+298-306
marts_E00103,alpha1G,42-48+50-57+63-83+86-89+91-104+115-128+133-156+166-176+179-190+196-199+202-222+224-229+236-244+248-279+284-296+298-306,alpha1G,43-48+50-57+63-83+86-89+92+98-104+115-128+133-146+179-189+217-222+224-229+236-240+248-252+284-296+298-306,,
marts_E00104,alpha3B,73-85+96-121+139-160+169-191+204-214+216-219+221-230+242-263+324-346+353-359,,,,
marts_E00105,alpha3A,73-85+93-121+139-161+167-191+204-214+216-219+221-231+236-263+324-326+328-346+353-359,,,,
marts_E00106,gamma,139-147+149-151+157-159+162-171+186-203+206-222+234-248+258-259+261-272+274-275+281+283-286+288-290+293-295+300-303+314-323+327-337,alpha1C,45+48+50-57+63-83+86-89+91-105+115-128+133-156+166-176+179-190+198-199+202-222+224-229+236-242+248-279+286-296+298-306,delta1,74-86+385-398+401-403+405+409-421+454-467+486-492+531-543+546-547+554-555+557-570+585-599+610-621+633-634+638+651-662+667-679+707-718
marts_E00107,alpha1G,39-48+50-57+66-83+86-87+91-105+115-128+133-150+152-154+156+166-176+179-190+196-199+202-222+224-229+236-244+248-276+288-296+298-306,,,,
marts_E00108,beta,37-57+64-76+80-82+84-97+104-117+123-127+138-142+144-156+162-164+167-181+186-195+203-213+223-237,alpha1D,41-43+45-46+48+50-57+63-83+86-88+91-102+115-127+133-156+166-176+179-190+196-199+202-222+224-229+236-244+248-272+278-279+293-296+298-306,,
marts_E00109,beta,37-57+64-76+80-82+84-97+104-117+123-129+138-142+144-156+162-164+167-181+186-195+203-213+223-237,alpha1D,50-57+63-83+86-88+91-102+115-127+133-156+166-176+179-190+196-199+202-222+224-229+236-244+248-272+278-279+293-296+298-306,,
marts_E00110,delta2,73-86+385-399+401+405-421+454-470+480-492+531-547+553-570+585-599+610-621+633-638+649-662+667-680+707-720,epsilon,104-115+123-134+151-164+173-183+191-200+213-217+226-228+231-246+254-263+268-270+273-277+291-306+309-330+339-350+356-367+369-371+376-378+510-513,,
marts_E00112,beta,40-57+64-76+80-82+84-97+104-117+123-129+138-142+144-156+162-164+167-179+186-195+203-213+223-237,alpha1D,39-42+45-48+51-57+63-83+86-87+91-100+115-120+127+145-153+166-176+179-187+196-199+203-222+224-226+236-244+248-271+278-279+293-296+298-306,,
marts_E00113,beta,37-57+64-76+80-82+84-97+104-117+123-129+138-142+144-156+162-164+167-180+186-195+205-213+223-237,alpha1D,41-43+45-46+48+50-57+63-83+86-88+91-102+115-128+133-156+166-176+179-190+196-199+202-222+224-229+236-244+248-271+279+292-296+298-306,,
marts_E00116,epsilon,103-115+123-134+151-164+172-183+191-200+213-217+226-228+231-246+254-263+268-270+273-277+291-306+309-330+337-350+356-367+369-371+376-378+510-513,delta2,73-86+385-399+401-403+405-406+408-421+454-468+470+480-492+531-547+553-570+585-599+610-621+633-638+649-662+667-680+707-722+727,,
marts_E00117,beta,40-57+64-76+80-82+84-97+104-117+123-127+138-142+144-156+162-164+167-181+186-195+203-213+223-237,alpha1D,41-43+45-47+50-57+63-83+86-88+91-102+105+115-128+133+135-156+166-176+179-189+196-199+202-222+224-229+236-244+248-272+276-279+292-296+298-306,,
marts_E00118,beta,40-57+64-76+80-82+84-97+104-117+123-127+138-141+144-156+162-164+167-179+186-195+203-213+223-237,alpha1D,50-57+63-83+86-88+91-103+105+115-128+133+135-156+166-176+179-189+196-199+202-222+225+227-229+236-244+248-272+276-279+292-296+298-306,,
marts_E00119,delta2,73-86+385-399+401-403+405-406+408-421+454-468+470+480-492+531-547+553-570+585-599+610-621+633-638+649-662+667-680+707-720,epsilon,104-115+123-134+151-164+172-183+191-200+213-217+226-228+231-246+254-263+268-270+273-277+291-306+309-330+337-350+356-367+369-371+376-378+510-513,,
marts_E00120,epsilon,104-115+123-134+151-164+172-183+191-200+213-217+226-228+231-246+254-263+268-270+273-277+291-306+309-330+337-350+356-367+369-371+376-378+510-513,delta2,73-86+385-399+401-403+405-406+408-421+454-468+470+480-492+531-547+553-570+585-599+610-621+633-638+649-662+667-680+707-720,,
marts_E00123,alpha3A,73-85+96-117+139-159+167-178+181-191+204-214+216-219+221-231+236-263+324-327+329-344+346+353-359,,,,
marts_E00124,alpha4A,73-80+83-85+100-118+120-121+139-159+168-191+204-214+216-219+221-230+236-240+242+244-263+324-345+352-359,,,,
marts_E00125,beta,39-40+42-57+64-76+80-82+84-97+104-117+124-127+138-142+144-156+162-164+167-181+186-195+203-213+223-237,gamma,139-147+162-170+185-203+207-222+234-248+258-271+281-291+299-304+314-324+327-337,alpha1D,46-48+50-57+63-83+86+91-102+115-128+133-135+137-156+166-176+179-190+196-199+202-222+224-229+236-242+248-271+291-296+298-306
marts_E00126,alpha3B,73-85+96-121+139-159+161+169-191+204-214+216-219+221-230+242-263+324-346+353-359,,,,
marts_E00127,alpha3B,73-85+93-121+141-161+167-191+204-214+216-219+221-231+236-263+324-345+352-359,,,,
marts_E00128,epsilon,104-115+123-134+151-164+172-183+191-200+213-217+226-228+231-246+254-263+268-270+273-277+291-306+309-330+337-350+356-367+369-371+376-378+510-513,delta2,73-86+385-399+401-403+406-421+454-470+480-492+531-547+553-570+585-599+610-621+633-638+649-662+667-680+707-720,,
marts_E00129,beta,40-57+64-76+80-82+84-97+104-117+123-129+141-142+144-156+162-164+167-181+186-195+203-213+223-237,alpha1D,44+47-48+50-57+63-83+86-88+91-102+105+115-128+133-134+137-156+166-176+179-189+196-199+203-222+224-229+236-243+248-271+279+292-296+298-306,,
marts_E00130,beta,40-57+64-76+80-82+84-97+104-117+123-129+140-142+144-156+162-164+167-181+186-195+203-213+223-237,alpha1D,41-43+45-47+50-57+63-83+86-87+91+93-102+105+115-128+133-134+137-156+166-176+179-189+196-199+203-204+206-222+224-229+236-243+248-271+279+292-296+298-306,,
marts_E00131,beta,37-57+64-76+80-82+84-97+104-117+123-129+138-142+144-156+162-164+167-181+186-195+203-213+223-237,alpha1D,46-48+50-57+63-83+86-88+91-102+105+115-128+133-134+136-156+166-176+179-189+196-199+202-203+205-222+224-229+236-243+248-271+279+292-296+298-306,,
marts_E00132,epsilon,104-115+123-134+151-164+172-183+191-200+213-217+226-228+231-246+254-263+268-270+273-277+291-306+309-330+337-350+356-367+369-371+376-378+510-513,delta2,73-86+385-398+403+405-421+454-468+470+480-492+531-547+553-570+585-599+610-621+633-638+649-662+667-680+707-722+727,,
marts_E00134,beta,37-57+64-76+80-82+84-97+104-117+123-129+138-142+144-156+162-164+167-180+186-195+203-213+223-237,alpha1D,41-43+45-46+48+50-56+63-83+86-88+91-103+115-128+133-156+166-176+179-189+196-199+202+206-222+224-229+236-244+248-274+279+292-296+298-306,,
marts_E00135,alpha3A,73-85+96-118+139-161+167-178+181-191+204-214+216-219+221-231+236-263+324-327+329-344+346+353-359,,,,
marts_E00136,beta,37-57+64-76+80-82+84-97+104-117+123-129+138-142+144-156+162-164+167-180+186-195+203-213+223-237,alpha1D,41-48+50-56+63-83+87+91+93-103+115-128+133-156+166-176+179-189+196-199+203-204+207-222+224-229+236-244+248-274+279+292-296+298-306,,
marts_E00137,alpha3A,73-85+96-121+139-161+167-178+181-191+204-214+216-219+221-231+236-263+324-344+346+353-359,,,,
marts_E00138,beta,40-57+64-76+80-82+84-97+104-117+123-129+138-141+144-156+162-164+167-180+186-195+203-213+223-237,alpha1D,41-43+45-46+48+50-57+63-83+86-88+91-102+115-128+133-156+166-176+179-190+196-199+202-205+207-222+224-229+236-244+248-274+291-296+298-306,,
marts_E00140,epsilon,104-115+123-134+151-164+172-183+191-200+213-217+226-228+231-246+254-263+268-270+273-277+291-306+309-330+337-350+356-367+369-371+376-378+510-513,delta2,73-86+385-399+401-403+406-421+454-470+480-492+531-547+553-570+585-599+610-621+633-638+649-662+667-680+707-720,,
marts_E00141,epsilon,104-115+123-134+151-164+172-183+191-200+213-217+226-228+231-246+254-263+268-270+273-277+291-306+309-330+337-350+356-367+369-371+376-378+510-513,delta2,73-86+385-399+402+405-421+454-468+470+480-492+531-547+553-570+585-599+610-621+633-638+649-662+667-680+707-722+727,,
marts_E00142,beta,42-57+64-76+80-82+84-97+107-117+123-129+138-142+144-156+162-164+167-179+186-195+203-213+223-237,alpha1D,41-43+45-47+50-57+63-83+87-88+91-103+105+115-128+133-156+166-176+179-188+196-199+202-204+206-222+224-229+236-244+248-276+279+292-296+298-306,,
marts_E00143,beta,40-57+64-76+80-82+84-95+104-117+123-129+138-142+144-156+162-164+167-181+186-195+203-213+223-237,alpha1D,50-57+63-83+87-88+91-102+104-105+115-128+133-156+166-176+179-188+196-199+202-222+224-227+236-244+248-268+270-271+279+292-296+298-306,,
marts_E00144,alpha3A,73-85+96-118+139-159+167-191+204-214+216-219+221-231+236-263+324-344+346+353-359,,,,
marts_E00145,alpha3A,73-85+96-118+139-161+167-178+181-191+204-214+216-219+221-231+236-263+324-326+328-346+353-359,,,,
marts_E00146,alpha3A,73-85+96-121+139-161+167-178+181-191+204-214+216-219+221-231+236-263+324-344+346+353-359,,,,
marts_E00147,alpha1G,39-48+50-57+63-83+86-89+91-105+115-128+133-156+166-176+179-190+196-199+202-222+224-229+236-244+248-279+284-296+298-306,,,,
marts_E00148,alpha4A,73-78+80+85+100-118+120-121+139-149+151-159+168-191+204-214+216-219+221-229+231+236-239+242-263+324-341+343-344+346+354-359,,,,
marts_E00149,epsilon,104-115+123-134+151-164+172-183+191-200+213-217+226-228+231-246+254-263+268-270+273-277+291-306+309-330+337-350+356-367+369-371+376-378+510-513,delta2,73-86+385-399+405-421+454-470+480-492+531-547+553-570+585-599+610-621+633-638+649-662+667-680+707-720,,
marts_E00150,beta,38-57+64-76+80-82+84-97+104-117+123-129+138-142+144-156+162-164+167-180+186-195+203-213+223-237,alpha1D,50-57+63-83+86-87+91+93-102+105+115-128+135+166-176+179-187+196-199+203-222+224-229+236-244+248-270+278-279+293-296+298-306,,
marts_E00151,beta,45-57+64-76+80-82+84-97+104-117+123-129+138-139+144-156+186-195+203-213+223-237,gamma,139-147+162-170+186-203+207-222+234-248+258-275+281-291+293-295+300-303+314-323+327-337,alpha1D,44+46-48+50-57+63-83+89+92-103+115-128+133+136-156+166-176+179-189+196-199+202-222+224-229+236-243+248-271+291-296+298-306
marts_E00153,beta,40-57+64-76+80-82+84-97+104-117+123-129+138-142+144-156+162-164+167-180+186-195+203-213+223-237,alpha1D,41-43+45-46+48+50-57+63-83+86-88+91-102+105+115-128+133-156+166-176+179-190+196-199+202-222+224-229+236-244+248-271+279+292-296+298-306,,
marts_E00154,beta,37-38+40-57+64-76+80-82+84-97+104-117+123-129+138-142+144-156+162-164+167-180+186-195+205-213+223-237,alpha1D,41-43+45-47+50-57+63-83+86-87+91+93-102+105+115-128+133-134+137-156+166-176+179-190+196-199+202-222+224-229+236-244+248-271+279+292-296+298-306,,
marts_E00155,gamma,139-147+149-151+157-159+162-170+186-203+207-222+234-248+258-275+282-285+288-293+299-303+314-324+327-337,beta,40-57+64-76+80-82+84-97+104-117+123-129+144-156+162-164+167-181+186-195+203-213+223-237,alpha1D,50-57+63-83+86-88+91-102+115-128+133-135+137-156+166-176+179-190+196-199+202-204+206-222+224-229+236-243+248-271+279+292-296+298-306
marts_E00156,epsilon,104-115+123-134+151-164+172-183+191-200+213-217+226-228+231-246+254-263+268-270+273-277+291-306+309-330+337-350+356-367+369-371+376-378+510-513,delta2,73-86+385-399+405-421+454-468+470+480-492+531-547+553-570+585-599+610-621+633-638+649-662+667-680+707-722+727,,
marts_E00158,beta,40-57+65-76+80-82+84-96+104-117+123-129+138-141+144-156+162-164+167-181+186-195+203-213+223-237,alpha1D,41-43+45-46+48+50-57+63-83+87+91+93-102+105+115-128+133-156+166-176+181+183-188+196-199+202-222+224-229+236-244+248-270+278-279+293-296+298-306,,
marts_E00159,beta,40-57+65-76+80-82+84-96+104-117+123-129+138-141+144-156+162-164+167-181+186-195+203-213+223-237,alpha1D,41-43+45-46+48+50-57+63-83+87-88+91-102+104-105+115-128+133-156+166-176+179-188+196-199+202-222+224-229+236-244+248-270+278-279+293-296+298-306,,
marts_E00160,delta2,73-86+385-399+401-402+405-421+454-468+470+480-492+531-547+553-570+585-599+610-621+633-638+649-662+667-680+707-722+727,epsilon,104-115+123-134+151-164+172-183+191-200+213-217+226-228+231-246+254-263+268-270+273-277+291-306+309-330+339-350+356-367+369-371+376-378+510-513,,
marts_E00161,epsilon,104-115+123-134+151-164+172-183+191-200+213-217+226-228+231-246+254-263+268-270+273-276+291-306+309-330+337-350+356-367+369-371+376-378+510-513,delta2,73-86+385-399+405-421+454-468+470+480-492+531-547+553-570+585-599+610-621+633-638+649-662+667-680+707-722+727,,
marts_E00162,alpha1G,39-46+50-57+63-83+87-88+94-105+115-128+133-156+166-175+180-190+196-199+202-222+224-229+236-244+248-276+288-296+298-306,,,,
marts_E00165,epsilon,104-115+123-134+151-164+171-183+191-200+213-217+226-228+231-246+254-263+268-270+273-277+291-306+309-330+337-350+356-367+369-371+376-378+510-513,delta2,73-86+385-399+403+405-421+454-468+470+480-492+531-547+553-570+585-599+610-621+633-638+649-662+667-680+707-722+727,,
marts_E00166,alpha3B,73-85+96-121+139-159+161+168-191+204-214+216-219+221-230+243-263+324-346+352-359,,,,
marts_E00167,beta,40-57+64-76+80-82+84-97+104-117+123-129+138-142+144-156+162-164+167-180+186-195+203-213+223-237,alpha1D,41-43+45-47+50-57+63-83+86-88+91-102+105+115-128+133+135-156+166-176+179-190+196-199+202-222+224-229+236-244+248-271+279+292-296+298-306,,
marts_E00168,beta,41-57+64-76+80-82+84-97+104-117+123-127+138-142+144-156+162-164+167-177+179-181+186-195+203-213+223-237,alpha1D,41-43+45-47+50-57+63-83+86-88+91-102+104-105+115-128+133+135-156+166-176+179-190+196-199+202-204+207-222+224-229+236-244+248-271+278-279+293-296+298-306,,
marts_E00169,beta,37-38+40-57+64-76+80-82+84-97+107-117+123-129+138-142+144-156+162-164+167-180+186-195+203-213+223-237,alpha1D,50-57+63-83+86-88+91-102+104-105+115-128+133-156+166-176+179-187+196-199+202-205+207-222+224-229+236-244+248-272+278-279+293-296+298-306,,
marts_E00170,beta,42-57+64-76+80-82+84-97+107-117+123-129+138-142+144-156+162-164+167-181+186-195+203-213+223-237,alpha1D,50-57+63-83+86+89+91-105+115-128+133-156+166-176+179-190+196-199+202-222+224-229+236-244+248-272+278-279+293-296+298-306,,
marts_E00171,gamma,139-148+162-171+189-203+206-222+234-248+263-275+282-290+293-295+299-300+314-324+327-337,delta1,76+78-86+386-398+406+409+416-421+454-470+480-492+531-543+554-570+585-587+589-599+610-619+621+649-660,,
marts_E00172,alpha1G,41-48+50-57+63-83+86-89+94-105+115-128+133-156+166-176+179-190+196-199+202-222+224-229+236-244+248-274+276-279+288+290-296+298-306,,,,
marts_E00175,gamma,139-146+148-149+157-159+162-171+186-203+206-222+234-248+259-275+281+284-286+288-290+294-295+300-303+314-323+327-337,delta1,73-86+385-399+401-403+405+409-421+454-467+488-492+531-543+546-547+554+556-570+585-599+610-621+633-634+638+651-662+667-679+707-718,alpha1C,45-48+50-57+63-83+86-89+91-105+115-125+127-128+133-156+166-176+179-190+198-199+202-222+224-229+236-237+239+248-279+284-296+298-306
marts_E00176,epsilon,103-115+123-134+151-164+171-183+191-200+213-217+226-228+231-246+254-263+268-270+273-275+291-306+309-330+337-351+356-367+369-371+376-378+510-513,delta2,73-86+385-399+408-421+454-469+480-492+531-547+553-570+585-599+610-621+633-638+649-662+667-680+707-720,,
marts_E00177,beta,42-57+64-76+80-82+84-97+104-117+123-129+138-140+144-156+162-164+167-180+186-195+203-211+213+223-237,gamma,139-147+162-170+188-203+207-222+233-248+258-270+272-274+283-290+292-295+299-303+314-324+327-337,alpha1D,50-57+63-83+86-87+91-103+115-128+133-135+137-156+166-176+179-190+196-199+206-222+224-229+236-243+248-271+291-296+298-306
marts_E00178,beta,40-57+64-76+80-82+84-94+104-117+123-129+138-142+144-156+162-164+167-181+186-195+203-213+223-237,alpha1D,41-43+45-47+50-57+63-83+87-88+91-102+105+115-128+133-156+166-176+179-190+196-199+202-204+206-222+224-229+236-244+248-270+278-279+293-296+298-306,,
marts_E00179,alpha3A,73-85+96-118+139-160+167-178+181-191+204-214+216-219+221-231+236-263+324-327+329-344+346+353-359,,,,
marts_E00180,beta,40-57+64-76+80-82+84-97+104-117+123-129+144-156+162-164+167-181+186-195+203-213+223-237,alpha1D,42-45+47-48+50-57+63-83+86-87+91+93-102+105+115-128+133+135-156+166-176+179-190+196-199+202-222+224-229+236-244+248-276+279+292-296+298-306,,
marts_E00181,beta,37-57+64-76+80-82+84-97+104-117+123-129+140-142+144-156+162-164+167-181+186-195+203-213+223-237,alpha1D,44+47-48+50-57+63-83+86-87+91+93-103+105+115-128+133-134+137-156+166-176+179-189+196-199+203-222+224-229+236-243+248-271+279+292-296+298-306,,
marts_E00182,epsilon,105-115+123-134+151-164+171-182+191-200+213-217+226-228+231-246+254-263+268-270+273-277+291-306+309-330+338-350+356-367+369-371+376-378+510-513,delta2,73-86+385-399+401-403+406-421+454-470+480-492+531-547+553-570+585-599+610-621+633-638+649-662+667-680+707-720,,
marts_E00183,beta,37-57+64-76+80-82+84-97+104-117+123-129+144-156+162-164+167-181+186-195+203-213+223-237,gamma,139-147+162-170+186-203+207-222+234-248+258-272+274-275+281-282+284-286+288-290+299-303+314-324+327-337,alpha1D,44+47-48+50-57+63-83+86-88+91-103+105+115-128+133-135+137-156+166-176+179-187+196-199+203-222+224-229+236-243+248-271+279+292-296+298-306
marts_E00185,beta,40-57+64-76+80-82+84-96+104-117+123-129+138-142+144-156+162-164+167-180+186-195+204-213+223-237,alpha1D,41-43+45-46+48+50-57+63-83+86-87+91+93-102+105+115-128+133-134+136-156+166-176+179-190+196-199+202-222+224-229+236-244+248-271+279+292-296+298-306,,
marts_E00186,beta,46-56+64-76+80-82+84-97+104-117+123-129+138-142+144-156+162-164+167-177+188-195+203-212+223-237,gamma,139-147+162-170+185-203+207-222+233-248+258-272+284-287+292-293+299-303+314-324+327-337,alpha1D,50-57+63-83+86-88+91-103+115-128+133-134+136-156+166-176+179-188+190+196-197+199+206-222+224-229+236-243+248-271+291-296+298-306
marts_E00188,beta,40-57+64-76+80-82+84-97+104-117+123-129+138-142+144-156+162-164+167-181+186-195+203-213+223-237,alpha1D,41-43+45-47+50-57+63-83+86-88+91-102+105+115-128+133+135-156+166-176+179-190+196-199+202-222+224-229+236-244+248-271+278-279+293-296+298-306,,
marts_E00189,epsilon,103-115+123-134+151-164+171-183+191-200+213-217+226-228+231-246+254-263+268-270+273-277+291-306+309-330+337-350+356-367+369-371+376-378+510-513,delta2,73-86+385-399+401-403+405-406+408-421+454-468+480-492+531-547+553-570+585-599+610-621+633-638+649-662+667-680+707-722+727,,
marts_E00191,alpha3B,73-85+93-121+141-161+167-191+204-214+216-219+221-231+236-263+324-345+352-359,,,,
marts_E00192,alpha3B,73-85+96-121+139-160+168-191+204-214+216-219+221-230+242-263+324-346+353-359,,,,
marts_E00193,alpha3B,73-85+93-121+141-161+167-191+204-214+216-219+221-231+236-263+324-345+352-359,,,,
marts_E00194,alpha3B,73-85+93-121+141-161+167-191+204-214+216-219+221-231+236-263+324-346+352-359,,,,
marts_E00195,alpha1G,39-48+50-57+63-83+86-89+91-105+115-128+133-156+166-176+179-190+196-199+202-222+224-229+236-244+248-272+284-296+298-306,,,,
marts_E00196,alpha3B,73-85+93-121+141-161+167-191+204-214+216-219+221-231+236-263+324-346+352-359,,,,
marts_E00197,epsilon,103-115+123-134+151-164+172-183+191-200+213-217+226-228+231-246+254-263+268-270+273-277+291-306+309-330+337-350+356-367+369-371+376-378+510-513,delta2,73-86+385-399+401-403+405-406+408-421+454-468+470+480-492+531-547+553-570+585-599+610-621+633-638+649-662+667-680+707-722+727,,
marts_E00198,epsilon,103-115+123-134+151-164+172-183+191-200+213-217+226-228+231-246+254-263+268-270+273-277+291-306+309-330+337-350+356-367+369-371+376-378+510-513,delta2,73-86+385-399+401-403+405-406+408-421+454-468+470+480-492+531-547+553-570+585-599+610-621+633-638+649-662+667-680+707-720,,
marts_E00199,epsilon,104-115+123-134+151-164+172-183+191-200+213-217+226-228+231-246+254-263+268-270+273-277+291-306+309-330+337-350+356-367+369-371+376-378+510-513,delta2,73-86+385-399+401-403+406-421+454-470+480-492+531-547+553-570+585-599+610-621+633-638+649-662+667-680+707-722+727,,
marts_E00200,delta2,73-86+385-399+401-403+405-406+408-421+454-470+480-492+531-547+553-570+585-599+610-621+633-638+649-662+667-680+707-720,epsilon,104-115+123-134+151-164+172-183+191-200+213-217+226-228+231-246+254-263+268-270+273-276+291-306+309-330+337-350+356-367+369-371+376-378+510-513,,
marts_E00201,delta2,73-86+385-399+401-403+406-419+421+454-470+480-492+531-547+553-570+585-599+610-621+633-638+649-662+667-680+707-720,epsilon,105-115+123-134+151-164+171-183+191-200+213-216+234+239-246+254-263+268-270+273-277+291-306+309-330+339-350+356-367+369-371+376-378+510-513,,
marts_E00202,beta,37-57+64-76+80-82+84-95+97+104-117+123-129+144-156+162-164+167-178+180-181+186-195+203-213+223-237,alpha1D,50-57+63-83+86-88+91-103+105+115-128+133-156+166-176+179-188+196-199+203-222+224-229+236-244+248-276+279+292-296+298-306,,
marts_E00203,epsilon,104-115+123-134+151-164+172-183+191-200+213-217+226-228+231-246+254-263+268-270+273-277+291-306+309-330+337-350+356-367+369-371+376-378+510-513,delta2,73-86+385-399+401-403+405-406+408-421+454-468+470+480-492+531-547+553-570+585-599+610-621+633-638+649-662+667-680+707-722+727,,
marts_E00204,epsilon,104-115+123-134+151-164+172-183+191-200+213-217+226-228+231-246+254-263+268-270+273-277+291-306+309-330+337-350+356-367+369-371+376-378+510-513,delta2,73-86+385-399+406-421+454-469+480-492+531-547+553-570+585-599+610-621+633-638+649-662+667-680+707-722+727,,
marts_E00205,alpha3A,73-85+93-94+100-117+139-161+167-183+185+213-214+216-219+221-231+236-261+324-326+328-346+353-354+356-359,,,,
marts_E00206,beta,37-57+64-76+80-82+84-97+107-117+123-129+138-142+144-156+162-164+167-181+186-195+203-213+223-237,alpha1D,41-43+45-47+50-57+63-83+87-88+91-102+104-105+115-128+133-156+166-176+179-187+196-199+202-205+207-222+224-229+236-244+248-272+278-279+293-296+298-306,,
marts_E00207,alpha3A,73-85+97-121+139-160+168-190+204-214+216-219+221-231+236-263+324-346+353-359,,,,
marts_E00208,beta,37-57+64-76+80-82+84-97+104-117+123-129+138-142+144-156+162-164+167-181+186-195+203-213+223-237,alpha1D,50-57+63-83+87+91-103+105+115-128+133-156+166-176+179-190+196-199+202-222+224-229+236-244+248-270+278-279+293-296+298-306,,
marts_E00209,beta,37-57+64-76+80-82+84-97+104-117+123-129+138-142+144-156+162-164+167-181+186-195+203-213+223-237,alpha1D,50-57+63-83+87+91-103+105+115-128+133-156+166-176+179-190+196-199+202-222+224-229+236-244+248-270+278-279+293-296+298-306,,
marts_E00210,epsilon,105-115+123-134+151-164+172-183+191-200+213-217+226-228+231-246+254-263+268-270+273-277+291-306+309-330+337-350+356-367+369-371+376-378+510-513,delta2,73-86+385-399+402+405-421+454-470+480-492+531-547+553-570+585-599+610-621+633-638+649-662+667-680+707-720,,
marts_E00211,alpha3A,73-85+94+99-121+139-158+168-190+204-214+216-219+221-231+236-263+324-345+353-359,,,,
marts_E00212,alpha3A,73-85+96-121+139-159+161+167-191+204-214+216-219+221-231+236-263+324-346+353-359,,,,
marts_E00221,beta,37-57+64-76+80-82+84-97+104-117+123-129+138-142+144-156+162-164+167-181+186-195+203-213+223-237,alpha1D,50-57+63-83+87+91-103+105+115-128+133-156+166-176+179-190+196-199+202-222+224-229+236-244+248-270+278-279+293-296+298-306,,
marts_E00222,beta,37-57+64-76+80-82+84-97+104-117+123-129+138-142+144-156+162-164+167-181+186-195+203-213+223-237,alpha1D,50-57+63-83+87+91-103+105+115-128+133-156+166-176+179-190+196-199+202-222+224-229+236-244+248-270+278-279+293-296+298-306,,
marts_E00223,beta,37-57+64-76+80-82+84-95+104-117+123-129+144-156+162-164+167-181+186-195+203-213+223-237,alpha1D,41-43+45-47+50-57+63-83+86-88+91-102+105+115-128+133+135-156+166-176+179-190+196-199+202-203+205-222+224-229+236-244+248-270+279+292-296+298-306,,
marts_E00224,beta,37-38+40-57+64-76+80-82+84-97+104-117+123-127+144-156+162-164+167-179+186-195+203-213+223-237,alpha1D,41-43+45-46+48+50-57+63-83+86-88+91-102+105+115-128+133+135-156+166-176+179-190+196-199+202-222+236-244+248-271+279+292-296+298-306,,
marts_E00225,beta,37-57+64-76+80-82+84-95+104-117+123-129+138+144-156+162-164+167-181+186-195+203-213+223-237,alpha1D,41-43+45-47+50-57+63-83+86-88+91-102+105+115-128+133-156+166-176+179-190+196-199+203-205+207-222+224-229+236-244+248-271+273+291-296+298-306,,
marts_E00226,beta,37-38+40-57+64-76+80-82+84-97+104-117+123-127+144-156+162-164+167-179+186-195+203-213+223-237,alpha1D,41-43+45-46+48+50-57+63-83+86-88+91-102+105+115-128+133+135-156+166-176+179-190+196-199+202-222+236-244+248-271+279+292-296+298-306,,
marts_E00227,beta,37-38+40-57+64-76+80-82+84-97+104-117+123-129+138-142+144-156+162-164+167-181+186-195+203-213+223-237,alpha1D,41-43+45-47+50-57+63-83+86-87+91+93-102+105+115-128+133+135-156+166-176+179-190+196-199+202-204+207-222+224-229+236-243+248-271+279+292-296+298-306,,
marts_E00228,alpha3A,73-85+96-121+139-159+161+167-178+181-191+204-214+216-219+221-231+236-263+324-346+352-359,,,,
marts_E00229,beta,37-57+64-76+80-82+84-97+104-117+123-129+138-141+144-156+162-164+167-181+186-195+203-213+223-237,alpha1D,41-43+45-47+50-57+63-83+86-88+91-102+105+115-128+133-156+166-176+179-190+196-199+202-204+207-222+224-229+236-244+248-272+278-279+293-296+298-306,,
marts_E00230,beta,39-57+64-76+80-82+84-96+104-117+123-129+138-142+144-156+162-164+167-177+186-195+203-213+223-237,alpha1D,41-43+45-46+48+50-57+63-83+86-88+91-102+105+115-128+133-156+166-176+179-190+199+202-222+225-229+236-244+248-272+277-279+294-296+298-306,,
marts_E00231,epsilon,104-115+123-134+151-164+172-183+191-200+213-217+226-228+231-246+254-263+268-270+273-277+291-306+309-330+337-350+356-367+369-371+376-378+510-513,delta2,73-86+385-399+403+405-421+454-470+480-492+531-547+553-570+585-599+610-621+633-638+649-662+667-680+707-720,,
marts_E00233,beta,64-76+80-82+84-97+104-117+123-129+138-139+144-155+162-164+167-180+186-195+203-213+225-237,alpha1D,44+46-48+50-57+63-83+86-88+91-102+115-128+133-134+136-156+166-176+179-189+196-199+202-222+224-229+236-244+248-271+279+292-296+298-306,,
marts_E00234,beta,41-57+66-76+80-82+84-97+104-117+123-129+138-141+144-156+162-164+167-179+186-195+203-213+223-237,alpha1D,50-57+63-83+86-87+91+93-103+115-128+133+136-156+166-176+179-190+196-199+202-204+207-222+236-243+248-270+278-279+293-296+298-306,,
marts_E00235,beta,37-57+64-76+80-82+84-97+104-117+123-129+138-142+144-156+162-164+167-181+186-195+203-213+223-237,alpha1D,50-57+63-83+86-87+91-102+105+115-128+133-156+166-176+179-190+196-199+202-204+206-222+224-229+236-244+248-276+279+292-296+298-306,,
marts_E00236,beta,39-57+64-76+80-82+84-95+97+104-117+123-129+138-142+144-156+162-164+167-181+186-195+203-213+223-237,alpha1D,50-57+63-83+86+91-103+115-128+135-156+166-176+179-188+196-199+203-204+206-222+224-229+236-244+248-270+278-279+293-296+298-306,,
marts_E00237,beta,40-57+64-76+80-82+84-97+104-117+123-129+141-142+144-156+162-164+167-181+186-195+203-213+223-237,alpha1D,44+47-48+50-57+63-83+86-87+91+93-102+105+115-128+133+135-156+166-176+179-189+196-199+202-203+205-222+224-229+236-243+248-271+279+292-296+298-306,,
marts_E00238,epsilon,104-115+123-134+151-164+172-183+191-200+213-217+226-228+231-246+254-263+268-270+273-277+291-306+309-330+337-350+356-367+369-371+376-378+510-513,delta2,73-86+385-399+403+405-421+454-470+480-492+531-547+553-570+585-599+610-621+633-638+649-662+667-680+707-720,,
marts_E00239,epsilon,104-115+123-134+151-164+172-183+191-200+213-217+226-228+231-246+254-263+268-270+273-277+291-306+309-330+337-350+356-367+369-371+376-378+510-513,delta2,73-86+385-399+403+405-421+454-470+480-492+531-547+553-570+585-599+610-621+633-638+649-662+667-680+707-720,,
marts_E00240,beta,46-57+64-76+80-82+84-97+104-117+123-129+138-142+144-156+162-164+167-181+186-195+203-210+223-237,alpha1D,41-43+45-47+50-57+63-83+86-87+91+93-102+105+115-128+133-134+137-156+166-176+179-190+196-197+199+204-222+236-243+248-272+276-279+292-296+298-306,,
marts_E00241,beta,46-57+64-76+80-82+84-97+104-117+123-129+138-142+144-156+162-164+167-181+186-195+203-210+223-237,alpha1D,44+46-48+50-57+63-83+86-87+91+93-102+105+115-128+133-134+137-156+166-176+179-190+197-199+204-222+236-243+248-271+273+277-279+291-296+298-306,,
marts_E00242,beta,46-57+64-76+80-82+84-97+104-117+123-129+138-142+144-156+162-164+167-181+186-195+203-210+223-237,alpha1D,50-57+63-83+86-88+91-102+104-105+115-128+133-134+136-156+166-176+179-190+196-197+199+204-222+236-243+248-272+276-279+292-296+298-306,,
marts_E00244,beta,37-57+64-76+80-82+84-97+104-117+123-129+138-141+144-156+162-164+167-181+186-195+203-213+223-237,alpha1D,41-43+45-48+51-57+63-83+87+91+93-102+105+115-128+133-156+166-176+179-188+196-199+202-203+205-222+224-229+236-244+248-270+278-279+293-296+298-306,,
marts_E00245,beta,37-57+64-76+80-82+84-97+104-117+123-129+138-141+144-156+162-164+167-181+186-195+203-213+223-237,alpha1D,41-43+45-48+51-57+63-83+87+91+93-102+105+115-128+133-156+166-176+179-188+196-199+202-203+205-222+224-229+236-244+248-270+278-279+293-296+298-306,,
marts_E00246,beta,37-57+64-76+80-82+84-97+104-117+123-129+138-141+144-156+162-164+167-181+186-195+203-213+223-237,alpha1D,41-43+45-48+51-57+63-83+87+91+93-102+105+115-128+133-156+166-176+179-188+196-199+202-203+205-222+224-229+236-244+248-270+278-279+293-296+298-306,,
marts_E00247,beta,40-57+64-76+80-82+84-97+104-117+123-129+138-142+144-156+162-164+167-179+186-195+203-213+223-237,alpha1D,41-43+45-46+48+50-57+63-83+86-88+91-103+105+115-128+133+135-156+166-176+179-190+196-199+202-222+224-229+236-244+248-274+277-279+291-296+298-306,,
marts_E00248,beta,37-57+64-76+80-82+84-97+104-117+123-129+141-142+144-156+162-164+167-181+186-195+203-213+223-237,alpha1D,50-57+63-83+86-87+91+93-102+105+115-128+133-134+136-156+166-176+179-189+196-199+202-203+205-222+224-229+236-243+248-271+279+292-296+298-306,,
marts_E00249,beta,40-57+64-76+80-82+84-97+104-117+123-129+141-142+144-156+162-164+167-181+186-195+203-213+223-237,alpha1D,46+48+50-57+63-83+86-87+91+93-102+105+115-128+133+135-156+166-176+179-189+196-199+202-203+205-222+224-229+236-243+248-271+278-279+293-296+298-306,,
marts_E00250,beta,40-57+64-76+80-82+84-97+104-117+123-129+141-142+144-156+162-164+167-181+186-195+203-213+223-237,alpha1D,50-57+63-83+86-87+91+93-102+105+115-128+133-134+137-156+166-176+179-189+196-199+202-203+205-222+224-229+236-243+248-271+279+292-296+298-306,,
marts_E00251,beta,40-57+64-76+80-82+84-97+104-117+123-129+140-142+144-156+162-164+167-181+186-195+203-213+223-237,alpha1D,46-47+50-57+63-83+86-87+91+93-102+105+115-128+133+135-156+166-176+179-190+196-199+203-204+207-222+224-229+236-243+248-271+279+292-296+298-306,,
marts_E00252,alpha1G,41-48+50-57+64-83+86-89+91-105+115-128+133-156+166-176+180-190+196-199+202-222+224-229+236-244+248-279+284-296+298-306,,,,
marts_E00253,alpha1G,39-48+50-57+64-83+86-89+91-105+115-128+133-156+166-176+179-190+196-199+202-222+224-229+236-244+248-279+284-296+298-306,,,,
marts_E00254,zeta,4-24+29-56+63-65+76-98+102-105+117-118+120-122+124-131+144-169+174-198+219-246,alpha4B,44-48+50-57+63-83+89+92-105+115-127+133+141-154+166-176+179-188+190+196-199+202-222+224-229+238-244+248-268+272-275+278-279+294-296+298-306,,
marts_E00255,alpha3B,73-85+93-121+141-161+167-191+204-214+216-219+221-231+236-263+324-344+346+352-359,,,,
marts_E00256,alpha3B,73-85+93-121+141-161+167-191+204-214+216-219+221-231+236-263+324-344+346+352-359,,,,
marts_E00257,alpha3B,73-85+93-121+141-161+167-191+204-214+216-219+221-231+236-263+324-344+346+352-359,,,,
marts_E00258,beta,41-57+64-76+80-82+84-97+104-117+123-127+138-142+144-156+162-164+167-177+179-181+186-195+203-213+223-237,alpha1D,41-43+45-47+50-57+63-83+86-88+91-102+104-105+115-128+133+135-156+166-176+179-190+196-199+202-204+207-222+224-229+236-244+248-271+278-279+293-296+298-306,,
marts_E00259,beta,37-57+64-76+80-82+84-97+104-117+123-129+138-141+144-156+162-164+167-181+186-195+203-213+223-237,alpha1D,41-43+45-48+51-57+63-83+86-87+91+93-103+105+115-128+133-156+166-176+179-188+196-199+202-203+205-222+224-229+236-244+248-270+278-279+293-296+298-306,,
marts_E00263,delta2,73-86+385-399+409-421+454-463+466+468-469+480-492+531-545+558-570+585-599+610-621+633-638+649-662+668-677+679-680+707-720,epsilon,103-115+123-134+151-164+171-183+191-200+213-217+231-246+261-263+274-277+303-305+309-326+337-350+356-367+369-371+376-378+510-513,,
marts_E00264,epsilon,104-115+123-134+151-164+171-183+191-200+213-217+226-228+231-246+254-263+268-270+273-277+291-306+309-330+337-350+356-367+369-371+376-378+510-513,delta2,73-86+385-399+401-403+406-421+454-470+480-492+531-547+553-570+585-599+610-621+633-638+649-662+667-680+707-722+727,,
marts_E00266,alpha3B,73-85+96-121+139-161+167-191+204-214+216-219+221-230+238-239+241-263+324-343+353-359,,,,
marts_E00268,beta,39-57+64-76+80-82+84-97+104-117+123-129+138-142+144-156+162-164+167-180+186-195+203-213+223-237,alpha1D,41-43+45-47+50-57+63-83+87-88+91-102+104-105+115-128+133-156+166-176+179-190+196-199+202-204+207-222+224-229+236-244+248-271+279+292-296+298-306,,
marts_E00269,beta,37+40-57+64-76+80-82+84-97+107-117+123-129+138-142+144-156+162-164+167-180+186-195+203-213+223-237,alpha1D,50-57+63-83+86-88+91-103+115-128+133-156+166-176+179-187+196-199+202-204+207-222+224-229+236-244+248-272+278-279+293-296+298-306,,
marts_E00270,beta,37-38+40-57+64-76+80-82+84-97+107-117+123-129+138-142+144-156+162-164+167-180+186-195+203-213+223-237,alpha1D,50-57+63-83+86-88+91-102+104-105+115-128+133-156+166-176+179-187+196-199+202-205+207-222+224-229+236-244+248-272+278-279+293-296+298-306,,
marts_E00271,beta,37-57+64-76+80-82+84-97+104-117+123-127+142+144-156+162-164+167-181+186-195+203-213+223-237,alpha1D,50-57+63-83+86-88+91-102+105+115-128+133+136-156+166-176+179-190+196-199+202-222+224-229+236-244+248-270+279+292-296+298-306,,
marts_E00272,beta,37-57+64-76+80-82+84-90+92-97+104-117+123-129+138-141+144-155+162-164+167-179+181+186-195+203-213+223-237,alpha1D,41-43+45-46+48+50-57+63-83+86-88+91-103+105+115-128+133+136-156+166-176+179-190+203+207-222+236-243+248-272+291-296+298-306,,
marts_E00273,beta,45-57+64-76+80-82+84-97+104-117+123-127+129+138+140-142+144-155+162-164+167-180+186-195+203-213+223-237,gamma,139-147+162-170+187-203+207-222+234-248+258-270+275+281-291+293-295+300-303+314-324+327-337,alpha1D,47-48+50-57+63-83+86+91-103+105+115-128+133-134+137-156+166-176+179-189+196-199+202-222+224-229+236-244+248-271+279+292-296+298-306
marts_E00274,beta,40-57+64-76+80-82+84-97+104-117+123-129+144-155+162-164+167-181+186-195+203-213+223-237,gamma,139-147+162-170+186-203+207-222+234-248+258-272+274-275+281-282+284-286+288-290+294-295+299-303+314-324+327-337,alpha1D,41+43-48+50-57+63-83+86-89+91+93-105+115-127+134-151+173-176+179-190+197-199+202-222+224-226+236-239+242+259-271+291-296+298-306
marts_E00275,epsilon,103-115+123-134+151-164+172-183+191-200+213-217+226-228+231-246+254-263+268-270+273-277+291-306+309-330+337-350+356-367+369-371+376-378+510-513,delta2,73-86+385-399+402-403+405-406+408-421+454-470+480-492+531-547+553-570+585-599+610-621+633-638+649-662+667-680+707-722+727,,
marts_E00276,beta,37-57+64-76+80-82+84-97+104-117+123-129+138-142+144-156+162-164+167-181+186-195+203-213+223-237,alpha1D,50-57+63-83+87+91-103+105+115-128+133-156+166-176+179-190+196-199+202-222+224-229+236-244+248-270+278-279+293-296+298-306,,
marts_E00277,beta,40-57+64-76+80-82+84-97+104-117+123-129+141-142+144-156+162-164+167-181+186-195+203-213+223-237,alpha1D,50-57+63-83+86-87+91+93-102+105+115-128+133-134+137-156+166-176+179-189+196-199+202-203+205-222+224-229+236-243+248-271+279+292-296+298-306,,
marts_E00278,alpha1G,39-48+50-57+63-83+86+89+91-105+115-128+133-156+166-176+179-190+196-199+202-222+224-229+236-244+248-272+284-296+298-306,,,,
marts_E00279,beta,37-57+64-76+80-82+84-92+104-117+123-127+144-156+162-164+167-180+187-195+203-213+223-237,alpha1D,41-43+45-48+51-57+63-83+86-88+91-103+105+115-128+133-156+166-176+179-190+196-199+202+206-222+224-229+236-244+248-272+278-279+293-296+298-306,,
marts_E00282,beta,37-57+64-76+80-82+84-97+104-117+123-129+144-156+162-164+167-181+186-195+203-213+223-237,gamma,139-147+149-151+157-159+162-170+186-203+207-222+234-248+258-275+282-285+288-291+299-303+314-324+327-337,alpha1D,50-57+63-83+86-88+91-102+115-128+133-135+137-156+166-176+179-190+196-199+202-204+206-222+224-229+236-243+248-271+279+292-296+298-306
marts_E00286,beta,38-57+64-76+80-82+84-97+104-117+123-129+138-142+144-156+162-164+167-180+186-195+203-213+223-237,alpha1D,41-43+45-46+48+50-57+63-83+86-87+91+93-103+105+115-128+133-156+166-176+179-188+196-199+202-222+224-225+227+229+236-244+250-270+278-279+293-296+298-306,,
marts_E00287,beta,37-57+64-76+80-82+84-97+104-117+123-129+138-142+144-156+162-164+167-181+186-195+203-213+223-237,alpha1D,41-43+45-46+48+50-57+63-83+87-88+91-102+105+115-128+133-156+166-176+179-190+196-199+202-204+207-222+224-229+236-244+248-270+278-279+293-296+298-306,,
marts_E00288,beta,40-57+64-76+80-82+84-97+104-117+123-129+138-142+144-156+162-164+167-180+186-195+203-213+223-237,alpha1D,41-43+45-47+50-57+63-83+86-88+91-102+105+115-128+133+135-156+166-176+179-190+196-199+202-204+207-222+224-229+236-244+248-271+278-279+293-296+298-306,,
marts_E00289,alpha4B,75-80+83-85+100-118+120-121+141-158+160-161+168-171+175-190+204-214+216-219+221-227+231+240-263+324-345+352-359,,,,
marts_E00290,beta,37-57+64-76+80-82+84-96+104-117+123-129+144-155+162-164+167-181+186-195+203-213+223-237,alpha1D,46-48+50-57+63-83+86-88+91-102+105+115-128+133-156+166-176+179-189+196-199+202-203+205+207-222+224-229+236-244+248-272+278-279+293-296+298-306,,
marts_E00291,beta,37-57+64-76+80-82+84-96+104-117+123-129+144-156+162-164+167-181+186-195+203-213+223-237,alpha1D,46-48+50-57+63-83+86-87+91-105+115-128+133-156+166-176+179-189+196-199+202-203+205+207-222+224-229+236-244+248-272+278-279+293-296+298-306,,
marts_E00300,alpha3B,73-85+96-121+139-160+168-191+204-214+216-219+221-230+243-263+324-346+353-359,,,,
marts_E00301,alpha3B,73-85+96-121+139-160+169-191+204-214+216-219+221-230+242-263+324-346+353-359,,,,
marts_E00302,beta,42-57+64-76+80-82+84-97+104-117+123-129+144-155+162-164+167-181+186-195+203-213+223-237,gamma,139-147+162-171+186-203+207-222+234-248+258-272+274-275+281-282+284-286+288-290+293-295+300-303+314-324+327-337,alpha1D,39+41+44-48+50-57+63-83+86-87+89+91-103+115-128+133-153+174-176+179-190+196-199+202-222+224-226+228+238-242+250-270+291-296+298-306
marts_E00303,beta,39-57+64-76+80-82+84-97+104-117+123-129+138-142+144-156+162-164+167-181+186-195+203-213+223-237,alpha1D,41-43+45-46+48+50-57+63-83+86-87+91+93-102+105+115-128+133-134+137-156+166-176+179-190+196-199+202-204+207-222+224-229+236-243+248-271+279+292-296+298-306,,
marts_E00304,alpha4B,75-84+93-113+116-117+119+121+143-153+156-158+160-161+167-168+171-183+185+188-189+206-207+209-210+212-214+216-219+221-231+236-263+324+327-346+353-359,,,,
marts_E00305,beta,43+45-57+64-76+80-82+84-97+104-117+123-129+144-155+163-164+167-181+186-195+203-213+223-237,gamma,139-147+162-170+186-203+207-222+234-248+258-272+274-275+281+284-286+288-290+293-295+300-303+314-324+327-337,alpha1D,73-81+84+96-119+155+161+167-187+191+214+216-219+221-231+236-262+325-346+353-359
marts_E00306,epsilon,103-115+123-134+151-164+172-183+191-200+213-217+226-228+231-246+254-263+268-270+273-277+291-306+309-330+337-350+356-367+369-371+376-378+510-513,delta2,73-86+385-399+401-403+405-406+408-421+454-468+470+480-492+531-547+553-570+585-599+610-621+633-638+649-662+667-680+707-720,,
marts_E00307,epsilon,103-115+123-134+151-164+172-183+191-200+213-217+226-228+231-246+254-263+268-270+273-277+291-306+309-330+337-350+356-367+369-371+376-378+510-513,delta2,73-86+385-399+401-403+405-406+408-421+454-470+480-492+531-547+553-570+585-599+610-621+633-638+649-662+667-680+707-720,,
marts_E00308,beta,46-57+64-76+80-82+84-97+104-117+123-129+138-142+144-155+162-164+167-181+186-195+203-213+223-237,gamma,139-147+162-170+187-203+207-222+234-248+258-270+275+281-291+293-295+300-303+314-324+327-337,alpha1D,46-48+50-56+63-83+89+92-102+105+115-128+133-134+137-156+166-176+182-188+190+196-199+202-222+224-229+236-239+243-244+249-271+291-296+298-306
marts_E00310,beta,37-57+64-76+80-82+84-97+104-117+123-129+144-156+162-164+167-181+186-195+203-213+223-237,gamma,139-147+149-151+157-159+162-170+186-203+207-222+234-248+258-275+282-285+288-291+299-303+314-324+327-337,alpha1D,50-57+63-83+86-88+91+93-102+115-128+133-135+137-156+166-176+179-190+196-199+203-222+224-229+236-243+248-271+279+292-296+298-306
marts_E00311,beta,37-57+64-76+80-82+84-97+104-117+123-129+139-142+144-156+162-164+167-181+186-195+203-213+223-237,gamma,139-147+162-170+186-203+207-222+234-248+258-270+274-275+281-290+299-303+314-324+327-337,alpha1D,44+46-48+50-57+63-83+86-87+91+93-102+105+115-128+133-134+137-156+166-176+179-189+196-199+203-205+207-222+224-229+236-243+248-271+278-279+293-296+298-306
marts_E00312,beta,40-57+64-76+80-82+84-97+104-117+123-129+144-155+162-164+167-180+186-195+203-213+223-237,gamma,139-147+162-170+186-203+207-222+234-248+258-272+274-275+281+284-286+288-290+293-295+300-303+314-324+327-337,alpha1D,44+46-48+50-57+63-83+86-87+91-102+115-128+133-134+136-156+166-176+179-189+196-199+203-205+207-222+224-229+236-243+248-271+273+279+292-296+298-306
marts_E00313,beta,40-57+64-76+80-82+84-97+104-117+123-129+144-155+162-164+167-180+186-195+203-213+223-237,gamma,139-147+162-170+186-203+207-222+234-248+258-272+274-275+281-282+284-286+288-290+293-295+300-303+314-324+327-337,alpha1D,44+46-48+50-57+63-83+86-87+91-102+115-128+133-134+136-156+166-176+179-189+196-199+203-205+207-222+224-229+236-243+248-271+273+279+292-296+298-306
marts_E00314,beta,40-57+64-76+80-82+84-97+104-117+123-129+141-142+144-156+162-164+167-181+186-195+203-213+223-237,alpha1D,46-48+50-57+63-83+86-87+91+93-102+105+115-128+133-134+137-156+166-176+179-189+196-199+202-203+205-222+224-229+236-243+248-271+279+292-296+298-306,,
marts_E00315,beta,40-57+64-76+80-82+84-97+104-117+123-129+141-142+144-156+162-164+167-181+186-195+203-213+223-237,alpha1D,44+47-48+50-57+63-83+86-87+91+93-103+105+115-128+133-134+137-156+166-176+179-189+196-199+203-222+224-229+236-243+248-271+279+292-296+298-306,,
marts_E00316,beta,40-57+64-76+80-82+84-97+104-117+123-129+140-142+144-156+162-164+167-179+186-195+203-213+223-237,alpha1D,46-48+50-57+63-83+86-88+91-102+105+115-128+133-134+136-156+166-176+179-189+196-199+203-222+224-229+236-243+248-271+278-279+293-296+298-306,,
marts_E00317,beta,39-57+64-76+80-82+84-97+104-117+123-127+138+140-142+144-155+162-164+167-180+186-195+203-213+223-237,gamma,139-147+162-170+187-203+207-222+234-248+258-275+281-291+293-295+300-303+314-323+327-337,alpha1D,44+46-48+50-57+63-83+86-88+91-103+115-128+133-156+166-176+179-188+190+196-199+202-222+224-229+236-244+248-271+279+292-296+298-306
marts_E00318,alpha3B,73-85+96-121+139-159+161+168-191+204-214+216-219+221-230+242-263+324-346+352-359,,,,
marts_E00319,beta,40-57+64-76+80-82+84-97+104-117+123-129+138-142+144-156+162-164+167-177+180-181+186-195+203-213+223-237,alpha1D,41-43+45-47+50-57+63-83+86-88+91-102+105+115-128+133+135-156+166-176+179-190+196-199+202-204+207-222+224-229+236-244+248-271+278-279+293-296+298-306,,
marts_E00320,beta,41-57+64-76+80-82+84-97+104-117+123-126+128-129+138+140-142+144-155+162-164+167-181+186-195+203-213+223-237,alpha1D,50-57+63-83+87-88+91-103+115-128+133-156+166-176+179-189+196-199+202-222+224-229+236-244+248-271+279+292-296+298-306,gamma,139-147+162-170+187-203+207-222+234-248+258-272+281-287+292-293+299-303+314-323+327-337
marts_E00321,beta,40-57+64-76+80-82+84-97+104-117+123-129+138-142+144-156+162-164+167-181+186-195+203-213+223-237,alpha1D,50-57+63-83+87+91-103+105+115-128+133-156+166-176+179-190+196-199+202-222+224-229+236-244+248-270+278-279+293-296+298-306,,
marts_E00322,alpha3A,73-85+93-94+100-117+139-161+167-186+213-214+216-219+221-231+236-262+324-326+328-346+353-354+356-359,,,,
marts_E00323,beta,40-57+64-76+80-82+84-97+104-117+123-129+138-142+144-156+162-164+167-181+186-195+203-213+223-237,alpha1D,41-43+45-46+48+50-57+63-83+86-87+91+93-102+105+115-128+133-156+166-176+179-188+196-199+202-204+207-222+224-229+236-244+248-270+278-279+293-296+298-306,,
marts_E00325,beta,37-57+64-76+80-82+84-96+104-117+123-129+138-141+144-156+162-164+167-177+186-195+203-213+223-237,alpha1D,41-43+45-46+48+50-57+63-83+87-88+91-103+105+115-128+133-156+166-176+179-189+196-199+202-204+207-222+224-228+236-244+248-275+291-296+298-306,,
marts_E00326,beta,37-38+40-57+67-76+80-82+84-97+104-117+123-129+138-142+144-156+162-164+167-179+186-195+203-213+223-237,alpha1D,41-43+45-47+50-57+63-83+86-88+91-102+104-105+115-128+133+135-156+166-176+179-190+196-199+202-204+207-222+224-229+236-244+248-272+278-279+293-296+298-306,,
marts_E00327,beta,37-38+40-57+65-76+80-82+84-97+104-117+123-129+138-142+144-156+162-164+167-180+186-195+203-213+223-237,alpha1D,41-43+45-46+48+50-57+63-83+86-88+91+93-102+105+115-126+128+135-156+166-176+179-189+196-199+202-203+205-222+224+236-244+248-270+278-279+293-296+298-306,,
marts_E00328,beta,40-57+64-76+80-82+84-97+104-117+123-129+138-142+144-156+162-164+167-181+188-195+203-213+223-237,alpha1D,41-43+45-48+51-57+63-83+86-88+91+93-102+105+115-128+133-156+166-176+179-188+196-199+202-204+207-222+224+236-244+248-270+278-279+293-296+298-306,,
marts_E00329,beta,37-57+64-76+80-82+84-97+104-117+123-129+144-156+162-164+167-177+186-195+203-213+223-237,alpha1D,41-43+45-46+48+50-57+63-83+87-88+91-102+115-128+133-156+166-176+179-188+190+196-199+202-222+224-228+236-244+248-272+278-279+293-296+298-306,,
marts_E00330,beta,40-57+64-76+80-82+84-97+104-117+123-127+138-142+144-156+162-164+167-181+186-195+203-213+223-237,alpha1D,41-43+45-46+48+50-57+63-83+86-87+91+93-102+105+115-128+133-134+136-156+166-176+179-190+196-199+202-222+224-229+236-244+248-273+279+294-296+298-306,,
marts_E00331,beta,37+39-57+64-76+80-82+84-92+104-117+123-127+144-156+162-164+167-181+186-195+203-213+223-237,alpha1D,50-57+63-83+86-88+91-102+104-105+115-128+133-156+166-176+179-190+196-199+202-222+224-229+236-244+248-272+279+292-296+298-306,,
marts_E00332,beta,40-57+64-76+80-82+84-97+104-117+123-129+138-142+144-156+162-164+167-181+186-195+203-213+223-237,alpha1D,41-43+45-47+50-57+63-83+86-87+91+93-102+105+115-128+133+135-156+166-176+179-190+196-199+202-222+224-229+236-244+248-271+279+292-296+298-306,,
marts_E00333,beta,40-57+64-76+80-82+84-97+104-117+123-129+138-142+144-156+162-164+167-181+186-195+203-213+223-237,alpha1D,41-43+45-46+48+50-57+63-83+86-87+91+93-102+105+115-128+133+135-156+166-176+179-190+196-199+202-222+224-229+236-244+248-271+279+292-296+298-306,,
marts_E00334,beta,37-38+40-57+64-76+80-82+84-97+104-117+123-129+138-142+144-156+162-164+167-181+186-195+203-213+223-237,alpha1D,41-43+45-46+48+50-57+63-83+86-88+91-102+105+115-128+133+135-156+166-176+179-190+196-199+202-204+207-222+224-225+236-244+248-271+279+292-296+298-306,,
marts_E00336,beta,40+42-57+64-76+80-82+84-97+104-117+123-129+144-155+162-164+167-181+186-195+203-213+223-237,gamma,139-147+162-170+186-203+207-222+234-248+258-272+274-275+281-282+284-286+288-290+293-295+300-303+314-324+327-337,alpha1D,41+43-48+50-57+63-83+86-89+91+93-94+96-105+115-127+134-151+173-176+179-190+197-199+202-222+224-226+236-239+242+259-271+291-296+298-306
marts_E00337,delta1,74-86+385-396+412-421+454-467+488-492+531-543+545+554-570+585-597+599+610-621+649-661+667-680+707-722+727,gamma,139-148+161-171+186-187+189-203+206-220+234-248+263-275+282-285+288-291+293-295+314-321+324-337,,
marts_E00338,alpha1C,46-48+50-57+63-67+79-83+86-88+91-105+115-128+133-156+166-176+179-189+196-199+202-222+224-229+236-238+243-244+254-272+274-277+293-296+298-306,,,,
marts_E00340,beta,37-57+64-76+80-82+84-97+104-117+123-127+144-156+162-164+167-181+186-195+203-213+223-237,alpha1D,46-48+50-57+63-83+86-87+91-105+115-128+133-156+166-176+179-189+196-199+202-205+207-222+224-229+236-244+248-272+278-279+293-296+298-306,,
marts_E00341,beta,39-57+64-76+80-82+84-97+104-117+123-129+138-142+144-156+163-164+167-181+186-195+203-213+223-237,alpha1D,46-48+50-57+63-83+86-88+91-102+105+115-128+133-156+166-176+179-188+196-199+202-204+207-222+224-226+236-244+248-272+277-279+294-296+298-306,,
marts_E00343,beta,37-57+64-76+80-82+84-95+104-117+123-129+144-156+162-164+167-181+186-195+203-213+223-237,alpha1D,41-43+45-47+50-57+63-83+86-88+91-102+105+115-128+133-156+166-176+179-190+196-199+202+204-222+224-229+236-244+248-271+279+292-296+298-306,,
marts_E00344,alpha3B,73-85+93-121+140-160+167-191+204-214+216-219+221-231+236-263+324-345+352-359,,,,
marts_E00346,alpha3B,73-85+96-121+139-158+160+169-191+204-214+216-219+221-230+242-263+324-346+353-359,,,,
marts_E00347,alpha3B,73-85+96-111+113-121+140-161+167-191+204-214+216-219+221-231+236-263+324-346+352-359,,,,
marts_E00348,epsilon,104-115+123-134+151-164+171-183+191-200+213-217+226-228+231-246+254-263+268-270+273-277+291-306+309-330+337-351+356-367+369-371+376-378+510-513,delta2,73-86+385-399+401-403+406+408-421+454-469+480-492+531-547+553-570+585-599+610-621+633-638+649-662+667-680+707-720,,
marts_E00349,alpha1G,39-48+50-57+64-83+86-89+91-105+115-128+133-156+166-176+179-190+196-199+202-222+224-229+236-244+248-279+284-296+298-306,,,,
marts_E00350,alpha3B,73-85+93-121+141-161+167-191+204-214+216-219+221-231+236-263+324-346+352-359,,,,
marts_E00352,alpha3B,73-85+96-121+139-159+161+169-191+204-214+216-219+221-230+243-263+324-346+353-359,,,,
marts_E00353,alpha1G,39-48+50-57+63-83+87-89+95-102+115-128+133-155+166-176+179-187+196-199+202-222+224-228+236-244+248-276+288-296+298-306,,,,
marts_E00355,beta,40-57+64-76+80-82+84-97+104-117+123-127+138-142+144-156+162-164+167-177+179-181+186-195+203-213+223-237,alpha1D,41-43+45-47+50-57+63-83+86-88+91-102+104-105+115-128+133+135-156+166-176+179-190+196-199+202-204+207-222+224-229+236-244+248-272+278-279+293-296+298-306,,
marts_E00356,beta,40-57+64-76+80-82+84-97+104-117+123-129+144-155+162-164+167-181+186-195+203-213+223-237,gamma,139-147+162-170+186-203+207-222+234-248+258-272+274-275+281-282+284-286+288-290+293-295+300-303+314-324+327-337,alpha1D,44+46-48+50-57+63-83+86+91-103+115-128+133-156+166-176+179-189+196-199+202-203+207-222+224-229+236-243+248-272+278-279+293-296+298-306
marts_E00357,epsilon,103-115+123-134+151-164+171-183+191-200+213-217+226-228+231-246+254-263+268-270+273-277+291-306+309-330+337-351+356-367+369-371+376-378+510-513,delta2,73-86+385-399+405-421+454-469+480-492+531-547+553-570+585-599+610-621+633-638+649-662+667-680+707-720,,
marts_E00360,alpha3B,73-85+93-121+141-161+167-191+204-214+216-219+221-231+236-263+324-345+352-359,,,,
marts_E00364,beta,37-57+64-76+80-82+84-97+104-117+123-129+138-141+144-156+162-164+167-181+186-195+203-213+223-237,alpha1D,50-57+63-83+87+91-103+105+115-128+133-156+166-176+179-190+196-199+202-222+224-229+236-244+248-270+278-279+293-296+298-306,,
marts_E00365,beta,37-57+64-76+80-82+84-97+104-117+123-129+138-142+144-156+162-164+167-181+186-195+203-213+223-237,alpha1D,41-43+45-46+48+50-57+63-83+86-87+91+93-102+105+115-128+133-156+166-176+179-190+196-199+202-222+224-229+236-244+248-270+278-279+293-296+298-306,,
marts_E00366,beta,40-57+64-76+80-82+84-97+104-117+123-129+141-142+144-156+162-164+167-181+186-195+203-213+223-237,alpha1D,46-48+50-57+63-83+86-87+91+93-103+115-128+133-156+166-176+179-189+196-199+202-203+205-222+224-229+236-243+248-271+279+292-296+298-306,,
marts_E00367,beta,40-57+64-76+80-82+84-97+104-117+123-129+139-142+144-156+162-164+167-181+186-195+203-213+223-237,gamma,139-147+162-170+186-203+207-222+234-248+258-271+288-294+299-303+314-324+327-337,alpha1D,44+46-48+50-57+63-83+86-87+91+93-103+115-128+133-134+136-156+166-176+179-189+196-199+202-203+205+207-222+224-229+236-243+248-271+291-296+298-306
marts_E00368,beta,37-57+64-76+80-82+84-97+104-117+123-129+141-142+144-156+162-164+167-181+186-195+203-213+223-237,alpha1D,41-43+45-47+50-57+63-83+86-87+91+93-102+105+115-128+133-134+137-156+166-176+179-189+196-199+203-222+224-229+236-243+248-271+278-279+293-296+298-306,,
marts_E00369,beta,37-57+64-76+80-82+84-97+104-117+123-129+138-142+144-156+162-164+167-180+186-195+203-213+223-237,alpha1D,46-48+50-57+63-83+86-87+91-103+105+115-128+133-156+166-176+179-190+196-199+202-205+207-222+224-229+236-244+248-272+278-279+293-296+298-306,,
marts_E00370,alpha3B,73-85+93-121+141-161+167-191+204-214+216-219+221-231+236-263+324-344+346+352-359,,,,
marts_E00371,beta,40-57+64-76+80-82+84-97+104-117+123-129+138-142+144-156+162-164+167-181+186-195+203-213+223-237,alpha1D,41-43+45-46+48+50-57+63-83+86-88+91-102+105+115-128+133-156+166-176+179-190+196-199+202-222+224-229+236-244+248-271+279+292-296+298-306,,
marts_E00372,beta,37-57+65-76+80-82+84-96+104-117+123-129+139-142+144-156+162-164+167-181+186-195+203-213+223-237,alpha1D,41-43+45-47+50-57+63-83+87-88+91-102+105+115-128+133-156+166-176+179-190+196-199+202-222+224-228+236-244+248-272+278-279+293-296+298-306,,
marts_E00373,beta,37-57+64-76+80-82+84-97+104-117+123-129+144-156+162-164+167-181+186-195+203-213+223-237,alpha1D,41-43+45-48+51-57+63-83+87+91+93-102+105+115-128+133-156+166-176+179-188+196-199+202-222+224-229+236-244+248-270+278-279+293-296+298-306,,
marts_E00374,beta,39-57+64-76+80-82+84-97+104-117+123-129+138-141+144-156+162-164+167-181+186-195+203-213+223-237,alpha1D,50-57+63-83+87-88+91+93-102+105+115-128+133-156+166-176+179-188+196-199+202-204+207-222+224-229+236-244+248-271+279+292-296+298-306,,
marts_E00375,beta,40-57+64-76+80-82+84-97+104-117+123-129+144-156+162-164+167-181+186-195+203-213+223-237,alpha1D,41-43+45-46+48+50-57+63-83+87+91+93-102+105+115-128+133-156+166-176+179-188+196-199+202-222+224-229+236-244+248-270+278-279+293-296+298-306,,
marts_E00376,beta,42-57+64-76+80-82+84-97+104-117+123-129+142+144-156+162-164+167-181+186-195+203-213+223-237,alpha1D,41-43+45-46+48+50-57+63-83+87+91+93-102+105+115-128+133-156+166-176+179-188+196-199+202-222+224-229+236-244+248-270+278-279+293-296+298-306,,
marts_E00377,alpha3A,73-85+96-118+139-159+167-178+181-191+204-214+216-219+221-231+236-263+324-346+352-359,,,,
marts_E00378,beta,40-57+64-76+80-82+84-97+104-117+123-129+138-142+144-156+162-164+167-181+186-195+203-213+223-237,alpha1D,41-43+45-46+48+50-57+63-83+87+91+93-102+105+115-128+133-156+166-176+179-188+196-199+202-222+224-227+236-244+248-268+270-271+279+292-296+298-306,,
marts_E00379,alpha3B,73-85+93-121+141-161+167-191+204-214+216-219+221-231+236-263+324-344+346+352-359,,,,
marts_E00380,alpha3A,73-85+96-118+139-160+167-178+181-191+204-214+216-219+221-231+236-263+324-327+329-344+346+353-359,,,,
marts_E00381,alpha3A,73-85+96-121+139-160+167-178+181-191+204-214+216-219+221-231+236-263+324-326+328-346+353-359,,,,
marts_E00382,beta,39-57+64-76+80-82+84-97+104-117+123-129+144-156+162-164+167-181+186-195+203-213+223-237,gamma,139-147+162-171+186-203+207-222+234-248+258-272+274-275+281-282+284-286+288-290+293-295+300-303+314-324+327-337,alpha1D,41+43-48+50-57+63-83+86-88+91-100+102-103+115-128+133-151+174-176+179-190+196-199+202-204+206-222+224-226+228+238-242+250-271+290-296+298-306
marts_E00383,beta,37-57+64-76+80-82+84-97+104-117+123-129+144-156+162-164+167-181+186-195+203-213+223-237,gamma,139-147+149-151+157-159+162-170+186-203+207-222+234-248+258-275+282-285+288-291+299-303+314-324+327-337,alpha1D,50-57+63-83+86-88+91+93-102+115-128+133-135+137-156+166-176+179-190+196-199+203-222+224-229+236-243+248-271+279+292-296+298-306
marts_E00384,beta,37-57+64-76+80-82+84-97+104-117+123-129+138-141+144-156+163-164+167-181+186-195+203-213+223-237,alpha1D,41-43+45-48+51-57+63-83+87+91+93-102+105+115-128+133-156+166-176+179-188+196-199+202-203+205-222+224-229+236-244+248-270+278-279+293-296+298-306,,
marts_E00385,beta,37-57+64-76+80-82+84-97+104-117+123-129+138-142+144-156+162-164+167-180+186-195+205-213+223-237,alpha1D,41-43+45-46+48+50-57+63-83+86-88+91-102+115-128+133-156+166-176+179-190+196-199+202-222+224-229+236-244+248-271+279+292-296+298-306,,
marts_E00386,epsilon,104-115+123-134+151-164+172-183+191-200+213-217+226-228+231-246+254-263+268-270+273-277+291-306+309-330+337-350+356-367+369-371+376-378+510-513,delta2,73-86+385-399+401-403+406-421+454-470+480-492+531-547+553-570+585-599+610-621+633-638+649-662+667-680+707-720,,
marts_E00388,alpha3A,73-85+94-98+100-121+139-160+167-191+204-214+216-219+221-231+236-263+324-346+353-359,,,,
marts_E00391,beta,37-57+64-76+80-82+84-97+104-117+123-129+138-141+144-156+162-164+167-181+186-195+203-213+223-237,alpha1D,41-43+45-46+48+50-57+63-83+87+91+93-102+105+115-128+133-156+166-176+179-188+196-199+203-222+224-229+236-244+248-270+278-279+293-296+298-306,,
marts_E00392,beta,40-57+64-76+80-82+84-96+104-117+123-129+138-141+144-156+162-164+167-181+186-195+203-213+223-237,alpha1D,41-43+45-48+51-57+63-83+87+91+93-102+105+115-128+133-156+166-176+179-188+196-199+202-222+224-226+228+236-244+248-269+271+279+292-296+298-306,,
marts_E00393,beta,40-57+64-76+80-82+84-95+104-117+123-129+138-142+144-156+162-164+167-181+186-195+203-213+223-237,alpha1D,50-57+63-83+87-88+91-102+104-105+115-128+133-156+166-176+179-188+196-199+202-222+224-226+228+236-244+248-269+271+279+292-296+298-306,,
marts_E00394,beta,41-57+64-76+80-82+84-97+104-117+123-127+138+140-142+144-155+162-164+167-179+186-195+203-213+223-237,gamma,139-147+162-170+186-203+207-222+234-248+258-274+281-290+294-295+300-303+314-324+327-337,alpha1D,46-48+50-57+63-83+89+92-103+115-128+133-134+136-156+166-176+179-188+190+196-199+202-222+224-229+236-244+248-271+279+292-296+298-306
marts_E00395,beta,43-57+64-76+80-82+84-97+104-117+123-129+144-156+162-164+167-181+186-195+203-213+223-237,gamma,139-147+162-170+186-203+207-222+234-248+258-272+274-275+281+284-286+288-290+293-295+300-303+314-324+327-337,alpha1D,41-45+47-48+50-57+63-83+89+92-105+115-128+136-153+179-189+196-199+202-214+219+222+228-229+250+252-271+273+278-279+292-296+298-306
marts_E00396,beta,40-57+64-76+80-82+84-97+104-117+123-129+144-155+162-164+167-181+186-195+203-213+223-237,gamma,139-147+162-170+186-203+207-222+234-248+258-272+274-275+281+284-286+288-290+293-295+300-303+314-324+327-337,alpha1D,44+46-48+50-57+63-83+86+91-103+115-128+133-156+166-176+179-188+196-199+203-204+207-222+224-229+236-243+248-271+273+278-279+293-296+298-306
marts_E00397,beta,37-57+64-76+80-82+84-97+104-117+123-129+138-142+144-156+162-164+167-181+186-195+203-213+223-237,alpha1D,41-43+45-47+50-57+63-83+86-87+91+93-102+105+115-128+133-156+166-176+179-188+196-199+202-204+207-222+224-229+236-244+248-270+278-279+293-296+298-306,,
marts_E00399,beta,40-57+64-76+80-82+84-97+104-117+123-129+138-142+144-156+162-164+167-181+186-195+203-213+223-237,alpha1D,41-43+45-46+48+50-57+63-83+86-88+91-102+105+115-128+133-134+137-156+166-176+179-190+196-199+202-204+207-222+224-229+236-244+248-271+279+292-296+298-306,,
marts_E00400,beta,37-38+40-57+64-76+84-97+104-117+123-129+138-142+144-156+162-164+167-181+186-195+203-213+223-237,alpha1D,41-43+45-46+48+50-57+63-83+86-88+91-102+105+115-128+133+135-156+166-176+179-189+196-199+202-222+224-225+236-244+248-271+278-279+293-296+298-306,,
marts_E00401,beta,37-38+40-57+64-76+80-82+84-97+104-117+123-129+144-156+162-164+167-181+186-195+203-213+223-237,alpha1D,41-43+45-46+48+50-57+63-83+86-88+91-102+105+115-128+133-156+166-176+179-190+196-199+202-205+207-222+224-229+236-244+248-272+279+292-296+298-306,,
marts_E00402,beta,40-57+64-76+80-82+84-96+104-117+123-127+138-142+144-156+162-164+167-181+186-195+203-213+223-237,alpha1D,41-43+45-47+50-57+63-83+86-87+91+93-102+115-128+133+135-156+166-176+179-190+196-199+202-222+224-229+236-244+248-273+279+294-296+298-306,,
marts_E00403,delta2,73-86+385-399+401-403+406-421+454-470+480-492+531-547+553-570+585-599+610-621+633-638+649-662+667-680+707-720,epsilon,104-115+123-134+151-164+172-183+191-200+213-217+226-228+231-246+254-263+268-270+273-277+291-306+309-330+339-350+356-367+369-371+376-378+510-513,,
marts_E00404,epsilon,103-115+123-134+151-164+172-183+191-200+213-217+226-228+231-246+254-263+268-270+273-277+291-306+309-330+337-350+356-367+369-371+376-378+510-513,delta2,73-86+385-399+401-403+405-406+408-421+454-468+470+480-492+531-547+553-570+585-599+610-621+633-638+649-662+667-680+707-722+727,,
marts_E00405,epsilon,104-115+123-134+151-164+172-183+191-200+213-217+226-228+231-246+254-263+268-270+273-277+291-306+309-330+337-350+356-367+369-371+376-378+510-513,delta2,73-86+385-399+401-403+405-406+408-421+454-470+480-492+531-547+553-570+585-599+610-621+633-638+649-662+667-680+707-720,,
marts_E00406,epsilon,104-115+123-134+151-164+172-183+191-200+213-217+226-228+231-246+254-263+268-270+273-277+291-306+309-330+337-350+356-367+369-371+376-378+510-513,delta2,73-86+385-399+401-403+406-421+454-470+480-492+531-547+553-570+585-599+610-621+633-638+649-662+667-680+707-720,,
marts_E00407,epsilon,103-115+123-134+151-164+172-183+191-200+213-217+226-228+231-246+254-263+268-270+273-277+291-306+309-330+337-350+356-367+369-371+376-378+510-513,delta2,73-86+385-399+401-403+405-406+408-421+454-468+470+480-492+531-547+553-570+585-599+610-621+633-638+649-662+667-680+707-720,,
marts_E00408,epsilon,103-115+123-134+151-164+171-183+191-200+213-217+226-228+231-246+254-263+268-270+273-277+291-306+309-330+337-350+356-367+369-371+376-378+510-513,delta2,73-86+385-399+401-403+406-421+454-468+470+480-492+531-547+553-570+585-599+610-621+633-638+649-662+667-680+707-722+727,,
marts_E00409,beta,45-57+64-76+80-82+84-97+104-117+123-129+138-142+144-155+162-164+167-181+186-195+203-213+223-237,gamma,139-147+162-170+187-203+207-222+234-248+258-270+275+281-291+293-295+300-303+314-324+327-337,alpha1D,44+46-48+50-57+63-83+91-103+115-128+133-156+166-176+179-188+190+196-199+202-222+224-229+236-241+248-271+279+292-296+298-306
marts_E00410,alpha4B,45-48+51-57+63-83+88-89+91-105+118-119+121-128+134-135+140-151+153-156+166-176+179-189+198-199+203-222+224-229+238-244+248-267+269-273+276-279+295-296+298-306,,,,
marts_E00411,beta,37-57+64-76+80-82+84-96+104-117+123-127+144-156+162-164+167-179+186-195+203-213+223-237,alpha1D,46-48+50-57+63-83+86-87+91-105+115-128+133-156+166-176+179-189+196-199+202-203+205+207-222+224-229+236-244+248-271+278-279+293-296+298-306,,
marts_E00412,alpha4B,74-84+93-116+119-121+146-161+167-168+171-183+185+189+206-207+209-210+212-214+216-219+221-231+236-263+324-325+327-346+354-359,,,,
marts_E00413,beta,40-57+64-76+80-82+84-96+104-117+123-129+138-141+144-156+162-164+167-181+186-195+203-213+223-237,alpha1D,46-48+50-57+63-83+86-87+91-103+115-128+133-156+166-176+179-188+196-199+202-204+206-222+224-226+228+236-244+248-272+275-279+293-296+298-306,,
marts_E00414,beta,45-57+64-76+80-82+84-97+104-117+123-129+138-141+144-155+162-164+167-181+186-195+203-213+223-237,alpha1D,41-43+45-46+48+50-57+63-83+86-88+91-103+105+115-128+133-156+166-176+179-190+204+206-221+236-243+248-273+278-279+293-296+298-306,,
marts_E00415,beta,40-57+64-76+80-82+84-97+104-117+123-129+141-142+144-156+162-164+167-181+186-195+203-213+223-237,alpha1D,44+47-48+50-57+63-83+86-87+91+93-102+105+115-128+133-134+137-156+166-176+179-189+196-199+203-222+224-229+236-243+248-271+279+292-296+298-306,,
marts_E00416,beta,40-57+64-76+80-82+84-97+104-117+123-129+138-141+144-156+162-164+167-181+186-195+203-213+223-237,alpha1D,50-57+63-83+86-88+91-102+104-105+115-128+133+135-156+166-176+179-190+196-199+202-222+224-229+236-244+248-269+278-279+293-296+298-306,,
marts_E00417,beta,40-57+64-76+80-82+84-96+104-117+123-129+138-141+144-156+168-181+186-195+203-213+223-237,alpha1D,41-43+45-46+48+50-57+63-83+86-88+91-105+115-128+133-134+136-156+166-176+179-190+196-199+202-204+206-222+225+227+229+236-244+248-275+277+291-296+298-306,,
marts_E00418,beta,37-57+64-76+80-82+84-97+104-117+123-129+145-156+162-164+167-181+186-195+204-205+223-237,alpha1D,50-57+63-83+87+91+93-102+105+115-126+133-156+166-176+179-187+196-199+204+207-222+224-229+236-244+248-268+270-271+279+292-296+298-306,,
marts_E00419,epsilon,103-115+123-134+151-164+172-183+191-200+213-217+226-228+231-246+254-263+268-270+273-277+291-306+309-330+337-350+356-367+369-371+376-378+510-513,delta2,73-86+385-399+403+405-421+454-468+470+480-492+531-547+553-570+585-599+610-621+633-638+649-662+667-680+707-720,,
marts_E00420,epsilon,103-115+123-134+151-164+172-183+191-200+213-217+226-228+231-246+254-263+268-270+273-277+291-306+309-330+337-350+356-367+369-371+376-378+510-513,delta2,73-86+385-399+402+405-421+454-470+480-492+531-547+553-570+585-599+610-621+633-638+649-662+667-680+707-722+727,,
marts_E00421,beta,37-57+64-76+80-82+84-96+104-117+123-129+144-156+162-164+167-181+186-195+203-213+223-237,alpha1D,46-48+50-57+63-83+86-87+91-105+115-128+133-156+166-176+179-189+196-199+202-205+207-222+224-229+236-244+248-272+278-279+293-296+298-306,,
marts_E00422,beta,46-57+64-76+80-82+84-97+104-117+123-129+138-142+144-155+162-164+167-181+186-195+203-213+223-237,gamma,139-147+162-170+187-203+207-222+234-248+258-270+275+281-291+293-295+300-303+314-324+327-337,alpha1D,44+46-48+50-56+63-83+89+92-102+105+115-128+133-134+137-156+166-176+182-188+190+196-199+202-222+224-229+236-244+248-271+291-296+298-306
marts_E00423,alpha3B,73-85+96-121+139-159+161+167-191+204-214+216-219+221-230+242-263+324-341+353-359,,,,
marts_E00424,epsilon,104-115+123-134+151-164+171-183+191-200+213-217+226-228+231-246+254-263+268-270+273-276+291-306+309-330+337-351+356-367+369-371+376-378+510-513,delta2,73-86+385-399+401-403+405-421+454-469+480-492+531-547+553-570+585-599+610-621+633-638+649-662+667-680+707-720,,
marts_E00425,beta,37-57+64-76+80-82+84-96+104-117+123-129+138-141+144-156+162-164+167-181+186-195+203-213+223-237,alpha1D,41-43+45-46+48+50-57+63-83+87-88+91-102+104-105+115-128+133-156+166-176+181-188+196-199+202-222+224-229+236-244+248-271+278-279+293-296+298-306,,
marts_E00426,beta,43+45-57+64-76+80-82+84-97+104-117+123-129+144-155+162-164+167-181+186-195+203-213+223-237,gamma,139-147+162-170+186-203+207-222+234-248+258-272+274-275+281-282+284-286+288-290+293-295+300-303+314-324+327-337,alpha1D,73-81+84+96-119+121+143-144+167-185+187-188+213-214+216-219+221-231+236-262+325-346+353-359
marts_E00427,beta,46-57+64-76+80-82+84-97+104-117+123-127+129+138+140-142+144-155+162-164+167-180+186-195+203-213+223-237,alpha1D,50-57+63-83+87-88+91-103+115-128+133-156+166-176+179-189+196-199+202-222+224-229+236-244+248-271+279+292-296+298-306,gamma,139-147+162-170+187-203+207-222+234-248+258-270+272+281-287+292-293+299-303+314-323+327-337
marts_E00428,beta,44-57+64-76+80-82+84-97+104-117+123-129+138-142+144-156+162-164+167-179+186-195+203-213+223-237,gamma,139-147+162-170+187-203+207-222+234-248+258-275+281-291+299-303+314-323+327-337,alpha1D,44+46-48+50-57+63-83+86-88+91-103+115-128+133-156+166-176+179-189+196-199+202-222+224-229+236-244+248-271+279+292-296+298-306
marts_E00429,beta,39+42-57+64-76+80-82+84-97+104-117+123-127+129+138-142+144-155+162-164+167-181+187-195+203-213+223-237,gamma,139-147+162-170+187-203+207-222+234-248+258-274+281-290+294-295+300-303+314-324+327-337,alpha1D,44+46-48+50-57+63-83+86-88+91-103+115-128+133-156+166-176+179-190+196-197+199+202-222+224-229+236-244+248-271+291-296+298-306
marts_E00430,alpha3B,73-85+93-121+141-161+167-191+204-214+216-219+221-231+236-263+324-344+346+352-359,,,,
marts_E00431,epsilon,104-115+123-134+151-164+172-183+191-200+213-217+226-228+231-246+254-263+268-270+273-277+291-306+309-330+337-350+356-367+369-371+376-378+510-513,delta2,73-86+385-399+402+405-407+409-421+454-470+480-492+531-547+553-570+585-599+610-621+633-638+649-662+667-680+707-720,,
marts_E00432,alpha3A,73-85+95-97+99-118+139-158+161+167-178+181-191+204-214+216-219+221-231+236-263+324-346+353-359,,,,
marts_E00433,epsilon,104-115+123-134+151-164+171-183+191-200+213-217+226-228+231-246+254-263+268-270+273-276+291-306+309-330+337-351+356-367+369-371+376-378+510-513,delta2,73-86+385-399+401-403+405-421+454-469+480-492+531-547+553-570+585-599+610-621+633-638+649-662+667-680+707-720,,
marts_E00436,beta,42-57+64-76+80-82+84-97+104-117+123-127+129+138+140-142+144-155+162-164+167-181+188-195+203-213+223-237,gamma,139-147+162-170+187-203+207-222+234-248+258-273+281-291+293-295+300-303+314-324+327-337,alpha1D,44+46-48+50-57+63-83+86-88+91-103+115-128+133-156+166-176+179-190+196-197+199+202-222+224-229+236-244+248-271+291-296+298-306
marts_E00439,alpha1F,42-48+50-57+63-83+88-89+91-105+117-128+135-156+166-176+179-189+196-199+202-222+224-227+236-238+240+244+253-272+274-279+294-296+298-306,,,,
marts_E00440,alpha1E,39-48+50-57+63-83+87-88+91-105+115-128+133-156+166-176+179-190+196-199+202-222+224-228+236-243+248-276+288-296+298-306,,,,
marts_E00441,alpha3A,73-85+96-121+139-159+167-191+204-214+216-219+221-231+236-263+324-346+353-359,,,,
marts_E00444,alpha1G,41-48+50-57+63-83+86+93-105+115-128+133-156+166-176+179-190+196-199+202-222+224-229+236-242+244+248-275+290-296+298-306,,,,
marts_E00445,alpha1G,39-47+50-57+63-83+86+91-105+115-128+133-156+166-176+179-190+196-199+202-222+224-229+236-243+248-275+288-296+298-306,,,,
marts_E00446,alpha3B,73-85+96-121+139-158+160-161+168-191+204-214+216-219+221-230+242-263+324-346+352-359,,,,
marts_E00447,alpha3B,73-85+96-121+139-159+161+168-191+204-214+216-219+221-230+242-263+324-343+352-359,,,,
marts_E00448,alpha3B,73-85+96-121+139-158+160-161+168-191+204-214+216-219+221-231+242-263+324-346+353-359,,,,
marts_E00449,alpha1G,39-48+50-57+63-83+87-88+91-105+115-128+133-156+166-176+179-187+196-199+202-222+224-229+236-244+248-272+284-296+298-306,,,,
marts_E00450,alpha1G,39-48+50-57+63-83+87-88+91-105+115-128+133-156+166-176+179-187+196-199+202-222+224-229+236-244+248-272+285-296+298-306,,,,
marts_E00451,alpha1G,39-48+50-57+63-83+87-88+91-105+115-128+133-156+166-176+179-187+196-199+202-222+224-229+236-244+248-272+286-296+298-306,,,,
marts_E00452,alpha3B,73-85+96-121+139-158+160-161+168-191+204-214+216-219+221-230+243-263+324-346+353-359,alpha1B,53-57+63-83+88-89+91-102+115-128+133-149+166-176+179-190+196-199+202-222+224-229+236-244+248-276+288-296+298-306,,
marts_E00453,alpha3B,73-85+96-121+139-160+168-191+204-214+216-219+221-230+242-263+324-346+352-359,alpha1B,53-57+66-83+87-88+91+93-105+115-128+133-149+166-176+179-190+196-199+202-222+224-229+236-244+248-275+288-296+298-306,,
marts_E00454,alpha3B,73-85+96-121+139-160+168-191+204-214+216-219+221-230+240-263+324-346+352-359,alpha1B,39-42+48+53-57+63-82+86-89+91+93-105+115-127+133-147+166-176+179-190+196-199+202-222+224-229+236-244+248-276+288-296+298-306,,
marts_E00455,alpha3B,73-85+96-121+139-159+161+168-191+204-214+216-219+221-230+242-263+324-346+352-359,,,,
marts_E00456,alpha3B,73-85+96-121+139-158+160+169-191+204-214+216-219+221-230+240-263+324-346+352-359,alpha1B,53-57+65-83+88-89+91-105+115-128+133-150+166-176+179-190+196-199+202-222+224-229+236-244+248-275+288-296+298-306,,
marts_E00457,alpha3A,73-85+96-121+139-161+167-191+204-214+216-219+221-231+236-263+324-346+353-359,,,,
marts_E00458,beta,40-57+64-76+80-82+84-95+104-117+123-129+138-142+144-156+162-164+167-181+186-195+203-213+223-237,alpha1D,50-57+63-83+87-88+91-102+104-105+115-128+133-156+166-176+179-188+196-199+202-222+224-226+228+236-244+248-269+271+279+292-296+298-306,,
marts_E00460,delta2,73-86+385-399+401-403+405-421+454-470+480-492+531-547+553-570+585-599+610-621+633-638+649-662+667-680+707-722+727,epsilon,104-115+123-134+151-164+171-183+191-200+213-217+226-228+231-246+254-263+268-270+273-277+291-306+309-330+337-351+356-367+369-371+376-378+510-513,,
marts_E00461,alpha3A,73-85+96-118+139-160+167-178+181-191+204-214+216-219+221-231+236-263+324-326+328-346+353-359,,,,
marts_E00463,beta,37-57+64-76+80-82+84-97+104-117+123-129+138-142+144-156+162-164+167-175+177-181+186-195+203-213+223-237,alpha1D,50-57+63-83+87+91-103+105+115-128+133-156+166-176+179-189+196-199+202-205+207-222+224-229+236-244+248-271+278-279+293-296+298-306,,
marts_E00464,alpha3A,73-85+96-118+120-121+139-158+161+167-178+181-191+204-214+216-219+221-230+236-263+324-344,,,,
marts_E00465,alpha3B,73-85+96-121+139-160+169-191+204-214+216-219+221-230+242-263+324-346+353-359,,,,
marts_E00466,alpha3A,73-83+85+96-117+139-159+167-178+181-191+204-214+216-219+221-231+236-263+324-346+352-359,,,,
marts_E00469,alpha3A,73-85+96-118+120-121+139-161+167-178+181-189+207-214+216-219+221-231+239-240+242-263+324-344+346+352-359,,,,
marts_E00470,alpha4B,41-45+47-48+50-56+63-83+89+91-105+118-128+135-136+140-155+166-176+179-188+190+202-222+224-229+238-244+248-267+269-273+276-278+298-306,,,,
marts_E00472,alpha3A,73-85+96-118+139-160+167-178+181-191+204-214+216-219+221-231+236-263+324-344+346+352-359,,,,
marts_E00473,alpha4A,73-81+85+97+99-121+139-147+150-159+167-168+170-190+204-214+216-219+221-230+240-263+324-337+339-346+352-359,,,,
marts_E00474,alpha4A,73-74+76-81+85+97+99-121+140-150+153-159+167-168+170-190+204-214+216-219+221-230+238-239+241-263+324-337+339-346+354-359,,,,
marts_E00475,alpha4A,75-80+84-85+99+101-117+120-121+139-144+146-150+152-159+168-189+204-214+216-219+221-230+236-263+324-336+338-346+352-353+355-359,,,,
marts_E00476,alpha4B,80-85+93-114+117+119+121+143-145+147-161+167-168+172-183+185+187+189+208-214+216-219+221-231+236-263+324+327-346+353-359,,,,
marts_E00477,alpha3B,73-85+93-121+141-161+167-191+204-214+216-219+221-231+236-263+324-344+346+352-359,,,,
marts_E00478,alpha3B,73-85+93-121+139-161+167-191+204-214+216-219+221-231+236-263+324-344+346+352-359,,,,
marts_E00479,alpha3B,73-85+93-121+141-161+167-191+204-214+216-219+221-231+236-263+324-344+346+352-359,,,,
marts_E00480,alpha3B,73-85+93-121+141-161+167-191+204-214+216-219+221-231+236-263+324-344+352-359,,,,
marts_E00481,alpha3B,73-85+93-121+141-161+167-191+204-214+216-219+221-231+236-263+324-345+352-359,,,,
marts_E00482,alpha4B,45-48+51-57+63+65-83+88-89+91-105+118-119+121-128+134-135+140-154+156+166-176+179-189+198-199+203-222+224-229+238-244+248-267+269-273+276-279+295-296+298-306,,,,
marts_E00483,epsilon,104-115+123-134+151-164+171-183+191-200+213-217+226-228+231-246+254-263+268-270+273-277+291-306+309-330+337-351+356-367+369-371+376-378+510-513,delta2,73-86+385-399+401-403+405-421+454-470+480-492+531-547+553-570+585-599+610-621+633-638+649-662+667-680+707-720,,
marts_E00484,delta2,73-86+385-399+401-403+405-421+454-470+480-492+531-547+553-570+585-599+610-621+633-638+649-662+667-680+707-722+727,epsilon,104-115+123-134+151-164+171-183+191-200+213-217+226-228+231-246+254-263+268-270+273-277+291-306+309-330+337-351+356-367+369-371+376-378+510-513,,
marts_E00485,alpha3A,73-85+96-117+139-159+167-178+181-191+204-214+216-219+221-230+236-263+324-344+346+353-354+356-359,,,,
marts_E00486,alpha3A,73-85+96-121+139-161+167-191+204-214+216-219+221-231+236-263+324-346+353-359,,,,
marts_E00487,epsilon,103-115+123-134+151-164+172-183+191-200+213-217+226-228+231-246+254-263+268-270+273-277+291-306+309-330+337-350+356-367+369-371+376-378+510-513,delta2,73-86+385-399+401-403+405-406+408-421+454-468+480-492+531-547+553-570+585-599+610-621+633-638+649-662+667-680+707-722+727,,
marts_E00488,epsilon,104-115+123-134+151-164+171-183+191-200+213-217+226-228+231-246+254-263+268-270+273-275+291-306+309-330+337-351+356-367+369-371+376-378+510-513,delta2,73-86+385-399+405-421+454-468+480-492+531-547+553-570+585-599+610-621+633-638+649-662+667-680+707-720,,
marts_E00489,zeta,3-26+29-56+63-65+76-98+102-105+114-139+142-171+174-198+219-246,alpha4B,93-118+121+139-143+145-146+149-156+175-191+204-214+216-219+221-231+236-263+324-346+354-359,,
marts_E00490,alpha4B,45-48+51-57+63-83+87-89+91-105+118-119+121-128+134-135+140-154+156+166-176+179-189+205-222+224-229+238-244+248-267+269-273+276-279+295-296+298-306,,,,
marts_E00491,alpha4B,75-84+93-113+116-117+119+121+143-145+147-154+157-161+167-168+171-183+185+188-189+206-207+209-210+212-214+216-219+221-231+236-263+324+327-346+353-359,,,,
marts_E00492,alpha4B,75-84+93-113+117+119+121+143-153+156-158+160-161+167-168+171-183+185+188-189+206-207+209-210+212-214+216-219+221-231+236-263+324+327-346+353-359,,,,
marts_E00494,alpha4B,76-84+93-113+116-117+119+121+143-154+156-161+167-169+171-182+184-186+189+206-207+209+211-214+216-219+221-231+238-263+324-325+327-346+353-359,,,,
marts_E00496,alpha4A,75-80+85+99-100+102-117+120-121+139-143+145-149+151-159+168-191+204-214+216-219+221-230+236-263+324-344+346+352-353+355-359,,,,
marts_E00497,alpha3A,73-85+96-118+139-160+167-178+181-191+204-214+216-219+221-231+236-263+324-326+328-346+353-359,,,,
marts_E00498,delta2,73-86+385-399+405-421+454-470+480-492+531-544+558-570+585-599+610-621+633-636+649-662+668-680+707-720,epsilon,103-115+123-134+151-164+171-183+191-200+213-217+226-228+231-246+260-261+263+291-306+309-327+337-350+356-367+369+511-513,,
marts_E00499,delta2,73-86+385-399+409-421+454-465+468-470+480-492+531-544+558-570+585-599+610-621+633-637+649-662+668-680+707-720,epsilon,103-115+123-134+151-164+171-183+191-200+213-217+226-228+231-246+254-255+257+261-263+294-306+312-326+337-350+356-367+369-371+376-378+511-513,,
marts_E00500,alpha4A,73-78+80+85+100-118+120-121+139-159+168-191+204-214+216-219+221-229+231+237-241+243-263+324-340+342-346+354-359,,,,
marts_E00501,alpha1I,39-48+50-57+63-81+86+92-97+99-105+115-128+134+136-156+167-176+179-186+196-199+203-222+224-228+236-244+248-271+275-279+296+298-306,,,,
marts_E00502,alpha3B,73-85+96-121+139-159+161+169-191+204-214+216-219+221-230+242-263+324-346+353-359,,,,
marts_E00503,alpha3A,73-85+96-118+139-159+167-178+181-191+204-214+216-219+221-231+236-263+324-346+352-359,,,,
marts_E00504,alpha3A,73-85+96-118+139-159+167-178+181-191+204-214+216-219+221-231+236-262+324-346+353-359,,,,
marts_E00505,alpha3A,73-85+96-118+139-158+161+167-178+181-191+204-214+216-219+221-231+236-263+324-344+346+353-359,,,,
marts_E00506,alpha4B,73-84+93-114+118-121+141+146-151+153-159+161+167-169+172-182+184-186+188+206-207+209-214+216-219+221-231+236-263+324-346+353-359,,,,
marts_E00508,alpha3B,73-85+93-121+141-161+167-191+204-214+216-219+221-231+236-263+324-346+352-359,,,,
marts_E00509,alpha1I,39-48+50-57+63-81+92-97+99-105+115-128+134+137-156+167-176+179-186+196-199+203-222+224-228+236-244+248-271+275-279+296+298-306,,,,
marts_E00510,alpha1G,39-48+50-57+63-83+87-88+91-105+115-128+133-156+166-176+179-190+196-199+202-222+224-229+236-244+248-276+279+289-296+298-306,,,,
marts_E00511,alpha1G,39-48+50-57+63-83+87-88+91-105+115-128+133-156+166-176+179-187+196-199+202-222+224-229+236-244+248-272+285-296+298-306,,,,
marts_E00512,beta,40-57+64-76+80-82+84-97+104-117+123-129+138-141+144-156+162-164+167-180+186-195+203-213+223-237,alpha1D,41-43+45-46+48+50-57+63-83+86-88+91-103+105+115-128+133+136-156+166-176+179-190+196-199+202-222+225+227-229+236-244+248-272+292-296+298-306,,
marts_E00515,beta,40-57+64-76+80-82+84-96+104-117+123-129+138-142+144-156+162-164+167-181+186-195+203-213+223-237,alpha1D,50-57+63-83+86-87+91+93-105+115-128+133-156+166-176+179-190+196-199+202-204+207-221+236-243+248-270+278-279+293-296+298-306,,
marts_E00516,beta,40-57+64-76+80-82+84-95+97+104-117+123-129+138-142+144-156+162-164+167-181+186-195+203-213+223-237,alpha1D,50-57+63-83+86-87+91+93-105+115-128+133+135-156+166-176+179-190+196-199+202-204+207-221+236-243+248-270+278-279+293-296+298-306,,
marts_E00517,beta,37-57+64-76+80-82+84-97+104-117+123-129+138-141+144-156+162-164+167-181+186-195+203-213+223-237,alpha1D,50-57+63-83+86-88+91-103+105+115-128+133+136-156+166-176+179-190+196-199+206-222+224-229+236-244+248-274+276+291-296+298-306,,
marts_E00518,alpha3A,73-85+93-94+100-117+139-161+167-181+213-214+216-219+221-231+236-262+324-326+328-346+353-354+356-359,,,,
marts_E00519,alpha3A,73-85+93-94+100-117+139-161+167-183+185+213-214+216-219+221-231+236-262+324-326+328-346+353-354+356-359,,,,
marts_E00520,alpha3A,73-85+93-94+100-117+139-161+167-182+213-214+216-219+221-231+236-262+324-326+328-346+353-354+356-359,,,,
marts_E00521,epsilon,104-115+123-134+151-164+172-183+191-200+213-217+226-228+231-246+254-263+268-270+273-277+291-306+309-330+337-350+356-367+369-371+376-378+510-513,delta2,73-86+385-399+401-403+406+408-421+454-470+480-492+531-547+553-570+585-599+610-621+633-638+649-662+667-680+707-720,,
marts_E00522,alpha3B,73-85+93-121+141-161+167-191+204-214+216-219+221-231+236-263+324-344+352-359,,,,
marts_E00524,alpha3B,73-85+93-121+141-161+167-191+204-214+216-219+221-231+236-263+324-346+352-359,,,,
marts_E00525,alpha3B,73-85+93-121+141-161+167-191+204-214+216-219+221-231+236-263+324-345+352-359,,,,
marts_E00526,alpha4B,75-84+93-113+116-117+119+121+143-153+156-158+160-161+167-168+171-183+185+188-189+206-207+209-210+212-214+216-219+221-231+236-263+324+327-346+353-359,,,,
marts_E00527,alpha3B,73-85+93-121+141-161+167-191+204-214+216-219+221-231+236-263+324-346+352-359,,,,
marts_E00528,alpha3B,73-85+96-121+139-160+169-191+204-214+216-219+221-230+242-263+324-346+353-359,,,,
marts_E00530,epsilon,103-115+123-134+151-164+173-183+191-200+213-217+226-228+231-246+254-263+268-270+273-277+291-306+309-330+337-350+356-367+369-371+376-378+510-513,delta2,73-86+385-399+401-403+406-421+454-470+480-492+531-547+553-570+585-599+610-621+633-638+649-662+667-680+707-722+727,,
marts_E00531,epsilon,104-115+123-134+151-164+172-183+191-200+213-217+226-228+231-246+254-263+268-270+273-277+291-306+309-330+337-350+356-367+369-371+376-378+510-513,delta2,73-86+385-399+401-403+406-421+454-470+480-492+531-547+553-570+585-599+610-621+633-638+649-662+667-680+707-720,,
marts_E00532,epsilon,103-115+123-134+151-164+172-183+191-200+213-217+226-228+231-246+254-263+268-270+273-277+291-306+309-330+337-350+356-367+369-371+376-378+510-513,delta2,73-86+385-399+401-403+405-406+408-421+454-468+470+480-492+531-547+553-570+585-599+610-621+633-638+649-662+667-680+707-722+727,,
marts_E00534,beta,40-57+64-76+80-82+84-96+104-117+123-129+138-142+144-156+162-164+167-180+186-195+203-213+223-237,alpha1D,41-43+45-47+50-57+63-83+86-87+91+93-102+115-128+133+135-156+166-176+179-190+196-199+202-204+207-222+225+227+229+236-244+248-271+279+292-296+298-306,,
marts_E00535,beta,40-57+64-76+80-82+84-97+104-117+123-129+138-142+144-156+162-164+167-181+186-195+203-213+223-237,alpha1D,41-43+45-47+50-57+63-83+86-88+91-102+105+115-128+133-134+137-156+166-176+179-188+190+196-199+202-222+224-229+236-244+248-272+278-279+293-296+298-306,,
marts_E00536,beta,37-38+40-57+64-76+80-82+84-96+104-117+123-129+138-142+144-156+162-164+167-181+186-195+205-213+223-237,alpha1D,50-57+63-83+86-88+91-105+115-128+133-156+166-176+179-190+196-199+202-222+225+227+236-244+248-272+277-279+294-296+298-306,,
marts_E00537,beta,37-38+40-57+64-76+80-82+84-97+104-117+123-129+141-142+144-156+162-164+167-181+186-195+203-213+223-237,gamma,139-147+162-170+186-203+207-222+235-248+258-272+274-275+281+284-291+299-303+314-324+327-337,alpha1D,44+47-48+50-57+63-83+86-87+91+93-103+105+115-128+133-135+137-156+166-176+179-189+196-199+203-205+207-222+224-229+236-243+248-271+278-279+293-296+298-306
marts_E00538,alpha4A,73-78+80+85+100-118+120-121+139-143+145-149+151-159+168-191+204-214+216-219+221-230+236-240+242+244-263+324-346+352-359,,,,
marts_E00539,alpha3A,73-85+96-118+120-121+139-157+159-160+167-178+181-190+207-214+216-219+221-231+236-261+263+324-341+343-346+354-359,,,,
marts_E00540,alpha3A,73-85+96-118+139-159+161+167-178+181-191+204-214+216-219+221-231+236-263+324-346+352+354-359,,,,
marts_E00541,beta,37-57+64-76+80-82+84-97+104-117+123-129+138-141+144-156+162-164+167-181+186-195+203-213+223-237,alpha1D,39-42+45-46+48+50-57+63-83+87-88+91-103+115-128+133-156+166-176+179-190+196-199+202-205+207-222+224-229+236-244+248-272+278-279+293-296+298-306,,
marts_E00542,beta,37-57+64-76+80-82+84-97+104-117+123-129+138-141+144-156+162-164+167-181+186-195+203-213+223-237,alpha1D,41-43+45-46+48+50-57+63-83+87+91+93-102+105+115-128+133-156+166-176+179-188+196-199+203-222+224-229+236-244+248-270+278-279+293-296+298-306,,
marts_E00543,beta,40-57+65-76+80-82+84-97+104-117+123-129+138-141+144-156+162-164+167-181+186-195+203-213+223-237,alpha1D,41-43+45-46+48+50-57+63-83+87-88+91-102+104-105+115-128+133-156+166-176+179-188+196-199+202-222+224-229+236-244+248-269+271+279+292-296+298-306,,
marts_E00544,alpha3B,73-85+93-121+141-161+167-191+204-214+216-219+221-231+236-263+324-344+352-359,,,,
marts_E00545,beta,37-57+64-76+80-82+84-97+104-117+123-129+138-142+144-156+162-164+167-180+186-195+203-213+223-237,alpha1D,46-48+50-57+63-83+86-88+91-102+105+115-128+133-134+136-156+166-176+179-189+196-199+202-203+205-222+224-229+236-243+248-271+279+292-296+298-306,,
marts_E00546,beta,37-38+40-57+64-76+80-82+84-97+104-117+123-129+138-142+144-156+162-164+167-180+186-195+203-213+223-237,alpha1D,44+47-48+50-57+63-83+86-87+91+93-102+105+115-128+133-134+137-156+166-176+179-189+196-199+203-222+224-229+236-243+248-271+278-279+293-296+298-306,,
marts_E00548,alpha3B,73-85+93-121+139-161+167-191+204-214+216-219+221-231+236-263+324-344+352-359,,,,
marts_E00549,alpha3B,73-85+97-121+139-161+167-191+204-214+216-219+221-231+236-263+324-345+352-359,,,,
marts_E00550,alpha3A,73-85+96-121+139-159+161+167-191+204-214+216-219+221-231+236-263+324-344+346+353-359,,,,
marts_E00551,gamma,139-148+151+158-159+161-171+186-202+206-221+235-248+258-273+283-286+288-291+293-295+314-324+327-337,delta1,81-86+385-398+405-406+408-421+454-467+487-492+531-544+558-570+585-595+599+610-621+649-662+667-679+707-720,,
marts_E00553,beta,37-57+64-76+80-82+84-96+104-117+123-129+138-141+144-156+162-164+167-177+186-195+203-213+223-237,alpha1D,41-43+45-47+50-57+63-83+87-88+91-103+105+115-128+133-156+166-176+179-188+190+196-199+202-204+207-222+224-228+236-244+248-274+276+291-296+298-306,,
marts_E00554,alpha4A,73-80+83-85+100-121+139-144+146-149+151-159+168-189+204-214+216-219+221-230+243-263+324-345+354-359,,,,
marts_E00555,beta,37-57+64-76+80-82+84-97+104-117+123-129+140-142+144-156+162-164+167-181+186-195+203-213+223-237,alpha1D,41-43+45-47+50-57+63-83+86-87+91+93-102+105+115-128+133-134+136-156+166-176+179-189+196-199+203-222+224-229+236-243+248-271+279+292-296+298-306,,
marts_E00556,beta,37-57+64-76+80-82+84-97+104-117+123-129+141-142+144-156+162-164+167-181+186-195+203-213+223-237,alpha1D,44+47-48+50-57+63-83+86-87+91+93-102+105+115-128+133+135-156+166-176+179-189+196-199+202-203+205-222+224-229+236-243+248-271+279+292-296+298-306,,
marts_E00557,alpha3B,73-85+93-121+141-161+167-191+204-214+216-219+221-231+236-263+324-344+346+352-359,,,,
marts_E00558,alpha3B,73-85+93-121+141-161+167-191+204-214+216-219+221-231+236-263+324-344+346+352-359,,,,
marts_E00559,beta,37-57+64-76+80-82+84-97+104-117+123-129+138-142+144-156+162-164+167-181+187-195+203-213+223-237,alpha1D,41-43+45-47+50-57+63-83+86-87+91+93-102+105+115-128+133-156+166-176+179-188+196-199+202-222+224-229+236-244+248-270+278-279+293-296+298-306,,
marts_E00560,epsilon,104-115+123-134+151-164+172-183+191-200+213-217+226-228+231-246+254-263+268-270+273-277+291-306+309-330+337-350+356-367+369-371+376-378+510-513,delta2,73-86+385-399+401-403+405-406+408-421+454-468+470+480-492+531-547+553-570+585-599+610-621+633-638+649-662+667-680+707-722+727,,
marts_E00561,delta2,73-86+385-399+405-421+454-468+470+480-492+531-547+553-570+585-599+610-621+633-638+649-662+667-680+707-722+727,epsilon,104-115+123-134+151-164+172-183+191-200+213-217+226-228+231-246+254-263+268-270+273-277+291-306+309-330+340-350+356-367+369-371+376,,
marts_E00562,beta,40-57+64-76+80-82+84-97+104-117+123-129+138-139+142+144-156+162-164+167-181+186-195+203-213+223-237,alpha1D,44+47-48+50-57+63-83+86-87+91+93-102+105+115-128+133+135-156+166-176+179-189+196-199+202-203+205-222+224-229+236-243+248-271+279+292-296+298-306,,
marts_E00563,alpha3A,73-85+96-121+139-161+167-178+181-191+204-214+216-219+221-231+236-263+324-344+346+353-359,,,,
marts_E00564,alpha3B,73-85+93-121+141-161+167-191+204-214+216-219+221-231+236-263+324-344+352-359,,,,
marts_E00566,gamma,139-147+149-151+157-159+162-171+186-203+206-222+233-248+258-272+274-275+281+283-290+294-295+300-303+314-323+327-337,alpha1C,45+47-48+50-57+63-83+86-89+91-105+115-128+133-156+166-176+179-190+197-199+202-222+224-229+236-237+239-241+243+248-279+285-286+288-296+298-306,delta1,76-86+385-399+402-403+405-406+409-421+454-467+487-492+531-543+546-547+554-555+557-570+585-599+610-621+633-634+638+651-662+667-679+707-719
marts_E00569,alpha4B,73-76+78-84+95-97+99-113+115-121+149-150+153-159+161+167-170+175-186+204-214+216-219+221-228+231+236-257+261-263+324-346+354-359,,,,
marts_E00570,alpha3A,73-83+85+96+98-121+139-159+161+169-189+204-214+216-219+221-231+236-263+324-345+352-359,,,,
marts_E00571,alpha3A,73-83+85+96+98-121+139-159+168-190+204-214+216-219+221-231+236-263+324-345+352-359,,,,
marts_E00572,beta,40-57+64-76+80-82+84-97+104-117+123-129+138-142+144-156+162-164+167-180+186-195+203-213+223-237,alpha1D,41-43+45-46+48+50-57+63-83+86-88+91-102+105+115-128+133+135-156+166-176+179-190+196-199+202-204+207-222+224-229+236-244+248-271+279+292-296+298-306,,
marts_E00573,beta,40-57+64-76+80-82+84-97+104-117+123-129+144-156+162-164+167-181+186-195+203-213+223-237,gamma,139-147+162-170+186-203+207-222+234-247+258-271+274-275+281+284-286+288-290+293-295+300-303+314-324+327-337,alpha1D,41+43-48+50-57+63-82+86+92-105+115-128+135-153+179-190+198-199+202-222+224-228+236-237+240-241+251-253+258-271+291-296+298-306
marts_E00574,alpha3A,73-85+96-117+139-159+167-178+181-191+204-214+216-219+221-231+236-263+324-327+329-344+346+353-359,,,,
marts_E00575,alpha3B,73-85+96-121+139-159+168-191+204-214+216-219+221-230+236-263+324-346+353-359,alpha1B,41-46+48+53-57+65-83+86-87+91-92+94-105+115-128+133-149+153-154+156+166-176+179-190+196-199+202-222+224-229+236-244+248-276+288-296+298-306,,
marts_E00576,alpha3B,73-85+96-121+139-159+161+168-191+204-214+216-219+221-230+236-263+324+326-346+352-359,alpha1B,44-46+48+53-57+63-83+88-89+92-105+115-128+133-144+146+166-176+179-190+196-199+202-222+224-229+236-244+248-276+288-296+298-306,,
marts_E00578,alpha1A,73-85+96-119+139-146+148-149+151-161+167-188+190-191+204-213+216+218-219+221-230+236-241+243+245-263+325-327+329-346+352-359,,,,
marts_E00579,beta,42-57+64-76+80-82+84-97+107-117+124-129+138-142+144-156+162-164+167-181+186-195+203-213+223-237,alpha1D,50-57+63-83+87+91-105+115-128+133-156+166-176+179-190+196-199+202-222+224-229+236-244+248-272+278-279+293-296+298-306,,
marts_E00580,beta,40-57+64-76+80-82+84-97+104-117+123-129+144-156+162-164+167-180+186-195+203-213+223-237,gamma,139-147+162-170+186-203+207-222+234-248+258-272+274-275+281-282+284-286+288-290+293-295+300-303+314-324+327-337,alpha1D,44+46-48+50-57+63-83+86-87+91-102+115-128+133-134+136-156+166-176+179-189+196-199+202-203+205+207-222+224-229+236-243+248-272+278-279+293-296+298-306
marts_E00581,beta,39-57+64-76+80-82+84-97+104-117+123-129+144-156+162-164+167-180+186-195+203-213+223-237,gamma,139-147+162-170+186-203+207-222+234-248+258-272+275+281+284-286+288-290+293-295+300-303+314-324+327-337,alpha1D,44+46-48+50-57+63-83+86-88+91-102+115-128+133-156+166-176+179-189+196-199+202-203+205+207-222+224-229+236-243+248-272+278-279+293-296+298-306
marts_E00582,beta,40-57+64-76+80-82+84-97+104-117+123-129+144-156+162-164+167-180+186-195+203-213+223-237,gamma,139-147+162-170+186-203+207-222+234-248+258-272+274-275+284-286+288-290+293-295+300-303+314-324+327-337,alpha1D,44+47-48+50-57+63-83+86+91-102+115-128+133-134+136-156+166-176+179-189+196-199+202-203+205+207-222+224-229+236-243+248-272+278-279+293-296+298-306
marts_E00583,beta,39+41-57+64-76+80-82+84-97+104-117+123-129+144-156+162-164+167-180+186-195+203-213+223-237,gamma,139-147+162-170+186-203+207-222+234-248+258-272+274-275+281+284-286+288-290+293-295+300-303+314-324+327-337,alpha1D,44+46-48+50-57+63-83+86-88+91-103+115-128+133-156+166-176+179-189+196-199+202-203+205+207-222+224-229+236-243+248-272+278-279+293-296+298-306
marts_E00584,beta,40-57+64-76+80-82+84-97+104-117+123-129+144-155+162-164+167-180+186-195+203-213+223-237,gamma,139-147+162-170+186-203+207-222+234-248+258-272+274-275+281-282+284-286+288-290+293-295+300-303+314-324+327-337,alpha1D,44+47-48+50-57+63-83+86-87+91-102+115-128+133-134+137-156+166-176+179-189+196-199+203-222+224-229+236-243+248-271+273+279+292-296+298-306
marts_E00585,beta,43-57+64-76+80-82+84-97+104-117+123-129+144-156+162-164+167-180+186-195+203-213+223-237,gamma,139-147+162-170+186-203+207-222+234-248+258-272+274-275+281+284-290+293-295+300-303+314-324+327-337,alpha1D,44+46-48+50-57+63-83+86-87+91-102+115-128+133-134+136-156+166-176+179-189+196-199+202-203+205+207-222+224-229+236-243+248-272+278-279+293-296+298-306
marts_E00586,beta,40-57+64-76+80-82+84-97+104-117+123-129+144-156+162-164+167-180+186-195+203-213+223-237,gamma,139-147+162-170+186-203+207-222+234-248+258-272+274-275+281-282+284-286+288-290+293-295+300-303+314-324+327-337,alpha1D,44+47-48+50-57+63-83+86-87+91-102+115-128+133-134+136-156+166-176+179-189+196-199+203-205+207-222+224-229+236-243+248-271+273+279+292-296+298-306
marts_E00590,alpha3B,73-85+96-121+139-159+161+168-191+204-214+216-219+221-230+242-263+324-346+353-359,alpha1B,41-43+45-46+48+53-57+63-83+86-87+91+93-105+115-128+133-144+166-176+179-190+196-199+202-222+224-229+236-244+248-276+288-296+298-306,,
marts_E00591,alpha1G,39-48+50-57+64-83+86-87+91-105+115-128+133-156+166-176+179-189+196-199+202-222+224-229+236-243+248-276+279+289-296+298-306,,,,
marts_E00592,alpha1G,39-48+50-57+63-83+88+91-105+115-128+133-156+166-176+179-189+196-199+202-222+224-229+236-244+248-275+277+288-296+298-306,,,,
marts_E00593,alpha1G,39-48+50-57+63-83+86-87+91-105+115-128+133-156+166-176+179-187+196-199+202-222+224-229+236-244+248-272+286-296+298-306,,,,
marts_E00594,alpha1G,41-48+50-57+63-83+87-88+91-105+115-128+133-156+166-176+179-190+196-199+202-222+224-229+236-244+248-272+284-296+298-306,,,,
marts_E00595,alpha1G,46+48+50-57+63-83+87-88+91-105+115-128+133-156+166-176+179-190+196-199+202-222+224-229+236-244+248-272+284-296+298-306,,,,
marts_E00596,alpha1G,39-48+50-57+63-83+87-88+91-105+115-128+133-156+166-176+179-187+196-199+202-222+224-229+236-244+248-272+284-296+298-306,,,,
marts_E00597,alpha1G,41-48+50-57+63-83+86+91-105+115-128+133-156+166-176+179-190+196-199+202-222+224-229+236-244+248-272+286-296+298-306,,,,
marts_E00598,beta,37-57+64-76+80-82+84-97+104-117+123-129+138-142+144-156+162-164+167-181+186-195+203-213+223-237,alpha1D,50-57+63-83+87+91-103+105+115-128+133-156+166-176+179-190+196-199+202-222+224-229+236-244+248-270+278-279+293-296+298-306,,
marts_E00599,beta,40-57+64-76+80-82+84-97+104-117+123-129+138-141+144-156+162-164+167-181+186-195+203-213+223-237,alpha1D,41-43+45-47+50-57+63-83+86-88+91-102+105+115-128+133-156+166-176+179-188+196-199+202-204+207-222+224-227+236-244+248-270+278-279+293-296+298-306,,
marts_E00600,beta,40-57+64-76+80-82+84-96+104-117+123-129+138-141+144-156+162-164+167-181+186-195+203-213+223-237,alpha1D,41-43+45-46+48+50-57+63-83+86-88+91-102+105+115-128+133-156+166-176+179-188+196-199+202-204+207-222+224-229+236-244+248-270+278-279+293-296+298-306,,
marts_E00601,beta,40-57+64-76+80-82+84-96+104-117+123-129+138-142+144-156+162-164+167-181+186-195+203-213+223-237,alpha1D,41-43+45-46+48+50-57+63-83+87+91+93-102+105+115-128+133-156+166-176+179-188+196-199+202-222+224-229+236-244+248-270+278-279+293-296+298-306,,
marts_E00602,beta,40-57+64-76+80-82+84-97+104-117+123-129+138-142+144-156+162-164+167-181+186-195+203-213+223-237,alpha1D,50-57+63-83+87-88+91-102+105+115-128+133-156+166-176+181+183-188+196-199+202-222+224-229+236-244+248-270+278-279+293-296+298-306,,
marts_E00603,beta,39-57+64-76+80-82+84-97+104-117+123-127+138-139+144-156+162-164+167-181+186-195+203-213+223-237,alpha1D,41-43+45-47+50-57+63-83+86-87+91+93-102+115-128+133+135-156+166-176+179-188+190+198-199+206-222+236-244+248-271+273-275+291-296+298-306,,
marts_E00604,beta,37-57+64-76+80-82+84-97+104-117+123-129+138-142+144-156+162-164+167-181+186-195+203-213+223-237,alpha1D,44+47-48+50-57+63-83+86-88+91-103+115-128+133+135-156+166-176+179-189+196-198+202-204+206-222+224-229+236-244+248-271+291-296+298-306,,
marts_E00605,alpha3B,73-85+96-121+139-160+168-191+204-214+216-219+221-230+242-263+324-346+352-359,alpha1B,53-57+63-83+87+91-92+94-105+115-128+133-152+166-176+179-190+196-199+202-222+224-229+236-244+248-276+288-296+298-306,,
marts_E00608,beta,37-57+64-76+80-82+84-96+104-117+123-129+144-156+162-164+167-181+186-195+203-213+223-237,alpha1D,46-48+50-57+63-83+86-87+91-105+115-128+133-156+166-176+179-189+196-199+202-205+207-222+224-229+236-244+248-272+278-279+293-296+298-306,,
marts_E00609,beta,40-57+65-76+80-82+84-97+104-117+123-129+138-142+144-156+162-164+167-181+186-195+203-213+223-237,alpha1D,41-43+45-47+50-57+63-83+86-87+91+93-102+105+115-128+133-156+166-176+179-188+196-199+202-222+224-229+236-244+248-271+279+292-296+298-306,,
marts_E00610,epsilon,103-115+123-134+151-164+172-183+191-200+213-217+226-228+231-246+254-263+268-270+273-277+291-306+309-330+337-350+356-367+369-371+376-378+510-513,delta2,73-86+385-399+401-403+406-421+454-470+480-492+531-547+553-570+585-599+610-621+633-638+649-662+667-680+707-720,,
marts_E00611,beta,37-57+64-76+80-82+84-97+104-117+123-129+138-142+144-156+162-164+167-181+186-195+203-213+223-237,alpha1D,41-43+45-47+50-57+63-83+86-87+91+93-102+105+115-128+133-156+166-176+179-187+196-199+202-205+207-222+224-229+236-244+248-271+278-279+293-296+298-306,,
marts_E00612,beta,37-57+64-76+80-82+84-97+104-117+123-129+138-142+144-156+162-164+167-181+186-195+203-213+223-237,alpha1D,41-43+45-47+50-57+63-83+86-87+91+93-102+105+115-128+133-156+166-176+179-187+196-199+202-222+224-229+236-244+248-271+278-279+293-296+298-306,,
marts_E00613,alpha3B,73-85+96-121+139-158+160+169-191+204-214+216-219+221-230+242-263+324-346+352-359,alpha1B,53-57+66-83+87+91-103+115-128+133-151+166-176+179-190+196-199+202-222+224-229+236-244+248-276+279+288+290-296+298-306,,
marts_E00614,alpha1G,39-48+50-57+64-83+92-105+115-128+133-156+166-176+179-190+196-199+202-222+224-229+236-244+248-279+284-296+298-306,,,,
marts_E00615,beta,40-57+64-76+80-82+84-97+104-117+123-129+138-142+144-156+162-164+167-181+186-195+203-213+223-237,alpha1D,50-57+63-83+87-88+91-102+105+115-128+133-156+166-176+181+183-188+196-199+202-222+224-229+236-244+248-270+278-279+293-296+298-306,,
marts_E00616,beta,40-57+64-76+80-82+84-96+104-117+123-129+138-142+144-156+162-164+167-181+186-195+203-213+223-237,alpha1D,41-43+45-46+48+50-57+63-83+87+91+93-102+105+115-128+133-156+166-176+179-188+196-199+202-222+224-229+236-244+248-270+278-279+293-296+298-306,,
marts_E00617,beta,47-57+64-76+80-82+84-97+104-117+123-129+144-156+162-164+167-181+186-195+203-213+223-237,gamma,139-147+162-170+186-203+207-222+234-248+258-272+274-275+281-282+284-286+288-290+293-295+300-303+314-324+327-337,alpha1D,41+43-48+50-57+63-83+86-88+91-103+115-128+133+136-156+166-172+179-189+206-222+236-243+248-271+278-279+293-296+298-306
marts_E00618,alpha1G,41-48+50-57+63-83+86+91-105+115-128+133+138-156+166-176+179-190+196+198-199+202-222+224-229+236-244+248-276+278-279+290-296+298-306,,,,
marts_E00619,alpha1G,39-48+50-57+63-83+87-88+91-105+115-128+133-156+166-176+179-190+196-199+202-222+224-229+236-243+248-279+286+289-296+298-306,,,,
marts_E00620,beta,47-57+64-76+80-82+84-97+104-117+123-129+144-156+162-164+167-181+186-195+203-213+223-237,gamma,139-147+162-170+186-203+207-222+234-248+258-272+274-275+281-282+284-286+288-290+293-295+300-303+314-324+327-337,alpha1D,41+43-48+50-57+63-83+86-88+91-103+115-128+133+136-156+166-172+179-189+205-206+208-222+236-243+248-271+278-279+293-296+298-306
marts_E00621,beta,40-57+64-76+80-82+84-97+104-117+123-129+144-156+162-164+167-181+186-195+203-213+223-237,alpha1D,41-43+45-47+50-57+63-83+86-87+91+93-102+105+115-128+133-134+137-156+166-176+179-190+196-199+202-204+207-222+224-229+236-244+248-273+279+294-296+298-306,,
marts_E00622,beta,37-57+64-76+80-82+84-97+104-117+123-129+142+144-156+162-164+167-181+186-195+203-213+223-237,alpha1D,41-43+45-48+51-57+63-83+87+91+93-102+105+115-128+133-156+166-176+179-188+196-199+202-222+224-229+236-244+248-270+278-279+293-296+298-306,,
marts_E00623,beta,37-57+64-76+80-82+84-97+104-117+123-127+144-156+162-164+167-181+186-195+203-213+223-237,alpha1D,41-43+45-48+51-57+63-83+87+91+93-102+105+115-128+133-156+166-176+179-188+196-199+202-222+224-229+236-244+248-270+278-279+293-296+298-306,,
marts_E00624,beta,40-57+65-76+80-82+84-97+104-117+123-129+138-142+144-156+162-164+167-181+186-195+203-213+223-237,alpha1D,50-57+63-83+86-87+91+93-105+115-128+133-156+166-176+179-187+196-199+202-204+206-222+224+236-244+248-270+278-279+293-296+298-306,,
marts_E00625,beta,37-57+64-76+80-82+84-97+104-117+123-129+138-142+144-156+162-164+167-180+186-195+203-213+223-237,alpha1D,41-43+45-47+50-57+63-83+86-88+91-102+105+115-128+133+135-156+166-176+179-190+196-199+202-205+207-222+224-229+236-244+248-272+278-279+293-296+298-306,,
marts_E00626,alpha3B,73-85+96-121+139-158+160+169-191+204-214+216-219+221-230+242-263+324-346+353-359,,,,
marts_E00627,beta,37-57+64-76+80-82+84-95+97+104-117+123-127+144-156+162-164+167-181+186-195+203-213+223-237,alpha1D,46-48+50-57+63-83+86-88+91-102+104-105+115-128+133-156+166-176+179-188+196-199+202-203+205+207-222+224-229+236-244+248-271+278-279+293-296+298-306,,
marts_E00628,alpha1G,39-48+50-57+63-83+86+91-105+115-128+133-156+166-176+179-187+196-199+202-222+224-229+236-244+248-272+284-296+298-306,,,,
marts_E00629,beta,37-57+65-76+80-82+84-97+104-117+123-129+138-142+144-155+162-164+167-181+186-195+203-213+223-237,alpha1D,41-43+45-47+50-57+63-83+86-87+91+93-102+105+115-128+133-156+166-176+179-188+196-199+202-222+224-229+236-244+248-270+278-279+293-296+298-306,,
marts_E00630,beta,41-57+64-76+80-82+84-97+104-117+123-129+138-140+142+144-156+162-164+167-181+186-195+203-213+223-237,alpha1D,46-48+50-57+63-83+86-88+91-102+104-105+115-128+133+135-156+166-176+179-189+197+202+206-222+224-229+236-244+248-272+278-279+293-296+298-306,,
marts_E00631,beta,37-57+64-76+80-82+84-97+104-117+123-129+138-141+144-156+162-164+167-180+186-195+203-213+223-237,alpha1D,46-48+50-57+63-83+86-88+91-102+105+115-128+133-156+166-174+179-187+196-199+202-222+236-244+248-270+278-279+293-296+298-306,,
marts_E00632,beta,43-57+64-76+80-82+84-97+104-117+124-129+138-141+144-156+162-164+167-179+186-195+203-213+223-237,alpha1D,41-43+45-46+48+50-57+63-83+86-88+91-102+104-105+115-128+133+135-156+166-176+179-190+196-199+202-222+226+236-244+248-273+292-296+298-306,,
marts_E00633,beta,37-57+64-76+80-82+84-97+107-117+123-129+138-142+144-156+162-164+167-181+186-195+203-213+223-237,alpha1D,41-43+45-46+48+50-57+63-83+87-88+91-102+104-105+115-128+133-156+166-176+179-187+196-199+202-205+207-222+224-229+236-244+248-272+278-279+293-296+298-306,,
marts_E00634,beta,38-57+64-76+80-82+84-97+107-117+123-129+144-156+162-164+167-179+186-195+203-213+223-237,alpha1D,41-43+45-47+50-57+63-83+87-88+91-102+105+115-128+133-156+166-176+179-187+196-199+202-204+207-222+224-229+236-244+248-272+278-279+293-296+298-306,,
marts_E00635,beta,37-57+64-76+80-82+84-97+104-117+123-129+138-142+144-156+162-164+167-181+186-195+203-213+223-237,alpha1D,50-57+63-83+86+89+92-103+105+115-128+133-156+166-176+179-190+196-199+202-222+224-229+236-244+248-270+278-279+293-296+298-306,,
marts_E00636,beta,38-57+64-76+80-82+84-97+107-117+123-129+138-142+144-156+162-164+167-180+186-195+203-213+223-237,alpha1D,50-57+63-83+87-88+91-102+105+115-128+133-156+166-176+179-187+196-199+202-204+207-222+224-229+236-244+248-272+278-279+293-296+298-306,,
marts_E00637,beta,37-38+40-57+64-76+80-82+84-97+104-117+123-129+138-142+144-156+162-164+167-177+195+204-213+223-237,alpha1D,41-43+45-47+50-57+63-83+86-87+91+93-102+105+115-128+133+135-156+166-176+179-190+196-199+202-222+224-229+236-244+248-270+291-296+298-306,,
marts_E00638,alpha1G,45-48+50-57+63-83+86+94-105+115-128+133-156+166-176+179-190+196-199+202-222+224-227+236-244+248-276+279+289-296+298-306,,,,
marts_E00639,beta,44-57+64-76+80-82+84-97+104-117+123-127+129+138-140+144-156+162-164+167-181+186-194+203-213+223-237,gamma,139-147+162-171+186-203+207-222+234-248+258-270+274-275+286-291+294-295+300-304+314-323+327-337,alpha1D,42-44+46-48+50-57+63-83+86-88+91-101+104-105+115-128+133-134+137-156+166-176+179-189+196-199+202-222+224+226-229+236-243+248-271+291-296+298-306
marts_E00640,beta,44-57+64-76+80-82+84-97+104-117+123-127+129+138-139+144-155+162-164+167-181+186-194+203-213+223-237,alpha1D,42-44+46-48+50-57+63-83+86-87+91-101+103-105+115-128+133-134+136-156+166-176+179-190+196-199+202-222+224-229+236-242+244+248-271+291-296+298-306,gamma,139-147+162-170+186-203+207-222+234-248+258-263+288-291+294-295+300-304+314-324+327-336
marts_E00641,beta,45-57+64-76+80-82+84-97+104-117+123-126+138-142+144-156+162-164+167-181+186-195+204-213+223-237,alpha1D,42-43+45-48+50-57+63-83+87-88+91-101+103-105+115-128+133-134+136-156+166-176+179-189+196-199+202-222+236-242+244+248-271+291-296+298-306,gamma,139-147+162-170+186-203+207-222+234-248+288-290+293-295+300-304+314-323+327-337
marts_E00643,beta,40-57+64-76+80-82+84-97+104-117+123-129+138-142+144-156+162-164+167-181+186-195+203-213+223-237,alpha1D,50-57+63-83+86-88+91+93-102+105+115-128+133-156+166-176+179-189+197-199+203-222+224-229+236-243+248-272+279+292-296+298-306,,
marts_E00644,beta,37-57+64-76+80-82+84-97+104-117+123-129+138-142+144-156+162-164+167-181+186-195+203-213+223-237,alpha1D,50-57+63-83+87+91-103+105+115-128+133-156+166-176+179-190+196-199+202-222+224-229+236-244+248-270+278-279+293-296+298-306,,
marts_E00645,alpha1I,41-48+50-57+63-83+86-87+89+94-105+115-128+134-156+168-176+179-186+197-199+203-205+207-222+224-229+236-244+248-270+275-279+298-306,,,,
marts_E00646,alpha3B,73-85+96-121+139-158+160-161+168-191+204-214+216-219+221-230+242-263+324-346+359,,,,
marts_E00647,beta,40-57+64-76+80-82+84-97+104-117+123-129+138-142+144-156+162-164+167-181+186-195+203-205+223-237,alpha1D,50-57+63-83+86-88+91-103+115-128+133+135-156+166-176+179-189+196-199+202-222+224+236-243+248-271+278-279+293-296+298-306,,
marts_E00648,alpha1E,39-48+50-57+63-83+87-88+91-105+115-128+133-156+166-176+179-190+196-199+202-222+224-228+236-243+248-276+288-296+298-306,,,,
marts_E00649,alpha1E,39-48+51-57+63-83+87-88+91-105+115-128+133-154+166-176+179-190+202-222+224-228+236-243+248-276+288-296+298-306,,,,
marts_E00650,alpha1E,39-48+50-57+63-83+87-88+91-105+115-128+133-156+166-175+179-190+196-199+202-222+224-228+236-243+248-276+288-296+298-306,,,,
marts_E00651,beta,41-57+64-76+80-82+84-97+104-117+123-129+138-142+144-156+162-164+167-181+186-195+203-213+223-237,alpha1D,41-43+45-46+48+50-57+63-83+86-88+91-102+105+115-128+133-156+166-176+179-188+196-199+202-204+207-222+224-229+236-244+248-270+278-279+293-296+298-306,,
marts_E00653,beta,40-57+64-76+80-82+84-97+104-117+123-129+144-156+162-164+167-180+186-195+203-213+223-237,gamma,139-147+162-170+186-203+207-222+234-248+258-272+274-275+281-282+284-286+288-290+293-295+300-303+314-324+327-337,alpha1D,44+47-48+50-57+63-83+86+91-102+115-128+133-134+137-156+166-176+179-189+196-199+206-222+224-229+236-243+248-271+278-279+293-296+298-306
marts_E00654,beta,40-57+64-76+80-82+84-97+104-117+123-129+144-155+162-164+167-180+186-195+203-213+223-237,gamma,139-147+162-170+186-203+207-222+234-248+258-272+274-275+281+284-286+288-290+293-295+300-303+314-324+327-337,alpha1D,44+46-48+50-57+63-83+86-87+91-102+115-128+133-134+136-156+166-176+179-189+196-199+202-203+205+207-222+224-229+236-243+248-272+278-279+293-296+298-306
marts_E00655,beta,40-57+64-76+80-82+84-97+104-117+123-129+144-155+162-164+167-181+186-195+203-213+223-237,gamma,139-147+162-170+186-203+207-222+234-248+258-272+274-275+281+284-286+288-290+293-295+300-303+314-324+327-337,alpha1D,46-48+50-57+63-83+87-88+91-103+115-128+133-156+166-176+179-188+196-199+203-204+207-222+224-229+236-243+248-271+273+278-279+293-296+298-306
marts_E00656,beta,37-57+64-76+80-82+84-97+104-117+123-126+138-142+144-156+168-179+186-195+203-213+223-237,alpha1D,41-43+45-46+48+50-57+63-83+86-88+91-103+115-127+133-156+166-176+179-190+196-199+202-204+207-222+224-229+236-244+248-272+276+291-296+298-306,,
marts_E00657,beta,44-57+64-76+80-82+84-97+104-117+123-129+138+144-155+162-164+167-180+186-195+203-213+223-237,gamma,139-147+162-170+186-203+207-222+234-248+258-275+281-290+294-295+300-303+314-324+327-337,alpha1D,46-48+50-57+63-83+89+92-103+115-128+133-134+137-156+166-176+179-188+190+196-199+202-222+224-229+236-244+248-271+273-275+291-296+298-306
marts_E00658,beta,39-57+64-76+80-82+84-97+104-117+123-129+144-156+162-164+167-181+186-195+203-213+223-237,gamma,139-147+162-170+186-203+207-222+234-248+258-272+275+281-286+288-291+293-295+300-303+314-324+327-337,alpha1D,39-41+44-48+50-57+63-83+86+91-105+115-126+133-152+173-176+179-190+197-199+202-222+224-229+242+258-271+291-296+298-306
marts_E00659,alpha4B,78-80+82-84+93-114+119-121+141+143-154+156-159+161+167-170+172-182+184-186+189+208-214+216-219+221-231+236-263+324-346+354-359,,,,
marts_E00660,epsilon,103-115+123-134+151-164+172-183+191-200+213-217+226-228+231-246+254-263+268-270+273-277+291-306+309-330+337-350+356-367+369-371+376-378+510-513,delta2,73-86+385-398+405-406+408-421+454-468+470+480-492+531-547+553-570+585-599+610-621+633-638+649-662+667-680+707-720,,
marts_E00661,beta,37-38+40-57+64-76+80-82+84-96+104-117+123-126+138-142+144-156+168-179+186-195+203-213+223-237,alpha1D,41-43+45-47+50-57+63-83+86-88+91-103+115-127+133-156+166-176+179-190+196-199+202-222+224-229+236-244+248-271+279+292-296+298-306,,
marts_E00662,alpha3B,73-85+96-121+139-158+160-161+168-191+204-214+216-219+221-230+242-263+324-346+352-359,,,,
marts_E00663,beta,43-57+64-76+80-82+84-97+104-117+123-129+144-155+162-164+167-177+186-195+203-213+223-237,gamma,139-147+162-171+186-203+207-222+235-248+258-272+274-275+281-286+288-290+293-295+300-303+314-324+327-337,alpha1D,41+48+50-57+63-83+87-88+91-102+105+115-128+133-156+166-176+179-187+196-199+202-222+224-229+236-243+248-271+291-296+298-306
marts_E00664,beta,39-57+64-76+80-82+84-97+104-117+123-127+129+138-142+144-155+162-164+167-180+187-195+203-213+223-237,gamma,139-147+162-170+187-203+207-222+234-248+258-275+281-291+293-295+300-303+314-323+327-337,alpha1D,44+46-48+50-57+63-83+86-88+91-103+115-128+133-156+166-176+179-188+190+196-199+202-222+224-229+236-244+248-271+279+292-296+298-306
marts_E00666,beta,37-57+64-76+80-82+84-97+104-117+123-127+129+138-142+144-155+162-164+167-180+186-195+203-213+223-237,gamma,139-147+162-170+187-203+207-222+234-248+258-275+281-291+293-295+300-303+314-323+327-337,alpha1D,44+46-48+50-57+63-83+86-88+91-103+115-128+133-156+166-176+179-188+190+196-199+202-222+224-229+236-244+248-271+279+292-296+298-306
marts_E00667,beta,45-57+64-76+80-82+84-97+104-117+123-127+138-142+144-155+162-164+167-180+186-195+203-213+223-237,alpha1D,45-48+50-57+63-83+86-88+91-102+115-128+133-134+136-156+166-176+179-189+196-199+202-222+224-229+236-244+248-271+279+292-296+298-306,gamma,139-147+162-170+187-203+207-222+234-248+258-275+281-291+293-295+300-303+314-323+327-337
marts_E00668,beta,40-57+65-76+80-82+84-97+104-117+123-129+138-142+144-156+162-164+167-181+186-195+203-213+223-237,alpha1D,41-43+45-46+48+50-57+63-83+86-87+91+93-103+105+115-128+133-156+169-176+179-188+196-199+202-204+207-222+224-229+236-244+248-270+278-279+293-296+298-306,,
marts_E00669,beta,40-57+65-76+80-82+84-97+104-117+123-129+138-142+144-156+162-164+167-181+186-195+203-213+223-237,alpha1D,50-57+63-83+87+91-105+115-128+133-156+166-176+179-189+196-199+202-222+224-229+236-244+248-272+278-279+293-296+298-306,,
marts_E00670,beta,40-57+65-76+80-82+84-97+104-117+124-129+138-142+144-156+162-164+167-181+186-195+203-213+223-237,alpha1D,41-43+45-46+48+50-57+63-83+86-87+91+93-102+105+115-128+133-156+166-176+179-188+196-199+202-203+205+207-222+224-229+236-244+248-272+291-296+298-306,,
marts_E00671,beta,37-38+40-57+65-76+80-82+84-97+104-117+123-129+138-142+144-156+162-164+167-181+186-195+203-213+223-237,alpha1D,50-57+63-83+87+91-105+115-128+133-156+166-176+179-190+196-199+202-222+224-229+236-244+248-272+278-279+293-296+298-306,,
marts_E00672,beta,40-57+65-76+80-82+84-97+104-117+123-129+138-141+144-156+162-164+167-181+186-195+203-213+223-237,alpha1D,41-43+45-46+48+50-57+63-83+87-88+91-102+104-105+115-128+133-156+166-176+179-188+196-199+202-222+224-229+236-244+248-271+279+292-296+298-306,,
marts_E00673,beta,40-57+65-76+80-82+84-96+104-117+123-129+138-142+144-156+162-164+167-181+186-195+203-213+223-237,alpha1D,41-43+45-46+48+50-57+63-83+87+91+93-102+105+115-128+133-156+166-176+181+183-188+196-199+202-222+224-229+236-244+248-270+278-279+293-296+298-306,,
marts_E00674,beta,37-57+64-76+80-82+84-97+104-117+123-129+144-156+162-164+167-181+186-195+203-213+223-237,gamma,139-147+162-170+186-203+207-222+234-248+258-272+275+281+284-286+288-290+294-295+300-303+314-324+327-336,alpha1D,39-41+44-48+50-57+63-83+87-89+115-124+128+133-134+136-152+173-176+179-190+196-199+202-222+224-225+238-240+260-271+291-296+298-306
marts_E00675,beta,37-57+64-76+80-82+84-97+104-117+123-129+144-156+162-164+167-181+186-195+203-213+223-237,gamma,139-147+162-170+186-203+207-222+234-248+258-272+275+281+284-286+288-290+294-295+300-303+314-324+327-336,alpha1D,39-41+44-48+50-57+63-83+86-88+115-124+133-152+173-176+179-190+196-199+202-222+224-225+238-240+260-271+291-296+298-306
marts_E00676,beta,64-76+80-82+84-97+104-117+123-127+138-141+144-156+162-164+167-181+186-195+203-213+223-237,alpha1D,50-57+63-83+86-88+91-103+115-128+133-134+137-156+166-176+179-189+196-199+202-222+224-226+236-242+248-271+279+292-296+298-306,,
marts_E00679,beta,37-38+40-57+65-76+80-82+84-97+104-117+123-129+138-141+144-156+162-164+167-181+186-195+203-213+223-237,alpha1D,50-57+63-83+87-88+91-102+104-105+115-128+133-156+166-176+179-188+196-199+202-222+224-229+236-244+248-270+278-279+293-296+298-306,,
marts_E00680,beta,40-57+65-76+80-82+84-97+104-117+123-129+138-142+144-156+162-164+167-181+186-195+203-213+223-237,alpha1D,41-42+45-47+50-57+63-83+87-88+91-105+115-128+133-156+166-176+179-190+196-199+202-222+224-229+236-244+248-272+278-279+293-296+298-306,,
marts_E00681,beta,40-57+65-76+80-82+84-97+104-117+123-129+138-142+144-156+162-164+167-181+186-195+203-213+223-237,alpha1D,41-43+45-46+48+50-57+63-83+86-87+91+93-102+105+115-128+133-156+166-176+179-188+196-199+202-203+205+207-222+224-229+236-244+248-272+291-296+298-306,,
marts_E00682,beta,44-57+64-76+80-82+84-97+104-117+123-127+129+138-141+144-156+162-164+167-181+186-194+203-213+223-237,alpha1D,41-48+50-57+63-83+86+91-101+103-105+115-128+133-134+136-156+166-176+179-189+196-199+202-222+224-229+236-243+248-271+291-296+298-306,gamma,139-147+162-170+186-203+207-222+234-248+258-269+288-290+294-295+300-304+314-324+327-337
marts_E00683,beta,46-57+64-76+80-82+84-97+104-117+123-129+138-139+144-156+162-163+168-177+186-195+203-213+223-237,gamma,139-147+162-170+186-203+207-222+234-248+258-270+281-291+293-295+300-303+314-324+327-337,alpha1D,46-48+50-57+63-83+86-88+91-103+115-128+133-156+166-176+179-189+196-199+202-222+224-229+236-244+248-271+291-296+298-306
marts_E00684,beta,37-38+40-57+64-76+80-82+84-97+104-117+123-127+144-156+162-164+167-178+193-195+203-213+223-237,alpha1D,41-43+45-46+48+50-57+63-83+86-88+91-102+105+115-128+135-156+166-176+179-190+196-199+202-222+224-229+236-244+248-272+276-279+296+298-306,,
marts_E00685,beta,37-57+64-76+80-82+84-97+104-117+123-129+138-141+144-156+162-164+167-181+186-195+203-213+223-237,alpha1D,41-43+45-46+48+50-57+63-83+86+91-102+105+115-128+133-156+166-176+179-188+196-199+203-222+224-229+236-244+248-270+278-279+293-296+298-306,,
marts_E00686,beta,37-57+64-76+80-82+84-97+104-117+123-129+138-141+144-156+162-164+167-181+186-195+203-213+223-237,alpha1D,41-43+45-48+51-57+63-83+87+91+93-102+105+115-128+133-156+166-176+179-188+196-199+202-203+205-222+224-229+236-244+248-270+278-279+293-296+298-306,,
marts_E00687,beta,37-57+64-76+80-82+84-97+104-117+123-129+138-141+144-156+162-164+167-181+186-195+203-213+223-237,alpha1D,41-43+45-48+51-57+63-83+87+91+93-102+105+115-128+133-156+166-176+179-188+196-199+202-203+205-222+224-229+236-244+248-270+278-279+293-296+298-306,,
marts_E00688,beta,37-57+64-76+80-82+84-97+104-117+123-129+138-141+144-156+162-164+167-181+186-195+203-213+223-237,alpha1D,41-43+45-48+51-57+63-83+87+91+93-102+105+115-128+133-156+166-176+179-188+196-199+202-203+205-222+224-229+236-244+248-270+278-279+293-296+298-306,,
marts_E00689,beta,37-38+40-57+65-76+80-82+84-97+104-117+123-129+138-141+144-156+162-164+167-181+186-195+203-213+223-237,alpha1D,41-43+45-46+48+50-57+63-83+87+91+93-102+105+115-128+133-156+166-176+179-188+196-199+202-222+224-229+236-244+248-270+278-279+293-296+298-306,,
marts_E00690,beta,40-57+64-76+80-82+84-97+104-117+123-129+138-141+144-156+162-164+167-181+188-195+203-213+223-237,alpha1D,41-43+45-46+48+50-57+63-83+86-88+91-102+104-105+115-128+133+135-156+166-176+179-190+196-199+202-204+207-222+225-229+236-244+248-271+278-279+293-296+298-306,,
marts_E00691,beta,45-57+64-76+80-82+84-97+104-117+123-129+144-156+162-164+167-181+186-195+203-213+223-237,gamma,139-147+162-170+186-203+207-222+234-248+258-272+274-275+281-282+284-286+288-290+293-295+300-303+314-324+327-337,alpha1D,73-81+96-97+99-117+120-121+142-161+167-168+171-187+214+216-219+221-227+236-239+241-260+262+330-344+346+352-359
marts_E00692,beta,44-57+64-76+80-82+84-97+104-117+123-127+138-141+144-155+162-164+167-181+186-194+203-213+223-237,gamma,139-147+162-170+186-203+207-222+234-248+258-271+288-291+294-295+300-304+314-323+327-337,alpha1D,41-48+50-57+63-83+86-88+91-102+104-105+115-128+133-134+137-156+166-176+179-189+196-199+202-222+224-227+236-243+248-271+291-296+298-306
marts_E00693,beta,54-56+64-76+80-82+84-97+104-117+123-129+144-156+162-164+167-181+186-195+203-213+223-237,gamma,139-147+162-170+186-203+207-222+234-248+258-272+274-275+281+284-286+288-290+293-295+300-303+314-324+327-337,alpha1D,41+43-48+50-57+63-83+86-88+91-102+116-128+133-151+153+156+179-189+196-199+202-222+224-227+241+258-271+291-296+298-306
marts_E00694,beta,39-57+64-76+80-82+84-97+104-117+123-129+144-156+162-164+167-181+186-195+203-213+223-237,gamma,139-147+162-170+186-203+207-222+234-248+258-272+274-275+281-282+284-286+288-290+293-295+300-303+314-324+327-337,alpha1D,41-44+46-48+50-57+63-81+91-103+115-128+136-152+156+173-176+179-190+196-199+202-222+224-229+256-271+291-296+298-306
marts_E00695,beta,45-57+64-76+80-82+84-97+104-117+123-127+129+139+144-155+162-164+167-180+186-194+203-213+223-237,gamma,139-147+162-170+186-203+207-222+234-248+258-275+284-290+294-295+300-303+314-323+327-337,alpha1D,41-48+50-57+63-83+86-87+91-101+104-105+115-128+133-134+137-156+166-176+179-190+196-199+202-222+224-229+236-244+248-271+291-296+298-306
marts_E00696,beta,37-57+64-76+80-82+84-97+104-117+123-129+144-156+162-164+167-181+186-195+203-213+223-237,gamma,139-147+162-170+186-203+207-222+234-248+258-271+274-275+281+284-286+288-290+294-295+300-303+314-324+327-337,alpha1D,41-45+47-48+50-57+63-83+86+91-103+115-128+136-152+175-176+179-190+196-199+202-222+224-228+236-243+267-271+291-296+298-306
marts_E00697,alpha1G,39-48+50-57+64-83+86-89+91-105+115-128+133-156+166-176+179-190+196-199+203-222+224-229+236-244+248-279+284-296+298-306,,,,
marts_E00698,beta,40-57+64-76+80-82+84-97+104-117+123-127+144-156+162-164+167-181+186-195+203-213+223-237,alpha1D,41-43+45-47+50-57+63-83+86-87+91+93-102+105+115-128+133-134+136-156+166-176+179-190+196-199+202-205+207-222+224-229+236-244+248-274+279+292-296+298-306,,
marts_E00699,beta,40-57+64-76+80-82+84-97+104-117+123-129+138-142+144-156+162-164+167-181+186-195+203-213+223-237,alpha1D,41-43+45-46+48+50-57+63-83+86-88+91-102+104-105+115-128+133+135-156+166-176+179-190+196-199+202-222+224-229+236-244+248-272+279+292-296+298-306,,
marts_E00700,beta,40-57+64-76+80-82+84-97+104-117+123-129+138-141+144-156+163-164+167-181+186-195+203-213+223-237,alpha1D,44+47-48+50-57+63-83+86-88+91-102+104-105+115-128+133+135-156+166-176+179-190+196-199+202-222+224-229+236-244+248-272+278-279+293-296+298-306,,
marts_E00701,beta,50-57+64-76+80-82+84-97+104-117+123-129+144-156+162-164+167-177+186-195+203-213+223-237,gamma,139-147+162-170+186-203+207-222+234-248+258-275+281-282+284-293+299-303+314-324+327-337,alpha1D,41-43+45-48+50-57+63-83+86-88+91-103+105+115-128+135-156+166-176+179-187+196-199+202-222+224-229+236-243+248-271+278-279+293-296+298-306
marts_E00702,beta,39-57+64-76+80-82+84-96+104-117+123-129+138-142+144-156+162-164+167-177+181+186-195+203-213+223-237,alpha1D,41-43+45-47+50-57+63-83+86-88+91-102+104-105+115-128+133+135-156+166-176+179-189+196-199+203-222+224-229+236-244+248-270+276-278+292-296+298-306,,
marts_E00703,beta,39-57+64-76+80-82+84-95+104-117+123-129+138-142+144-156+162-164+167-177+181+186-195+203-213+223-237,alpha1D,41-43+45-48+51-57+63-83+86-88+91-105+115-128+133-156+166-176+179-189+196-199+202-222+224-229+236-244+248-271+276-279+293-296+298-306,,
marts_E00704,beta,37-57+64-76+80-82+84-97+104-117+123-129+138-141+144-156+162-164+167-181+186-195+203-213+223-237,alpha1D,41-43+45-47+50-57+63-83+86-88+91-102+104-105+115-128+133+135-156+166-176+179-190+205-222+224-229+236-244+248-272+277-279+294-296+298-306,,
marts_E00705,alpha4A,75-80+83-85+100-118+120-121+139-148+150-159+167-168+170-187+204-214+216-219+221-229+231+236-240+243-263+324-346+354-359,,,,
marts_E00706,alpha4A,73-80+83-85+100-118+120-121+140-150+152-159+167-169+171-188+204-214+216-219+221-230+236-263+324-344+346+354-359,,,,
marts_E00707,alpha4A,73-80+83-85+100-118+120-121+139-144+146-150+152-159+168-188+204-214+216-219+221-230+237-263+324-344+346+354-359,,,,
marts_E00709,alpha3B,73-85+96-121+139-158+160+170-191+204-214+216-219+221-230+243-263+324-346+353-359,,,,
marts_E00710,alpha3B,73-85+96-121+139-160+168-191+204-214+216-219+221-230+236+238+242-263+324-346+353-359,,,,
marts_E00711,alpha3B,73-85+96-121+139-160+168-191+204-214+216-219+221-230+239-263+324-346+353-359,,,,
marts_E00712,epsilon,104-115+123-134+151-164+172-183+191-200+213-217+226-228+231-246+254-263+268-270+273-277+291-306+309-330+337-350+356-367+369-371+376-378+510-513,delta2,73-86+385-399+402+405-421+454-470+480-492+531-547+553-570+585-599+610-621+633-638+649-662+667-680+707-720,,
marts_E00713,beta,37-57+64-76+80-82+84-97+107-117+123-129+138-142+144-156+162-164+167-181+186-195+203-213+223-237,alpha1D,41-43+45-47+50-57+63-83+87-88+91-102+104-105+115-128+133-156+166-176+179-187+196-199+202-205+207-222+224-229+236-244+248-272+278-279+293-296+298-306,,
marts_E00714,beta,37-57+64-76+80-82+84-97+104-117+123-129+138-142+144-156+162-164+167-181+186-195+203-213+223-237,alpha1D,50-57+63-83+87+91-103+105+115-128+133-156+166-176+179-190+196-199+202-222+224-229+236-244+248-270+278-279+293-296+298-306,,
marts_E00715,beta,40-57+64-76+80-82+84-96+104-117+123-129+138-142+144-156+162-164+167-181+186-195+203-213+223-237,alpha1D,41-43+45-46+48+50-57+63-83+86-87+91+93-102+105+115-128+133-156+166-176+179-188+196-199+202-204+207-222+224-229+236-244+248-270+278-279+293-296+298-306,,
marts_E00716,delta2,73-86+385-397+409-421+454-466+468-470+481-492+531-542+557-570+585-598+610-621+649-662+667-680+707-718,epsilon,139-151+159+161-171+189-191+193-200+217-222+233-245+267-270+281-295+299-304+314-322+324-334,,
marts_E00717,beta,38-57+64-76+80-82+84-97+104-117+123-129+138-142+144-156+162-164+167-181+186-195+203-213+223-237,alpha1D,44+47-48+50-57+63-83+86-88+91-102+115-128+133+135-156+166-176+179-190+196-199+202-222+224-229+236-244+248-271+279+293-296+298-306,,
marts_E00719,beta,40-57+64-76+80-82+84-97+104-117+123-129+144-156+162-164+167-180+186-195+203-213+223-237,gamma,139-147+162-170+186-203+207-222+234-248+258-272+274-275+281+284-286+288-290+293-295+300-303+314-324+327-337,alpha1D,44+46-48+50-57+63-83+86-87+91-102+115-128+133-134+136-156+166-176+179-188+190+196-199+203-205+207-222+224-229+236-243+248-272+278-279+293-296+298-306
marts_E00720,beta,40-57+64-76+80-82+84-97+104-117+123-129+141-142+144-156+162-164+167-181+186-195+203-213+223-237,alpha1D,44+47-48+50-57+63-83+86-87+91+93-102+105+115-128+133-134+137-156+166-176+179-189+196-199+202-203+205-222+224-229+236-243+248-271+279+292-296+298-306,,
marts_E00721,beta,40-57+64-76+80-82+84-97+104-117+123-129+140-142+144-156+162-164+167-181+186-195+203-213+223-237,alpha1D,43-45+47-48+50-57+63-83+86-87+91+93-103+105+115-128+133-134+137-156+166-176+179-189+196-199+202-203+207-222+224-229+236-243+248-271+279+292-296+298-306,,
marts_E00722,beta,40-57+64-76+80-82+84-97+104-117+123-129+140-142+144-156+162-164+167-181+186-195+203-213+223-237,alpha1D,50-57+63-83+86-87+91+93-103+115-128+133-134+136-156+166-176+179-189+196-199+203-222+224-229+236-243+248-271+279+292-296+298-306,,
marts_E00723,beta,40-57+64-76+80-82+84-97+104-117+123-129+140-142+144-156+162-164+167-181+186-195+203-213+223-237,alpha1D,41-43+45-47+50-57+63-83+86-87+91+93-103+115-128+133-134+136-156+166-176+179-189+196-199+203-222+224-229+236-243+248-271+279+292-296+298-306,,
marts_E00724,beta,40-57+64-76+80-82+84-97+104-117+123-129+140-142+144-156+162-164+167-181+186-195+203-213+223-237,alpha1D,41-43+45-47+50-57+63-83+86-87+91+93-102+105+115-128+133-134+137-156+166-176+179-189+196-199+202-204+207-222+224-229+236-243+248-271+279+292-296+298-306,,
marts_E00725,beta,40-57+64-76+80-82+84-97+104-117+123-129+140-142+144-156+162-164+167-181+186-195+203-213+223-237,alpha1D,50-57+63-83+86-87+91+93-103+115-128+133-134+136-156+166-176+179-189+196-199+203-222+224-229+236-243+248-271+279+292-296+298-306,,
marts_E00726,beta,40-57+64-76+80-82+84-97+104-117+123-129+140-142+144-156+162-164+167-179+186-195+203-213+223-237,alpha1D,44+47-48+50-57+63-83+86-87+91+93-103+105+115-128+133-134+137-156+166-176+179-189+196-199+203-222+224-229+236-243+248-271+278-279+293-296+298-306,,
marts_E00727,beta,40-57+64-76+80-82+84-97+104-117+123-126+141-142+144-156+162-164+167-181+186-195+203-213+223-237,alpha1D,41-43+45-47+50-57+63-83+86-87+91+93-102+105+115-128+133-134+137-156+166-176+179-189+196-199+203-222+224-229+236-243+248-271+279+292-296+298-306,,
marts_E00728,beta,40-57+64-76+80-82+84-97+104-117+123-129+140-142+144-156+162-164+167-181+186-195+203-213+223-237,alpha1D,41-43+45-47+50-57+63-83+86-87+91+93-102+105+115-128+133-134+137-156+166-176+179-189+196-199+202-204+207-222+224-229+236-243+248-271+279+292-296+298-306,,
marts_E00729,beta,37-57+64-76+80-82+84-97+104-117+123-129+140-142+144-156+162-164+167-180+186-195+203-213+223-237,alpha1D,46-48+50-57+63-83+86-88+91-102+105+115-128+133-134+136-156+166-176+179-190+196-199+202-204+207-222+224-229+236-243+248-271+278-279+293-296+298-306,,
marts_E00730,beta,40-57+64-76+80-82+84-97+104-117+123-129+141-142+144-156+162-164+167-181+186-195+203-213+223-237,alpha1D,46-48+50-57+63-83+86-87+91+93-102+105+115-128+133-134+137-156+166-176+179-189+196-199+202-203+205-222+224-229+236-243+248-271+279+292-296+298-306,,
marts_E00731,beta,40-57+64-76+80-82+84-97+104-117+123-129+141-142+144-156+162-164+167-181+186-195+203-213+223-237,alpha1D,46-48+50-57+63-83+86-87+91+93-102+105+115-128+133-134+137-156+166-176+179-189+196-199+202-203+205-222+224-229+236-243+248-271+279+292-296+298-306,,
marts_E00732,beta,37-57+64-76+80-82+84-97+104-117+123-129+141-142+144-156+162-164+167-181+186-195+203-213+223-237,alpha1D,42-45+47-48+50-57+63-83+86-87+91+93-103+105+115-128+133-134+137-156+166-176+179-189+196-199+202-203+205-222+224-229+236-243+248-271+279+292-296+298-306,,
marts_E00733,beta,40-57+64-76+80-82+84-97+104-117+123-129+140-142+144-156+162-164+167-181+186-195+203-213+223-237,alpha1D,44+47-48+50-57+63-83+86-87+91+93-102+105+115-128+133+136-156+166-176+179-189+196-199+202-203+207-222+224-229+236-243+248-271+279+292-296+298-306,,
marts_E00734,beta,40-57+64-76+80-82+84-97+104-117+123-129+144-155+162-164+167-180+186-195+203-213+223-237,gamma,139-147+162-170+186-203+207-222+234-248+258-272+274-275+281-282+284-286+288-290+293-295+300-303+314-324+327-337,alpha1D,44+47-48+50-57+63-83+86-87+91-102+115-128+133-134+137-156+166-176+179-189+196-199+202-203+205-222+224-229+236-243+248-272+278-279+293-296+298-306
marts_E00735,beta,37-57+64-76+80-82+84-97+104-117+123-129+141-142+144-156+162-164+167-181+186-195+203-213+223-237,alpha1D,44+47-48+50-57+63-83+86-87+91+93-102+105+115-128+133-134+137-156+166-176+179-189+196-199+202-203+205-222+224-229+236-243+248-271+279+292-296+298-306,,
marts_E00736,beta,37-57+64-76+80-82+84-97+104-117+123-129+141-142+144-156+162-164+167-181+186-195+203-213+223-237,alpha1D,44+47-48+50-57+63-83+86-87+91+93-102+105+115-128+133+135-156+166-176+179-189+196-199+202-203+205-222+224-229+236-243+248-271+279+292-296+298-306,,
marts_E00737,beta,39-57+64-76+80-82+84-97+104-117+123-129+141-142+144-156+162-164+167-181+186-195+203-213+223-237,alpha1D,44+47-48+50-57+63-83+86-87+91+93-102+105+115-128+133+135-156+166-176+179-189+196-199+202-203+205-222+224-229+236-243+248-271+279+292-296+298-306,,
marts_E00738,beta,40-57+64-76+80-82+84-97+104-117+123-129+141-142+144-156+162-164+167-181+186-195+203-213+223-237,alpha1D,42-45+47-48+50-57+63-83+86-87+91+93-103+105+115-128+133-134+137-156+166-176+179-189+196-199+202-203+205-222+224-229+236-243+248-271+279+292-296+298-306,,
marts_E00739,alpha1G,39-46+48+50-57+63-83+86+91-105+115-128+133-156+166-176+179-189+196-199+202-222+224-229+236-244+248-277+284-296+298-306,,,,
marts_E00740,alpha1G,39-48+50-57+65-83+86+95-102+115-128+133-154+156+166-176+179-187+196-199+202-222+224-229+236-244+248-276+289-296+298-306,,,,
marts_E00741,alpha1G,41-48+50-57+63-83+88-89+91-105+115-128+133-156+166-176+179-189+196-199+202-222+224-229+236-244+248-276+284-296+298-306,,,,
marts_E00742,alpha1G,39-47+50-57+63-83+88+91-105+115-128+133-155+166-176+179-190+196-199+202-222+224-229+236-244+248-277+288-296+298-306,,,,
marts_E00743,alpha1G,39-48+50-51+53-57+63-83+86+91-105+115-128+133-156+166-176+179-190+196-199+202-222+224-229+236-242+248-276+278-279+286-296+298-306,,,,
marts_E00744,alpha1G,39-48+50-57+63-83+86+95-103+115-128+133-151+166-176+179-186+196-199+202-222+224-228+236-244+248-276+288-296+298-306,,,,
marts_E00745,alpha1E,39-48+50-57+63-83+87-88+91-105+115-128+133-156+166-175+179-190+202-222+224-228+236-243+248-276+291-296+298-306,,,,
marts_E00746,alpha1E,39-48+50-57+63-83+87-88+91-105+115-128+133-152+166-176+179-190+196-199+202-222+224-229+236-243+248-276+288-296+298-306,,,,
marts_E00747,beta,40-57+64-76+80-82+84-97+104-117+123-129+138-142+144-156+162-164+167-178+204-213+223-237,alpha1D,50-57+63-83+86-87+91+93-102+115-128+133+135-156+166-176+179-190+196-197+199+204-222+224-229+236-244+248-271+291-296+298-306,,
marts_E00748,alpha1G,39-48+50-57+63-83+86+92-105+117-128+133-156+166-176+179-190+196-199+202-222+224-229+236-243+248-275+288-296+298-306,,,,
marts_E00749,alpha3B,73-85+96-121+139-159+161+168-191+204-214+216-219+221-230+237-239+242-263+324-346+352-359,,,,
marts_E00750,alpha1G,39-48+50-57+63-83+87-89+92-105+117-128+133-156+166-176+179-190+196-199+202-222+224-229+236-243+248-274+288-296+298-306,,,,
marts_E00751,alpha1G,39-48+50-57+63-83+86+88-89+91-105+115-128+133-156+166-176+179-190+196-199+202-222+224-229+236-244+248-276+279+289-296+298-306,,,,
marts_E00752,epsilon,104-115+123-134+151-164+172-183+191-200+213-217+226-228+231-246+254-263+268-270+273-276+291-306+309-330+337-350+356-367+369-371+376-378+510-513,delta2,73-86+385-399+401-403+406-421+454-470+480-492+531-547+553-570+585-599+610-621+633-638+649-662+667-680+707-720,,
marts_E00753,epsilon,104-115+123-134+151-164+172-183+191-200+213-217+226-228+231-246+254-263+268-270+273-276+291-306+309-330+337-350+356-367+369-371+376-378+510-513,delta2,73-86+385-399+401-403+406-421+454-470+480-492+531-547+553-570+585-599+610-621+633-638+649-662+667-680+707-720,,
marts_E00755,beta,37-57+64-76+80-82+84-97+104-117+123-129+138-142+144-156+162-164+167-181+186-195+203-213+223-237,alpha1D,41-43+45-48+51-57+63-83+87+91+93-102+105+115-128+133-156+166-176+179-188+196-199+202-222+224-229+236-244+248-270+278-279+293-296+298-306,,
marts_E00756,beta,40-57+64-76+80-82+84-97+104-117+123-129+138-140+142+144-156+162-164+167-181+186-195+203-213+223-237,alpha1D,41-43+45-47+50-57+63-83+86-88+91-102+105+115-128+133+135-156+166-176+179-190+196-199+202-222+224-229+236-244+248-268+270+279+292-296+298-306,,
marts_E00757,beta,40-57+64-76+80-82+84-97+104-117+123-129+138-140+142+144-156+162-164+167-181+186-195+203-213+223-237,alpha1D,41-43+45-47+50-57+63-83+86-88+91-102+105+115-128+133+135-156+166-176+179-190+196-199+202-222+224-229+236-244+248-268+270+279+292-296+298-306,,
marts_E00758,beta,37-57+64-76+80-82+84-96+104-117+123-129+138-142+144-156+162-164+167-179+186-195+203-213+223-237,alpha1D,50-57+63-83+87+91-103+115-128+133-156+166-176+179-190+196-199+202-222+224-229+236-244+248-270+278-279+293-296+298-306,,
marts_E00759,beta,37-57+64-76+80-82+84-97+104-117+123-129+138-142+144-156+162-164+167-181+186-195+203-213+223-237,alpha1D,41-43+45-47+50-57+63-83+87-88+91-102+105+115-128+133-156+166-176+179-190+196-199+202-204+207-222+224-229+236-244+248-270+278-279+293-296+298-306,,
marts_E00760,beta,37-57+64-76+80-82+84-97+104-117+123-129+138-142+144-156+162-164+167-181+186-195+203-213+223-237,alpha1D,41-43+45-46+48+50-57+63-83+87+91+93-102+105+115-128+133-156+166-176+179-188+196-199+202-222+224-229+236-244+248-270+278-279+293-296+298-306,,
marts_E00761,beta,37-57+64-76+80-82+84-97+104-117+123-129+138-142+144-156+162-164+167-181+186-195+203-213+223-237,alpha1D,41-43+45-48+51-57+63-83+87+91+93-102+105+115-128+133-156+166-176+179-188+196-199+202-222+224-229+236-244+248-270+278-279+293-296+298-306,,
marts_E00762,beta,37-57+64-76+80-82+84-97+104-117+123-129+138-141+144-156+162-164+167-181+186-195+203-213+223-237,alpha1D,50-57+63-83+86-88+91-102+105+115-128+133-156+166-176+179-190+196-199+202-204+207-222+224-229+236-244+248-270+278-279+293-296+298-306,,
marts_E00763,beta,37-57+64-76+80-82+84-97+104-117+123-129+138-142+144-156+162-164+167-181+186-195+203-213+223-237,alpha1D,41-43+45-47+50-57+63-83+87-88+91-102+104-105+115-128+133-156+166-176+179-188+196-199+202-222+224-229+236-244+248-270+278-279+293-296+298-306,,
marts_E00764,beta,38-57+65-76+80-82+84-97+104-117+123-129+138-142+144-156+162-164+167-181+186-195+203-213+223-237,alpha1D,41-43+45-46+48+50-57+63-83+86-87+91+93-102+105+115-128+133-156+166-176+179-188+196-199+202-222+224-229+236-244+248-270+278-279+293-296+298-306,,
marts_E00765,beta,37-57+64-76+80-82+84-97+104-117+123-129+138-142+144-156+162-164+167-181+186-195+203-213+223-237,alpha1D,41-43+45-48+51-57+63-83+86+91-102+105+115-128+133-156+166-176+179-188+196-199+202-222+224-229+236-244+248-270+278-279+293-296+298-306,,
marts_E00766,epsilon,103-115+123-134+151-164+171-183+191-200+213-217+226-228+231-246+254-263+268-270+273-277+291-306+309-330+337-351+356-367+369-371+376-378+510-513,delta2,73-86+385-399+405-421+454-469+480-492+531-547+553-570+585-599+610-621+633-638+649-662+667-680+707-720,,
marts_E00767,alpha1G,39-48+50-57+63-83+86+93-105+117-128+133-156+166-176+179-189+196-199+202-222+224-229+236-243+248-274+279+289-296+298-306,,,,
marts_E00768,alpha1G,39-48+50-57+63-83+88-89+91-105+115-128+133-156+166-176+179-189+196-199+202-222+224-229+236-244+248-279+284-296+298-306,,,,
marts_E00769,beta,40-57+64-76+80-82+84-97+104-117+123-129+144-156+162-164+167-181+186-195+203-213+223-237,gamma,139-147+162-171+186-203+207-222+234-248+258-271+273-275+281-290+292-293+299-303+314-324+327-337,alpha1D,44+46-48+50-57+63-83+86+91-103+105+115-128+133-134+137-156+166-176+179-189+196-199+202-222+224-229+236-243+248-271+278-279+293-296+298-306
marts_E00770,beta,40-57+64-76+80-82+84-96+104-117+123-129+138-142+144-156+162-164+167-181+186-195+203-213+223-237,alpha1D,44+47-48+50-57+63-83+86-88+91-102+115-128+133+135-156+166-176+179-190+196-199+202-222+224-229+236-244+248-271+279+293-296+298-306,,
marts_E00771,beta,37-57+64-76+80-82+84-97+104-117+123-129+138-142+144-156+162-164+167-181+186-195+203-213+223-237,alpha1D,41-43+45-48+51-57+63-83+87+91+93-102+105+115-128+133-156+166-176+179-188+196-199+202-222+224-229+236-244+248-270+278-279+293-296+298-306,,
marts_E00772,beta,37-57+64-76+80-82+84-97+104-117+123-129+138-141+144-156+162-164+167-181+186-195+203-213+223-237,alpha1D,41-43+45-46+48+50-57+63-83+87+91+93-102+105+115-128+133-156+166-176+179-188+196-199+202-222+224-229+236-244+248-270+278-279+293-296+298-306,,
marts_E00773,beta,40-57+64-76+80-82+84-96+104-117+123-129+138-142+144-156+162-164+167-181+186-195+203-213+223-237,alpha1D,44+47-48+50-57+63-83+86-88+91-103+115-128+133+135-156+166-176+179-190+196-199+202-204+207-222+236-244+248-271+279+293-296+298-306,,
marts_E00774,beta,41-57+64-76+80-82+84-97+104-117+123-129+138-142+144-156+162-164+167-181+186-195+203-213+223-237,alpha1D,44+47-48+50-57+63-83+86-88+91-102+115-128+133+135-156+166-176+179-190+196-199+202-222+224-229+236-244+248-271+279+293-296+298-306,,
marts_E00775,beta,40-57+64-76+80-82+84-96+104-117+123-129+138-142+144-156+162-164+167-181+186-195+203-213+223-237,alpha1D,41-44+47-48+50-57+63-83+86-88+91-103+115-128+133+135-156+166-176+179-190+196-199+203+207-222+236-244+248-271+279+293-296+298-306,,
marts_E00776,beta,40-57+64-76+80-82+84-96+104-117+123-129+138-142+144-156+162-164+167-181+186-195+203-213+223-237,alpha1D,41-48+50-57+63-83+86-88+91-103+105+115-128+133+135-156+166-176+179-190+196-199+203+206-222+224-229+236-244+248-271+279+293-296+298-306,,
marts_E00777,beta,40-57+64-76+80-82+84-96+104-117+123-129+138-142+144-156+162-164+167-181+186-195+203-213+223-237,alpha1D,44+47-48+50-57+63-83+86-88+91-103+105+115-128+133+135-156+166-176+179-190+196-199+203+206-222+225+227-228+236-244+248-271+279+293-296+298-306,,
marts_E00779,epsilon,104-115+123-134+151-164+172-183+191-200+213-217+226-228+231-246+254-263+268-270+273-277+291-306+309-330+337-350+356-367+369-371+376-378+510-513,delta2,73-86+385-399+401-403+406-421+454-470+480-492+531-547+553-570+585-599+610-621+633-638+649-662+667-680+707-722+727,,
marts_E00780,delta2,73-86+385-399+401-403+406-421+454-470+480-492+531-547+553-570+585-599+610-621+633-638+649-662+667-680+707-720,epsilon,104-115+123-134+151-164+172-183+191-200+213-217+226-228+231-246+254-263+268-270+273-276+291-306+309-330+337-350+356-367+369-371+376-378+510-513,,
marts_E00781,epsilon,104-115+123-134+151-164+172-183+191-200+213-217+226-228+231-246+254-263+268-270+273-277+291-306+309-330+337-350+356-367+369-371+376-378+510-513,delta2,73-86+385-399+401-403+406-421+454-470+480-492+531-547+553-570+585-599+610-621+633-638+649-662+667-680+707-720,,
marts_E00782,epsilon,104-115+123-134+151-164+172-183+191-200+213-217+226-228+231-246+254-263+268-270+273-277+291-306+309-330+337-350+356-367+369-371+376-378+510-513,delta2,73-86+385-399+401-403+406-421+454-470+480-492+531-547+553-570+585-599+610-621+633-638+649-662+667-680+707-720,,
marts_E00783,epsilon,104-115+123-134+151-164+172-183+191-200+213-217+226-228+231-246+254-263+268-270+273-277+291-306+309-330+337-350+356-367+369-371+376-378+510-513,delta2,73-86+385-399+401-403+406-421+454-470+480-492+531-547+553-570+585-599+610-621+633-638+649-662+667-680+707-720,,
marts_E00784,beta,38-57+64-76+80-82+84-97+104-117+123-129+144-156+162-164+167-181+186-195+203-213+223-237,gamma,139-147+162-170+186-203+207-222+234-248+258-272+274-275+281-282+284-286+288-290+293-295+300-303+314-324+327-337,alpha1D,41+43-48+50-57+63-83+86+91-105+115-128+135-151+179-190+196-199+202-222+224+236-239+261-271+291-296+298-306
marts_E00785,beta,37-38+40-57+64-76+80-82+84-97+104-117+123-129+138-142+144-156+162-164+167-181+186-195+203-213+223-237,alpha1D,41-43+45-46+48+50-57+63-83+86-88+91-102+115-128+133-134+137-156+166-176+179-189+196-199+206-222+236-244+248-271+273-275+291-296+298-306,,
marts_E00786,beta,37-38+40-57+64-76+80-82+84-97+104-117+123-129+138-142+144-156+162-164+167-181+186-195+203-213+223-237,alpha1D,41-43+45-46+48+50-57+63-83+86-88+91-103+115-128+133-156+166-176+179-189+206-222+224-229+236-244+248-271+273-275+291-296+298-306,,
marts_E00787,beta,40-57+64-76+80-82+84-97+104-117+123-129+138-142+144-156+162-164+167-181+186-195+203-213+223-237,alpha1D,41-43+45-47+50-57+63-83+86-88+91-102+105+115-128+133+135-156+166-176+179-189+196-199+202-205+207-222+224-229+236-244+248-271+279+292-296+298-306,,
marts_E00788,beta,37-38+40-57+65-76+80-82+84-97+104-117+124-129+138-142+144-156+162-164+167-181+186-195+203-213+223-237,alpha1D,41-43+45-46+48+50-57+63-83+86-88+91+93-102+105+115-128+133-156+166-176+179-188+196-199+202-204+207-222+236-244+248-270+278-279+293-296+298-306,,
marts_E00789,beta,37-38+40-57+65-76+80-82+84-97+104-117+123-129+138-141+144-156+162-164+167-181+186-195+203-213+223-237,alpha1D,50-57+63-83+87+91+93-103+115-128+133-156+166-176+179-188+196-199+202-222+224-225+236-244+248-270+278-279+293-296+298-306,,
marts_E00790,beta,40-57+65-76+80-82+84-97+104-117+124-129+144-156+162-164+167-181+186-195+203-213+223-237,alpha1D,41-43+45-48+51-57+63-83+86-87+91+93-103+115-128+133-156+166-176+179-189+196-199+202-204+207-222+236-244+248-270+278-279+293-296+298-306,,
marts_E00791,beta,40-57+65-76+80-82+84-97+104-117+124-127+144-156+162-164+167-181+186-195+203-213+223-237,alpha1D,41-43+45-48+51-57+63-83+86-88+91-103+115-128+133-156+166-176+179-189+196-199+202-204+207-222+236-244+248-270+278-279+293-296+298-306,,
marts_E00792,beta,37-38+40-57+64-76+80-82+84-97+104-117+123-129+138-142+144-156+162-164+167-181+186-195+203-213+223-237,alpha1D,41-43+45-46+48+50-57+63-83+86-88+91-102+115-128+133-156+166-176+179-189+206-222+224-229+236-244+248-272+291-296+298-306,,
marts_E00793,alpha1E,39-48+50-57+63-83+87-88+91-105+115-128+133-155+166-175+179-190+196+202-222+224-228+236-243+248-276+291-296+298-306,,,,
marts_E00794,alpha1E,39-48+50-57+63-83+86-88+91-105+115-128+133-155+166-176+179-190+196-199+202-222+224-229+236-243+248-276+288-296+298-306,,,,
marts_E00795,alpha1G,39-48+50-57+63-83+86-89+91-105+115-128+133-156+166-176+181-188+190+196-199+202-222+224-229+236-244+248-275+277+288-296+298-306,,,,
marts_E00796,alpha1G,39-48+50-57+63-81+86-89+93-105+115-128+133-156+166-176+179-190+196-199+202-222+224-229+236-244+248-279+284-296+298-306,,,,
marts_E00797,beta,37-38+40-57+65-76+80-82+84-97+104-117+123-129+138-141+144-156+162-164+167-181+186-195+203-213+223-237,alpha1D,41-44+46-48+50-57+63-83+87+91+93-103+105+115-128+133-156+166-176+179-189+196-199+202-222+224-229+236-244+248-270+278-279+293-296+298-306,,
marts_E00798,beta,37-38+40-57+65-76+80-82+84-97+104-117+123-129+138-141+144-156+162-164+167-181+186-195+203-213+223-237,alpha1D,50-57+63-83+87+91-105+115-128+133-156+166-176+179-189+196-199+202-222+224-229+236-244+248-270+278-279+293-296+298-306,,
marts_E00799,beta,37-38+40-57+65-76+80-82+84-97+104-117+123-129+138-141+144-156+162-164+167-181+186-195+203-213+223-237,alpha1D,50-57+63-83+87+91-105+115-128+133-156+166-176+179-189+196-199+202-222+224-229+236-244+248-270+278-279+293-296+298-306,,
marts_E00800,alpha1G,39-48+50-57+63-83+87-88+93-105+115-128+133-156+166-176+179-190+196-199+202-222+224-229+236-243+248-277+289-296+298-306,,,,
marts_E00801,alpha1G,41-48+50-57+63-81+89+93-105+115-128+138-156+166-176+179-190+196-199+202-222+224-229+236-244+248-279+290-296+298-306,,,,
marts_E00803,alpha3B,73-85+93-121+141-161+167-191+204-214+216-219+221-231+236-263+324-345+352-359,,,,
marts_E00805,alpha1G,39-48+50-57+64-83+86-88+93-105+115-128+133-156+166-176+179-190+196-199+202-222+224-229+236-244+248-279+284+287-296+298-306,,,,
marts_E00806,delta1,77-86+385-399+401-403+406+412-421+454-467+487-492+531-547+556-570+585-599+610-621+649-661+667-680+707-720,gamma,139-148+161-171+185-203+206-222+234-248+266-275+282-285+288-292+299-300+314-323+326-337,,
marts_E00807,alpha4B,79-84+93-114+118-121+145-150+153-159+161+167-170+172-182+184-186+189+206-207+209-214+216-219+221-231+236-263+324-346+353-359,,,,
marts_E00808,beta,40-57+65-76+80-82+84-97+104-117+123-129+138-141+144-156+162-164+167-181+186-195+203-213+223-237,alpha1D,41-43+45-47+50-57+63-83+87-88+91-102+104-105+115-128+133-156+166-176+179-188+196-199+202-222+224-229+236-244+248-271+279+292-296+298-306,,
marts_E00811,alpha1G,39-48+50-57+63-83+86+94-105+115-128+133-156+166-175+179-180+182-190+196-199+202-222+224-229+236-244+248-276+288-296+298-306,,,,
marts_E00812,beta,39-57+64-76+80-82+84-96+104-117+123-127+138-141+144-156+162-164+167-181+186-195+203-213+223-237,alpha1D,46-48+50-57+63-83+86-88+91-102+105+115-128+133-156+166-176+179-189+196-199+203-205+207-222+224-229+236-244+248-271+278-279+293-296+298-306,,
marts_E00813,beta,39-57+64-76+80-82+84-97+104-117+123-127+138-140+144-156+162-164+167-181+186-195+203-213+223-237,gamma,139-147+162-171+186-203+207-222+234-248+258-271+273-275+282-290+294-295+300-303+314-324+327-337,alpha1D,50-57+63-83+89+92-102+105+115-128+133-134+137-156+166-176+179-188+190+196-199+202-222+224-229+236-243+248-271+278-279+293-296+298-306
marts_E00814,beta,39-57+64-76+80-82+84-97+104-117+123-127+138-140+144-156+162-164+167-181+186-195+203-213+223-237,gamma,139-147+162-171+186-203+207-222+234-248+258-271+273-275+282-290+294-295+300-303+314-324+327-337,alpha1D,50-57+63-83+89+92-102+105+115-128+133-134+137-156+166-176+179-188+190+196-199+202-222+224-229+236-243+248-271+278-279+293-296+298-306
marts_E00815,beta,37-57+64-76+80-82+84-97+104-117+123-129+144-156+162-164+167-181+186-195+203-213+223-237,gamma,139-147+162-170+186-203+207-222+234-248+258-272+274-275+281-282+284-286+288-290+293-295+300-303+314-324+327-337,alpha1D,41+43-48+50-57+63-83+86+91-102+105+115-128+133-151+179-189+196-199+202-222+224-227+236-237+252-271+291-296+298-306
marts_E00816,beta,39-57+64-76+80-82+84-97+104-117+123-127+138-140+144-156+162-164+167-181+186-195+203-213+223-237,gamma,139-147+162-170+186-203+207-222+234-248+258-271+273-275+282-290+294-295+300-303+314-324+327-337,alpha1D,50-57+63-83+86-88+91-102+104-105+115-128+133-134+136-156+166-176+179-188+190+196-199+202-222+224-229+236-243+248-271+278-279+293-296+298-306
marts_E00817,beta,37-57+64-76+80-82+84-97+104-117+123-129+144-156+162-164+167-181+186-195+203-213+223-237,gamma,139-147+162-170+186-203+207-222+234-248+258-272+274-275+281-282+284-286+288-290+293-295+300-303+314-324+327-337,alpha1D,41+43-48+50-57+63-83+86+91-102+105+115-128+133-151+179-189+196-199+202-222+224-227+236-237+249+252-271+291-296+298-306
marts_E00819,alpha1G,39-48+50-57+63-83+86+91-105+115-128+133-156+166-176+179-190+196-199+202-222+224-228+236-244+248-276+279+289-296+298-306,,,,
marts_E00820,beta,37-57+64-76+80-82+84-97+104-117+123-129+138-142+144-156+162-164+167-181+186-195+203-213+223-237,alpha1D,50-57+63-83+87+91-103+105+115-128+133-156+166-176+179-190+196-199+202-222+224-229+236-244+248-270+278-279+293-296+298-306,,
marts_E00821,beta,40-57+64-76+80-82+84-97+104-117+123-129+144-156+162-164+167-181+186-195+203-213+223-237,alpha1D,41-43+45-47+50-57+63-83+86-87+91+93-102+104-105+115-128+133-156+166-176+179-190+196-199+202-204+207-222+224-229+236-244+248-272+278-279+293-296+298-306,,
marts_E00822,beta,40-57+64-76+80-82+84-97+104-117+123-129+144-156+162-164+167-181+186-195+203-213+223-237,alpha1D,41-43+45-47+50-57+63-83+86-87+91+93-102+104-105+115-128+133-156+166-176+179-190+196-199+202-205+207-222+224-229+236-244+248-272+277-279+292-296+298-306,,
marts_E00823,beta,40-57+64-76+80-82+84-97+104-117+123-129+144-156+162-164+167-181+186-195+203-213+223-237,alpha1D,41-43+45-47+50-57+63-83+86-87+91+93-102+104-105+115-128+133-156+166-176+179-190+196-199+202-204+207-222+224-229+236-244+248-272+278-279+293-296+298-306,,
marts_E00824,alpha4A,73+75-80+83-85+100-118+120-121+139-159+167-168+170-190+204-214+216-219+221-230+240-263+324-337+339-346+352-359,,,,
marts_E00825,beta,39-57+64-76+80-82+84-97+104-117+123-129+138-142+144-156+162-164+167-180+186-195+203-213+223-237,alpha1D,41-43+45-47+50-57+63-83+87-88+91-102+104-105+115-128+133-156+166-176+179-190+196-199+202-204+207-222+224-229+236-244+248-271+279+292-296+298-306,,
marts_E00826,alpha1E,39-48+50-57+63-83+86-88+91-105+115-128+133-154+166-176+179-190+196-199+202-222+224-229+236-243+248-276+288-296+298-306,,,,
marts_E00827,alpha3B,73-85+96-121+139-159+169-191+204-214+216-219+221-230+236-239+242-263+324-346+352-359,alpha1B,45+48+51-57+63-83+86-87+89+92-104+116-128+133-147+150-151+166-176+179-190+196-199+202-222+224-229+236-244+248-276+278+288-296+298-306,,
marts_E00828,alpha3B,73-85+96-121+139-159+161+168-191+204-214+216-219+221-230+239-263+324-346+353-359,alpha1B,53-57+63-83+87-88+91-105+116-128+133-152+166-176+179-190+196-199+202-222+224-229+236-244+248-274+288-296+298-306,,
marts_E00829,alpha1H,73-81+95-96+98-114+116+118-119+146-159+161+167-186+189-191+204-214+217-218+222-231+236-239+241-263+326-346+352-359,,,,
marts_E00831,beta,52+54-55+64-76+80-82+84-97+104-117+123-129+138-140+144-156+162-164+167-181+186-195+203-213+223-237,alpha1D,50-57+63-83+86-88+91-103+115-128+133-134+137-156+166-176+179-188+190+196-199+202-222+224-229+236-244+248-271+279+292-296+298-306,,
marts_E00832,epsilon,104-114+123-134+151-164+172-183+191-200+213-217+226-228+231-246+254-263+268-270+273-277+291-306+309-330+338-350+356-367+369-371+376-378+510-513,delta2,73-86+385-399+402-403+406-421+454-470+480-492+531-547+553-570+585-599+610-621+633-638+649-662+667-680+707-720,,
marts_E00833,alpha1G,39-48+50-57+63-83+91-105+115-128+133-156+166-176+179-190+196-199+202-222+224-229+236-244+248-272+284-296+298-306,,,,
marts_E00834,beta,37-57+64-76+80-82+84-96+104-117+123-127+144-156+162-164+167-179+186-195+203-213+223-237,alpha1D,50-57+63-83+86-88+91-102+104-105+115-128+133-156+166-176+179-189+196-199+202-203+205-222+224-229+236-244+248-271+278-279+293-296+298-306,,
marts_E00835,beta,37-57+64-76+80-82+84-96+104-117+123-127+144-156+162-164+167-179+186-195+203-213+223-237,alpha1D,46-48+50-57+63-83+86-88+91-102+104-105+115-127+133-156+166-176+179-189+196-199+202-203+205+207-222+224-229+236-244+248-271+278-279+293-296+298-306,,
marts_E00836,beta,37-57+64-76+80-82+84-96+104-117+123-127+144-156+162-164+167-179+186-195+203-213+223-237,alpha1D,46-48+50-57+63-83+86-87+91-105+115-128+133-156+166-176+179-189+196-199+202-203+205+207-222+224-229+236-244+248-271+278-279+293-296+298-306,,
marts_E00837,beta,37-57+64-76+80-82+84-96+104-117+123-127+144-156+162-164+167-179+186-195+203-213+223-237,alpha1D,46-48+50-57+63-83+86-88+91-102+104-105+115-127+133-134+136-156+166-176+179-189+196-199+203-205+207-222+224-229+236-244+248-271+278-279+293-296+298-306,,
marts_E00839,beta,37-57+64-76+80-82+84-96+104-117+123-127+144-156+162-164+167-179+186-195+203-213+223-237,alpha1D,46-48+50-57+63-83+86-88+91-103+115-128+133+136-156+166-176+179-190+196-199+202-204+207-222+224-229+236-244+248-272+277-279+294-296+298-306,,
marts_E00840,beta,37-57+64-76+80-82+84-97+104-117+123-129+144-156+162-164+167-181+186-195+203-213+223-237,alpha1D,44-45+47-48+50-57+63-83+86-88+91-103+105+115-128+133+136-156+166-176+179-190+196-199+202-222+224-229+236-244+248-272+277-279+294-296+298-306,,
marts_E00841,beta,37-57+64-76+80-82+84-96+104-117+123-129+144-156+162-164+167-181+186-195+203-213+223-237,alpha1D,46-48+50-57+63-83+86-87+91-105+115-128+133-156+166-176+179-189+196-199+203-205+207-222+224-229+236-244+248-271+278-279+293-296+298-306,,
marts_E00842,beta,37-57+64-76+80-82+84-96+104-117+123-129+144-156+162-164+167-181+186-195+203-213+223-237,alpha1D,46-48+50-57+63-83+86-87+91-105+115-128+133-156+166-176+179-189+196-199+203-205+207-222+224-229+236-244+248-271+278-279+293-296+298-306,,
marts_E00843,beta,39-57+64-76+80-82+84-96+104-117+123-129+138-142+144-156+162-164+167-181+186-195+203-213+223-237,alpha1D,50-57+63-83+87+91+93-103+115-128+135-156+166-176+179-188+196-199+203-204+207-222+224-229+236-244+248-270+278-279+293-296+298-306,,
marts_E00844,beta,37-57+64-76+80-82+84-96+104-117+123-129+144-156+162-164+167-181+186-195+203-213+223-237,alpha1D,46-48+50-57+63-83+86-87+91-105+115-128+133-156+166-176+179-189+196-199+202-205+207-222+224-229+236-244+248-271+279+292-296+298-306,,
marts_E00845,beta,40-57+64-76+80-82+84-97+104-117+123-129+144-156+162-164+167-181+186-195+203-213+223-237,alpha1D,44+47-48+50-57+63-83+86+89+92-102+105+115-128+133-134+136-156+166-176+179-189+196-199+202-203+205-222+224-229+236-243+248-271+278-279+293-296+298-306,,
marts_E00846,beta,44-57+64-76+80-82+84-97+104-117+123-127+138-141+144-156+162-164+167-181+186-194+203-213+223-237,alpha1D,42-44+46-48+50-57+63-83+86-88+91-102+104-105+115-128+133-134+137-156+166-176+179-190+196-199+202-222+224-226+236-243+248-271+291-296+298-306,gamma,139-147+162-170+186-203+207-222+234-248+258-270+288-291+294-295+300-304+314-323+327-337
marts_E00847,beta,47-57+64-76+80-82+84-97+104-117+123-129+144-156+162-164+167-181+186-195+203-213+223-237,gamma,139-147+162-170+186-203+207-222+234-248+258-272+274-275+281-282+284-286+288-290+293-295+300-303+314-324+327-337,alpha1D,41-48+50-57+63-83+86-89+94-104+115-128+133-153+174-176+179-190+196-199+202-222+224-226+236+240+249-252+254-272+291-296+298-306
marts_E00848,beta,40-57+64-76+80-82+84-97+104-117+123-129+140-142+144-156+162-164+167-181+186-195+203-213+223-237,alpha1D,50-57+63-83+86-87+91+93-103+115-128+133-134+136-156+166-176+179-189+196-199+203-222+224-229+236-243+248-271+279+292-296+298-306,,
marts_E00849,beta,40-57+64-76+80-82+84-97+104-117+123-129+140-142+144-156+162-164+167-181+186-195+203-213+223-237,alpha1D,41-43+45-47+50-57+63-83+86-87+91+93-102+105+115-128+133-134+137-156+166-176+179-189+196-199+203-222+224-227+236-243+248-271+279+292-296+298-306,,
marts_E00850,beta,40-57+64-76+80-82+84-97+104-117+123-129+140-142+144-156+162-164+167-181+186-195+203-213+223-237,alpha1D,41-43+45-47+50-57+63-83+86-87+91+93-102+105+115-128+133-134+137-156+166-176+179-190+196-199+203-204+207-222+224-229+236-243+248-271+279+292-296+298-306,,
marts_E00851,beta,37-57+64-76+80-82+84-97+104-117+123-129+140-142+144-156+162-164+167-180+186-195+203-213+223-237,alpha1D,46-48+50-57+63-83+86-88+91-102+105+115-128+133-134+136-156+166-176+179-189+196-199+202-203+205-222+224-229+236-243+248-271+278-279+293-296+298-306,,
marts_E00852,beta,37-38+40-57+64-76+80-82+84-97+104-117+123-129+138-142+144-156+162-164+167-181+186-195+203-213+223-237,alpha1D,41-43+45-46+48+50-57+63-83+86-88+91-102+105+115-128+133+135-156+166-176+179-190+196-199+202-204+207-222+236-244+248-271+279+292-296+298-306,,
marts_E00853,beta,40-57+64-76+80-82+84-97+104-117+123-129+138-142+144-156+162-164+167-181+186-195+203-213+223-237,alpha1D,41-43+45-46+48+50-57+63-83+86-88+91-103+115-128+133-156+166-176+179-190+196-199+202-222+224-229+236-244+248-271+279+292-296+298-306,,
marts_E00854,beta,37-38+40-57+64-76+80-82+84-97+104-117+123-129+138-142+144-156+162-164+167-181+186-195+203-213+223-237,alpha1D,41-43+45-46+48+50-57+63-83+86-88+91-102+105+115-128+133-156+166-176+179-190+196-199+202-222+225+227+229+236-244+248-271+279+292-296+298-306,,
marts_E00855,beta,40-57+64-76+80-82+84-97+104-117+123-129+138-142+144-156+162-164+167-181+186-195+203-213+223-237,alpha1D,41-43+45-46+48+50-57+63-83+86-88+91-102+105+115-128+133-156+166-176+179-190+196-199+202-222+224-229+236-244+248-271+279+292-296+298-306,,
marts_E00856,beta,37-57+64-76+80-82+84-97+104-117+123-129+138-142+144-156+162-164+167-181+186-195+203-213+223-237,alpha1D,41-43+45-47+50-57+63-83+86-88+91-102+105+115-128+133+135-156+166-176+179-190+196-199+202-222+224-227+229+236-244+248-271+279+292-296+298-306,,
marts_E00857,alpha1G,39-48+50-57+64-83+87-88+91-105+115-128+133-156+166-176+179-186+196-199+202-222+224-229+236-244+248-271+286-296+298-306,,,,
marts_E00858,alpha1I,39-48+50-57+63-83+86-87+89+92-101+103-104+115-128+133-156+167-176+179-186+202-204+208-222+224-229+236-244+248-271+274-279+298-306,,,,
marts_E00859,alpha1I,41-48+50-57+63-83+86+88-89+93-100+102-104+115-128+133-134+137-156+167-176+179-186+197-199+202+205-206+208-222+224-229+236-244+248-271+274-279+298-306,,,,
marts_E00861,alpha1G,39-48+50-57+63-83+86+91-105+115-128+133-156+166-176+179-188+196-199+202-222+224-229+236-244+248-275+284-296+298-306,,,,
marts_E00862,alpha1G,41-48+50-57+63-83+86+91-105+115-128+133-156+166-176+179-190+196-199+202-222+224-229+236-244+248-272+284-296+298-306,,,,
marts_E00863,alpha1G,39-48+50-57+63-83+86+91-105+115-128+133-156+166-176+179-190+196-199+202-222+224-229+236-244+248-272+284-296+298-306,,,,
marts_E00864,alpha1G,39-48+50-57+63-83+87-88+91-105+115-128+133-156+166-176+179-190+196-199+202-222+224-229+236-244+248-272+284-296+298-306,,,,
marts_E00865,alpha1I,44-48+50-57+63-83+86-87+89+92-101+103-104+115-128+133-156+167-176+179-186+196-199+202-222+224-227+236-244+251-252+254-275+278-279+290-296+298-306,,,,
marts_E00866,alpha1G,39-48+50-57+64-83+87-88+91-105+115-128+133-156+166-176+179-187+196-199+202-222+224-229+236-244+248-272+287-296+298-306,,,,
marts_E00867,alpha1G,41-48+50-57+63-83+86+91-105+115-128+133-156+166-176+179-190+196-199+202-222+224-229+236-244+248-272+284-296+298-306,,,,
marts_E00868,alpha1G,41-48+50-57+63-83+91-105+115-128+133-156+166-176+179-190+196-199+202-222+224-229+236-243+248-272+284-296+298-306,,,,
marts_E00869,alpha1G,39+41-48+50-57+63-83+87-88+91-105+115-128+133-156+166-176+179-190+196-199+202-222+224-229+236-244+248-272+284-296+298-306,,,,
marts_E00870,alpha1G,41-48+50-57+63-83+87-88+91-105+115-128+133-156+166-176+179-190+196-199+202-222+224-229+236-244+248-272+284-296+298-306,,,,
marts_E00871,alpha1I,45-48+50-57+63-83+86+95-101+103-104+115-128+133-155+167-176+179-185+190+196-199+202-222+224-226+228+236-244+248-249+251-274+276+279+288-289+291-296+298-306,,,,
marts_E00872,alpha1I,40-48+50-57+63-83+86-87+89+94-95+97-105+115-128+133-156+167-176+179-185+188-190+196-197+199+204-222+224-229+236-244+248-271+274-279+298-306,,,,
marts_E00873,alpha1G,41-48+50-57+63-83+87+91+93-105+115-128+133-156+166-176+179-190+196-199+202-222+224-229+236-244+248-272+284-296+298-306,,,,
marts_E00874,alpha1G,39-48+50-57+63-83+86+91-105+115-128+133-156+166-176+179-187+196-199+202-222+224-229+236-244+248-272+285-296+298-306,,,,
marts_E00875,alpha1G,39-48+50-57+63-83+87-88+91-105+115-128+133-156+166-176+179-187+196-199+202-222+224-229+236-244+248-272+279+289-296+298-306,,,,
marts_E00876,alpha1G,41-48+50-57+63-83+86+91-105+115-128+133-156+166-176+179-190+196-199+202-222+224-229+236-244+248-272+284-296+298-306,,,,
marts_E00877,alpha1G,39-48+50-57+63-83+87-88+91-105+115-128+133-156+166-176+179-187+196-199+202-222+224-229+236-244+248-275+284-296+298-306,,,,
marts_E00878,alpha1I,39-48+50-57+63-81+87-89+95-105+115-128+133-156+167-176+179-186+190+196-199+202-222+224-227+236-244+251-252+254-274+278-279+290-296+298-306,,,,
marts_E00879,alpha1I,39-48+50-57+63-83+86-89+95-105+115-128+133-156+167-176+179-186+190+196-199+202-222+224-227+236-244+251-252+254-274+278-279+290-296+298-306,,,,
marts_E00880,alpha1G,39-48+50-57+63-83+87-88+91-105+115-128+133-156+166-176+179-190+196-199+202-222+224-229+236-244+248-277+289-296+298-306,,,,
marts_E00881,alpha1E,39-48+50-57+63-83+87-88+91-105+115-128+133-156+166-175+179-190+196+202-222+224-228+236-243+248-276+288-296+298-306,,,,
marts_E00882,alpha1E,39-48+50-57+63-83+87-88+91-105+115-128+133-154+166-175+179-190+196-199+202-222+224-228+236-243+248-276+288-296+298-306,,,,
marts_E00883,epsilon,104-115+123-134+151-164+172-183+191-200+213-217+226-228+231-246+254-263+268-270+273-277+291-306+309-330+337-350+356-367+369-371+376-378+510-513,delta2,73-86+385-399+402+405-421+454-470+480-492+531-547+553-570+585-599+610-621+633-638+649-662+667-680+707-720,,
marts_E00884,gamma,139-147+162-170+186-203+207-222+234-248+258-273+281-291+299-303+314-324+327-337,beta,64-76+80-82+84-97+104-117+123-129+138-142+144-155+162-164+167-181+186-195+203-213+223-237,alpha1D,46-48+50-57+63-83+86-88+91-102+115-128+133-134+136-156+166-176+179-189+196-199+202-222+224-229+236-244+248-271+291-296+298-306
marts_E00885,beta,40-57+64-76+80-82+84-97+104-117+123-129+138-142+144-156+162-164+167-181+186-195+203-213+223-237,alpha1D,41-43+45-46+48+50-57+63-83+86-87+91+93-102+105+115-128+133-156+166-176+179-190+196-199+202-222+224-229+236-244+248-270+278-279+293-296+298-306,,
marts_E00886,beta,39-57+64-76+80-82+84-97+104-117+123-125+127-129+144-156+162-164+167-177+186-195+203-213+223-237,alpha1D,41-43+45-47+50-57+63-83+86-87+91+93-102+105+115-128+133-156+166-176+179-190+196-199+202-222+224-229+236-244+248-271+275-278+292-296+298-306,,
marts_E00887,beta,37-57+64-76+80-82+84-97+104-117+123-129+138-142+144-156+162-164+167-180+186-195+203-213+223-237,alpha1D,41-43+45-46+48+50-57+63-83+87+91+93-102+105+115-128+133-156+166-176+179-189+196-199+202-203+205-222+224-229+236-244+248-270+278-279+293-296+298-306,,
marts_E00888,beta,37-57+64-76+80-82+84-97+104-117+123-129+144-156+162-164+167-181+186-195+203-213+223-237,gamma,139-147+162-170+186-203+207-222+234-248+258-272+274-275+281-282+284-286+288-290+293-295+300-303+314-324+327-337,alpha1D,39-41+44-48+50-57+63-83+86-87+91-103+115-128+133-153+179-190+196-199+202-222+224-226+257-271+291-296+298-306
marts_E00890,beta,49-57+64-76+80-82+84-97+104-117+123-129+144-156+162-164+167-181+186-195+203-213+223-237,gamma,139-147+162-170+186-203+207-222+234-248+258-272+274-275+281-282+284-286+288-290+293-295+300-303+314-324+327-337,alpha1D,39-41+44-48+50-57+63-83+86+91-103+115-126+133-152+179-190+196-199+202-222+224-228+255-271+279+292-296+298-306
marts_E00891,alpha1G,41-48+50-57+63-83+87-88+91-105+115-128+133-156+166-176+179-190+196-199+202-222+224-229+236-244+248-272+284-296+298-306,,,,
marts_E00892,alpha4B,75-84+93-113+116-117+119+121+143-153+156-158+160-161+167-168+171-183+185+188-189+206-207+209-210+212-214+216-219+221-231+236-263+324+327-346+353-359,,,,
marts_E00893,beta,37-57+64-76+80-82+84-97+104-117+123-129+138-142+144-156+162-164+167-181+186-195+203-213+223-237,alpha1D,41-43+45-46+48+50-57+63-83+86-87+91+93-102+105+115-128+133-156+166-176+179-188+196-199+202-222+224-227+236-244+248-270+278-279+293-296+298-306,,
marts_E00894,beta,37-57+64-76+80-82+84-97+104-117+123-129+138-142+144-156+162-164+167-181+186-195+203-213+223-237,alpha1D,50-57+63-83+86-87+91+93-102+105+115-128+133-156+166-176+179-188+196-199+202-222+224-227+229+236-244+248-270+278-279+293-296+298-306,,
marts_E00895,beta,40-57+64-76+80-82+84-97+104-117+123-129+138-142+144-156+162-164+167-180+186-195+203-213+223-237,alpha1D,41-43+45-47+50-57+63-83+86-88+91-102+104-105+115-128+133+135-156+166-176+179-190+196-199+202-204+207-222+224-229+236-244+248-267+273-274+277-278+291-296+298-306,,
marts_E00897,alpha3B,73-85+96-121+139-158+160+168-174+176+178-191+204-214+216-219+221-230+243-263+324-346+353-359,alpha1B,41-44+53-57+65-78+88-89+91-98+105+122-128+133-146+166-176+179-190+196-199+202-222+224-229+236-244+251-278+285-296+298-305,,
marts_E00899,epsilon,104-115+123-134+151-164+172-183+191-200+213-217+226-228+231-246+254-263+268-270+273-277+291-306+309-330+337-350+356-367+369-371+376-378+510-513,delta2,73-86+385-399+401-403+406-421+454-470+480-492+531-547+553-570+585-599+610-621+633-638+649-662+667-680+707-720,,
marts_E00900,alpha1G,39-48+50-57+63-83+86-89+91-105+115-128+133-156+166-176+179-190+196-199+202-222+224-229+236-244+248-276+279+289-296+298-306,,,,
marts_E00901,alpha1G,39-48+50-57+63-83+86-89+91-104+115-128+133-156+166-176+179-190+196-199+202-222+224-229+236-244+248-279+284-296+298-306,,,,
marts_E00902,alpha1G,43-48+50-57+64-83+88-89+91-105+115-128+133-156+166-175+179-190+196-199+202-222+236-244+248-273+288-296+298-306,,,,
marts_E00903,alpha1G,39-48+50-57+63-83+86-89+91-105+115-128+133-156+168-176+179-190+196-199+202-222+224-229+236-244+248-279+284-296+298-306,,,,
marts_E00904,alpha1G,41-48+50-57+63-83+87-88+91-105+115-128+133-156+166-176+179-190+196-199+202-222+224-229+236-244+248-275+290-296+298-306,,,,
marts_E00905,alpha1G,39-48+50-57+64-83+86-89+91-105+115-128+133-156+166-176+179-190+196-199+202-222+224-229+236-244+248-279+284-296+298-306,,,,
marts_E00906,beta,37-57+64-76+80-82+84-97+104-117+123-129+138-141+144-156+162-164+167-181+186-195+203-213+223-237,alpha1D,41-43+45-46+48+50-57+63-83+87+91+93-102+105+115-128+133-156+166-176+179-188+196-199+202-222+224-229+236-244+248-270+278-279+293-296+298-306,,
marts_E00907,beta,40-57+64-76+80-82+84-97+104-117+123-129+138-142+144-156+162-164+167-181+186-195+203-213+223-237,alpha1D,44+47-48+50-57+63-83+86-88+91-102+115-128+133+135-156+166-176+179-190+196-199+202-222+225-229+236-244+248-271+279+293-296+298-306,,
marts_E00908,beta,40-57+65-76+80-82+84-97+104-117+123-129+138-142+144-156+162-164+167-181+186-195+203-213+223-237,alpha1D,41-43+45-48+51-57+63-83+86-87+91+93-103+105+115-128+133-156+166-176+179-187+196-199+202-222+224-229+236-244+248-270+278-279+293-296+298-306,,
marts_E00909,alpha3B,73-85+93-121+140-161+167-191+204-214+216-219+221-231+238-263+324-345+352-359,,,,
marts_E00910,beta,37-57+64-76+80-82+84-97+104-117+123-129+140-142+144-156+162-164+167-180+186-195+203-213+223-237,alpha1D,46-48+50-57+63-83+86-87+91-103+105+115-128+133-156+166-176+179-189+196-199+202-203+205-222+224-229+236-243+248-271+278-279+293-296+298-306,,
marts_E00911,beta,37-38+40-57+64-76+80-82+84-97+104-117+123-129+139-142+144-156+162-164+167-180+186-195+203-213+223-237,alpha1D,46-48+50-57+63-83+86-87+91+93-102+105+115-128+133-134+137-156+166-176+179-189+196-199+203-222+224-229+236-243+248-271+278-279+293-296+298-306,,
marts_E00912,beta,37-57+64-76+80-82+84-97+104-117+123-129+140-142+144-156+162-164+167-180+186-195+203-213+223-237,alpha1D,46-48+50-57+63-83+86-87+91-103+105+115-128+133-156+166-176+179-190+196-199+202-222+224-229+236-243+248-271+278-279+293-296+298-306,,
marts_E00913,delta2,73-86+385-399+409-421+454-465+468-470+480-492+531-547+558-570+585-599+610-621+633-637+649-662+667-680+707-722+727,epsilon,103-115+125-134+151-164+171-183+191-200+213-217+226-228+231-246+261-263+268-270+291-306+309+312-326+337-350+356-367+369-371+376-378+511-513,,
marts_E00914,beta,40-57+64-76+80-82+84-95+97+104-117+123-129+138-142+144-156+162-164+167-177+186-195+203-213+223-237,alpha1D,41-43+45-46+48+50-57+63-83+86-88+91-102+105+115-128+133+136-156+166-176+179-190+196-199+207-222+224-229+236-244+248-272+277-279+294-296+298-306,,
marts_E00915,beta,38-57+64-76+80-82+84-97+104-117+123-129+138-142+144-156+162-164+167-179+186-195+203-213+223-237,alpha1D,50-57+63-83+86-87+91+93-103+115-128+133-156+166-176+179-189+196-199+203-222+224-229+236-244+248-270+278-279+293-296+298-306,,
marts_E00916,beta,40-57+64-76+80-82+84-97+104-117+124-129+138-140+144-156+162-164+167-179+186-195+203-213+224-237,alpha1D,41-43+45-46+48+50-57+63-83+86-87+91+93-102+105+115-128+133-156+166-176+179-190+196-199+202-222+224-229+236-244+248-272+291-296+298-306,,
marts_E00917,beta,40-57+64-76+80-82+84-97+104-117+123-129+138-142+144-156+162-164+167-181+186-195+203-213+223-237,alpha1D,41-43+45-47+50-57+63-83+87-88+91-102+105+115-128+135-156+166-176+179-190+196-199+202-204+207-222+224-229+236-244+248-270+278-279+293-296+298-306,,
marts_E00918,alpha1G,41-48+50-57+63-83+86-89+91-105+115-128+133-156+166-176+179-190+196-199+202-222+224-229+236-244+248-272+284-296+298-306,,,,
marts_E00919,gamma,139-147+149-151+157-159+162-171+186-203+206-222+234-248+258-275+281+284-286+288-290+294-295+300-303+314-323+327-337,alpha1C,44-48+50-57+63-83+86-89+91-102+115-125+127-128+133-156+166-176+179-190+198-199+202-222+224-229+236-238+242-244+248-279+285-296+298-306,delta1,74-86+385-399+402-403+405-406+409-421+454-467+484-490+531-543+545-547+553-570+585-599+610-621+633-634+638+651-662+667-680+707-718
marts_E00920,gamma,139-147+149-151+157-159+162-171+186-203+206-222+234-248+258-275+281+284-286+288-290+294-295+300-303+314-323+327-337,delta1,73-86+385-399+401-403+405+409-421+454-467+487-492+531-543+546-547+554+556-570+585-599+610-621+633-634+638+651-662+667-680+707-718,alpha1C,48+50-57+63-83+86-88+91-105+115-128+135-156+166-172+179-190+196-199+202-222+224-229+236-242+251-279+284-296+298-306
marts_E00921,alpha3B,73-85+96-121+139-158+160+167-191+204-214+216-219+221-230+243-263+324-346+353-359,,,,
marts_E00922,alpha3B,73-85+96-121+139-159+168-191+204-214+216-219+221-230+239-263+324-346+352-359,,,,
marts_E00923,beta,37-57+64-76+80-82+84-97+104-117+123-129+144-156+162-164+167-181+186-195+203-213+223-237,alpha1D,41-44+46+48+50-57+63-83+86-87+91+93-103+105+115-128+133+136-156+166-176+179-190+196-199+202-222+224-229+236-244+248-272+277-279+294-296+298-306,,
marts_E00924,beta,37-57+64-76+80-82+84-97+104-117+123-129+144-156+162-164+167-181+186-195+203-213+223-237,alpha1D,46+48+50-57+63-83+86-88+91-102+105+115-128+133+136-156+166-176+179-190+196-199+202-205+207-222+224-229+236-244+248-272+277-279+294-296+298-306,,
marts_E00925,beta,37-57+64-76+80-82+84-97+104-117+123-129+144-156+162-164+167-181+186-195+203-213+223-237,alpha1D,46+48+50-57+63-83+86-88+91-102+105+115-128+133+135-137+139-156+166-176+179-190+196-199+202-222+224-229+236-244+248-272+277-279+294-296+298-306,,
marts_E00926,beta,37-57+64-76+80-82+84-97+104-117+123-129+144-156+162-164+167-181+186-195+203-213+223-237,alpha1D,46-48+50-57+63-83+86+91+93-103+115-128+133+136-156+166-176+179-190+196-199+202-204+206-222+224-229+236-244+248-272+277-279+294-296+298-306,,
marts_E00927,beta,37-57+64-76+80-82+84-97+104-117+123-129+144-156+162-164+167-181+186-195+203-213+223-237,alpha1D,41-44+46+48+50-57+63-83+86+91-102+105+115-128+133+136-156+166-176+179-190+196-199+202-205+207-222+224-229+236-244+248-272+277-279+294-296+298-306,,
marts_E00928,beta,37-57+64-76+80-82+84-97+104-117+123-129+144-156+162-164+167-181+186-195+203-213+223-237,alpha1D,39-46+48+50-57+63-83+86-88+91+93-103+105+115-128+133+136-156+166-176+179-190+196-199+202-222+224-229+236-244+248-272+277-279+294-296+298-306,,
marts_E00929,beta,37-57+64-76+80-82+84-97+104-117+123-129+144-156+162-164+167-181+186-195+203-213+223-237,alpha1D,42-48+50-57+63-83+86+91+93-102+105+115-128+133+136-156+166-176+179-190+196-199+202-222+224-229+236-244+248-272+277-279+294-296+298-306,,
marts_E00930,alpha3A,73-85+96-118+139-158+161+167-178+181-191+204-214+216-219+221-231+236-263+324-326+328-346+352-359,,,,
marts_E00931,alpha1G,41-48+50-57+63-83+86-89+91-105+115-128+133-156+166-176+179-190+196-199+202-222+224-229+236-244+248-279+285-296+298-306,,,,
marts_E00933,beta,37-57+64-76+80-82+84-95+97+104-117+123-127+138-141+144-156+162-164+167-181+186-195+203-213+223-237,alpha1D,50-57+63-83+87-88+91-102+104-105+115-128+133-156+166-176+179-188+196-199+202-222+224-229+236-244+248-270+278-279+293-296+298-306,,
marts_E00934,beta,37-57+64-76+80-82+84-96+104-117+123-127+138-141+144-156+162-164+167-181+186-195+203-213+223-237,alpha1D,41-43+45-46+48+50-57+63-83+86-87+91+93-102+105+115-128+133-156+166-176+179-188+196-199+203-222+224-229+236-244+248-270+278-279+293-296+298-306,,
marts_E00936,delta2,73-86+385-398+402-403+406-421+454-466+468-470+480-492+531-547+553-570+585-599+610-621+633-637+649-662+668-678,epsilon,103-115+123-134+151-164+171-183+191-200+213-217+226-228+231-246+261-263+291-306+311-326+337-350+356-367+369-371+376-378+511-513,,
marts_E00937,alpha4B,75-84+93-113+116-117+119+121+143-145+147-158+160-161+167-168+172-180+182-186+189+206-207+209-210+212-214+216-219+221-231+236-263+324-325+327-346+353-359,,,,
marts_E00938,beta,37-57+64-76+80-82+84-97+104-117+123-129+138-142+144-156+162-164+167-181+186-195+203-213+223-237,alpha1D,50-57+63-83+87+91-103+105+115-128+133-156+166-176+179-190+196-199+202-222+224-229+236-244+248-270+278-279+293-296+298-306,,
marts_E00941,alpha1G,41-48+50-57+63-83+87+91-105+115-128+133-156+166-176+179-190+196-199+202-222+224-229+236-244+248-272+284-296+298-306,,,,
marts_E00942,alpha1G,39-48+50-57+63-83+86-89+91-105+115-128+133-156+166-176+179-189+196-199+202-222+224-229+236-244+248-276+288-296+298-306,,,,
marts_E00943,gamma,139-148+158-159+161-171+186-203+206-222+234-248+258-275+283-286+288-291+301-303+314-324+326-337,delta1,73-86+385-399+405-406+409+411-421+454-467+487-492+531-544+561-570+585-597+610-621+649-662+667-680+707-722+727,,
marts_E00944,epsilon,103-115+123-134+151-164+172-183+191-200+213-217+226-228+231-246+254-263+268-270+273-277+291-306+309-330+337-350+356-367+369-371+376-378+510-513,delta2,73-86+385-399+403+405-421+454-470+480-492+531-547+553-570+585-599+610-621+633-638+649-662+667-680+707-720,,
marts_E00945,alpha1G,41-48+50-57+63-83+86+91-105+115-128+133-156+166-176+179-190+196-199+202-222+224-229+236-244+248-275+287-288+290-296+298-306,,,,
marts_E00946,alpha1G,41-48+50-57+63-83+91-105+115-128+133-156+166-176+179-190+196-199+202-222+224-229+236-244+248-272+284-296+298-306,,,,
marts_E00947,alpha1I,45-48+50-57+63-82+92-101+103-104+115-128+133-156+167-176+179-185+190+196-199+202-222+224-227+236-244+251-253+255-275+278-279+289+291-296+298-306,,,,
marts_E00948,delta2,73-86+385-399+402+405-421+454-470+480-492+531-547+553-570+585-599+610-621+633-638+649-662+667-680+707-720,epsilon,104-115+123-133+151-162+164+172-183+191-200+213-217+226-228+231-246+254-263+268-270+273-277+291-306+309-330+339-350+356-367+369-371+376-378+510-513,,
marts_E00949,epsilon,104-115+123-134+151-164+172-183+191-200+213-217+226-228+231-246+254-263+268-270+273-277+291-306+309-330+337-350+356-367+369-371+376-378+510-513,delta2,73-86+385-399+401-403+405-406+408-421+454-470+480-492+531-547+553-570+585-599+610-621+633-638+649-662+667-680+707-720,,
marts_E00950,epsilon,103-115+123-134+151-164+172-183+191-200+213-217+226-228+231-246+254-263+268-270+273-277+291-306+309-330+337-350+356-367+369-371+376-378+510-513,delta2,73-86+385-399+402+405-421+454-468+470+480-492+531-547+553-570+585-599+610-621+633-638+649-662+667-680+707-722+727,,
marts_E00951,epsilon,104-115+123-134+151-164+172-183+191-200+213-217+226-228+231-246+254-263+268-270+273-277+291-306+309-330+337-350+356-367+369-371+376-378+510-513,delta2,73-86+385-399+401-403+405-406+408-421+454-470+480-492+531-547+553-570+585-599+610-621+633-638+649-662+667-680+707-720,,
marts_E00952,alpha1G,48+50-57+63-83+86-88+91-105+115-128+133-156+166-175+179-190+196-199+202-222+224-229+236-244+248-272+284-296+298-306,,,,
marts_E00953,beta,40-57+65-76+80-82+84-97+104-117+123-129+138-142+144-156+162-164+167-181+186-195+203-213+223-237,alpha1D,46-48+50-57+63-83+86-88+91-105+115-128+133-156+166-176+179-190+196-199+202-222+224-229+236-244+248-268+278+292-296+298-306,,
marts_E00954,beta,40-57+64-76+80-82+84-97+104-117+123-129+138-142+144-156+162-164+167-181+186-195+203-213+223-237,alpha1D,44-45+47-48+50-57+63-83+86-88+91-103+105+115-128+133-135+137-156+166-176+179-190+196-199+202-222+224-229+236-244+248-267+269-270+291-296+298-306,,
marts_E00955,epsilon,104-115+123-134+151-164+172-183+191-200+213-217+226-228+231-246+254-263+268-270+273-277+291-306+309-330+337-350+356-367+369-371+376-378+510-513,delta2,73-86+385-399+401-403+406-421+454-468+480-492+531-547+553-570+585-599+610-621+633-638+649-662+667-680+707-722+727,,
marts_E00956,epsilon,103-115+123-134+151-164+172-183+191-200+213-216+226-228+231-246+254-263+268-270+273-277+291-306+309-330+337-350+356-367+369-371+376-378+510-513,delta2,73-86+385-399+406-421+454-468+480-492+531-547+553-570+585-599+610-621+633-638+649-662+667-680+707-720,,
marts_E00957,beta,37-57+64-76+80-82+84-95+104-117+123-129+144-156+162-164+167-181+186-195+203-213+223-237,alpha1D,41-43+45-47+50-57+63-83+86-88+91-102+105+115-128+133-156+166-176+179-190+196-199+202+204-222+224-229+236-244+248-270+279+292-296+298-306,,
marts_E00958,beta,37-38+40-57+64-76+80-82+84-97+104-117+123-129+138-142+144-156+162-164+167-180+186-195+203-213+223-237,alpha1D,41-43+45-46+48+50-57+63-83+86-87+91+93-102+115-128+133+135-156+166-176+179-189+196-199+202-222+224-229+236-244+248-271+279+292-296+298-306,,
marts_E00959,beta,37-38+40-57+64-76+80-82+84-97+104-117+123-129+138-142+144-156+162-164+167-181+186-195+205-213+223-237,alpha1D,50-57+63-83+86-88+91-105+115-128+133-156+166-176+179-190+196-199+202-222+224-229+236-244+248-272+277-279+294-296+298-306,,
marts_E00960,beta,37-57+64-76+80-82+84-96+104-117+123-127+144-156+162-164+167-178+186-195+203-213+223-237,alpha1D,50-57+63-83+86-88+91-103+115-128+133-156+166-176+179-188+196-199+203-222+224-229+236-244+248-273+291-296+298-306,,
marts_E00961,beta,37-38+40-57+64-76+80-82+84-96+104-117+123-126+138-142+144-156+162-164+167-180+186-195+203-213+223-237,alpha1D,41-43+45-47+50-57+63-83+86-88+91-102+105+115-128+133-156+166-176+179-190+196-199+202-222+224-229+236-244+248-270+272+274+291-296+298-306,,
marts_E00962,epsilon,104-115+123-134+151-164+172-183+191-200+213-217+226-228+231-246+254-263+268-270+273-277+291-306+309-330+337-350+356-367+369-371+376-378+510-513,delta2,73-86+385-399+403+405-407+409-421+454-468+470+480-492+531-547+553-570+585-599+610-621+633-638+649-662+667-680+707-722,,
marts_E00963,beta,37-57+64-76+80-82+84-97+104-117+123-129+138-141+144-156+162-164+167-180+188-195+203-213+223-237,alpha1D,41-43+45-46+48+50-57+63-83+86-87+91+93-102+105+115-128+133-156+166-176+179-188+196-199+202-222+224-229+236-244+248-270+278-279+293-296+298-306,,
marts_E00964,beta,37-57+64-76+80-82+84-97+104-117+123-129+138-142+144-156+162-164+167-181+186-195+203-213+223-237,alpha1D,41-43+45-48+51-57+63-83+87+91+93-102+105+115-128+133-156+166-176+179-188+196-199+202-222+224-229+236-244+248-270+278-279+293-296+298-306,,
marts_E00965,beta,44-57+64-76+80-82+84-97+104-117+123-129+144-156+162-164+167-181+186-195+203-213+223-237,gamma,139-147+162-171+186-203+207-222+234-248+258-271+273-275+281-286+288-293+299-303+314-324+327-337,alpha1D,44+46-48+50-57+63-83+86+91-102+105+115-128+133-134+136-156+166-176+179-188+190+196-199+202-222+224-229+236-243+248-271+278-279+293-296+298-306
marts_E00968,beta,45-57+64-76+80-82+84-97+104-117+124-127+129+138-142+144-156+162-164+167-181+186-195+203-213+223-237,gamma,139-147+162-170+187-203+207-222+234-248+258-270+275+281-290+294-295+300-303+314-323+327-337,alpha1D,46-48+50-57+63-83+86+91-102+105+115-128+133-156+166-176+179-189+196-199+202-222+224-229+236-244+248-271+279+292-296+298-306
marts_E00969,beta,43+45-57+64-76+80-82+84-97+104-117+123-127+129+138-142+144-155+162-164+167-180+186-195+203-213+223-237,gamma,139-147+162-170+187-203+207-222+234-248+258-271+275+281-291+299-303+314-323+327-337,alpha1D,47-48+50-57+63-83+86+91-102+104-105+115-128+133-134+136-156+166-176+179-189+196-199+202-222+224-229+236-244+248-271+279+292-296+298-306
marts_E00970,beta,40-57+64-76+80-82+84-97+104-117+123-126+144-156+162-164+167-181+186-195+203-213+223-237,alpha1D,41-43+45-46+48+50-57+63-83+86-87+91+93-102+105+115-128+133+135-156+166-176+179-190+196-197+199+206-222+224-229+236-244+248-272+277-279+294-296+298-306,,
marts_E00971,alpha1G,39-48+50-57+63-83+86+93-105+115-128+133-156+166-175+179-180+182-190+196-199+202-222+224-227+236-244+248-277+288-296+298-306,,,,
marts_E00972,alpha1G,39-48+50-57+63-83+86+94-105+115-128+133-156+166-175+180-190+196-199+202-222+224-229+236-244+248-276+288-296+298-306,,,,
marts_E00973,alpha3B,73-85+96-121+139-160+168-191+204-214+216-219+221-229+236-263+324-346+353-359,alpha1B,53-57+63-82+116+118-128+133-147+149+166-176+179-190+196-199+202-222+224-229+236-244+248-274+287-288+290-296+298-306,,
marts_E00976,alpha3B,73-85+96-121+139-158+160+169-191+204-214+216-219+221-230+243-263+324-346+353-359,alpha1B,41-43+45-47+53-57+63-83+89+115-128+133-144+166-176+179-190+196-199+202-222+224-229+236-244+248-276+288-296+298-306,,
marts_E00978,alpha3B,73-85+96-121+139-159+168-191+204-214+216-219+221-229+236-238+240-263+324-346+352-359,alpha1B,53-57+66-83+87-88+94-95+97-105+115-128+133-152+166-176+179-190+196-199+202-222+224-228+236-244+248-275+288-296+298-306,,
marts_E00980,beta,40-57+64-76+80-82+84-97+104-117+123-129+138-142+144-156+162-164+167-181+186-195+203-213+223-237,alpha1D,41-43+45-47+50-57+63-83+86-87+91+93-102+105+115-128+133-156+166-176+179-190+196-199+202-222+224-229+236-244+248-270+278-279+293-296+298-306,,
marts_E00981,beta,40-57+64-76+80-82+84-97+104-117+123-129+138-142+144-156+162-164+167-180+186-195+203-213+223-237,alpha1D,41-43+45-46+48+50-57+63-83+87-88+91-102+105+115-128+133-156+166-176+179-190+196-199+202-204+207-222+224-229+236-244+248-270+278-279+293-296+298-306,,
marts_E00982,alpha3B,73-85+96-121+139-159+161+168-191+204-214+216-219+221-230+242-263+324-346+353-359,alpha1B,53-57+63-83+86+98-105+115-128+133-150+166-176+179-190+196-199+202-222+224-229+236-244+248-275+288-296+298-306,,
marts_E00983,alpha3B,73-85+96-121+139-159+161+168-191+204-214+216-219+221-230+236-239+243-261+324-346+352-359,alpha1B,41-43+45-46+48+53-57+63-82+86-87+91+93-105+115-128+133-144+166-176+179-190+196-199+202-222+224-229+236-244+248-276+288-296+298-306,,
marts_E00984,alpha1B,53-57+66-83+86-87+91-105+115-128+133-152+166-176+179-190+196-199+202-222+224-229+236-244+248-275+288-296+298-306,alpha3B,73-85+96-121+139-153+184+186-191+204-214+217-219+221-230+239-263+324-346+352-359,,
marts_E00985,alpha3B,73-85+96-121+139-159+168-191+204-214+216-219+221-230+239-263+324-346+353-357+359,alpha1B,53-57+63-83+87-88+99-105+115-128+133-152+166-176+179-190+196-199+202-222+224-228+236-244+248-275+287-288+290-296+298-306,,
marts_E00986,alpha3B,73-85+96-121+139-160+168-191+204-214+216-219+221-230+243-263+324-346+353-359,alpha1B,41-44+46-48+53-57+63-83+115-128+133-145+166-176+179+181-190+196-199+202-222+224-229+236-244+251-279+284-296+298-306,,
marts_E00987,alpha3B,73-82+84-85+96-121+139-159+161+168-191+204-214+216-219+221-229+236-263+324-346+352-359,alpha1B,41-42+45-46+53-57+63-83+86-89+91-98+115-128+133-143+154-155+166-176+180-190+196-199+202-222+224-229+236-241+243-244+251-279+284-296+298-306,,
marts_E00988,alpha3B,73-85+96-121+139-159+161+168-191+204-214+216-219+221-229+237-263+324+326-346+352-359,alpha1B,44-47+53-57+63-83+86-89+91-99+103-105+116-128+133-144+153-155+166-176+180-190+196-199+202-222+224-229+236-244+251-279+284-296+298-306,,
marts_E00989,alpha3B,73-85+96-121+139-159+167-191+204-214+216-219+221-230+236-239+242-263+324-346+352-359,alpha1B,53-57+63-82+100-105+119-128+133-150+166-176+179-190+196-199+202-222+224-229+236-244+248-279+288-296+298-306,,
marts_E00991,alpha3B,73-85+96-121+139-159+168-191+204-214+216-219+221-230+236-263+324-346+352-359,alpha1B,41-43+45-46+48+53-57+63-83+86-87+91-92+94-105+115-128+133-149+153-154+156+166-176+179-190+196-199+202-222+224-229+236-244+248-276+288-296+298-306,,
marts_E00992,alpha3B,73-85+96-121+139-161+168-191+204-214+216-219+221-229+231+236-263+324-346+352-359,alpha1B,44-47+53-57+63-83+86-89+91-92+94-99+115-128+133-144+156+166-174+180-190+196-199+202-222+224-229+236-244+251-279+284-296+298-306,,
marts_E00993,alpha3B,73-85+96-121+139-159+161+167-191+204-214+216-219+221-230+240-263+324-346+352-359,alpha1B,53-57+63-83+86-89+91+93-97+103-105+116-128+133-134+136-145+153-154+156+166-176+179-190+196-199+202-222+224-229+236-244+248-276+288-296+298-306,,
marts_E00994,alpha3B,73-85+96-121+139-159+168-191+204-214+216-219+221-230+239+241-263+324-346+352-359,alpha1B,53-57+63-83+86-87+89+92-105+115-128+133-149+166-174+176+179-190+196-199+202-222+224-229+236-244+248-275+288-296+298-306,,
marts_E00995,alpha3B,73-85+96-121+139-159+170-191+204-214+216-219+221-229+236-263+324-346+352-359,alpha1B,53-57+63-80+99-105+119-128+133-152+166-176+179-190+196-199+202-222+224-229+236-244+248-276+288-296+298-306,,
marts_E00996,alpha3B,73-85+96-121+139-159+169-191+204-214+216-219+221-230+236-239+242-261+324-346+353-359,alpha1B,53-57+63-82+99-105+119-128+133-152+166-176+179-190+196-199+202-222+224-229+236-244+248-275+288-296+298-306,,
marts_E00997,alpha3B,73-85+95-96+98-121+139-158+160+169-191+204-214+216-219+221-230+243-263+324-346+352-359,alpha1B,39-40+53-57+63-82+101-105+119-128+133-150+166-176+179-190+196-199+202-222+224-229+236-244+248-276+288-296+298-306,,
marts_E00998,alpha3B,73-85+96-110+116-121+139-158+160+169-191+204-214+216-219+221-230+236-239+243-263+324-346+352-359,alpha1B,47-48+50-57+63-83+86-87+89+92-105+115-128+133-151+154-156+166-176+179-190+196-199+202-222+224-229+236-244+248-276+278+288-296+298-306,,
marts_E00999,alpha3B,73-85+96-121+139-159+161+168-191+204-214+216-219+221-230+242-263+324-346+353-359,alpha1B,41-43+45-46+48+53-57+63-82+89+91-102+115-128+133-144+166-176+179-190+196-199+202-222+224-229+236-244+248-276+288-296+298-306,,
marts_E01000,alpha3B,73-85+96-121+139-160+168-191+204-214+216-219+221-230+242-263+324-346+352-359,alpha1B,53-57+63-83+87-88+91-105+115-128+133-150+166-176+179-190+196-199+202-222+224-229+236-244+248-277+288-296+298-306,,
marts_E01002,alpha3B,73-85+96-121+139-161+169-191+204-214+216-219+221-231+238-263+324-346+352-359,alpha1B,39-47+53-57+63-83+86-87+91-95+115-128+133-142+154+156+166-176+179-190+196-199+202-222+224-229+236-243+248-276+288-296+298-306,,
marts_E01003,alpha3B,73-85+96-121+139-160+168-191+204-214+216-219+221-230+236-237+243-263+324-346+352-359,alpha1B,53-57+63-83+86-89+91-92+94-102+115-128+133-146+166-176+180-190+196-199+202-222+224-228+236-244+251-279+285-296+298-306,,
marts_E01004,alpha3B,73-85+96-121+139-159+168-191+204-214+216-219+221-230+236-263+324-346+353-359,alpha1B,44-46+48+53-57+63-83+86-89+91-92+94-102+115-128+133-147+154-156+167-176+180-190+196-199+202-222+224-229+236-244+251-279+284-296+298-306,,
marts_E01005,alpha3B,73-85+96-121+139-159+170-191+204-214+216-219+221-228+236-263+324-346+352-359,alpha1B,53-57+63-78+93+98-99+101-105+119-128+133-150+166-176+179-190+196-199+202-222+224-229+236-244+250-251+253-279+285-296+298-306,,
marts_E01006,beta,37-57+64-76+80-82+84-97+104-117+123-129+138-142+144-156+162-164+167-181+186-195+203-213+223-237,alpha1D,50-57+63-83+86-88+91-102+105+115-128+133-156+166-176+179-190+196-199+202-204+207-222+224-229+236-244+248-270+278-279+293-296+298-306,,
marts_E01007,beta,40-57+64-76+80-82+84-97+104-117+123-129+138-142+144-156+162-164+167-181+186-195+203-213+223-237,alpha1D,50-57+63-83+86-87+91+93-103+105+115-128+133+135-156+166-176+179-190+196-199+202-221+236-243+248-271+279+292-296+298-306,,
marts_E01008,beta,40-57+64-76+80-82+84-96+104-117+123-129+142+144-156+162-164+167-177+186-195+203-213+223-237,alpha1D,41-43+45-46+48+50-57+63-83+86-88+91-102+105+115-128+133-134+136-156+166-176+179-190+198-199+202-222+224-229+236-244+248-271+277-279+291-296+298-306,,
marts_E01009,beta,40-57+64-76+80-82+84-96+104-117+123-129+140+144-156+162-164+167-179+186-195+203-213+223-237,alpha1D,41-43+45-46+48+50-57+63-83+86-88+91-103+105+115-128+133+136-156+166-176+179-190+197-199+202-222+224-229+236-244+248-271+279+290-296+298-306,,
marts_E01010,alpha1D,41-43+45-46+48+50-57+63-83+86-87+91+93-102+105+115-128+133-156+166-176+179-189+196-199+202-222+224-229+236-244+248-271+278-279+293-296+298-306,,,,
marts_E01011,beta,39-57+64-76+80-82+84-97+104-117+123-129+138-142+144-156+162-164+167-180+186-195+203-213+223-237,alpha1D,50-57+63-83+86-87+91+93-103+115-128+133-156+166-176+179-188+196-199+202-205+207-222+224-229+236-244+248-271+279+292-296+298-306,,
marts_E01012,beta,39-57+64-76+80-82+84-97+104-117+123-127+144-156+162-164+167-181+186-195+203-213+223-237,alpha1D,41-43+45-47+50-57+63-83+86-88+91-102+104-105+115-128+133+135-156+166-176+179-190+196-199+202-204+207-222+224-229+236-244+248-271+278-279+293-296+298-306,,
marts_E01013,beta,38-57+64-76+80-82+84-97+104-117+123-129+138-142+144-156+162-164+167-181+186-195+203-213+223-237,alpha1D,41-43+45-46+48+50-57+63-83+87-88+91-102+105+115-128+133-156+166-176+179-188+196-199+202-205+207-222+224-229+236-244+248-271+279+292-296+298-306,,
marts_E01014,beta,37-57+64-76+80-82+84-97+104-117+123-129+138-142+144-156+162-164+167-181+186-195+203-213+223-237,alpha1D,41-43+45-46+48+50-57+63-83+86-87+91+93-102+105+115-128+133-156+166-176+179-188+196-199+202-222+224-229+236-244+248-270+278-279+293-296+298-306,,
marts_E01015,beta,40-57+64-76+80-82+84-97+104-117+123-129+138-142+144-156+162-164+167-181+186-195+203-213+223-237,alpha1D,41-43+45-46+48+50-57+63-83+87-88+91-102+105+115-128+133-156+166-176+179-188+196-199+202-205+207-222+224-229+236-244+248-271+279+292-296+298-306,,
marts_E01016,beta,42-57+64-76+80-82+84-95+104-117+123-127+138-142+144-156+162-164+167-181+186-195+203-213+223-237,alpha1D,47-48+50-57+63-83+86-88+91-102+105+115-128+133-156+166-176+179-190+196-199+207-222+224-229+236-244+248-271+278-279+293-296+298-306,,
marts_E01017,beta,40-57+64-76+80-82+84-97+104-117+123-129+138-142+144-156+162-164+167-179+181+186-195+203-213+223-237,alpha1D,41-43+45-46+48+50-57+63-83+86-87+91+93-102+105+115-128+133-156+166-176+179-190+196-199+203-222+224-229+236-244+248-272+278-279+293-296+298-306,,
marts_E01018,beta,37-38+40-57+65-76+80-82+84-96+104-117+123-129+138-142+144-156+162-164+167-181+186-195+203-213+223-237,alpha1D,41-43+45-46+48+50-57+63-83+86-87+91+93-102+105+115-128+133-156+166-176+179-188+196-199+202-203+205-222+224-229+236-244+248-271+278-279+293-296+298-306,,
marts_E01019,beta,40-57+64-76+80-82+84-97+104-117+123-129+138-142+144-156+162-164+167-180+186-195+203-213+223-237,alpha1D,41-43+45-47+50-57+63-83+86-87+91+93-102+105+115-128+133+135-156+166-176+179-189+196-199+202-222+225-229+236-244+248-268+270-271+279+292-296+298-306,,
marts_E01020,alpha3B,73-85+96-121+139-159+161+169-191+204-214+216-219+221-230+242-263+324-344+346+353-359,,,,
marts_E01021,gamma,139-147+149-151+157-159+162-170+186-203+206-222+234-248+259-272+274-275+281+283-290+294-295+300-303+314-323+327-337,delta1,73-86+385-399+401-403+405+408-421+454-467+483-490+531-543+545-547+553-570+585-599+610-621+633-634+649+652-662+667-680+707-715,alpha1C,39-43+46-48+50-57+63-83+88-89+91-103+115-126+133-156+166-174+179-190+196-199+202-222+224-229+236-242+248-279+284-285+287-296+298-306
marts_E01022,alpha3B,73-85+96-121+139-161+167-191+204-214+216-219+221-229+242-263+324-346+353-359,,,,
marts_E01023,alpha3B,73-85+96-121+139-160+168-191+204-214+216-219+221-228+236-263+324-346+352-359,alpha1B,53-57+63-83+86+98+101+104-105+115-128+133-145+166-176+179-190+196-199+202-222+224-229+236-244+248-274+287-288+290-296+298-306,,
marts_E01026,beta,40-57+64-76+80-82+84-97+104-117+123-129+138-142+144-156+162-164+167-181+186-195+203-213+223-237,alpha1D,41-43+45-47+50-57+63-83+86-88+91-102+105+115-128+133-134+137-156+166-176+179-188+190+196-199+202-222+225+227+229+236-244+248-272+278-279+293-296+298-306,,
marts_E01027,alpha3B,73-85+96-121+139-159+169-191+204-214+216-219+221-229+240-263+324-346+353-359,alpha1B,53-57+63-83+86-89+93-105+115-128+133-134+136-152+166-176+179-190+196-199+202-222+224-228+236-244+248-275+288-296+298-306,,
marts_E01028,beta,40-57+64-76+80-82+84-97+104-117+123-129+139-142+144-156+162-164+167-181+186-195+203-213+223-237,alpha1D,41-43+45-47+50-57+63-83+86-88+91-102+115-128+133+135-156+166-176+179-190+196-199+202-222+224-229+236-243+248-271+293-296+298-306,,
marts_E01029,beta,40-57+64-76+80-82+84-97+104-117+123-129+139-142+144-156+162-164+167-181+186-195+203-213+223-237,alpha1D,41-43+45-47+50-57+63-83+86-88+91-102+115-128+133+135-156+166-176+179-189+196-199+202-204+207-222+224-229+236-243+248-271+279+293-296+298-306,,
marts_E01030,beta,40-57+64-76+80-82+84-97+104-117+123-129+139-142+144-156+162-164+167-180+186-195+203-213+223-237,alpha1D,41-43+45-46+48+50-57+63-83+86-87+91+93-102+105+115-128+133+135-156+166-176+179-190+196-199+202-222+224-229+236-243+248-271+279+293-296+298-306,,
marts_E01031,beta,37-38+40-57+64-76+80-82+84-97+104-117+123-129+140-142+144-155+162-164+167-181+186-195+203-213+223-237,alpha1D,50-57+63-83+86-88+91+93-102+105+115-128+133-156+166-176+179-189+196-199+202-222+224-229+236-243+248-272+279+292-296+298-306,,
marts_E01032,beta,40-57+64-76+80-82+84-97+104-117+123-129+138-142+144-156+162-164+167-181+186-195+203-213+223-237,alpha1D,42-43+46-48+50-57+63-83+86-88+91-102+115-128+133+135-156+166-176+179-190+196-199+202-222+224-229+236-243+248-271+279+293-296+298-306,,
marts_E01033,beta,37-38+40-57+64-76+80-82+84-97+104-117+123-129+140-142+144-156+162-164+167-181+186-195+203-213+223-237,alpha1D,46-48+50-57+63-83+86-88+91-102+105+115-128+133-156+166-176+179-189+196-199+203-222+224-229+236-243+248-271+278-279+293-296+298-306,,
marts_E01034,beta,37-38+40-57+64-76+80-82+84-97+104-117+123-129+138+141-142+144-156+162-164+167-181+186-195+203-213+223-237,alpha1D,44+47-48+50-57+63-83+86-87+91+93-102+105+115-128+133-156+166-176+179-189+196-199+203-222+224-229+236-243+248-271+278-279+293-296+298-306,,
marts_E01035,beta,40-57+64-76+80-82+84-97+104-117+123-129+139-142+144-156+162-164+167-181+186-195+203-213+223-237,alpha1D,41-43+45-47+50-57+63-83+86-88+91-102+115-128+133+135-156+166-176+179-190+196-199+202-222+224-229+236-243+248-271+293-296+298-306,,
marts_E01036,alpha3B,73-85+96-121+140-141+143-160+169-191+204-214+216-219+221-230+242-263+324-341+343-346+353-359,alpha1B,53-57+63-83+87-88+91-92+94-105+115-128+133-149+166-176+179-190+196-199+202-222+224-229+236-244+248-275+288-296+298-306,,
marts_E01037,beta,39-57+64-76+80-82+84-94+104-117+123-129+138-141+144-156+162-164+167-181+186-195+203-213+223-237,alpha1D,50-57+63-83+86-88+91-105+115-128+133-156+166-176+179-190+206-222+224-229+236-244+248-272+277-279+294-296+298-306,,
marts_E01038,beta,37-57+64-76+80-82+84-96+104-117+123-129+144-156+162-164+167-181+186-195+203-213+223-237,alpha1D,46-48+50-57+63-83+86-88+91-105+115-127+133-134+136-156+166-176+179-189+196-199+203-204+206-222+224-229+236-244+248-272+276-279+292-296+298-306,,
marts_E01039,beta,37-57+64-76+80-82+84-96+104-117+123-129+144-156+162-164+167-181+186-195+203-213+223-237,alpha1D,46-48+50-57+63-83+86-87+91-105+115-128+133-156+166-176+179-189+196-199+203-205+207-222+224-229+236-244+248-271+279+292-296+298-306,,
marts_E01040,beta,37-57+64-76+80-82+84-96+104-117+123-127+144-156+162-164+167-181+186-195+203-213+223-237,alpha1D,46-48+50-57+63-83+86-87+91-105+115-128+133-156+166-176+179-190+196-199+202-205+207-222+224-229+236-244+248-272+279+292-296+298-306,,
marts_E01041,beta,37-57+64-76+80-82+84-96+104-117+123-129+144-156+162-164+167-181+186-195+203-213+223-237,alpha1D,46-48+50-57+63-83+86-87+91-105+115-128+133-156+166-176+179-190+196-199+202-205+207-222+224-229+236-244+248-272+279+292-296+298-306,,
marts_E01043,beta,37-57+64-76+80-82+84-96+104-117+123-129+144-156+162-164+167-181+186-195+203-213+223-237,alpha1D,46-48+50-57+63-83+86-87+91-105+115-128+133-156+166-176+179-188+196-199+203-204+207-222+224-229+236-244+248-272+279+292-296+298-306,,
marts_E01044,beta,37-57+64-76+80-82+84-96+104-117+123-129+144-156+162-164+167-181+186-195+203-213+223-237,alpha1D,50-57+63-83+86-88+91-102+104-105+115-128+133-156+166-176+179-189+196-199+203-222+224-229+236-244+248-271+279+292-296+298-306,,
marts_E01045,alpha1G,39-48+50-57+63-83+91-105+115-128+133-156+166-176+179-190+196-199+202-222+224-229+236-244+248-272+284-296+298-306,,,,
marts_E01046,alpha1G,41-48+50-57+63-83+86+91-105+115-128+133-156+166-176+179-190+196-199+202-222+224-229+236-243+248-272+284-296+298-306,,,,
marts_E01047,alpha1G,39-48+50-57+63-83+86-87+91-105+115-128+133-156+166-176+179-190+196-199+202-222+224-229+236-244+248-275+284-296+298-306,,,,
marts_E01048,alpha1G,41-48+50-57+63-83+87-88+91-105+115-128+133-156+166-176+179-190+196-199+202-222+224-229+236-244+248-272+284-296+298-306,,,,
marts_E01049,alpha1G,41-48+50-57+63-83+87-88+91-105+115-128+133-156+166-176+179-190+196-199+202-222+224-229+236-244+248-272+277-279+288-296+298-306,,,,
marts_E01050,alpha1G,39+41-48+50-57+63-83+86-87+91-105+115-128+133-156+166-176+179-190+196-199+202-222+224-229+236-244+248-278+284-296+298-306,,,,
marts_E01051,alpha1G,39-48+50-57+63-83+87-88+91-105+115-128+133-156+166-176+179-187+196-199+202-222+224-229+236-244+248-272+284-296+298-306,,,,
marts_E01052,alpha1G,39-48+50-57+63-83+87-88+91-105+115-128+133-156+166-176+179-187+196-199+202-222+224-229+236-244+248-269+284-296+298-306,,,,
marts_E01053,alpha1G,50-57+63-83+86+91-105+115-128+134-156+166-176+179-187+196-199+202-222+224-229+236-244+248-272+285-296+298-306,,,,
marts_E01054,alpha1G,39-48+50-57+63-83+87-88+91-105+115-128+134-156+166-176+179-187+196-199+202-222+224-229+236-244+248-272+284-296+298-306,,,,
marts_E01055,beta,38-56+64-76+80-82+84-97+104-117+123-129+138-142+144-156+162-164+167-180+186-195+203-213+223-237,alpha1D,50-57+63-83+86-87+91+93-102+105+115-128+133-156+166-176+179-188+196-199+202-204+207-222+225+227-229+236-244+248-270+278-279+293-296+298-306,,
marts_E01057,beta,37-57+67-76+80-82+84-97+104-117+123-129+138-142+144-156+162-164+167-181+186-195+203-213+223-237,alpha1D,41-43+45-48+51-57+63-83+87+91+93-102+105+115-128+133-156+166-176+179-188+196-199+202-222+224-229+236-244+248-270+278-279+293-296+298-306,,
marts_E01059,beta,37-57+64-76+80-82+84-97+104-117+123-129+138-142+144-156+162-164+167-180+186-195+203-213+223-237,alpha1D,41-43+45-46+48+50-57+63-83+87-88+91-102+105+115-128+133-156+166-176+179-188+196-199+202-222+224-229+236-244+248-268+270-271+279+292-296+298-306,,
marts_E01060,alpha1G,39-48+50-57+63-83+86-87+91-105+115-128+133-156+166-176+179-187+196-199+202-222+224-229+236-244+248-269+285-296+298-306,,,,
marts_E01061,beta,37-57+65-76+80-82+84-97+104-117+123-129+138-142+144-156+162-164+167-181+186-195+203-213+223-237,alpha1D,41-43+45-48+51-57+63-83+87+91+93-102+105+115-128+133-156+166-176+179-187+196-199+202-205+207-222+224-228+236-244+248-272+278-279+293-296+298-306,,
marts_E01062,beta,40-57+64-76+80-82+84-97+104-117+123-129+138-142+144-156+162-164+167-180+186-195+203-213+223-237,alpha1D,41-43+45-47+50-57+63-83+86-87+91+93-102+105+115-128+133-156+166-176+179-188+196-199+202-222+224-229+236-244+248-270+278-279+293-296+298-306,,
marts_E01064,alpha1G,41-48+50-57+63-83+86-88+91-105+115-128+133-156+166-176+179-190+196-199+202-222+224-229+236-244+248-271+273-275+277+279+288+290-296+298-306,,,,
marts_E01065,alpha1G,41-48+50-57+63-83+86-87+91-105+115-128+133-156+166-176+179-190+196-199+202-222+224-229+236-244+248-270+272-276+278-279+290-296+298-306,,,,
marts_E01066,alpha3B,73-85+96-121+139-160+168-191+204-214+216-219+221-230+243-263+324-346+353-359,alpha1B,53-57+63-83+87+91-105+115-128+133-149+166-176+179-190+196-199+202-222+224-229+236-244+248-279+288-296+298-306,,
marts_E01069,beta,39-57+64-76+80-82+84-95+97+104-117+123-129+138-141+144-156+162-164+167-181+186-195+203-213+223-237,alpha1D,41-43+45-47+50-57+63-83+86-87+91+93-102+105+115-128+133-156+166-176+179-189+196-199+202-204+207-222+224-229+236-244+248-270+278-279+293-296+298-306,,
marts_E01070,beta,39-57+64-76+80-82+84-95+97+104-117+123-129+138-141+144-156+162-164+167-181+186-195+203-213+223-237,alpha1D,41-43+45-47+50-57+63-83+86-87+91+93-102+105+115-128+133-156+166-176+179-190+196-199+202-204+207-222+224-229+236-244+248-270+278-279+293-296+298-306,,
marts_E01071,beta,37-57+64-76+80-82+84-96+104-117+123-129+138-141+144-156+162-164+167-181+186-195+203-213+223-237,alpha1D,41-43+45-46+48+50-57+63-83+87+91+93-102+105+115-128+133-156+166-176+181-188+196-199+202-222+224-229+236-244+248-270+278-279+293-296+298-306,,
marts_E01072,beta,40-57+64-76+80-82+84-97+104-117+123-129+138-142+144-156+162-164+167-181+186-195+203-213+223-237,alpha1D,41-43+45-47+50-57+63-83+86-88+91-102+105+115-128+133-156+166-176+179-188+196-199+202-222+224-229+236-244+248-271+278-279+293-296+298-306,,
marts_E01073,beta,40-57+64-76+80-82+84-97+104-117+123-129+138-142+144-156+162-164+167-181+186-195+203-213+223-237,alpha1D,41-43+45-47+50-57+63-83+86-88+91-102+105+115-128+133-156+166-176+179-188+196-199+202-222+224-229+236-244+248-272+278-279+293-296+298-306,,
marts_E01074,beta,41-57+64-76+80-82+84-97+104-117+123-129+138-142+144-156+162-164+167-181+186-195+203-213+223-237,alpha1D,41-43+45-46+48+50-57+63-83+86-88+91-102+105+115-128+133-156+166-176+179-188+196-199+202-222+224-229+236-244+248-270+278-279+293-296+298-306,,
marts_E01075,beta,39-57+64-76+80-82+84-97+104-117+123-129+144-156+162-164+167-181+186-195+203-213+223-237,gamma,139-147+162-170+186-203+207-222+234-248+258-272+274-275+281-282+284-286+288-290+293-295+300-303+314-324+327-337,alpha1D,41+43-48+50-57+63-83+103-105+117-128+133-134+136-152+155-156+171-176+179-190+196-199+202-222+224-226+228+238-241+261-271+291-296+298-306
marts_E01076,beta,46-57+64-76+80-82+84-97+104-117+123-129+138-142+144-155+162-164+167-180+186-195+203-213+223-237,gamma,139-147+162-170+186-203+207-222+234-248+258-275+281-290+294-295+300-303+314-324+327-337,alpha1D,46-48+50-57+63-83+86+91-102+115-128+133-134+136-156+166-176+179-190+196-199+202-222+224-229+236-244+248-271+291-296+298-306
marts_E01077,alpha1G,39-48+50-57+63-83+87-88+93-105+115-128+133-156+166-176+179-190+196-199+202-222+224-229+236-244+248-272+277-279+285-296+298-306,,,,
marts_E01080,alpha3B,73-85+93-121+139-161+167-191+204-214+216-219+221-231+236-263+324-344+346+352-359,,,,
marts_E01081,alpha1G,41-48+50-57+65-83+87-89+96-101+103+115-128+133-154+166-176+179-187+196-199+202-222+224-229+236-244+248-276+288-296+298-306,,,,
marts_E01082,alpha1G,41-48+50-57+63-83+86-89+91-105+115-128+133-156+166-176+179-190+196-199+202-222+224-229+236-244+248-272+277-279+293-296+298-306,,,,
marts_E01083,alpha1G,41-48+50-57+63-83+92+96-105+115-128+133-156+166-176+179-190+196-199+202-222+224-229+236-243+248-279+284-296+298-306,,,,
marts_E01084,alpha1G,41-48+50-57+63-83+86+89+91-105+118-128+133-156+166-176+179-189+196-199+202-222+224-229+236-244+248-277+284-296+298-306,,,,
marts_E01085,alpha1G,41-48+50-57+63-83+88-89+91-105+115-128+133-156+166-176+179-189+196-199+202-222+224-229+236-244+248-276+284-296+298-306,,,,
marts_E01086,alpha1G,41-48+50-57+63-83+88-89+91-105+115-128+133-156+166-176+179-189+196-199+202-222+224-229+236-244+248-276+284-296+298-306,,,,
marts_E01087,alpha3B,73-85+96-121+139-158+160-161+169-191+204-214+216-219+221-230+242-263+324-346+353-359,gamma,139-147+149-151+157-159+162-171+186-203+206-222+237-248+258-272+274-275+281+283-286+288-290+293-295+300-303+314-323+327-337,delta1,74-86+385-399+411-421+454-467+487-492+531-543+545-547+555+557-570+585-599+610-621+636+649-662+667-678+707-718
marts_E01088,alpha3B,73-85+95-96+98-121+139-158+160+168-191+204-214+216-219+221-230+243-263+324-346+353-359,alpha1B,53-57+65-83+86+115-128+133-147+166-176+179-190+196-199+202-222+224-229+236-244+248-275+288-296+298-306,,
marts_E01089,alpha1I,39-48+50-57+63-83+86+89+95-105+116-128+133-155+166-176+179-186+196-199+203-222+224-226+228-229+236-244+251-252+254-274+278-279+293+295-296+298-306,,,,
marts_E01090,alpha1G,39-48+50-57+63-83+86+91-105+115-128+133-156+166-176+179-188+196-199+202-222+224-229+236-244+248-272+284-296+298-306,,,,
marts_E01091,alpha1G,39-48+50-57+63-83+86+91-105+115-128+133-156+166-176+179-188+196-199+202-222+224-229+236-244+248-272+284-296+298-306,,,,
marts_E01092,alpha1G,39-48+50-57+63-83+87-88+91-105+115-128+133-156+166-176+179-187+196-199+202-222+224-229+236-244+248-272+284-296+298-306,,,,
marts_E01093,alpha1G,41-48+50-57+63-83+87-88+91-105+115-128+133-156+166-176+179-190+196-199+202-222+224-229+236-244+248-272+284-296+298-306,,,,
marts_E01094,alpha1G,39-48+50-57+63-83+87-88+91-105+115-128+133-156+166-176+179-190+196-199+202-222+224-229+236-244+248-272+284-296+298-306,,,,
marts_E01095,alpha1G,39-48+50-57+63-83+87-88+93-105+115-128+133-156+166-176+179-190+196-199+202-222+224-229+236-244+248-272+284-296+298-306,,,,
marts_E01096,alpha1G,39-48+50-57+63-83+87-88+93-105+115-128+133-156+166-176+179-190+196-199+202-222+224-229+236-244+248-272+284-296+298-306,,,,
marts_E01097,beta,37-57+64-76+80-82+84-97+104-117+123-129+138-142+144-156+162-164+167-178+180-181+186-195+203-213+223-237,alpha1D,41-43+45-48+51-57+63-83+87+91+93-102+105+115-128+133-156+166-176+179-189+196-199+202-203+205-222+224-229+236-244+248-270+278-279+293-296+298-306,,
marts_E01098,beta,37-57+64-76+80-82+84-97+104-117+123-129+138-142+144-156+162-164+167-180+186-195+203-213+223-237,alpha1D,41-43+45-47+50-57+63-83+87-88+91-102+105+115-128+133-156+166-176+179-189+196-199+202-222+224-229+236-244+248-270+278-279+293-296+298-306,,
marts_E01099,beta,37-57+64-76+80-82+84-97+104-117+123-129+138-142+144-156+162-164+167-178+180-181+186-195+203-213+223-237,alpha1D,41-43+45-47+50-57+63-83+87-88+91-102+105+115-128+133-156+166-176+179-189+196-199+202-222+224-229+236-244+248-270+278-279+293-296+298-306,,
marts_E01100,beta,37-57+64-76+80-82+84-97+104-117+123-129+138-142+144-156+162-164+167-180+186-195+203-213+223-237,alpha1D,41-43+45-47+50-57+63-83+87-88+91-102+104-105+115-128+133-156+166-176+179-189+196-199+202-204+207-222+224-229+236-244+248-270+278-279+293-296+298-306,,
marts_E01101,beta,37-57+64-76+80-82+84-97+104-117+123-129+138-142+144-156+162-164+167-180+186-195+203-213+223-237,alpha1D,41-43+45-47+50-57+63-83+87-88+91-102+105+115-128+133-156+166-176+179-189+196-199+202-222+224-229+236-244+248-270+278-279+293-296+298-306,,
marts_E01102,beta,37-57+64-76+80-82+84-97+104-117+123-129+138-142+144-156+162-164+167-178+180-181+186-195+203-213+223-237,alpha1D,41-43+45-47+50-57+63-83+87-88+91-102+105+115-128+133-156+166-176+179-189+196-199+202-222+224-229+236-244+248-270+278-279+293-296+298-306,,
marts_E01103,beta,45-57+64-76+80-82+84-97+104-117+123-129+144-155+162-164+167-181+186-195+203-213+223-237,gamma,139-147+162-170+186-203+207-222+234-248+258-271+274-275+281+284-290+293-295+300-303+314-324+327-337,alpha1D,73-81+96-121+139-161+167-184+216-219+221-231+236-239+242-260+262-263+324-346+354-359
marts_E01105,alpha3B,73-85+93-121+141-161+167-191+204-214+216-219+221-231+236-263+324-345+352-359,,,,
marts_E01106,alpha3B,73-85+93-121+139-161+167-191+204-214+216-219+221-231+236-263+324-344+346+352-359,,,,
marts_E01107,alpha3B,73-85+96-121+139-159+161+168-191+204-214+216-219+221-230+242-263+324-346+353-359,alpha1B,41-46+48+53-57+65-83+86+91+93-105+115-128+133-150+166-176+179-190+196-199+202-222+224-229+236-244+248-276+288-296+298-306,,
marts_E01108,beta,40-57+64-76+80-82+84-96+104-117+123-129+138-142+144-156+162-164+167-181+186-195+203-213+223-237,alpha1D,41-43+45-46+48+50-57+63-83+86-88+91-102+104-105+115-128+133-134+136-156+166-176+179-190+196-199+202-204+207-222+224-229+236-244+248-274+276+291-296+298-306,,
marts_E01109,beta,40-57+64-76+80-82+84-97+104-117+123-129+138-141+144-156+162-164+167-179+187-195+203-213+223-237,alpha1D,41-43+45-46+48+50-57+63-83+86-87+91+93-102+105+115-128+133-156+166-176+179-187+196-199+202-222+224-229+236-244+248-271+278-279+293-296+298-306,,
marts_E01110,alpha3B,73-85+96-121+139-159+168-191+204-214+216-219+221-230+239+241-263+324-346+352-359,alpha1B,53-57+66-83+88-89+91-105+115-128+133-149+166-176+179-190+196-199+202-222+224-229+236-244+248-276+287-296+298-306,,
marts_E01111,alpha3B,73-85+96-121+139-160+168-191+204-214+216-219+221-230+243-263+324-346+352-359,alpha1B,53-57+63-83+87-88+91-105+115-128+133-150+166-176+179-190+196-199+202-222+224-229+236-244+248-277+288-296+298-306,,
marts_E01112,beta,40-57+64+68-76+80-82+84-97+104-117+123-129+138-142+144-156+162-164+167-181+186-195+203-213+223-237,alpha1D,50-57+63-83+86-88+91-102+105+115-128+133-156+166-176+179-188+196-199+202-203+207-222+224-229+236-244+248-272+278-279+293-296+298-306,,
marts_E01114,delta2,73-86+385-398+410-421+454-467+469-470+480-492+531-542+557-570+585-597+599+610-621+649-661+669-680+707-718,epsilon,139-151+157-159+161-171+189-190+192-201+214-222+233-245+267-270+281-293+295+299-304+314-322+325-334,,
marts_E01115,alpha3B,73-85+96-121+139-161+167-191+204-214+216-219+221-229+242-263+324-346+353-359,,,,
marts_E01116,gamma,139-147+149-151+157-159+162-170+186-203+206-222+234-248+259-272+274-275+281+283-290+294-295+300-303+314-323+327-337,delta1,73-86+385-399+401-403+408-421+454-467+483-490+531-543+545-547+553-570+585-599+610-621+633-634+649+652-662+667-680+707-715,alpha1C,48+50-57+63-83+86-87+91-105+116-128+133-156+166-175+179-190+198-199+202-222+224-229+236-238+240-242+248-279+284-285+287-288+290-296+298-306
marts_E01117,beta,37-57+64-76+80-82+84-97+104-117+123-129+144-156+162-164+167-181+186-195+203-213+223-237,gamma,139-147+162-170+186-203+207-222+234-248+258-272+274-275+281-282+284-286+288-290+293-295+300-303+314-324+327-337,alpha1D,41+43-48+50-57+63-82+86+92-103+116-128+133+136-152+156+173-176+179-190+196-199+202-222+224-227+257-271+291-296+298-306
marts_E01118,beta,50-57+64-76+80-82+84-97+104-117+123-129+138-140+144-156+162-164+167-181+186-195+203-213+223-237,alpha1D,50-57+63-83+86-88+91-103+115-128+133+136-156+166-176+179-188+190+196-199+202-222+224-229+236-244+248-271+279+292-296+298-306,,
marts_E01119,beta,40-57+64-76+80-82+84-97+104-117+124-129+144-156+162-164+167-181+186-195+203-213+223-237,gamma,139-147+162-170+186-203+207-222+234-248+258-275+281-282+284-291+299-303+314-324+327-337,alpha1D,73-81+84+96-114+144-161+167-183+190-191+221-231+236-257+331-346+352-359
marts_E01120,beta,39-57+64-76+80-82+84-97+104-117+123-129+144-156+162-164+167-181+186-195+203-213+223-237,gamma,139-147+162-170+186-203+207-222+234-248+258-272+274-275+281-282+284-291+299-303+314-324+327-337,alpha1D,41-42+44-48+50-57+63-83+86+91-105+115-126+128+133-134+136-152+174-176+180-190+202-222+224-229+239-242+261-271+279+292-296+298-306
marts_E01121,beta,49-57+64-76+80-82+84-97+104-117+123-129+138-140+144-156+162-164+167-181+186-195+203-213+223-237,alpha1D,45-48+50-57+63-83+86-87+91+93-103+115-128+133-156+166-176+179-188+190+196-199+202-222+224-229+236-242+248-271+279+292-296+298-306,,
marts_E01122,beta,40-57+64-76+80-82+84-97+104-117+123-129+138+144-155+162-164+167-180+186-195+203-213+223-237,gamma,139-147+162-170+186-203+207-222+234-248+258-270+272+281-290+294-295+300-303+314-323+327-337,alpha1D,46-48+50-57+63-83+86-88+91-103+115-128+133-156+166-176+179-188+190+196-199+202-222+224-229+236-244+248-271+291-296+298-306
marts_E01123,alpha3B,73-85+96-121+139-158+160-161+168-191+204-214+216-219+221-230+242-263+324-346+353-359,,,,
marts_E01124,alpha1G,39-48+50-57+63-83+87+91+93-103+118-128+133-156+166-176+179-190+196-199+202-222+224-229+236-244+248-276+279+284-285+287-296+298-306,,,,
marts_E01125,alpha1G,39-48+50-57+64-83+86-89+91-105+115-128+133-156+166-176+179-190+196-199+203-222+224-229+236-244+248-279+284-296+298-306,,,,
marts_E01126,beta,40-57+64-76+80-82+84-95+97+104-117+123-129+138-139+144-156+162-164+167-181+186-195+203-213+223-237,alpha1D,42-44+47-48+50-57+63-83+86-88+91-103+105+115-128+133-156+166-176+179-190+196-199+202-204+206-222+224-225+236-244+248-272+277-279+293-296+298-306,,
marts_E01127,beta,40-57+64-76+80-82+84-95+104-117+123-129+138-142+144-156+162-164+167-180+186-195+203-213+223-237,alpha1D,50-57+63-83+87-88+91-102+104-105+115-128+133-156+166-176+179-188+196-199+202-222+224-229+236-244+248-269+271+279+292-296+298-306,,
marts_E01128,beta,40-57+64-76+80-82+84-97+104-117+123-129+138-142+144-156+162-164+167-181+186-195+203-213+223-237,alpha1D,41-43+45-47+50-57+63-83+86-87+91+93-102+105+115-128+133-156+166-176+179-189+196-199+202-204+207-222+224-229+236-244+248-270+278-279+293-296+298-306,,
marts_E01129,beta,42-57+64-76+80-82+84-97+104-117+123-129+138-142+144-156+162-164+167-180+186-195+203-213+223-237,alpha1D,41-43+45-47+50-57+63-83+86-87+91+93-102+105+115-128+133-156+166-176+179-188+196-199+202-204+207-222+224-229+236-244+248-270+278-279+293-296+298-306,,
marts_E01130,beta,40-57+64-76+80-82+84-96+104-117+123-129+138-142+144-156+162-164+167-181+186-195+203-213+223-237,alpha1D,50-57+63-83+87+91-105+115-128+133-156+166-176+179-188+196-199+202-222+224-229+236-244+248-269+271+279+292-296+298-306,,
marts_E01131,alpha1G,39-48+50-57+63-83+87-89+91-105+115-128+133-156+166-176+179-190+196-199+202-222+224-229+236-244+248-276+289-296+298-306,,,,
marts_E01133,beta,45-57+64-76+80-82+84-97+104-117+123-127+138-141+144-155+162-164+167-181+186-195+203-213+223-237,alpha1D,45-48+50-57+63-83+86-88+91-102+115-128+133-134+136-156+166-176+179-190+196-199+202-222+224-229+236-244+248-271+291-296+298-306,gamma,139-147+162-170+186-203+207-222+234-248+258-270+272-273+288-291+294-295+300-303+314-324+327-337
marts_E01134,beta,38-57+64-76+80-82+84-97+104-117+123-129+138-142+144-155+162-164+167-180+186-195+203-213+223-237,gamma,139-147+162-170+186-203+207-222+234-248+258-275+281-290+294-295+300-303+314-324+327-337,alpha1D,46-48+50-57+63-83+89+92-103+115-128+133-134+136-156+166-176+179-189+196-199+202-222+224-229+236-244+248-271+291-296+298-306
marts_E01135,beta,44-57+64-76+80-82+84-97+104-117+123-129+138-140+144-155+162-164+167-181+186-195+203-213+223-237,gamma,139-147+162-170+186-203+207-222+234-248+258-275+281-290+294-295+300-303+314-324+327-337,alpha1D,41-42+48+50-57+63-83+86-88+91-103+115-128+133-134+137-156+166-176+179-188+190+196-199+202-222+224-229+236-244+248-271+279+292-296+298-306
marts_E01136,alpha3B,73-85+96-121+139-158+160+169-191+204-214+216-219+221-230+244-263+324-346+352-359,alpha1B,47-48+50-57+66-81+117-128+133-146+166-176+179-190+196-199+202-222+224-229+236-244+248-276+278+288-296+298-306,,
marts_E01137,beta,43-57+64-76+80-82+84-97+104-117+123-129+138-140+144-155+162-164+167-181+186-195+203-213+223-237,gamma,139-147+162-170+186-203+207-222+234-248+258-275+281-290+294-295+300-303+314-324+327-337,alpha1D,50-57+63-83+86-88+91-103+115-128+133-134+137-156+166-176+179-190+196-199+202-222+224-229+236-243+248-271+278-279+293-294
marts_E01138,beta,64-76+80-82+84-97+104-117+123-129+144-156+162-164+167-181+186-195+203-213+223-237,gamma,186-203+207-222+234-248+258-271+274-275+281+283-286+288-290+293-295+300-303+314-324+327-337,alpha1D,41+43-48+50-57+63-83+86-88+91-103+116-128+136-150+152-153+156+179-189+196-199+202-222+224-227+241+258-271+291-296+298-306
marts_E01139,beta,42-57+64-76+80-82+84-97+104-117+123-126+138-140+144-156+162-164+167-181+186-195+203-213+223-237,gamma,139-147+162-170+186-203+207-222+234-248+258-273+288-291+294-295+300-304+314-324+327-337,alpha1D,41-43+46-48+50-57+63-83+91+94-99+115-128+133-134+137-156+166-171+173-176+179-187+196-199+202-222+224-229+237-239+248-271+291-296+298-306
marts_E01140,beta,49-57+64-76+80-82+84-97+104-117+123-129+144-156+162-164+167-181+186-195+203-213+223-237,gamma,139-147+162-170+186-203+207-222+234-248+258-272+274-275+281-282+284-286+288-290+293-295+300-303+314-324+327-337,alpha1D,39-41+44-48+50-57+63-83+86+91-100+102-104+115-126+133-152+173-176+179-190+196-199+202-222+224-229+241-242+259-271+279+292-296+298-306
marts_E01141,alpha1D,39+41+44-48+50-57+63-83+86-87+93+96-97+115-126+128+133-134+136-152+173-176+179-190+196-199+202-222+224-225+238-240+260-271+291-296+298-306,beta,110-117+123-129+144-155+162-164+167-181+186-195+203-213+223-237,,
marts_E01142,beta,38-57+64-76+80-82+84-97+104-117+123-129+144-156+162-164+167-181+186-195+203-213+223-237,gamma,139-147+162-170+186-203+207-222+234-248+258-272+274-275+281-282+284-286+288-290+293-295+300-303+314-324+327-337,alpha1D,41-44+46-48+50-57+63-81+91-103+115-128+136-152+156+173-176+179-190+196-199+202-222+224-227+256-271+291-296+298-306
marts_E01143,beta,51-52+54-55+64-76+80-82+84-97+104-117+123-129+138-140+144-156+162-164+167-181+186-195+203-213+223-237,alpha1D,50-57+63-83+89+92-103+115-128+133-134+136-156+166-176+179-189+196-199+202-222+224-229+236-244+248-271+279+292-296+298-306,,
marts_E01144,beta,37-57+64-76+80-82+84-97+104-117+123-129+138-142+144-156+162-164+167-181+186-195+203-213+223-237,alpha1D,41-43+45-48+51-57+63-83+87+91+93-102+105+115-128+133-156+166-176+179-188+196-199+202-203+205-222+224-229+236-244+248-270+278-279+293-296+298-306,,
marts_E01145,beta,37-57+64-76+80-82+84-97+104-117+123-129+138-142+144-156+162-164+167-181+186-195+203-213+223-237,alpha1D,41-43+45-48+51-57+63-83+87+91+93-102+105+115-128+133-156+166-176+179-188+196-199+202-203+205-222+224-229+236-244+248-270+278-279+293-296+298-306,,
marts_E01146,beta,37-57+64-76+80-82+84-97+104-117+123-129+138-142+144-156+162-164+167-181+186-195+203-213+223-237,alpha1D,41-43+45-48+51-57+63-83+87+91+93-102+105+115-128+133-156+166-176+179-188+196-199+202-203+205-222+224-229+236-244+248-270+278-279+293-296+298-306,,
marts_E01147,alpha3B,73-85+96-121+139-159+169-191+204-214+216-219+221-230+240-263+324-346+352-359,alpha1B,53-57+63-83+86-89+94-95+99-105+115-128+133-152+166-176+179-190+196-199+202-222+224-228+236-244+248-275+288-296+298-306,,
marts_E01148,beta,37-57+64-76+80-82+84-97+104-117+123-129+138-142+144-156+162-164+167-181+186-195+203-213+223-237,alpha1D,41-43+45-48+51-57+63-83+87+91+93-102+105+115-128+133-156+166-176+179-188+196-199+202-222+224-229+236-244+248-270+278-279+293-296+298-306,,
marts_E01149,beta,37-57+67-76+80-82+84-96+104-117+123-129+138-142+144-156+162-164+167-181+186-195+203-213+223-237,alpha1D,41-43+45-48+51-57+63-83+87+91+93-102+105+115-128+133-156+166-176+179-188+196-199+202-222+224-229+236-244+248-270+278-279+293-296+298-306,,
marts_E01150,beta,37-57+67-76+80-82+84-96+104-117+123-129+138-142+144-156+162-164+167-181+186-195+203-213+223-237,alpha1D,41-43+45-48+51-57+63-83+87+91+93-102+105+115-128+133-156+166-176+179-188+196-199+202-222+224-229+236-244+248-270+278-279+293-296+298-306,,
marts_E01151,beta,37-57+64-76+80-82+84-97+104-117+123-129+138-142+144-156+162-164+167-181+186-195+203-213+223-237,alpha1D,41-43+45-46+48+50-57+63-83+87-88+91-102+105+115-128+133-156+166-176+179-189+196-199+202-222+224-229+236-244+248-268+270-271+279+292-296+298-306,,
marts_E01152,alpha3B,73-85+96-121+139-159+161+167-191+204-214+216-219+221-230+242-263+324-346+353-359,,,,
marts_E01153,beta,37-57+65-76+80-82+84-97+104-117+123-129+138-142+144-156+162-164+167-181+186-195+203-213+223-237,alpha1D,46-48+50-57+63-83+86-87+91-105+115-128+133-156+166-176+179-189+196-199+202-222+224-229+236-244+248-270+278-279+293-296+298-306,,
marts_E01154,beta,37-57+65-76+80-82+84-97+104-117+123-129+138-142+144-156+162-164+167-181+186-195+203-213+223-237,alpha1D,50-57+63-83+86-87+91+93-102+105+115-128+133-156+166-176+179-189+196-199+202-203+205-222+224-229+236-244+248-270+278-279+293-296+298-306,,
marts_E01155,beta,40-57+64-76+80-82+84-97+104-117+123-129+138-142+144-156+162-164+167-181+186-195+203-213+223-237,alpha1D,50-57+63-83+86-88+91-102+115-128+133-156+166-176+179-190+196-199+202-222+224-229+236-244+248-272+278-279+293-296+298-306,,
marts_E01156,alpha3B,73-85+96-121+139-158+160+167-191+204-214+216-219+221-230+243-263+324-345+353-359,,,,
marts_E01157,gamma,139-147+149-151+157-159+162-171+186-203+206-222+237-248+258-272+274-275+281+283-286+288-290+293-295+300-303+314-323+327-337,delta1,77-86+385-386+394-399+402-403+405-406+408-421+454-467+487-492+531-543+545-547+555+557-570+585-599+610-621+634+637+650-662+667-679+707-715,alpha1C,50-57+63-83+86-88+91-104+115-128+134-156+166-176+179-190+198-199+202-222+224-229+236-242+244+248-277+284-286+288-296+298-306
marts_E01159,beta,40-57+64-76+80-82+84-97+104-117+123-129+144-156+162-164+167-181+186-195+203-213+223-237,gamma,139-147+162-170+186-203+207-222+234-248+258-272+274-275+281-282+284-286+288-290+293-295+300-303+314-324+327-337,alpha1D,39-41+44-48+50-57+63-81+91-105+115-128+135-152+156+173-176+179-190+196-199+202-222+224-228+256-271+291-296+298-306
marts_E01169,alpha1G,39-48+50-57+63-83+86+91-105+115+118-128+133-156+166-176+179-190+196-199+202-222+224-229+236-244+248-271+286-296+298-306,,,,
marts_E01170,alpha1B,39-48+50-57+63-83+86-89+92+102-105+118-120+122-128+134-155+166-176+179-190+196-199+202-222+224-229+236-244+248-275+288-296+298-306,,,,
marts_E01171,alpha3B,73-85+96-121+139-159+161+168-191+204-214+216-219+221-230+236-239+242-261+324-346+353-359,alpha1B,53-57+63-82+99-105+119-128+133-152+166-176+179-190+196-199+202-222+224-229+236-244+248-275+288-296+298-306,,
marts_E01172,alpha1G,39-48+50-57+63-83+86+89+91-105+115-128+133-156+166-176+179-190+196-199+202-222+224-229+236-243+248-272+284-296+298-306,,,,
marts_E01173,alpha1G,39-48+50-57+63-83+86+89+91-105+115-128+133-156+166-176+179-190+196-199+202-222+224-229+236-242+244+248-272+284-296+298-306,,,,
marts_E01174,beta,42-57+64-76+80-82+84-97+107-117+123-129+138-142+144-156+162-164+167-181+186-195+203-213+223-237,alpha1D,50-57+63-83+86-88+91-102+105+115-128+133-156+166-176+179-189+196-199+202-205+207-222+224-229+236-244+248-272+278-279+293-296+298-306,,
marts_E01175,beta,42-57+64-76+80-82+84-97+107-117+124-129+138-142+144-156+162-164+167-181+186-195+203-213+223-237,alpha1D,50-57+63-83+86+89+91-105+115-128+133-156+166-176+179-190+196-199+202-222+224-229+236-244+248-272+278-279+293-296+298-306,,
marts_E01176,beta,42-57+64-76+80-82+84-97+107-117+123-129+138-142+144-156+162-164+167-181+186-195+203-213+223-237,alpha1D,50-57+63-83+86-88+91-102+105+115-128+133-156+166-176+179-189+196-199+202-205+207-222+224-229+236-244+248-272+278-279+293-296+298-306,,
marts_E01177,beta,37-38+40-57+64-76+80-82+84-97+104-117+123-129+139-142+144-156+162-164+167-181+186-195+203-213+223-237,gamma,139-147+162-170+186-203+207-222+234-248+258-275+281+284-286+288-290+293-295+300-303+314-320+327-337,alpha1D,50-57+63-83+86-88+91+93-102+105+115-128+133-135+137-156+166-176+179-189+196-199+202-203+205+207-222+224-229+236-243+248-271+278-279+293-296+298-306
marts_E01178,beta,40-57+64-76+80-82+84-97+104-117+123-129+140-142+144-156+162-164+167-181+186-195+203-213+223-237,gamma,139-147+162-170+186-203+208-222+233-248+258-267+314-324+327-337,alpha1D,44+47-48+50-57+63-83+86-88+91-103+105+115-128+133-134+136-156+166-176+179-188+206-222+224-229+236-243+248-271+293-296+298-306
marts_E01179,alpha1G,39-48+50-57+63-83+86-88+91-105+115-128+133-156+166-176+179-190+196-199+202-222+224-229+236-244+248-275+278-279+285+287-296+298-306,,,,
marts_E01180,beta,37-57+64-76+80-82+84-97+104-117+123-129+138-142+144-156+162-164+167-181+186-195+203-213+223-237,alpha1D,50-57+63-83+87+91-105+115-128+133-156+166-176+179-190+196-199+202-222+224-229+236-244+248-271+278-279+293-296+298-306,,
marts_E01181,beta,37-57+64-76+80-82+84-97+104-117+123-129+138-142+144-156+162-164+167-181+186-195+203-213+223-237,alpha1D,41-43+45-46+48+50-57+63-83+86-87+91+93-102+105+115-128+133-156+166-176+179-188+196-199+202-222+224-229+236-244+248-270+278-279+293-296+298-306,,
marts_E01182,beta,37-57+64-76+80-82+84-97+104-117+123-129+138-142+144-156+162-164+167-181+186-195+203-213+223-237,alpha1D,41-43+45-46+48+50-57+63-83+86-87+91+93-102+105+115-128+133-156+166-176+179-188+196-199+202-204+207-222+224-229+236-244+248-270+278-279+293-296+298-306,,
marts_E01183,beta,40-57+64+66-76+80-82+84-97+104-117+123-129+138-141+145-156+162-164+167-179+186-195+203-213+223-237,alpha1D,41-43+45-46+48+50-57+63-83+86-87+91+93-102+105+115-128+133-156+166-176+179-189+196-199+202-204+207-222+224-229+236-244+248-271+278-279+293-296+298-306,,
marts_E01184,beta,38+40-57+64-76+80-82+84-97+104-117+123-127+138-142+144-156+162-164+167-181+186-195+203-213+223-237,alpha1D,41-43+45-46+48+50-57+63-83+86-87+91+93-102+105+115-128+133-156+166-176+179-188+196-199+202-222+224-229+236-244+248-270+279+292-296+298-306,,
marts_E01185,alpha1G,42-48+50-56+63-83+86+91-105+115-128+133-156+166-176+179-190+196-199+202-222+224-229+236-244+248-275+277-279+286-287+290-296+298-306,,,,
marts_E01186,alpha1G,39+41-48+50-57+63-83+91-105+115-128+133-156+166-174+179-190+196-199+202-222+224-229+236-244+248-275+277-279+284+290-296+298-306,,,,
marts_E01187,alpha1I,43-48+50-57+63-83+86-87+89+91-105+115-125+133-156+166-176+179-187+196-199+202-222+224-229+236-244+248-273+276-279+295-296+298-306,,,,
marts_E01188,alpha1G,41-48+50-57+63-83+86-89+91-105+115-128+133-156+166-176+179-190+196-199+202-222+224-229+236-244+248-272+276-279+292-296+298-306,,,,
marts_E01189,alpha1G,39-48+50-57+63-83+86-89+91-105+115-128+133-156+166-176+179-190+196-199+202-222+224-229+236-244+248-276+279+285-296+298-301,,,,
marts_E01190,alpha1G,42-48+50-57+63-83+86-89+91-105+115-128+133-156+166-176+179-190+196-199+202-222+224-229+236-244+248-272+276-279+292-296+298-306,,,,
marts_E01192,alpha1G,39-48+50-57+63-83+89+91-105+115-128+133-156+166-176+179-190+196-199+202-222+224-229+236-244+248-279+284-296+298-306,,,,
marts_E01193,alpha1G,39-48+50-57+63-83+86+91-105+115-128+133-156+166-176+179-190+196-199+202-222+224-229+236-244+248-275+277+288-296+298-306,,,,
marts_E01194,alpha3B,73-85+96-121+139-158+160+168-191+204-214+216-219+221-230+243-263+324-346+353-359,alpha1B,53-57+65-83+87+115-128+133-147+166-176+179-190+196-199+202-222+224-229+236-244+248-275+288-296+298-306,,
marts_E01195,alpha4A,50-51+53-57+63+66-77+79-83+89+92-105+115-128+133-156+166-176+179-190+196+202-222+224-229+238-244+248-272+276-279+295-296+298-306,,,,
marts_E01196,alpha3B,73-85+93-121+141-161+167-191+204-214+216-219+221-231+236-263+324-345+352-359,,,,
marts_E01197,beta,37-57+64-76+80-82+84-96+104-117+123-129+144-156+162-164+167-177+186-195+203-213+223-237,alpha1D,50-57+63-83+86-88+91-103+115-128+133-156+166-176+179-188+196-199+203-222+224-229+236-244+248-276+291-296+298-306,,
marts_E01198,beta,53-57+64-76+80-82+84-97+104-117+123-127+138-142+144-155+162-164+167-181+187-195+203-213+223-237,gamma,139-147+162-170+185-203+207-222+234-248+258-275+281-290+294-295+300-304+314-324+327-337,alpha1D,46-48+50-57+63-83+86-88+91-102+115-128+133-134+136-156+166-176+179-188+190+196-199+202-222+224-229+236-244+248-271+291-296+298-306
marts_E01199,beta,44-57+64-76+80-82+84-97+104-117+123-129+144-156+162-164+167-181+186-195+203-213+223-237,gamma,139-147+162-170+186-203+207-222+234-248+258-272+274-275+281-282+284-286+288-290+293-295+300-303+314-324+327-337,alpha1D,41-48+50-57+63-83+87-88+91-92+97-105+115-128+133-156+174-176+179-190+202-222+224-227+236-237+249-251+254-272+291-296+298-306
marts_E01201,beta,37-57+64-76+80-82+84-96+104-117+123-127+138-140+144-156+162-164+167-181+186-195+203-213+223-237,alpha1D,46-48+50-57+63-83+86-88+91-102+105+115-128+133-156+166-176+179-189+196-199+202-205+207-222+224-226+228+236-244+248-272+275-279+293-296+298-306,,
marts_E01202,beta,40-57+64-76+80-82+84-97+104-117+123-127+144-156+162-164+167-179+186-195+203-213+223-237,alpha1D,41-43+45-47+50-57+63-83+86-88+91-102+105+115-128+133-156+166-176+179-190+196-199+202-222+224-229+236-244+248-271+279+292-296+298-306,,
marts_E01203,beta,41-57+64-76+80-82+84-97+104-117+123-129+144-156+162-164+167-181+186-195+203-213+223-237,gamma,139-147+162-170+186-203+207-222+234-248+258-272+274-275+281-282+284-286+288-290+293-295+300-303+314-324+327-337,alpha1D,41+43-48+50-57+63-83+87+91+93-105+115-128+133+135-153+179-190+196-199+202-222+224-226+255-271+279+292-296+298-306
marts_E01204,alpha3B,73-85+96-121+139-159+161+168-191+204-214+216-219+221-231+242-263+324-346+353-359,,,,
marts_E01205,alpha1G,39-48+50-57+63-83+86+89+91-105+115-128+133-156+166-176+179-190+196-199+202-222+224-229+236-243+248-272+284-296+298-306,,,,
marts_E01206,beta,37-57+64-76+80-82+84-97+104-117+123-129+138-142+144-156+162-164+167-181+186-195+203-213+223-237,alpha1D,50-57+63-83+86-87+91+93-103+115-128+133-156+166-176+179-188+196-199+203-204+207-222+224-229+236-244+248-272+277-279+294-296+298-306,,
marts_E01207,alpha3B,73-85+96-121+139-159+169-191+204-214+216-219+221-230+239-263+324-346+353-359,alpha1B,41-43+45-47+53-57+63-83+86+91-105+115-128+133-152+166-176+179-190+196-199+202-222+224-229+236-244+248-276+288-296+298-306,,
marts_E01208,alpha3B,73-85+96-121+139-159+161+168-191+204-214+216-219+221-230+242-263+324-346+353-359,alpha1B,53-57+66-83+86+89+92-105+116-128+133-151+166-176+179-190+196-199+202-222+224-229+236-244+248-275+287-288+290-296+298-306,,
marts_E01209,beta,37-57+64-76+80-82+84-97+104-117+123-129+138-142+144-156+162-164+167-178+180-181+186-195+203-213+223-237,alpha1D,41-43+45-47+50-57+63-83+87-88+91-102+105+115-128+133-156+166-176+179-189+196-199+202-222+224-229+236-244+248-270+278-279+293-296+298-306,,
marts_E01210,alpha3B,73-85+96-121+139-159+168-191+204-214+216-219+221-230+236-263+324-346+352-359,alpha1B,41-43+45-46+48+53-57+63-83+86-87+91-92+94-105+115-128+133-147+153-154+156+166-176+179-190+196-199+202-222+224-229+236-244+248-276+288-296+298-306,,
marts_E01211,alpha3B,73-85+96-121+139-159+161+168-191+204-214+216-219+221-230+242-263+324-346+352-359,alpha1B,41-44+46-48+53-57+63-83+115-128+133-145+166-176+179-190+196-199+202-222+224-229+236-244+248-276+288-296+298-306,,
marts_E01212,alpha1G,41-48+50-57+63-83+88-89+91-105+115-128+133-156+166-176+179-190+196-199+202-222+224-229+236-244+248-276+284-296+298-306,,,,
marts_E01213,alpha4A,75-80+83-85+100-118+120-121+139-159+168-189+204-214+216-219+221-230+237-241+243-263+324-344+346+352-359,,,,
marts_E01214,alpha4A,75-83+95-97+99-116+119-121+139-159+168-190+204-214+216-219+221-231+236-239+241-263+324-344+346+354-359,,,,
marts_E01215,beta,40-57+64-76+80-82+84-97+104-117+123-129+144-156+162-164+167-181+186-195+203-213+223-237,alpha1D,41-43+45-46+48+50-57+63-83+86-87+91+93-102+104-105+115-128+133-156+166-176+179-190+196-199+202-204+207-222+224-229+236-244+248-271+278-279+293-296+298-306,,
marts_E01216,beta,40-57+64-76+80-82+84-97+104-117+123-129+144-156+162-164+167-181+186-195+203-213+223-237,alpha1D,41-43+45-46+48+50-57+63-83+86-87+91+93-102+104-105+115-128+133-156+166-176+179-190+196-199+202-204+207-222+224-229+236-244+248-271+278-279+293-296+298-306,,
marts_E01217,beta,40-57+64-76+80-82+84-97+104-117+123-129+144-156+162-164+167-181+186-195+203-213+223-237,alpha1D,41-43+45-46+48+50-57+63-83+86-87+91+93-102+104-105+115-128+133-156+166-176+179-190+196-199+202-204+207-222+224-229+236-244+248-271+278-279+293-296+298-306,,
marts_E01218,beta,37-57+64-76+80-82+84-97+107-117+123-129+138-142+144-156+162-164+167-181+186-195+203-213+223-237,alpha1D,41-43+45-47+50-57+63-83+87-88+91-102+104-105+115-128+133-156+166-176+179-187+196-199+202-205+207-222+224-229+236-244+248-272+278-279+293-296+298-306,,
marts_E01221,beta,40-57+64-76+80-82+84-97+107-117+123-129+138-142+144-156+162-164+167-181+186-195+203-213+223-237,alpha1D,50-57+63-83+87+91-105+115-128+133-156+166-176+179-187+196-199+202-204+207-222+224-229+236-244+248-272+278-279+293-296+298-306,,
marts_E01222,beta,37-57+64-76+80-82+84-97+104-117+123-129+138-142+144-156+162-164+167-178+180-181+186-195+203-213+223-237,alpha1D,41-43+45-48+51-57+63-83+87+91+93-102+105+115-128+133-156+166-176+179-189+196-199+202-203+205-222+224-229+236-244+248-270+278-279+293-296+298-306,,
marts_E01223,alpha3B,73-85+96-121+139-159+161+168-191+204-214+216-219+221-230+242-263+324-346+352-359,,,,
marts_E01224,alpha3B,73-85+93-121+139-161+167-189+191+204-207+219+221-231+236-262+324-346+352-359,,,,
marts_E01225,alpha3B,73-85+93-121+139-161+167-189+191+204-206+219+221-231+236-263+324-346+352-359,,,,
marts_E01226,alpha3B,73-85+93-121+139-160+167-189+191+208+210-214+216-219+221-231+236-263+324-345+352-359,,,,
marts_E01227,alpha3B,73-85+93-121+139-161+167-189+191+204-214+217-219+221-231+236-263+324-345+352-359,,,,
marts_E01228,alpha3B,73-85+96-121+139-159+161+168-191+204-214+216-219+221-230+238-240+242-263+324-346+352-359,alpha1B,41-43+45-46+48+53-57+63-82+89+92-102+115-128+133-148+156+166-176+179-189+196-199+202-222+224-229+236-244+248-276+288-296+298-306,,
marts_E01229,epsilon,104-115+123-134+151-164+171-183+191-200+213-217+226-228+231-246+254-263+268-270+273-277+291-306+309-330+337-350+356-367+369-371+376-378+510-513,delta2,73-86+385-399+402+405-421+454-470+480-492+531-547+553-570+585-599+610-621+633-638+649-662+667-680+707-720,,
marts_E01230,delta2,73-86+385-399+402+405-421+454-468+480-492+531-547+553-570+585-599+610-621+633-638+649-662+667-680+707-720,epsilon,103-115+123-134+151-164+171-183+191-200+213-217+226-228+231-246+254-263+268-270+273-277+291-306+309-330+337-350+356-367+369-371+376,,
marts_E01231,epsilon,103-115+123-134+151-164+172-183+191-200+213-217+226-228+231-246+254-263+268-270+273-277+291-306+309-330+337-350+356-367+369-371+376-378+510-513,delta2,73-86+385-399+403+405-421+454-469+480-492+531-547+553-570+585-599+610-621+633-638+649-662+667-680+707-720,,
marts_E01232,beta,38-57+64-76+80-82+84-97+104-117+123-129+138-142+144-156+162-164+167-180+186-195+203-213+223-237,alpha1D,41-43+45-46+48+50-57+63-83+86-87+91+93-103+105+115-128+133-156+166-176+179-188+196-199+202-204+207-222+228-229+236-244+248-270+278-279+293-296+298-306,,
marts_E01233,beta,38-57+64-76+80-82+84-97+104-117+123-129+138-142+144-156+162-164+167-180+186-195+203-213+223-237,alpha1D,41-43+45-46+48+50-57+63-83+86-87+91+93-103+105+115-128+133-156+166-176+179-188+196-199+202-204+207-222+228+236-244+248-270+278-279+293-296+298-306,,
marts_E01234,alpha3B,73-85+96-121+139-158+160-161+170-171+173-191+204-214+216-219+221-230+239-263+324-346+353-359,alpha1B,53-56+63-83+86+98-105+121-128+133-150+152+166-176+179-190+196-199+202-222+224-229+236-244+248-276+287-296+298-306,,
marts_E01235,delta3,73-84+387-396+401+406-407+454-463+468-470+483-492+531-544+546-547+558-559+561-570+585-598+610-619+633+649-655+657-662+668-677+707+709-718,,,,
marts_E01236,alpha3B,73-85+96-121+139-158+160-161+168-191+204-214+216-219+221-230+242-263+324-346+352-359,alpha1B,53-57+66-81+115-128+133-134+136-150+156+166-176+179-190+196-199+202-222+224-229+236-244+248-275+288-296+298-306,,
marts_E01238,beta,37-57+64-76+80-82+84-97+104-117+123-129+138-142+144-156+162-164+167-181+186-195+203-213+223-237,alpha1D,50-57+63-83+87+91-103+105+115-128+133-156+166-176+179-190+196-199+202-222+224-229+236-244+248-270+278-279+293-296+298-306,,
marts_E01239,beta,37-57+64-76+80-82+84-97+104-117+123-129+138-142+144-156+162-164+167-181+186-195+203-213+223-237,alpha1D,50-57+63-83+87+91-103+105+115-128+133-156+166-176+179-190+196-199+202-222+224-229+236-244+248-270+278-279+293-296+298-306,,
marts_E01240,gamma,139-147+162-170+186-203+207-222+234-248+258-275+281-290+294-295+300-303+314-324+327-337,alpha1D,46-48+50-57+63-83+86-88+91-103+115-128+133-134+137-156+166-176+179-189+196-199+202-222+224-229+236-244+248-271+273-275+291-296+298-306,beta,44-57+64-76+80-82+84-97+104-110+123-129+138-142+144-155+162-164+167-180+186-195+209-213+223-228
marts_E01241,beta,44-57+64-76+80-82+84-97+104-117+123-129+144-156+162-164+167-181+186-195+203-213+223-237,gamma,139-147+162-170+186-203+207-222+234-248+258-272+274-275+281-282+284-286+288-290+293-295+300-303+314-324+327-337,alpha1D,73-81+96-97+99-116+118-121+139-144+146-161+167-168+170-186+191+216-219+221-229+236-261+332-346+353-359
marts_E01242,alpha3A,73-85+96-121+139-160+167-178+181-191+204-214+216-219+221-231+236-263+324-344+346+353-359,,,,
marts_E01243,epsilon,104-115+123-134+151-164+172-183+191-200+213-217+226-228+231-246+254-263+268-270+273-277+291-306+309-330+337-350+356-367+369-371+376-378+510-513,delta2,73-86+385-399+401-402+405-421+454-470+480-492+531-547+553-570+585-599+610-621+633-638+649-662+667-680+707-722+727,,
marts_E01244,beta,42-57+64-76+80-82+84-97+104-117+123-129+144-156+162-164+167-181+186-195+203-213+223-237,gamma,139-147+162-170+186-203+207-222+234-248+258-272+274-275+281-282+284-286+288-290+293-295+300-303+314-324+327-337,alpha1D,39-41+44-48+50-57+63-81+91-103+115-128+135-152+156+173-176+179-190+196-199+202-222+224-225+256+258-271+291-296+298-306
marts_E01245,beta,37-57+64-76+80-82+84-97+104-117+123-129+138-142+144-156+162-164+167-181+186-195+203-213+224-237,alpha1D,50-57+63-83+87+91-103+105+115-128+133-156+166-176+179-190+196-199+202-222+224-229+236-244+248-270+278-279+293-296+298-306,,
marts_E01246,beta,37-57+64-76+80-82+84-97+104-117+123-129+138-142+144-156+162-164+167-181+186-195+203-213+223-237,alpha1D,50-57+63-83+87+91-103+105+115-128+133-156+166-176+179-190+196-199+202-222+224-229+236-244+248-270+278-279+293-296+298-306,,
marts_E01247,epsilon,104-115+123-134+151-164+172-183+191-200+213-217+226-228+231-246+254-263+268-270+273-276+291-306+309-330+337-350+356-367+369-371+376-378+510-513,delta2,73-86+385-399+401-403+406-421+454-470+480-492+531-547+553-570+585-599+610-621+633-638+649-662+667-680+707-720,,
marts_E01248,alpha3B,73-85+96-121+139-159+161+168-191+204-214+216-219+221-230+242-263+324-346+353-359,alpha1B,53-57+63-82+115-128+133-147+166-176+179-190+196-199+202-222+224-229+236-244+248-275+287-288+290-296+298-306,,
marts_E01249,alpha3B,73-85+96-121+139-158+160-161+168-191+204-214+216-219+221-229+231+236-261+324-346+353-359,alpha1B,53-57+63-82+99-105+119-128+133-152+166-176+179-190+196-199+202-222+224-229+236-244+248-275+288-296+298-306,,
marts_E01250,beta,42-57+64-76+80-82+84-97+104-117+123-129+144-156+162-164+167-181+186-195+203-213+223-237,gamma,139-147+162-170+186-203+207-222+234-248+258-272+274-275+281-282+284-286+288-290+293-295+300-303+314-324+327-337,alpha1D,39-41+44-48+50-57+63-83+87+92-105+115-128+136-153+179-190+202-222+224-227+256-271+279+292-296+298-306
marts_E01251,gamma,139-147+162-170+186-203+207-222+234-248+258-275+281-290+294-295+300-303+314-324+327-337,beta,64-76+80-82+84-97+104-117+123-129+144-155+162-164+167-181+186-195+203-213+223-237,alpha1D,46-48+50-57+63-83+86-88+91-102+115-128+133-134+136-156+166-176+179-188+190+196-199+202-222+224-229+236-244+248-271+291-296+298-306
marts_E01252,beta,42-57+64-76+80-82+84-97+104-117+123-129+144-156+162-164+167-181+186-195+203-213+223-237,gamma,139-147+162-170+186-203+207-222+234-248+258-272+274-275+281-282+284-286+288-290+293-295+300-303+314-324+327-337,alpha1D,39-41+44-48+50-57+63-83+87+92-105+115-128+133-153+179-190+202-222+224-226+256-271+279+292-296+298-306
marts_E01253,beta,37-38+40-57+64-76+80-82+84-97+104-117+123-129+138-142+144-156+162-164+167-181+186-195+203-213+223-237,alpha1D,41-43+45-47+50-57+63-83+86-87+91+93-102+105+115-128+133+135-156+166-176+179-189+196-199+202-222+224-229+236-244+248-271+279+292-296+298-306,,
marts_E01254,alpha1G,39-48+50-57+63-83+86-89+91-105+115-128+133-156+166-176+179-190+196-199+202-222+224-226+228+236-244+248-276+279+290-296+298-306,,,,
marts_E01255,alpha1G,39-48+50-57+63-83+86-89+91-105+115-128+133-156+166-176+179-190+196-199+202-222+224-229+236-244+248-275+289-296+298-306,,,,
marts_E01256,delta1,76-86+385-398+405-406+408+410+412-421+454-467+487-492+531-547+554-570+585-598+610-621+649-660+662+667-680+707-720,gamma,139-148+161-171+185-186+188-203+206-222+234-248+264-275+282-285+288-294+314-323+326-337,,
marts_E01257,beta,39-57+64-76+80-82+84-97+104-117+123-129+138-142+144-156+162-164+167-177+181+186-195+203-213+223-237,alpha1D,41-43+45-47+50-57+63-83+86-88+91-102+104-105+115-128+133+135-156+166-176+179-189+196-199+204-222+224-229+236-244+248-270+277-278+292-296+298-306,,
marts_E01260,alpha3B,73-85+96-121+139-158+160+169-191+204-214+216-219+221-230+242-263+324-346+352-359,alpha1B,47-48+50-57+65-83+86-87+115-128+133-147+149-151+166-176+179-190+196-199+202-222+224-229+236-244+248-277+288-296+298-306,,
marts_E01261,beta,40-57+65-76+80-82+84-97+104-117+123-129+138-141+144-156+162-164+167-180+186-195+203-213+223-237,alpha1D,41-43+45-48+51-57+63-83+86-87+91+93-103+105+115-128+133-156+166-176+179-189+196-199+202-204+207-222+236-244+248-270+278-279+293-296+298-306,,
marts_E01262,alpha3B,73-85+96-121+139-158+160-161+168-191+204-214+216-219+221-230+242-263+324-346+352-359,,,,
marts_E01263,alpha3B,73-85+96-121+139-159+161+168-191+204-214+216-219+221-230+242-263+324-346+352-359,,,,
marts_E01264,delta2,73-86+385-399+401-403+405-421+454-470+480-492+531-547+553-570+585-599+610-621+633-638+649-662+667-680+707-720,epsilon,103-115+123-134+151-164+171-183+191-200+213-217+226-228+231-246+254-263+268-270+273-276+291-304+309-330+337-351+356-367+369-371+376-378+510-513,,
marts_E01265,beta,37-57+64-76+80-82+84-95+97+104-117+123-129+144-156+162-164+167-181+186-195+203-213+223-237,alpha1D,46-48+50-57+63-83+86-87+91-105+115-128+133-156+166-176+179-190+196-199+202-222+224-229+236-244+248-271+279+292-296+298-306,,
marts_E01266,beta,37-57+64-76+80-82+84-97+104-117+123-129+138-141+144-156+162-164+167-181+186-195+203-213+223-237,alpha1D,50-57+63-83+87+91-103+105+115-128+133-156+166-176+179-190+196-199+202-222+224-229+236-244+248-268+270-271+279+292-296+298-306,,
marts_E01267,alpha1G,39-44+46+54-56+70-83+87-88+91-105+115-128+133-156+166-176+179-188+196-199+202-222+224-229+236-244+248-272+285-296+298-306,,,,
marts_E01268,alpha1G,39-48+50-57+63-83+86-87+91-105+115-128+133-156+166-176+179-190+196-199+202-222+224-229+236-244+248-275+284-296+298-306,,,,
marts_E01269,alpha1G,39-48+50-57+63-83+86-87+91-105+115-128+133-156+166-176+179-190+196-199+202-222+224-229+236-244+248-275+284-296+298-306,,,,
marts_E01270,beta,40-57+64-76+80-82+84-96+104-117+123-129+138-141+144-156+162-164+167-181+186-195+203-213+223-237,alpha1D,41-43+45-46+48+50-57+63-83+86-88+91-102+115-128+133+135-156+166-176+179-190+196-199+202-204+207-222+224-229+236-244+248-271+279+293-296+298-306,,
marts_E01271,alpha1G,39-48+50-57+63-83+86+92-105+117-128+133-156+166-176+179-190+196-199+202-222+224-229+236-243+248-275+288-296+298-306,,,,
marts_E01272,alpha1G,39-48+50-57+63-83+86+92-105+117-128+133-156+166-176+179-188+190+196-199+202-222+224-229+236-243+248-275+288-296+298-306,,,,
marts_E01273,alpha1I,39-48+50-57+63-83+86-89+91+93-101+103-104+115-128+134+136-156+167-176+179-185+190+196-199+202-222+224-229+236-244+248-270+274-279+298-306,,,,
marts_E01274,alpha1G,39-48+50-57+63-83+88-89+93-105+117-128+133-156+166-176+179-190+196-199+202-222+224-229+236-243+248-275+277+288-296+298-306,,,,
marts_E01275,alpha1G,39-48+50-57+63-83+86+92-105+117-128+133-156+166-176+179-190+196-199+202-222+224-229+236-243+248-275+288-296+298-306,,,,
marts_E01276,alpha1G,39-48+50-57+63-83+87-89+92-105+117-128+133-156+166-176+179-190+196-199+202-222+224-229+236-243+248-275+288-296+298-306,,,,
marts_E01277,alpha3A,73-85+96-121+139-159+161+167-191+204-214+216-219+221-231+236-263+324-346+353-359,,,,
marts_E01280,beta,40-57+64-76+80-82+84-96+104-117+123-129+138-142+144-156+162-164+167-179+186-195+203-213+223-237,alpha1D,41-43+45-46+48+50-57+63-83+86-88+91-102+105+115-128+133+135-156+166-176+179-190+196-199+202-204+207-222+225+227+236-244+248-271+279+293-296+298-306,,
marts_E01281,beta,40-57+64-76+80-82+84-96+104-117+123-129+138-142+144-156+162-164+167-177+186-195+203-213+223-237,alpha1D,41-43+45-46+48+50-57+63-83+86-88+91-102+105+115-128+133+135-156+166-176+179-190+196-199+202-204+207-222+224-229+236-244+248-271+279+293-296+298-306,,
marts_E01283,beta,42-57+64-76+80-82+84-97+104-117+123-129+138-142+144-156+162-164+167-180+186-195+203-213+223-237,alpha1D,41-43+45-46+48+50-57+63-83+86-87+91+93-102+105+115-128+133-156+166-176+179-188+196-199+202-204+207-222+224-229+236-244+248-270+278-279+293-296+298-306,,
marts_E01284,beta,64-76+80-82+84-97+104-117+123-129+141-142+144-156+162-164+167-179+181+186-195+203-213+223-237,gamma,139-147+162-170+186-203+207-222+234-248+258-274+283-285+288-290+300-303+314-324+327-337,alpha1D,44+46-48+50-57+63-83+86-87+91+93-102+105+115-128+133-134+137-156+166-176+179-189+196-199+202-203+205+207-222+224-229+236-243+248-271+279+292-296+298-306
marts_E01285,beta,37-57+64-76+80-82+84-96+104-117+123-127+141-142+144-156+162-164+167-181+186-195+203-213+223-237,alpha1D,50-57+63-83+86-88+91-102+105+115-128+133+136-156+166-176+179-190+196-199+202-222+224-229+236-244+248-270+279+292-296+298-306,,
marts_E01286,beta,37-57+64-76+80-82+84-97+104-117+123-127+141-142+144-156+162-164+167-181+186-195+203-213+223-237,alpha1D,50-57+63-83+86-88+91-102+105+115-128+133+136-156+166-176+179-190+196-199+202-222+224-227+236-244+248-270+291-296+298-306,,
marts_E01287,beta,37-57+64-76+80-82+84-97+104-117+123-127+140-142+145-156+162-164+167-181+186-195+203-213+223-237,alpha1D,50-57+63-83+86-88+91-102+105+115-128+133+136-156+166-176+179-190+196-199+202-205+207-222+224-227+236-244+248-271+291-296+298-306,,
marts_E01288,beta,37-57+64-76+80-82+84-97+104-117+123-127+141-142+144-156+162-164+167-181+186-195+203-213+223-237,alpha1D,50-57+63-83+86-88+91-102+105+115-128+133+136-156+166-176+179-190+196-199+202-222+224-229+236-244+248-270+278-279+293-296+298-306,,
marts_E01289,beta,37-57+64-76+80-82+84-96+104-117+123-127+141-142+144-156+162-164+167-181+186-195+203-213+223-237,alpha1D,50-57+63-83+86-88+91-102+105+115-128+133+136-156+166-176+179-190+196-199+202-222+224-229+236-244+248-270+279+292-296+298-306,,
marts_E01290,beta,37-57+64-76+80-82+84-97+104-117+123-127+141-142+144-156+162-164+167-181+186-195+203-213+223-237,alpha1D,46-48+50-57+63-83+86-88+91-103+105+115-128+133+136-156+166-176+179-190+196-199+202-222+224-229+236-244+248-270+279+292-296+298-306,,
marts_E01291,beta,40-57+64-76+80-82+84-97+104-117+123-129+138-142+144-156+162-164+167-177+186-195+203-213+223-237,alpha1D,41-43+45-46+48+50-57+63-83+86-87+91+93-103+115-128+133-156+166-176+179-189+196-199+202-222+224-229+236-244+248-270+291-296+298-306,,
marts_E01292,beta,40-57+64-76+80-82+84-97+104-117+123-129+138-142+144-156+162-164+167-181+186-195+203-213+223-237,alpha1D,41-43+45-46+48+50-57+63-83+86-88+91-102+105+115-128+133-156+166-176+179-190+196-199+203-205+207-222+224-229+236-244+248-271+278-279+293-296+298-306,,
marts_E01293,beta,37-57+64-76+80-82+84-97+104-117+123-129+144-156+162-164+167-180+187-195+203-213+223-237,alpha1D,41-43+45-46+48+50-57+63-83+86-88+91-102+105+115-128+133-156+166-176+179-188+196-199+202-204+207-222+224-229+236-244+248-270+278-279+293-296+298-306,,
marts_E01294,beta,37-57+64-76+80-82+84-97+104-117+123-129+138-141+144-156+162-164+167-181+186-195+203-213+223-237,alpha1D,41-43+45-47+50-57+63-83+87-88+91-102+104-105+115-128+133-156+166-176+179-189+196-199+202-203+205-222+224-229+236-244+248-270+278-279+293-296+298-306,,
marts_E01295,beta,40-57+64-76+80-82+84-97+107-117+123-129+138-142+144-156+162-164+167-179+186-195+203-213+223-237,alpha1D,41-43+45-46+48+50-57+63-83+87-88+91-102+104-105+115-128+133-156+166-176+181-187+196-199+202-204+207-222+224-229+236-244+248-272+278-279+293-296+298-306,,
marts_E01296,beta,39-57+64-76+80-82+84-97+104-117+123-127+138-142+144-156+162-164+167-180+186-195+203-213+223-237,alpha1D,41-43+45-46+48+50-57+63-83+86-87+91+93-103+105+115-128+133-156+166-176+179-187+196-199+203-222+224-229+236-244+248-270+278-279+293-296+298-306,,
marts_E01297,beta,42-57+64-76+80-82+84-97+104-117+124-128+144-155+162-164+167-181+188-195+203-213+223-237,gamma,139-147+162-170+186-203+207-222+234-248+258-275+281-290+294-295+300-303+314-323+327-337,alpha1D,44+46-48+50-57+63-83+89+92-103+105+115-128+133-134+137-156+166-176+179-189+196-199+202-222+224-229+236-244+248-271+291-296+298-306
marts_E01298,beta,64-76+80-82+84-97+104-117+123-129+144-156+162-164+167-181+186-195+203-213+224-237,alpha1D,50-57+63-83+89+92-103+115-128+133-156+166-176+179-188+190+196-199+202-222+224-229+236-244+248-271+279+292-296+298-306,,
marts_E01299,beta,40-57+64-76+80-82+84-97+104-117+123-129+144-156+162-164+167-181+186-195+203-213+223-237,gamma,139-147+162-171+186-203+207-222+234-248+258-271+274-275+281+284-290+293-295+300-303+314-324+327-337,alpha1D,39-41+44-48+50-57+63-83+86-87+101-105+118-126+133-134+136-152+179-190+196-199+202-222+224-225+236+249-252+254-271+278-279+293-296+298-306
marts_E01300,beta,37-57+64-76+80-82+84-97+104-117+123-129+144-156+162-164+167-181+186-195+203-213+223-237,gamma,139-147+162-171+186-203+207-222+234-248+258-272+274-275+281-282+284-286+288-290+293-295+300-303+314-324+327-337,alpha1D,39-41+44-48+50-57+63-83+86+91-103+115-126+128+133-134+136-152+173-176+179-190+202-222+224-229+241-242+259-271+278-279+293-296+298-306
marts_E01301,beta,40-57+64-76+80-82+84-97+104-117+123-129+138-142+144-156+162-164+167-181+186-195+203-213+223-237,alpha1D,44+47-48+50-57+63-83+86-87+91+93-102+115-128+133+135-156+166-176+179-189+196-199+202-222+224-229+236-244+248-271+279+292-296+298-306,,
marts_E01302,alpha1G,39-48+50-57+63-83+87-88+91-105+115-128+133-156+166-176+179-190+196-199+202-222+224-229+236-244+248-275+284-296+298-306,,,,
marts_E01304,beta,40-57+64-76+80-82+84-97+104-117+123-129+144-156+162-164+167-181+186-195+203-213+223-237,alpha1D,41-43+45-47+50-57+63-83+86-87+91+93-102+104-105+115-128+133-156+166-176+179-190+196-199+202-205+207-222+224-229+236-244+248-272+277-279+292-296+298-306,,
marts_E01305,alpha1G,41-48+50-57+63-83+87-88+91-105+115-128+133-156+166-176+179-190+196-199+202-222+224-229+236-244+248-276+288-296+298-306,,,,
marts_E01306,alpha1G,41-48+50-57+63-83+87-88+91-105+115-128+133-156+166-176+179-189+196-199+202-222+224-229+236-244+248-276+284-296+298-306,,,,
marts_E01307,alpha1G,39-47+50-57+63-83+91-105+115-128+133-156+166-176+179-190+196-199+202-222+224-229+236-244+248-276+278-279+286-296+298-306,,,,
marts_E01308,alpha1G,39-48+50-57+63-83+87-89+91-105+115-128+136-156+166-176+179-190+196-199+202-222+224-229+236-244+248-276+289-296+298-306,,,,
marts_E01309,alpha1G,39-48+50-57+63-82+87-88+91-105+116-128+133-155+166-176+179-190+196-199+202-222+224-229+236-244+248-275+277+288-296+298-306,,,,
marts_E01310,alpha1H,73-81+83-85+95-96+98-114+118-120+146-159+161+167-186+190-191+204-214+217-218+222-231+236-239+241-263+325-346+352-359,,,,
marts_E01311,beta,40-57+64-76+80-82+84-97+104-117+123-129+144-156+162-164+167-179+181+186-195+203-213+223-237,gamma,139-147+162-170+186-203+207-222+234-248+258-270+282-285+288-293+299-303+314-324+327-337,alpha1D,50-57+63-83+86-88+91+93-102+115-128+133-135+137-156+166-176+179-189+196-199+202-203+207-222+224-229+236-243+248-271+278-279+293-296+298-306
marts_E01312,alpha1G,39-48+50-57+63-83+86-89+91-105+117-128+133-156+166-176+179-190+196-199+202-222+224-229+236-244+248-276+279+289-296+298-306,,,,
marts_E01313,alpha1G,39-48+50-57+63-83+86+91-105+115-128+133-156+166-176+179-190+196-199+202-222+224-226+236-243+248-274+279+289-296+298-306,,,,
marts_E01314,alpha1G,39-48+50-57+64-83+86+91-105+115-128+133-156+166-176+179-190+196-199+202-222+224-229+236-244+248-279+284-296+298-306,,,,
marts_E01315,alpha1G,39-48+50-57+63-83+86-89+91-105+115-128+133-156+166-176+179-190+196-199+202-222+224-229+236-244+248-276+287-296+298-306,,,,
marts_E01316,alpha1G,39-48+50-57+63-83+86+89+91-105+115-128+133-156+166-176+179-190+196-199+202-222+224-228+236-244+248-275+279+289-296+298-306,,,,
marts_E01317,alpha1G,39-48+50-57+63-83+86-89+91-105+115-128+133-156+166-176+179-190+196-199+202-222+224-229+236-244+248-271+273+276-277+288-296+298-306,,,,
marts_E01318,alpha1G,42-48+50-57+63-83+86-89+91-104+115-128+133-156+166-174+176+179-190+196-199+202-222+224-229+236-244+248-279+284-296+298-306,,,,
marts_E01319,alpha1G,42-48+50-57+63-83+86-89+91-104+115-126+133-156+166-176+179-190+196-199+202-222+224+236-244+248-279+284-296+298-306,,,,
marts_E01320,alpha1G,42-48+50-57+63-83+86+91-104+115-128+133-155+166-174+176+179-190+196-199+202-222+224-229+236-244+248-279+284-296+298-306,,,,
marts_E01321,alpha1G,50-57+63-83+89+92-105+115-124+126+134-155+166-176+179-190+206-222+224-229+236-244+248-268+273-278+299-306,,,,
marts_E01322,alpha1G,39-48+50-57+63-83+91+93-105+115-128+133-156+166-176+179-190+196-199+202-222+224-229+236-244+248-279+284-296+298-306,,,,
marts_E01323,alpha1G,39-48+50-57+64-83+86-89+91-105+115-128+133-156+166-176+179-190+196-199+202-222+224-229+236-244+248-279+284-296+298-306,,,,
marts_E01324,alpha1G,39-48+50-57+64-83+91-105+115-128+133-156+166-176+181-190+196-199+202-222+224-229+236-243+248-275+277+288-296+298-306,,,,
marts_E01325,alpha1G,39-48+50-57+63-83+86-87+91-104+115-128+133-156+166-176+179-190+196-199+202-222+224-229+236-244+248-279+284-296+298-306,,,,
marts_E01326,alpha3B,77-85+93-121+139-161+167-191+204-214+216-219+221-231+236-263+324-341+352-359,,,,
marts_E01327,alpha1A,73-83+85+96-119+139-147+149-161+167-191+204-214+218-219+221-230+236-245+247-263+325-343+352-359,,,,
marts_E01328,alpha1G,41-45+50-57+63-83+87-89+91-105+115-128+133-156+166-175+179-189+197-199+202-222+224-229+236-244+248-275+289-296+298-306,,,,
marts_E01329,alpha1G,39-48+50-57+64-83+86+91-105+115-128+133-156+166-176+179-190+196-199+202-222+224-226+236-243+248-275+277+288-296+298-306,,,,
marts_E01330,alpha1G,41-43+45-46+48+50-57+63-83+87-88+91-105+115-128+133-156+166-176+179-188+196-199+202-222+224+236-244+248-275+279+289-296+298-306,,,,
marts_E01331,alpha1G,39+41-48+50-57+63-83+86-89+91-105+115-128+133-156+166-176+179-190+196-199+202-222+224-229+236-244+248-276+287-296+298-306,,,,
marts_E01332,alpha1G,42-48+50-57+63-78+80-83+86-89+91-105+115-128+133-156+166-176+179-190+202-222+224-229+236-244+248-279+284-296+298-306,,,,
marts_E01333,beta,37-38+40-57+65-76+80-82+84-97+104-117+123-129+138-141+144-156+162-164+167-181+186-195+203-213+223-237,alpha1D,41-43+45-46+48+50-57+63-83+86-87+91+93-103+105+115-128+133-156+166-176+179-187+196-199+202+204-222+224-229+236-244+248-270+278-279+293-296+298-306,,
marts_E01334,beta,37-38+40-57+64-76+80-82+84-97+104-117+123-129+138-141+144-156+162-164+167-181+186-195+203-213+223-237,alpha1D,41-43+45-46+48+50-57+63-83+86-87+91+93-103+105+115-128+133-156+166-176+179-187+196-199+202-203+205-222+224-229+236-244+248-270+278-279+293-296+298-306,,
marts_E01335,alpha1G,39-48+50-57+63-83+86-88+95-105+115-128+133-150+166-176+179-190+196-199+202-222+224-229+236-244+248-274+277-279+284+289-296+298-306,,,,
marts_E01336,alpha1G,39-48+50-57+64-83+86-89+91-105+115-128+133-156+166-176+179-190+196-199+202-222+224-229+236-244+248-279+284-296+298-306,,,,
marts_E01337,alpha1G,39-48+50-57+65-66+68-83+86+91-105+115-128+133-156+166-176+179-190+196-198+203-222+224-229+236-244+248-275+277+279+289-296+298-306,,,,
marts_E01338,alpha1G,39-48+50-57+63-83+86+89+91-105+115-128+133-156+166-176+179-190+196-199+202-222+224-229+236-244+248-271+284-296+298-306,,,,
marts_E01339,alpha1G,50-57+63-83+92-105+115-128+133-151+154-156+166-176+179-190+196-199+202-222+224-229+236-244+248-272+284-296+298-306,,,,
marts_E01340,alpha1G,39-43+50-57+63-83+86-89+91-105+115-128+133-156+166-176+179-190+196-199+202-222+224-229+236-244+248-279+284-296+298-306,,,,
marts_E01341,alpha1G,39-48+50-57+63-83+86-89+91-105+115-128+133-156+166-176+179-189+196-199+202-222+224-228+236-244+248-272+284-296+298-306,,,,
marts_E01342,alpha1G,42-48+50-57+63-82+91-105+116-117+119-128+133-154+156+166-174+179-190+196-199+202-222+224-229+236-244+248-276+279+289-296+298-306,,,,
marts_E01343,alpha1G,39-48+50-57+63-83+91-105+115-128+133-156+166-176+179-190+196-199+202-222+224-228+236-244+248-272+286-296+298-306,,,,
marts_E01344,alpha1G,39-48+50-57+63-83+86-89+91+93-105+115-128+133-156+166-176+179-190+196-198+202-222+224-229+236-244+248-276+279+289-296+298-306,,,,
marts_E01345,gamma,139-147+162-171+186-203+208-222+234-248+258-271+273-275+281-290+292-293+299-303+314-324+327-337,alpha1D,41-46+51-57+63-83+86+91-102+115-125+137-156+166-176+179-189+205-222+224-229+236-244+248-271+279+292-296+298-306,delta1,44-57+64-76+80-82+84-97+104-117+123-129+144-153+163-164+167-177+186-190+193-195+203-213+223-234
marts_E01346,alpha1G,39-48+50-57+63-83+87-89+91-104+115-128+133-156+166-176+179-190+202-222+224-229+236-244+248-279+288-296+298-306,,,,
marts_E01347,alpha1G,39-48+50-57+63-83+87-89+91-104+115-128+133-156+166-176+179-190+202-222+224-229+236-244+248-279+288-296+298-306,,,,
marts_E01348,alpha1G,39-48+50-57+63-83+86+91-103+115-128+133-156+166-176+179-190+196-199+202-222+224-227+236-244+248-277+290-296+298-306,,,,
marts_E01349,alpha1G,41-48+50-57+63-83+86+94-105+115-128+133-156+166-176+179-190+196-199+204-222+224-229+236-244+248-276+288-296+298-306,,,,
marts_E01350,alpha1G,39-48+50-57+63-83+87-89+91-105+115-128+133-156+166-176+179-190+196-199+202-222+224-229+236-244+248-272+284-296+298-306,,,,
marts_E01351,alpha1G,39-48+50-57+63-83+86-89+91-105+115-128+133-156+166-176+179-190+196-199+202-222+224-229+236-244+248-272+279+290-296+298-306,,,,
marts_E01352,alpha1G,44-48+50-57+63-83+91-105+115-128+133-156+166-176+179-190+196-199+202-222+224-226+236-244+248-276+279+289-296+298-306,,,,
marts_E01353,alpha1G,39-48+53-57+63-83+86+95-105+115-128+133-156+166-176+179-190+196-199+202-222+224-229+236-244+248-277+284-296+298-306,,,,
marts_E01354,alpha1G,39-48+50-57+63-83+87-89+91-105+115-128+133-156+166-176+179-188+190+196-198+202-222+224-229+236-244+248-277+289-296+298-306,,,,
marts_E01355,alpha1G,39-48+50-57+63-83+86+92-105+115-128+133-156+166-176+179-190+196-199+202-222+224-229+236-244+248-277+289-296+298-306,,,,
marts_E01356,alpha1G,39-48+50-57+63-83+91-105+115-128+133-156+166-176+179-190+196-199+202-222+224-229+236-244+248-276+288-296+298-306,,,,
marts_E01357,alpha1G,39-48+50-57+63-83+91-105+115-128+133-156+166-176+179-190+196-199+202-222+224-229+236-244+248-276+288-296+298-306,,,,
marts_E01358,alpha1G,39-48+50-57+63-83+86+91-105+115-128+133-156+166-176+179-190+196-199+202-222+224-229+236-244+248-272+284-296+298-306,,,,
marts_E01359,alpha1G,39-48+50-57+63-83+86+91-105+115-128+133-156+166-176+179-190+196-199+202-222+224-229+236-244+248-272+286-296+298-306,,,,
marts_E01360,alpha1G,39-48+50-57+63-83+89+91-105+115-128+133-156+166-176+179-190+196-199+202-222+224-229+236-244+248-276+287-296+298-306,,,,
marts_E01361,alpha1G,41-48+50-57+63-83+87-88+91-105+115-128+133-156+166-176+179-190+196-199+202-222+224-229+236-244+248-272+287-296+298-306,,,,
marts_E01362,alpha1G,39-48+50-57+63-83+86-89+91+93-105+115-128+133-156+166-176+179-188+190+196-199+202-222+224-229+236-244+248-275+277+288-296+298-306,,,,
marts_E01363,alpha1G,39-48+50-57+64-83+86+91-105+115-128+133-156+166-176+179-190+196-199+202-222+224-228+236-243+248-274+279+289-296+298-306,,,,
marts_E01364,alpha1G,39-48+50-57+65-83+87-88+91-105+115-128+133-156+166-176+179-190+196-199+202-222+224-229+236-244+248-275+277+288-296+298-306,,,,
marts_E01365,alpha1G,39-48+50-57+63-83+91-105+115-128+133-156+166-176+179-190+196-199+202-222+224-229+236-244+248-272+287-296+298-306,,,,
marts_E01366,alpha1G,39-48+50-57+63-83+87-89+91-105+116-128+133-156+166-176+179-190+196-199+203-222+224-229+236-244+248-275+288-296+298-306,,,,
marts_E01367,alpha1G,45-48+50-51+53-57+63-83+92-105+116-128+133-151+153-156+166-176+179-190+196-199+202-222+224-229+236-244+248-272+284-296+298-306,,,,
marts_E01368,alpha1G,39-48+50-57+63-83+92-105+115-128+133-156+166-176+179-190+196-199+202-222+224-229+236-244+248-272+284-296+298-306,,,,
marts_E01369,alpha1G,39-48+50-57+63-83+89+91-105+115-128+133-156+166-176+179-190+196-199+202-222+224-229+236-244+248-271+284-296+298-306,,,,
marts_E01370,alpha1G,41-48+50-57+64-83+86+91-105+115-128+133-156+166-176+179-190+196-199+202-222+224-228+236-244+248-276+279+289-296+298-306,,,,
marts_E01371,beta,40-57+65-76+80-82+84-97+104-117+123-129+138-142+144-156+162-164+167-181+186-195+203-213+223-237,alpha1D,44-48+50-57+63-83+86-87+91+93-103+105+115-128+133-134+136-156+166-176+179-190+196-199+206-222+236-243+248-270+278-279+293-296+298-306,,
marts_E01372,beta,40-57+65-76+80-82+84-97+104-117+123-129+138-142+144-156+162-164+167-181+186-195+203-213+223-237,alpha1D,41-43+45-46+48+50-57+63-83+86-88+91-102+105+115-128+133+135-156+166-176+179-190+196-199+203-204+206-222+224-229+236-244+248-267+272+274+277+291-296+298-306,,
marts_E01373,beta,39-57+64-76+80-82+84-96+104-117+123-129+138-142+144-156+162-164+167-181+186-195+203-213+223-237,alpha1D,41-43+45-47+50-57+63-83+86-88+91-102+105+115-128+133+135-156+166-176+179-190+196-199+202-222+224-229+236-244+248-271+278-279+293-296+298-306,,
marts_E01374,beta,37-38+40-57+64-76+80-82+84-97+104-117+123-129+144-156+163-164+167-181+186-195+203-213+223-237,alpha1D,41-43+45-47+50-57+63-83+86-88+91-102+105+115-128+133-156+166-176+179-190+206-222+225-229+236-244+248-271+291-296+298-306,,
marts_E01375,beta,40-57+64-76+80-82+84-97+104-117+123-129+138-142+144-156+162-164+167-181+186-195+203-213+223-237,alpha1D,41-43+45-46+48+50-57+63-83+86-88+91-103+105+115-128+133-134+137-156+166-176+179-190+197-199+202+204+207-222+224-229+236-244+248-267+269-270+276-279+295-296+298-306,,
marts_E01376,beta,40-57+64-76+80-82+84-94+104-117+123-129+138-142+144-156+162-164+167-179+186-195+203-213+223-237,alpha1D,50-57+63-83+87-88+91-102+105+115-128+133-156+166-176+179-189+196-199+202-222+224-229+236-244+248-270+278-279+293-296+298-306,,
marts_E01377,beta,37-57+64-76+80-82+84-97+104-117+123-129+138-142+144-156+162-164+167-180+186-195+203-213+223-237,alpha1D,41-43+45-46+48+50-57+63-83+87+91+93-103+115-128+136-156+166-176+179-189+196-199+202-204+207-222+224-229+236-244+248-271+279+292-296+298-306,,
marts_E01378,beta,37-57+64-76+80-82+84-93+96-97+104-117+123-129+138-142+144-156+162-164+167-176+180-181+186-195+203-213+223-237,alpha1D,41-43+45-46+48+50-57+63-83+86-88+91-102+104-105+115-128+133+135-156+166-176+179-190+196-199+202-204+207-222+224-229+236-244+248-271+278-279+293-296+298-306,,
marts_E01379,beta,37-57+64-76+80-82+84-97+104-117+123-129+138-141+144-156+162-164+167-177+179-181+186-195+203-213+223-237,alpha1D,50-57+63-83+86-88+91-102+104-105+115-128+133-156+166-176+179-188+196-199+202-222+224-229+236-244+248-270+278-279+293-296+298-306,,
marts_E01380,beta,39-57+64-76+80-82+84-97+104-117+123-129+138-142+144-156+162-164+167-177+179-181+186-195+203-213+223-237,alpha1D,41-43+45-47+50-57+63-83+86-88+91-102+115-128+133+135-156+166-176+179-190+196-199+202-205+207-222+225-229+236-244+248-271+279+291-296+298-306,,
marts_E01381,beta,37-57+64-76+80-82+84-97+104-117+123-129+138-141+144-156+162-164+167-181+186-195+203-213+223-237,alpha1D,50-57+63-83+86-88+91-102+105+115-128+133-156+166-176+179-189+196-199+202-222+224-229+236-244+248-270+278-279+293-296+298-306,,
marts_E01382,beta,38-57+64-76+80-82+84-97+104-117+123-129+138-142+144-156+162-164+167-180+186-195+203-213+223-237,alpha1D,41-43+45-46+48+50-57+63-83+86-87+91+93-103+105+115-128+133-156+166-176+179-187+196-199+202-204+207-222+224-229+236-243+248-270+278-279+293-296+298-306,,
marts_E01383,beta,41-57+64-76+80-82+84-97+104-117+123-129+138-142+144-156+162-164+167-179+181+186-195+203-213+223-237,alpha1D,46-48+50-57+63-83+86-88+91-102+105+115-128+133-156+166-176+179-190+206-221+236-243+248-270+278-279+293-296+298-306,,
marts_E01384,beta,49-57+66-76+80-82+84-94+104-117+123-129+138-142+144-156+162-164+167-181+186-195+203-210+223-237,alpha1D,47-48+50-57+63-83+86+91-102+105+115-128+133-134+136-156+166-176+179-190+196-199+202-204+207-222+236-244+248-271+273+291-296+298-306,,
marts_E01385,beta,40-57+65-76+80-82+84-97+104-117+123-129+138-142+144-156+162-164+167-181+186-195+203-213+223-237,alpha1D,41-43+45-47+50-57+63-83+86-88+91-102+105+115-128+133+135-156+166-176+179-190+196-199+202+206-222+224-229+236-244+248-267+291-296+298-306,,
marts_E01386,beta,47-57+66-76+80-82+84-94+104-117+123-129+138-142+144-156+162-164+167-181+186-195+203-209+211-212+223-237,alpha1D,50-57+63-83+86+91-103+105+115-128+133-156+166-176+179-190+196-199+202-204+207-222+236-244+248-271+273+291-296+298-306,,
marts_E01387,beta,37-57+64-76+80-82+84-96+104-117+123-129+144-156+162-164+167-181+186-195+203-213+223-237,alpha1D,50-57+63-83+86-88+91-102+104-105+115-128+133-156+166-176+179-189+196-199+203-222+224-229+236-244+248-271+279+292-296+298-306,,
marts_E01388,beta,37-57+64-76+80-82+84-96+104-117+123-129+144-156+162-164+167-181+186-195+203-213+223-237,alpha1D,46-48+50-57+63-83+86-88+91-102+104-105+115-128+133-156+166-176+179-189+196-199+203-222+224-229+236-244+248-271+279+292-296+298-306,,
marts_E01389,beta,37-57+67-76+80-82+84-96+104-117+123-129+138-142+144-156+162-164+167-181+186-195+203-213+223-237,alpha1D,41-43+45-48+51-57+63-83+87+91+93-102+105+115-128+133-156+166-176+179-188+196-199+202-222+224-229+236-244+248-270+278-279+293-296+298-306,,
marts_E01390,beta,40-57+64-76+80-82+84-97+104-117+123-129+138-142+144-156+162-164+167-181+186-195+203-213+223-237,alpha1D,41-43+45-48+51-57+63-83+86-88+91-105+115-128+133-134+136-156+166-176+179-189+196-199+202-204+206-222+224-229+236-244+248-267+291-296+298-306,,
marts_E01391,beta,40-57+65-76+80-82+84-97+104-117+123-129+142+144-156+162-164+167-181+186-195+203-213+223-237,alpha1D,41-43+45-47+50-57+63-83+86-88+91-102+105+115-128+133-134+137-156+166-176+179-190+196-199+202-222+224-229+236-244+248-269+278-279+294-296+298-306,,
marts_E01392,beta,37-57+67-76+80-82+84-95+97+104-117+123-129+138-142+144-156+162-164+167-181+186-195+203-213+223-237,alpha1D,41-43+45-48+51-57+63-83+87+91+93-102+105+115-128+133-156+166-176+179-188+196-199+202-222+224-229+236-244+248-270+278-279+293-296+298-306,,
marts_E01393,beta,43-57+64-76+80-82+84-97+104-117+123-129+138-141+144-156+162-164+167-181+186-195+203-213+223-237,alpha1D,41-43+45-46+48+50-57+63-83+86-87+91+93-102+115-128+133+135-156+166-176+179-190+196-199+202-203+207-222+224-229+236-244+248-271+278-279+293-296+298-306,,
marts_E01394,beta,40-57+64-76+80-82+84-97+104-117+123-129+138-141+144-156+162-164+167-179+186-195+203-213+223-237,alpha1D,41-43+45-46+48+50-57+63-83+86-87+91+93-102+105+115-128+135-156+166-176+179-189+196-199+202-222+224-229+236-244+248-271+278-279+293-296+298-306,,
marts_E01395,beta,40-57+64-76+80-82+84-95+104-117+123-129+138-142+144-156+162-164+167-181+186-195+203-213+223-237,alpha1D,41-43+45-47+50-57+63-83+87-88+91-102+105+115-128+133-156+166-176+179-190+196-199+202-204+206-222+224-229+236-244+248-270+278-279+293-296+298-306,,
marts_E01396,beta,40-57+64-76+80-82+84-96+104-117+123-129+138-142+144-156+162-164+167-181+186-195+203-213+223-237,alpha1D,50-57+63-83+87-88+91-103+115-128+133-156+166-176+179-190+196-199+202-205+207-222+224-229+236-244+248-271+279+292-296+298-306,,
marts_E01397,beta,37-57+64-76+80-82+84-97+104-117+123-129+139-142+144-156+162-164+167-181+186-195+203-213+223-237,alpha1D,46-48+50-56+63-83+86-88+91-102+105+115-128+133-156+166-176+179-189+196-199+202-203+205-222+224-229+236-243+248-271+278-279+293-296+298-306,,
marts_E01398,alpha1D,50-56+63-83+86-87+91-103+105+115-128+133-156+166-172+179-190+196-199+202-222+224-225+236-244+248-269+271+279+292-296+298-306,,,,
marts_E01399,alpha1G,39-48+50-57+64-83+87-88+91-105+115-128+133-156+166-176+179-187+196-199+202-222+224-229+236-244+248-272+287-296+298-306,,,,
marts_E01400,alpha1G,39+41-48+50-57+63-83+87-88+91-105+115-128+133-156+166-176+179-190+196-199+202-222+224-229+236-244+248-272+284-296+298-306,,,,
marts_E01401,alpha1G,41-48+50-57+63-83+86+91-105+115-128+133-156+166-176+179-190+196-199+202-222+224-229+236-243+248-272+284-296+298-306,,,,
marts_E01402,alpha1A,73-85+96-119+139-146+149-161+167-191+204-213+218-219+221-230+236-263+325-344+346+352-359,,,,
marts_E01403,alpha1G,39-48+50-57+64-83+86-88+91-105+115-128+133-156+166-176+179-190+196-199+202-222+224-229+236-244+248-274+276-278+284-296+298-306,,,,
marts_E01404,alpha1G,41-48+50-57+63-79+89+92-105+115-128+133-156+166-176+179-189+196-199+202-222+224-229+236-244+248-279+284-296+298-306,,,,
marts_E01405,alpha1G,39-48+50-57+63-83+86+91-105+115-128+133-156+166-176+179-188+196-199+202-222+224-229+236-244+248-272+284-296+298-306,,,,
marts_E01406,alpha1G,39-48+50-57+63-83+87-88+91-105+115-128+133-156+166-176+179-187+196-199+202-222+224-229+236-244+248-272+285-296+298-306,,,,
marts_E01407,alpha1G,41-47+66-83+86+91-105+115-128+133-156+166-176+179-188+196-199+202-222+224-229+236-244+248-272+284-296+298-306,,,,
marts_E01408,alpha1G,39-48+50-57+63-83+86+91-105+115-128+133-156+166-176+179-188+196-199+202-222+224-229+236-244+248-272+284-296+298-306,,,,
marts_E01409,beta,46-57+64-76+80-82+84-97+104-117+123-129+144-156+162-164+167-181+186-195+203-213+223-237,gamma,139-147+162-170+186-203+207-222+234-248+258-272+274-275+281-282+284-286+288-290+293-295+300-303+314-324+327-337,alpha1D,41+43-48+50-57+63-83+86-87+94-105+115-127+133-152+172-176+179-190+199+202-222+224-227+236-239+252-253+258-271+279+292-296+298-306
marts_E01410,beta,46-57+64-76+80-82+84-97+104-117+123-129+144-156+162-164+167-181+186-195+203-213+223-237,gamma,139-147+162-170+186-203+207-222+234-248+258-272+274-275+281-282+284-290+299-303+314-324+327-337,alpha1D,41+43-48+50-57+63-83+86+94-95+97-105+115-126+133-153+173-176+179-190+202-222+224-227+236-237+239+251+254-271+279+292-296+298-306
marts_E01411,beta,45-57+64-76+80-82+84-97+104-117+123-129+144-155+162-164+167-181+186-195+203-213+223-237,gamma,139-147+162-170+186-203+207-222+234-248+258-272+274-275+281-282+284-286+288-290+293-295+300-303+314-324+327-337,alpha1D,41+43-48+50-57+63-83+86-88+94+105+121+128+136-137+139-153+171-176+179-190+202-222+224-227+236-239+252-253+258-272+279+292-296+298-306
marts_E01412,beta,46-57+64-76+80-82+84-97+104-117+123-129+144-156+162-164+167-181+186-195+203-213+223-237,gamma,139-147+162-170+186-203+207-222+234-248+258-272+274-275+281-282+284-286+288-290+293-295+300-303+314-324+327-337,alpha1D,39-41+44-48+50-57+63-83+86-89+91-100+102-103+115-128+133-153+174-176+179-190+196-199+202-205+207-222+224-227+236-237+249-251+254-271+291-296+298-306
marts_E01413,beta,46-57+64-76+80-82+84-97+104-117+123-129+144-156+162-164+167-181+186-195+203-213+223-237,gamma,139-147+162-170+186-203+207-222+234-248+258-272+274-275+281-282+284-286+288-290+293-295+300-303+314-324+327-337,alpha1D,41+43-48+50-57+63-83+86-89+91-101+103+115-128+133-151+174-176+179-190+196-199+202-203+205-222+224-226+228+236-237+249-250+253-271+291-296+298-306
marts_E01414,beta,46-57+64-76+80-82+84-97+104-117+123-127+138-139+141-142+144-156+162-164+167-181+187-195+203-213+223-237,gamma,139-147+162-171+186-203+207-222+235-248+258-274+281-290+294-295+300-304+314-324+327-337,alpha1D,46-48+50-57+63-83+86+91-103+115-128+133-134+137-156+166-176+179-189+196-199+202-222+224-229+236-244+248-271+279+292-296+298-306
marts_E01415,beta,64-76+80-82+84-97+104-117+123-127+129+138-142+144-156+162-164+167-181+187-195+203-213+223-237,alpha1D,46-48+50-57+63-83+86+89+92-103+105+115-128+133-134+137-156+166-176+179-188+190+196-199+202-222+224-229+236-244+248-271+291-296+298-306,gamma,206-222+235-248+258-275+281-290+294-295+300-304+314-324+327-337
marts_E01416,beta,44-57+64-76+80-82+84-97+104-117+123-127+129+138+140-142+144-156+162-164+167-181+187-195+203-213+223-237,gamma,139-147+162-171+186-203+207-222+234-248+258-267+269-275+281-290+294-295+300-304+314-323+327-337,alpha1D,46-48+50-57+63-83+87-88+91-103+115-128+133-134+137-156+166-176+179-189+196-199+202-222+224-229+236-244+248-271+279+292-296+298-306
marts_E01417,beta,39-57+64-76+80-82+84-97+104-117+123-127+138+140-142+144-155+162-164+167-180+186-195+203-213+223-237,gamma,139-147+162-170+187-203+207-222+234-248+258-275+281-291+293-295+300-303+314-323+327-337,alpha1D,44+46-48+50-57+63-83+86+91-101+115-128+133-134+137-156+166-176+179-188+190+196-199+202-222+224-229+236-244+248-271+279+292-296+298-306
marts_E01418,beta,38-57+64-76+80-82+84-97+104-117+123-127+138+140-142+144-155+162-164+167-180+186-195+203-213+223-237,gamma,139-147+162-170+187-203+207-222+234-248+258-275+281-291+293-295+300-303+314-323+327-337,alpha1D,44+46-48+50-57+63-83+86-88+91-100+102-103+115-128+133-156+166-176+179-189+196-199+202-222+224-229+236-244+248-271+279+292-296+298-306
marts_E01419,alpha1G,41-48+50-57+63-83+86-87+93-105+115-128+133-156+166-176+179-190+196-199+202-222+224-229+236-244+248-272+284-296+298-306,,,,
marts_E01420,alpha1G,41-48+50-57+63-83+86+91-105+115-128+133-156+166-176+179-190+196-199+202-222+224-229+236-244+248-272+284-296+298-306,,,,
marts_E01421,beta,43-57+64-76+80-82+84-97+104-117+123-129+138-139+144-155+162-164+167-180+204-213+223-237,gamma,139-147+162-170+185-203+207-222+234-248+258-274+281-290+292-295+299-303+314-324+327-337,alpha1D,46-48+50-57+63-83+86-88+91-105+115-128+133-156+166-176+179-190+196-199+202-222+224-229+236-244+248-271+279+292-296+298-306
marts_E01422,alpha1G,39-40+42-48+50-57+66-83+94-105+115-128+133-153+166-176+179-190+196-199+202-222+224-229+236-244+248-275+277-279+290-296+298-306,,,,
marts_E01423,delta1,73-86+385-399+405-421+454-470+480+487-492+531-543+553-558+560-570+585-597+599+610-621+634+649-662+667-680+707-722+727,gamma,139-147+162-171+189-202+206-222+234-248+259-271+273-275+282-292+299-303+314-323+327-337,,
marts_E01424,alpha1D,44-48+50-57+63-83+86+91-105+115-128+133-156+166-176+179-190+198-199+202-222+224-229+236-244+248-272+278-279+293-296+298-306,,,,
marts_E01425,alpha1D,41-48+50-57+63-83+89+92-105+115-128+133-156+166-176+179-190+198-199+202-222+224-229+236-244+248-271+273+276-279+292-296+298-306,,,,
marts_E01426,alpha1G,39-48+50-57+63-77+79-83+95-105+115-128+133-156+166-176+179-190+196-199+202-222+224-229+236-244+248-276+279+289-296+298-306,,,,
marts_E01427,beta,37-57+64-76+80-82+84-97+104-117+123-129+138-142+144-156+162-164+167-180+186-195+203-213+223-237,alpha1D,50-57+63-83+86-88+91-102+104-105+115-128+133-156+166-176+179-190+196-199+202-204+207-222+224-229+236-244+248-270+278-279+293-296+298-306,,
marts_E01428,beta,43-57+64-76+80-82+84-97+104-117+123-129+138-142+144-156+162-164+167-181+186-195+203-213+223-237,alpha1D,44+47-48+50-57+63-83+86-87+91+93-105+115-128+133-156+166-176+179-190+196-199+202-221+236-243+248-271+278-279+293-296+298-306,,
marts_E01429,beta,44-57+64-76+80-82+84-97+104-117+123-129+144-156+162-164+167-181+186-195+203-213+223-237,gamma,139-147+162-170+186-203+207-222+234-248+258-272+274-275+281-282+284-286+288-290+293-295+300-303+314-324+327-337,alpha1D,41+44-48+50-57+63-83+86+91+93-105+115-128+135-156+179-190+196-199+202-222+224-228+256-271+279+292-296+298-306
marts_E01430,alpha1G,41-48+50-57+63-83+88-89+91-105+115-128+133-156+166-176+179-190+196-199+202-222+224-228+236-244+248-276+279+289-296+298-306,,,,
marts_E01431,beta,37-57+64-76+80-82+84-97+104-117+123-129+144-156+162-164+167-181+186-195+203-213+223-237,gamma,139-147+162-170+186-203+207-222+234-248+258-272+274-275+281-282+284-286+288-290+293-295+300-303+314-324+327-337,alpha1D,41-48+50-57+63-83+87-88+91-105+115-128+135-156+175-176+179-190+196-199+202-222+224-229+243+256-271+279+292-296+298-306
marts_E01432,beta,40-57+64-76+80-82+84-95+104-117+123-129+138+142+144-156+162-164+167-180+186-195+203-213+223-237,alpha1D,41-43+45-48+51-57+63-83+86-88+91-103+115-128+133+135-156+166-176+179-190+196-199+202-222+225+227+229+236-244+248-268+276-278+294-296+298-306,,
marts_E01433,alpha1G,39-48+50-57+63-83+87+91-105+115-128+133-156+166-176+179-190+196-199+202-222+224-229+236-244+248-276+279+289-296+298-306,,,,
marts_E01434,alpha1G,39-48+50-57+63-82+91-105+116-128+133-155+166-176+179-189+196-199+202-222+224-229+236-239+243-244+254-275+277+288-296+298-306,,,,
marts_E01435,alpha1G,40-48+50-57+63-83+87-88+91-105+115-128+133-155+166-175+179-190+196-199+202-222+224-227+236-244+248-271+278-279+290-296+298-306,,,,
marts_E01436,alpha1G,39+41-48+50-57+63-83+87-88+91-105+115-128+133-155+166-175+179-190+196-199+202-222+224-229+236-244+248-271+278-279+290-296+298-306,,,,
marts_E01437,alpha1G,39-48+50-57+63-82+93-105+115-128+133-155+166-176+179-190+196-199+202-222+224-229+236-244+248-272+286-296+298-306,,,,
marts_E01438,alpha1I,44-48+50-57+63-83+86-87+89+91-105+115-125+133-156+166-176+179-187+196-199+202-222+224-229+236-244+248-273+276-279+295-296+298-306,,,,
marts_E01439,alpha1G,39+41-48+50-57+63-83+86-89+91-105+115-128+133-156+166-176+179-190+196-199+202-222+224-229+236-244+248-276+279+285-296+298-306,,,,
marts_E01440,alpha1G,39-48+50-57+63-83+93-105+115-128+133-156+166-176+179-190+196-199+202-222+224-229+236-244+248-276+279+285-296+298-306,,,,
marts_E01441,alpha1G,39+41-48+50-57+63-83+87-88+91-105+115-128+133-156+166-176+179-190+196-199+202-222+224-229+236-244+248-276+279+285-296+298-306,,,,
marts_E01442,alpha1G,39-48+50-57+63-83+86+91-105+118-128+133-156+166-176+179-190+196-199+202-222+224-229+236-244+248-277+284-296+298-306,,,,
marts_E01443,beta,37-57+64-76+80-82+84-97+104-117+123-129+138-142+144-156+162-164+167-180+186-195+203-213+223-237,alpha1D,41-43+45-46+48+50-57+63-83+86-87+91+93-102+105+115-128+133-156+166-176+179-190+196-199+202-204+207-222+224-229+236-244+248-270+278-279+293-296+298-306,,
marts_E01444,beta,49-57+64-76+80-82+84-97+104-117+123-125+129+138-142+144-155+162-164+167-181+186-195+203-213+223-237,gamma,139-147+162-170+186-203+207-222+234-248+258-275+281-290+294-295+300-303+314-324+327-337,alpha1D,44+46-48+50-57+63-83+86-88+91-103+115-128+133-134+136-156+166-176+179-188+190+196-199+202-222+224-229+236-244+248-271+291-296+298-306
marts_E01445,alpha1G,39-48+50-57+63-83+87-88+91-105+115-128+133-156+166-176+179-190+196-199+202-222+224-229+236-244+248-272+284-296+298-306,,,,
marts_E01446,alpha1G,39+41-48+50-57+63-83+87-88+91-105+115-128+133-156+166-176+179-190+196-199+202-222+224-229+236-244+248-275+284-296+298-306,,,,
marts_E01447,alpha1G,39-48+50-57+63-83+86+91-105+115-128+133-156+166-176+179-190+196-199+202-222+224-229+236-244+248-272+286-296+298-306,,,,
marts_E01448,alpha1G,41-48+50-57+63-83+87-88+91+93-105+115-128+133-156+166-176+179-190+196-199+202-222+224-229+236-243+248-272+284-296+298-306,,,,
marts_E01449,alpha1G,39-48+50-57+63-83+86-87+91-105+115-128+133-156+166-176+179-190+196-199+202-222+224-229+236-244+248-276+285-296+298-306,,,,
marts_E01450,alpha1G,39-48+50-57+63-83+87-88+91-105+115-128+133-156+166-176+179-187+196-199+202-222+224-229+236-244+248-271+284-296+298-306,,,,
marts_E01451,alpha1G,39-48+50-57+63-83+86+91-105+115-128+133-156+166-176+179-190+196-199+202-222+224-229+236-244+248-275+279+285-296+298-306,,,,
marts_E01452,alpha1G,41-48+50-57+63-83+86-87+91-105+115-128+133-156+166-176+179-190+196-199+202-222+224-229+236-244+248-272+284-296+298-306,,,,
marts_E01453,alpha1G,39-48+50-57+63-83+86-87+91-105+115-128+133-156+166-176+179-190+196-199+202-222+224-229+236-244+248-275+284-296+298-306,,,,
marts_E01454,alpha1G,39-48+50-57+63-83+87-88+91-105+115-128+133-156+166-176+179-190+196-199+202-222+224-229+236-244+248-275+284-296+298-306,,,,
marts_E01455,alpha1G,39-48+50-57+63-83+86+91-105+115-128+133-156+166-176+179-190+196-199+202-222+224-229+236-244+248-275+285-296+298-306,,,,
marts_E01456,alpha1G,39-48+50-57+63-83+87-88+91-105+115-128+133-156+166-176+179-187+196-199+202-222+224-229+236-244+248-272+285-296+298-306,,,,
marts_E01457,alpha1G,39-48+50-57+66-83+87-88+91-105+115-128+133-156+166-176+179-190+196-199+202-222+224-229+236-244+248-276+284-285+287-296+298-306,,,,
marts_E01458,alpha1G,39-48+50-57+63-83+91-105+115-128+133-156+166-176+179-188+196-199+202-222+224-229+236-244+248-272+284-296+298-306,,,,
marts_E01459,alpha1G,41-48+50-57+66-83+86-87+89+91-105+115-128+133-153+155-156+166-176+179-190+196-199+202-222+224-229+236-244+248-277+285-296+298-306,,,,
marts_E01460,alpha1G,39-48+50-57+63-83+86-87+91-105+115-128+133-156+166-176+179-190+196-199+202-222+224-229+236-244+248-275+284-296+298-306,,,,
marts_E01461,alpha1I,40-48+50-57+63-81+89+93-104+115-128+133-156+166-176+179-186+196-197+199+203-206+208-222+224-229+236-244+248-271+273+277-279+294-296+298-306,,,,
marts_E01462,epsilon,104-115+123-134+151-164+172-183+191-200+213-217+226-228+231-246+254-263+268-270+273-277+291-306+309-330+337-350+356-367+369-371+376-378+510-513,delta2,73-86+385-399+405-421+454-470+480-492+531-547+553-570+585-599+610-621+633-638+649-662+667-680+707-720,,
marts_E01463,beta,43-57+64-76+80-82+84-97+104-117+123-129+144-156+162-164+167-181+186-195+203-213+223-237,gamma,139-147+162-170+186-203+207-222+234-248+258-272+274-275+281-282+284-286+288-290+293-295+300-303+314-324+327-337,alpha1D,41+43-48+50-57+63-83+86+91-101+103+115-128+133+135-152+179-190+196-199+202-219+221-222+224-229+236-237+261-266+268-271+291-296+298-306
marts_E01464,beta,38-57+64-76+80-82+84-97+104-117+123-129+144-156+162-164+167-181+186-195+203-213+223-237,gamma,139-147+149-151+157-159+162-170+186-203+207-222+234-248+258-272+274-275+281+283-286+288-290+293-295+300-303+314-324+327-337,alpha1D,41+43-48+50-57+63-83+91-105+116-128+133-153+179-190+196-199+202-222+224-228+257-271+291-296+298-306
marts_E01465,alpha1G,41-48+50-57+63-83+87-88+91-105+115-128+133-156+166-176+179-190+196-199+202-222+224-229+236-244+248-272+284-296+298-306,,,,
marts_E01466,alpha1G,39-48+50-57+63-83+86-87+91-105+115-128+133-156+166-176+179-190+196-199+202-222+224-229+236-244+248-275+284-296+298-306,,,,
marts_E01467,alpha1G,39+41-48+50-57+63-83+87-88+91-105+115-128+133-156+166-176+179-190+196-199+202-222+224-229+236-244+248-272+284-296+298-306,,,,
marts_E01468,alpha1G,39-48+50-57+63-83+86-88+95-101+116-128+133-151+166-175+179-190+196-199+202-222+224-229+236-244+248-275+288-296+298-306,,,,
marts_E01469,alpha1G,39-48+50-57+63-83+86+91-105+115-128+133-156+166-176+179-190+196-199+202-222+224-229+236-244+248-272+284-296+298-306,,,,
marts_E01470,alpha1G,41-48+50-57+63-83+87-88+91-105+115-128+133-156+166-176+179-190+196-199+202-222+224-229+236-244+248-275+284-296+298-306,,,,
marts_E01471,alpha1G,41-48+50-57+63-83+87-88+91-105+115-128+133-156+166-176+179-190+196-199+202-222+224-229+236-244+248-272+277-279+288-296+298-306,,,,
marts_E01472,alpha1G,39-48+50-57+63-83+88-89+91-105+115-128+133-156+166-176+179-188+196-199+202-222+224-229+236-244+248-272+285-296+298-306,,,,
marts_E01473,alpha1G,41-48+50-57+63-83+87-88+91-105+115-128+133-156+166-176+179-190+196-199+202-222+224-229+236-244+248-275+284-296+298-306,,,,
marts_E01474,alpha1I,39-48+50-57+63-83+86-89+94-101+103-104+115-128+134-135+138-156+166-176+179-187+196-197+199+202+205-222+224-229+236-243+248-279+284-285+288-296+298-306,,,,
marts_E01475,beta,38-57+64-76+80-82+84-97+104-117+123-129+138-142+144-156+162-164+167-180+186-195+203-213+223-237,alpha1D,41-43+45-48+51-57+63-83+87+91+93-102+105+115-128+133-156+166-176+179-187+196-199+203-222+224-229+236-244+248-270+278-279+293-296+298-306,,
marts_E01476,alpha2A,73-85+93-121+139-159+161+171-188+190+207-214+216-219+221-231+237-263+324-346+353-355+358-359,,,,
marts_E01477,beta,40-57+64-76+80-82+84-97+104-117+123-129+139-142+144-156+162-164+167-177+186-195+203-213+223-237,gamma,139-147+162-170+186-203+207-222+234-248+258-271+273-275+281-286+288-294+299-303+314-324+327-337,alpha1D,50-57+63-83+86-87+91-103+105+115-128+133-151+153-156+166-176+179-189+196-199+202-203+207-222+224-229+236-243+248-271+278-279+293-296+298-306
marts_E01478,beta,37-57+64-76+80-82+84-97+104-117+123-129+138-142+144-156+162-164+167-181+186-195+203-213+223-237,alpha1D,50-57+63-83+87-88+91-102+104-105+115-128+133-134+136-156+166-176+179-189+196-199+204+207-222+224-229+236-244+248-271+279+292-296+298-306,,
marts_E01479,beta,44-57+64-76+80-82+84-97+104-117+123-129+138-142+144-155+162-164+167-179+186-195+203-213+223-237,alpha1D,46-48+50-57+63-83+86-87+91-103+115-128+133-135+137-156+166-176+179-190+196-198+203-205+207-222+224-229+236-243+248-271+291-296+298-306,gamma,139-147+162-170+187-203+207-222+233-248+258-271+284-287+299-303+314-324+327-337
marts_E01480,beta,37-38+40-57+64-76+80-82+84-97+104-117+123-129+138-142+144-156+162-164+167-181+186-195+203-213+223-237,alpha1D,41-43+45-46+48+50-57+63-83+86-88+91-103+105+115-128+133-156+166-176+179-188+196-199+203-222+224-229+236-244+248-270+278-279+293-296+298-306,,
marts_E01481,beta,40-57+64-76+80-82+84-97+104-117+123-129+138-142+144-156+162-164+167-181+186-195+203-211+223-237,alpha1D,46-48+50-57+63-83+86-88+91+93-103+105+115-128+133-156+166-176+179-190+196-199+202-221+236-244+248-270+278-279+293-296+298-306,,
marts_E01482,alpha2A,73-85+95-121+139-159+161+170-185+187-189+207-214+216-219+221-231+237-263+324-346+353-355+358-359,,,,
marts_E01483,beta,45-57+64-76+80-82+84-97+104-117+123-127+138+140-142+144-155+162-164+167-180+186-195+203-213+223-237,gamma,139-147+162-170+187-203+207-222+234-248+258-275+281-286+288-290+294-295+300-303+314-323+327-337,alpha1D,44+46-48+50-57+63-83+86-88+91-105+115-128+133-134+136-156+166-176+179-188+190+196-199+202-222+224-229+236-244+248-271+279+292-296+298-306
marts_E01484,alpha2A,75-85+93-121+139-156+158+160-161+169-185+187-190+207-214+216-219+221-231+236-254+256-263+324-346+352-355+358-359,,,,
marts_E01485,alpha2A,75-85+93-121+139-156+158-160+171-190+207-214+216-219+221-231+236-254+256-263+324-346+352-355+358-359,,,,
marts_E01486,alpha1G,39-48+50-57+64-83+93+95-105+115-128+133-156+166-176+179-190+196-199+202-222+224-229+236-244+248-279+284-296+298-306,,,,
marts_E01487,beta,43-57+64-76+80-82+84-97+104-117+123-129+138-142+144-156+162-164+167-181+186-195+203-213+223-237,alpha1D,41-43+45-46+48+50-57+63-83+86-87+91+93-102+105+115-128+133-156+166-176+179-190+196-199+202-222+224-229+236-244+248-270+278-279+293-296+298-306,,
marts_E01488,alpha1G,39-47+50-57+63-83+86+91-105+115-128+133-156+166-176+179-189+196-199+202-222+224-229+236-242+248-276+284-296+298-306,,,,
marts_E01489,epsilon,104-115+123-134+151-164+171-183+191-200+213-217+226-228+232-246+254-263+268-270+273-277+291-306+309-330+337-350+356-367+369-371+376-378+510-513,delta2,73-86+385-399+402+405-407+410-421+454-470+480-492+531-547+553-570+585-599+610-621+633-638+649-662+667-680+707-720,,
marts_E01490,epsilon,104-115+123-134+151-164+172-183+191-200+213-217+231-246+254-263+268-270+273-277+291-306+309-330+337-350+356-367+369-371+376-378+510-513,delta2,73-86+385-399+403+405-407+409-421+454-468+470+480-492+531-547+553-570+585-599+610-621+633-638+649-662+667-680+707-722+727,,
marts_E01491,alpha1G,45-48+50-51+53-57+63-83+86-88+91-103+115-128+133-150+153-156+166-176+179-189+196-199+202-222+224-229+236-243+248-278+284-296+298-306,,,,
marts_E01492,alpha1G,39-48+50-57+63-83+92-105+115-128+133-156+166-176+179-190+196-199+202-222+224-229+236-244+248-272+286-296+298-306,,,,
marts_E01493,alpha1G,39-48+50-57+63-83+91-105+116-128+133-156+166-176+179-187+190+196-199+202-222+224-228+236-244+248-271+286-296+298-306,,,,
marts_E01494,alpha1G,41-48+50-57+63-83+86+91-105+115-128+133-152+166-176+179-188+190+196-199+202-222+224-229+236-244+248-271+286-296+298-306,,,,
marts_E01495,alpha1G,45-48+50-51+53-57+63-82+86-87+89+91-103+115-128+133-150+153-156+166-176+179-190+196-198+202-222+224-229+236-243+248-279+284-296+298-306,,,,
marts_E01496,alpha1G,39-48+50-57+63-83+86+91-105+116-128+133-154+156+166-176+179-188+190+196-199+202-222+224-229+236-244+248-271+286-296+298-306,,,,
marts_E01497,beta,40-57+64-76+80-82+84-97+107-117+123-129+138-142+144-156+162-164+167-179+186-195+203-213+223-237,alpha1D,50-57+63-83+86+91+93-102+105+115-128+133-156+166-176+179-190+196-199+202-203+205+207-222+224-229+236-244+248-272+278-279+293-296+298-306,,
marts_E01498,beta,46-57+66-76+80-82+84-97+104-117+123-129+140-142+144-156+162-164+167-181+186-195+203-213+224-237,alpha1D,44+47-48+50-57+63-83+86-88+91-102+105+115-128+133-156+166-176+179-190+196-199+203-204+206-221+236-243+248-270+278-279+293-296+298-306,,
marts_E01499,beta,40-57+64-76+80-82+84-97+104-117+123-129+139+144-156+162-164+167-181+186-195+203-213+223-237,alpha1D,46-48+50-57+63-83+86-88+91-105+115-128+133-156+166-176+179-190+205-222+224-229+236-244+248-271+278-279+293-296+298-306,,
marts_E01500,alpha1G,39-48+50-57+63-83+86+92-105+117-128+133-156+166-176+179-190+196-199+202-222+224-229+236-243+248-275+288-296+298-306,,,,
marts_E01501,beta,37-38+40-57+64-76+80-82+84-97+104-117+123-129+138-141+144-156+162-164+167-177+181+186-195+203-213+223-237,alpha1D,44+47-48+50-57+63-83+86-88+91-102+115-128+133+135-156+166-176+179-190+196-199+202-204+207-222+224-229+236-244+248-271+279+292-296+298-306,,
marts_E01502,beta,37-57+64-76+80-82+84-96+104-117+123-129+138-142+144-156+162-164+167-178+186-195+203-213+223-237,alpha1D,46-48+50-57+63-83+86-87+91+93-103+115-128+133-156+166-176+179-188+196-199+202-222+224-227+236-244+248-272+277-279+294-296+298-306,,
marts_E01503,beta,64-76+80-82+84-97+104-117+123-129+138-140+144-156+162-164+167-180+186-195+203-213+223-237,alpha1D,46-48+50-57+63-83+86-88+91-101+104-105+115-128+133-156+166-176+179-189+196-199+202-222+224-229+236-244+248-271+279+292-296+298-306,,
marts_E01504,beta,50-57+64-76+80-82+84-97+104-117+123-127+138-139+144-156+162-164+167-181+186-195+203-213+223-237,gamma,139-147+162-170+186-203+207-222+234-248+258-272+284-290+292-295+299-303+314-324+327-337,alpha1D,50-57+63-83+86-87+91-105+115-128+133-156+166-176+179-190+196-199+202-222+224-229+236-244+248-271+291-296+298-306
marts_E01505,beta,46-57+64-76+80-82+84-97+104-117+123-127+138-139+144-156+162-164+167-181+186-195+203-213+223-237,gamma,139-147+162-170+186-203+207-222+234-248+258-272+284-290+293-295+300-303+314-324+327-337,alpha1D,45-48+50-57+63-83+86-88+91-105+115-128+133-134+136-156+166-176+179-190+196-199+202-222+224-229+236-244+248-271+291-296+298-306
marts_E01506,beta,46-57+64-76+80-82+84-97+104-117+123-129+138-140+144-155+162-164+167-181+186-195+203-213+223-237,gamma,139-147+162-170+186-203+207-222+234-248+258-273+275+281-290+293-295+300-303+314-324+327-337,alpha1D,45-48+50-57+63-83+86-88+91-101+103-105+115-128+133-134+136-156+166-176+179-190+196-199+202-222+224-229+236-244+248-271+291-296+298-306
marts_E01507,beta,40-57+64-76+80-82+84-97+104-117+123-129+138-142+144-156+162-164+167-180+187-195+203-213+223-237,gamma,139-147+162-170+187-203+207-222+233-248+258-271+273+284-290+295+299-303+314-324+327-337,alpha1D,50-57+63-83+86-88+91-103+115-128+133-156+166-176+179-190+207-222+224-229+236-243+248-271+291-296+298-306
marts_E01508,beta,40-57+64-76+80-82+84-97+104-117+123-127+144-156+162-164+167-177+179-181+186-195+203-213+223-237,alpha1D,41-44+47-48+50-57+63-83+86-87+91+93-102+105+115-128+135-156+166-176+179-190+199+202-222+224-229+236-244+248-271+277-279+293-296+298-306,,
marts_E01509,beta,45-57+64-76+80-82+84-97+104-117+123-129+138-142+144-156+162-164+167-178+181+186-195+203-210+223-237,alpha1D,41-43+45-48+51-57+63-83+86-88+91+93-102+105+115-128+133+135-156+166-176+179-190+196-199+202-204+207-221+236-243+248-270+278-279+293-296+298-306,,
marts_E01510,beta,39-57+64-76+80-82+84-93+104-117+123-129+138-141+144-156+162-164+167-181+186-195+203-213+223-237,alpha1D,41-43+45-46+48+50-57+63-83+86-88+91-102+115-128+133-156+166-176+179-190+205-222+224-229+236-244+248-271+273+278-279+293-296+298-306,,
marts_E01511,beta,37-57+64-76+80-82+84-97+104-117+123-129+142+144-155+162-164+167-181+186-195+203-213+223-237,alpha1D,45-48+50-57+63-83+86-88+91-103+115-128+133-156+166-176+179-190+196-199+202-222+224-229+236-244+248-271+279+292-296+298-306,gamma,139-147+162-170+187-203+207-222+234-248+258-273+281-288+290+293-295+300-303+314-323+327-337
marts_E01512,beta,64-76+80-82+84-97+104-117+123-127+138-140+144-156+162-164+167-181+186-195+203-213+223-237,alpha1D,44+46-48+50-57+63-83+86-88+91-105+115-128+133-134+136-156+166-176+179-190+196-199+202-222+224-229+236-244+248-271+279+292-296+298-306,,
marts_E01513,alpha2A,73-85+93-121+139-159+161+170-189+207-214+216-219+221-231+237-263+324-346+353-355+358-359,,,,
marts_E01514,beta,43-57+64-76+80-82+84-97+104-117+123-129+138-142+144-156+162-164+167-178+186-195+203-213+223-237,alpha1D,41-43+45-46+48+50-57+63-83+86-88+91-102+105+115-128+133+136-156+166-176+179-190+196-199+202-222+224-229+236-242+248-271+278-279+293-296+298-306,,
marts_E01515,beta,41-57+65-76+80-82+84-97+104-117+123-129+138-142+144-156+162-164+167-179+181+186-195+203-204+206-207+223-237,alpha1D,50-57+63-83+86-88+91-103+105+115-128+133+135-156+166-176+179-190+196-199+202-221+236-243+248-271+278-279+293-296+298-306,,
marts_E01516,beta,41-57+64-76+80-82+84-97+104-117+123-129+144-156+162-164+167-181+186-195+203-213+223-237,alpha1D,50-57+63-83+86-88+91-103+115-128+133+135-156+166-176+179-190+196-199+202+206-221+236-243+248-271+279+292-296+298-306,,
marts_E01517,beta,38-57+64-76+80-82+84-97+104-117+123-129+138-142+144-156+162-164+167-181+186-195+203-213+223-237,alpha1D,41-43+45-48+51-57+63-83+87+91+93-102+105+115-128+133-156+166-176+179-188+196-199+202-222+224-229+236-244+248-270+278-279+293-296+298-306,,
marts_E01518,alpha3B,73-85+96-121+139-160+168-191+204-214+216-219+221-230+243-263+324-346+353-359,alpha1B,41-43+45-46+48+53-57+66-83+86+91-92+94-105+115-127+133-149+166-176+179-190+196-199+202-222+224-229+236-243+248-276+288-296+298-306,,
marts_E01519,alpha3B,73-85+96-121+139-159+169-191+204-214+216-219+221-230+242-263+324-346+352-359,alpha1B,53-57+63-83+86-89+91-92+94-102+115-127+133-149+166-176+180-190+196-199+202-222+224-229+236-242+244+248+251-279+284-296+298-306,,
marts_E01520,gamma,139-149+162-171+189-203+206-219+234-248+259-260+262-275+283-290+299-300+314-324+326-337,delta1,73-86+385-399+405-406+408-421+454-467+487-492+531-544+561-570+585-597+613-621+649-662+667-680+707-722+727,,
marts_E01521,alpha1G,44-48+50-57+63-83+87-88+94-95+97-105+118-128+133-156+166-176+179-190+196-199+202-222+224-229+236-243+251-272+279+294-296+298-306,,,,
marts_E01522,beta,40-57+64-76+80-82+84-97+104-117+123-129+139-142+144-156+162-164+167-181+186-195+203-213+223-234,gamma,139-147+162-170+186-203+207-222+234-248+264-271+275+281+284-291+299-303+314-324+327-337,alpha1D,46-48+50-57+63-83+86-87+91+93-102+105+115-128+133-134+137-156+166-176+179-189+196-199+202-203+205+207-222+224-229+236-243+248-271+291-296+298-306
marts_E01523,beta,40-57+64-76+80-82+84-97+104-117+123-129+138-141+144-156+162-164+167-181+186-195+203-213+223-237,alpha1D,44+47-48+50-57+63-83+86-88+91-102+105+115-128+133-156+166-176+179-190+196-199+202-222+224-229+236-244+248-267+279+291-296+298-306,,
marts_E01524,beta,40-57+64-76+80-82+84-97+104-117+123-129+138-141+144-156+162-164+167-180+186-195+203-213+223-237,alpha1D,41-43+45-47+50-57+63-83+86-88+91-103+105+115-128+133-156+166-176+179-187+189-190+196-199+202-204+206-222+224-229+236-244+248-276+291-296+298-306,,
marts_E01525,beta,40-57+64-76+80-82+84-97+104-117+123-129+140-142+144-156+162-164+167-181+186-195+203-213+223-237,alpha1D,41-43+45-47+50-57+63-83+86-87+91+93-102+105+115-128+133+135-156+166-176+179-189+196-199+203-222+224-229+236-243+248-271+279+292-296+298-306,,
marts_E01526,beta,40-57+64-76+80-82+84-97+104-117+123-129+140-142+144-156+162-164+167-181+186-195+203-213+223-237,alpha1D,46+48+50-57+63-83+86-87+91+93-102+105+115-128+133+135-156+166-176+179-189+196-199+202-203+205-222+224-229+236-243+248-271+279+292-296+298-306,,
marts_E01527,beta,40-57+64-76+80-82+84-97+104-117+123-127+140-142+144-156+162-164+167-181+186-195+203-213+223-237,alpha1D,41-43+45-46+48+50-57+63-83+86-87+91+93-102+105+115-128+133+136-156+166-176+179-189+196-199+202-203+207-222+224-229+236-243+248-271+279+292-296+298-306,,
marts_E01528,beta,37-57+64-76+80-82+84-97+104-117+123-129+138-142+144-156+162-164+167-181+186-195+203+205-213+223-237,alpha1D,50-57+63-83+86-88+91-103+115-128+133-156+166-176+179-189+196-199+202-205+207-222+224-229+236-244+248-272+278-279+293-296+298-306,,
marts_E01529,beta,37-57+64-76+80-82+84-97+104-117+123-129+138-142+144-156+162-164+167-180+186-195+203-213+223-237,alpha1D,41-43+45-46+48+50-57+63-83+86-87+91+93-102+105+115-128+133-156+166-176+179-188+196-199+202-205+207-222+224-229+236-244+248-272+278-279+293-296+298-306,,
marts_E01530,beta,37-57+64-76+80-82+84-97+104-117+123-129+138-142+144-156+162-164+167-178+186-195+203-213+223-237,alpha1D,50-57+63-83+87-88+91-102+104-105+115-128+133+136-156+166-176+179-189+196-199+202-203+207-222+224-229+236-244+248-272+278-279+293-296+298-306,,
marts_E01531,beta,37-57+64-76+80-82+84-97+104-117+123-129+138-142+144-156+162-164+167-180+186-195+203-213+223-237,alpha1D,41-43+45-46+48+50-57+63-83+86-87+91+93-102+105+115-128+133-156+166-176+179-188+196-199+202-203+205+207-222+224-229+236-244+248-272+278-279+293-296+298-306,,
marts_E01532,beta,37-57+64-76+80-82+84-97+104-117+123-129+138-142+144-155+162-164+167-181+186-195+203-213+223-237,alpha1D,41-43+46-48+50-56+63-83+86-88+91-103+115-128+133-134+136-156+166-176+179-189+196-199+202-203+205-222+224-229+236-244+248-275+277+291-296+298-306,,
marts_E01533,alpha1G,42-48+50-57+63-83+86-89+91-104+115-128+133-156+166-176+179-190+196-199+202-222+224-229+236-244+248-279+284-296+298-306,alpha1G,43-48+50-57+63-83+86-89+91+98-104+115-128+133-146+172-176+179-190+196-199+203+218-222+224-227,,
marts_E01534,alpha2A,73-85+95-121+139-159+161+170-185+187-189+207-214+216-219+221-231+237-263+324-346+353-355+358-359,,,,
marts_E01535,beta,37-57+64-76+80-82+84-97+104-117+123-129+138-142+144-156+162-164+167-181+186-195+203-205+225-237,alpha1D,50-57+63-83+86-88+91-103+115-128+133+135-156+166-176+179-189+196-199+202-204+206-222+236-243+248-271+278-279+293-296+298-306,,
marts_E01536,alpha1H,73-81+83-85+95-96+98-114+116+118-119+146-160+167-184+187-189+191+205-207+209-214+216-219+221-231+236-239+241-262+325-346+352-359,,,,
marts_E01537,alpha2A,73-85+93-121+139-160+170-188+190+207-214+216-219+221-231+236-263+324-346+353-355+358-359,,,,
marts_E01538,alpha1G,39-48+50-57+63-83+86-89+91-105+115-128+133-156+166-176+179-190+196-199+202-222+224-229+236-244+248-279+286-296+298-306,,,,
marts_E01539,beta,39-57+64-76+80-82+84-96+104-117+138-142+144-156+162-164+167-181+186-195+203-213+223-237,alpha1D,41-43+45-47+50-57+63-83+86-87+91+93-102+105+115-128+133-156+166-176+179-190+196-199+202-222+224-229+236-244+248-270+278-279+293-296+298-306,,
