track,model,tps_type,fold,n_pos,n_neg,ap,pos_mean,pos_median,pos_min,pos_max,pos_frac_zero,neg_mean,neg_median,neg_max,neg_frac_nonzero
A,Blastp,sesq,0,144,2002,0.9931513409961685,1.0069444444444444,1.0,1.0,2.0,0.0,0.0004995004995004995,0.0,1.0,0.0004995004995004995
A,Blastp,mono,0,15,2002,0.9375,1.0,1.0,1.0,1.0,0.0,0.0004995004995004995,0.0,1.0,0.0004995004995004995
A,Blastp,di-int,0,41,2002,0.9761904761904762,1.0,1.0,1.0,1.0,0.0,0.0004995004995004995,0.0,1.0,0.0004995004995004995
A,Blastp,ggpps,0,21,2002,0.20632174438402812,0.23809523809523808,0.0,0.0,1.0,0.7619047619047619,0.0004995004995004995,0.0,1.0,0.0004995004995004995
A,Blastp,sester,0,9,2002,0.9,1.0,1.0,1.0,1.0,0.0,0.0004995004995004995,0.0,1.0,0.0004995004995004995
A,Blastp,di,0,56,2002,0.9824561403508771,1.0,1.0,1.0,1.0,0.0,0.0004995004995004995,0.0,1.0,0.0004995004995004995
A,Blastp,gfpps,0,3,2002,0.16766417290108063,0.3333333333333333,0.0,0.0,1.0,0.6666666666666666,0.0004995004995004995,0.0,1.0,0.0004995004995004995
A,Blastp,tri,0,8,2002,0.8888888888888888,1.0,1.0,1.0,1.0,0.0,0.0004995004995004995,0.0,1.0,0.0004995004995004995
A,Blastp,tetra,0,3,2002,0.75,1.0,1.0,1.0,1.0,0.0,0.0004995004995004995,0.0,1.0,0.0004995004995004995
A,Blastp,sesq,1,49,1988,0.9800827547513851,1.0,1.0,0.0,2.0,0.02040816326530612,0.0,0.0,0.0,0.0
A,Blastp,ggpps,1,20,1988,0.30697211155378484,0.3,0.0,0.0,1.0,0.7,0.0,0.0,0.0,0.0
A,Blastp,di,1,36,1988,0.9454325867369345,0.9444444444444444,1.0,0.0,1.0,0.05555555555555555,0.0,0.0,0.0,0.0
A,Blastp,tri,1,5,1988,0.8005017561465129,0.8,1.0,0.0,1.0,0.2,0.0,0.0,0.0,0.0
A,Blastp,sester,1,13,1988,0.9235766732018607,0.9230769230769231,1.0,0.0,1.0,0.07692307692307693,0.0,0.0,0.0,0.0
A,Blastp,fpps,1,11,1988,0.27672927372777295,0.2727272727272727,0.0,0.0,1.0,0.7272727272727273,0.0,0.0,0.0,0.0
A,Blastp,mono,1,13,1988,0.4650367124130243,0.46153846153846156,0.0,0.0,1.0,0.5384615384615384,0.0,0.0,0.0,0.0
A,Blastp,gpps,1,14,1988,0.6453546453546454,0.6428571428571429,1.0,0.0,1.0,0.35714285714285715,0.0,0.0,0.0,0.0
A,Blastp,sesq,2,101,1982,0.9625363400478311,1.0297029702970297,1.0,0.0,2.0,0.0297029702970297,0.0005045408678102926,0.0,1.0,0.0005045408678102926
A,Blastp,di,2,28,1982,0.8600090208299164,0.8928571428571429,1.0,0.0,1.0,0.10714285714285714,0.0005045408678102926,0.0,1.0,0.0005045408678102926
A,Blastp,mono,2,95,1982,0.9357542789729902,1.5157894736842106,2.0,0.0,2.0,0.06315789473684211,0.0005045408678102926,0.0,1.0,0.0005045408678102926
A,Blastp,sesq,3,113,1985,0.9743937380422634,1.008849557522124,1.0,0.0,3.0,0.008849557522123894,0.0010075566750629723,0.0,1.0,0.0010075566750629723
A,Blastp,di,3,9,1985,0.8181818181818182,1.0,1.0,1.0,1.0,0.0,0.0010075566750629723,0.0,1.0,0.0010075566750629723
A,Blastp,mono,3,86,1985,0.9215793248341755,0.9418604651162791,1.0,0.0,1.0,0.05813953488372093,0.0010075566750629723,0.0,1.0,0.0010075566750629723
A,Blastp,ggpps,3,5,1985,0.20150753768844223,0.4,0.0,0.0,1.0,0.6,0.0010075566750629723,0.0,1.0,0.0010075566750629723
A,Blastp,sester,3,6,1985,0.75,1.0,1.0,1.0,1.0,0.0,0.0010075566750629723,0.0,1.0,0.0010075566750629723
A,Blastp,tri,3,6,1985,0.7916666666666666,1.1666666666666667,1.0,1.0,2.0,0.0,0.0010075566750629723,0.0,1.0,0.0010075566750629723
A,Blastp,negative,3,3,1985,0.6,1.0,1.0,1.0,1.0,0.0,0.0010075566750629723,0.0,1.0,0.0010075566750629723
A,Blastp,sesq,4,78,1987,1.0,1.0,1.0,1.0,1.0,0.0,0.0,0.0,0.0,0.0
A,Blastp,tri,4,111,1987,0.14676354142512388,0.0990990990990991,0.0,0.0,1.0,0.9009009009009009,0.0,0.0,0.0,0.0
A,Blastp,di-int,4,5,1987,1.0,1.0,1.0,1.0,1.0,0.0,0.0,0.0,0.0,0.0
A,Blastp,di,4,7,1987,0.7152887233127956,0.7142857142857143,1.0,0.0,1.0,0.2857142857142857,0.0,0.0,0.0,0.0
A,Blastp,sester,4,3,1987,1.0,1.0,1.0,1.0,1.0,0.0,0.0,0.0,0.0,0.0
A,Blastp,ggpps,4,12,1987,0.08883608470902117,0.08333333333333333,0.0,0.0,1.0,0.9166666666666666,0.0,0.0,0.0,0.0
A,Blastp,mono,4,20,1987,0.9009965122072746,0.9,1.0,0.0,1.0,0.1,0.0,0.0,0.0,0.0
A,CLEAN,sesq,0,144,2002,0.9309632428114267,0.9430236111111111,0.9976,0.0,0.9989,0.013888888888888888,0.005811088911088911,0.0,0.9987,0.012487512487512488
A,CLEAN,mono,0,15,2002,0.5930724382829646,0.9249533333333334,0.9958,0.1309,0.9989,0.0,0.005811088911088911,0.0,0.9987,0.012487512487512488
A,CLEAN,di-int,0,41,2002,0.8265383595541055,0.990768292682927,0.9967,0.8336,0.9989,0.0,0.005811088911088911,0.0,0.9987,0.012487512487512488
A,CLEAN,ggpps,0,21,2002,0.679880066234297,0.9954190476190476,0.9979,0.9679,0.9987,0.0,0.005811088911088911,0.0,0.9987,0.012487512487512488
A,CLEAN,sester,0,9,2002,0.42751661918328593,0.9829,0.9974,0.8654,0.9986,0.0,0.005811088911088911,0.0,0.9987,0.012487512487512488
A,CLEAN,di,0,56,2002,0.8059145113676267,0.8675107142857144,0.9943500000000001,0.0,0.9989,0.017857142857142856,0.005811088911088911,0.0,0.9987,0.012487512487512488
A,CLEAN,gfpps,0,3,2002,0.2685185185185185,0.9960666666666667,0.9971,0.9926,0.9985,0.0,0.005811088911088911,0.0,0.9987,0.012487512487512488
A,CLEAN,tri,0,8,2002,0.6728238866396761,0.9690124999999999,0.9979,0.8429,0.9989,0.0,0.005811088911088911,0.0,0.9987,0.012487512487512488
A,CLEAN,tetra,0,3,2002,0.19266381766381768,0.9896666666666666,0.9964,0.9758,0.9968,0.0,0.005811088911088911,0.0,0.9987,0.012487512487512488
A,CLEAN,sesq,1,49,1988,0.7493602102194236,0.7750326530612246,0.9948,0.0,0.9989,0.061224489795918366,0.006458299798792757,0.0,0.9989,0.01659959758551308
A,CLEAN,ggpps,1,20,1988,0.8010641660970608,0.99779,0.9984,0.9882,0.9989,0.0,0.006458299798792757,0.0,0.9989,0.01659959758551308
A,CLEAN,di,1,36,1988,0.7662571934583153,0.8393333333333333,0.99745,0.0,0.9989,0.027777777777777776,0.006458299798792757,0.0,0.9989,0.01659959758551308
A,CLEAN,tri,1,5,1988,0.3805017561465128,0.7985800000000001,0.9979,0.0,0.9988,0.2,0.006458299798792757,0.0,0.9989,0.01659959758551308
A,CLEAN,sester,1,13,1988,0.5547570563958524,0.9776230769230769,0.9965,0.8562,0.9989,0.0,0.006458299798792757,0.0,0.9989,0.01659959758551308
A,CLEAN,fpps,1,11,1988,0.5343706353064641,0.9761545454545455,0.9978,0.7742,0.9987,0.0,0.006458299798792757,0.0,0.9989,0.01659959758551308
A,CLEAN,mono,1,13,1988,0.6230072463768115,0.9584538461538461,0.9982,0.5518,0.9988,0.0,0.006458299798792757,0.0,0.9989,0.01659959758551308
A,CLEAN,gpps,1,14,1988,0.6290335190020064,0.9966642857142857,0.99805,0.987,0.9988,0.0,0.006458299798792757,0.0,0.9989,0.01659959758551308
A,CLEAN,sesq,2,101,1982,0.8441247003128124,0.9230594059405941,0.9898,0.0358,0.9989,0.0,0.0060492936427850655,0.0,0.9988,0.012613521695257316
A,CLEAN,di,2,28,1982,0.7820633999688633,0.9316071428571427,0.9983,0.0,0.9989,0.03571428571428571,0.0060492936427850655,0.0,0.9988,0.012613521695257316
A,CLEAN,mono,2,95,1982,0.871237050018703,0.9649010526315789,0.9962,0.0,0.9989,0.010526315789473684,0.0060492936427850655,0.0,0.9988,0.012613521695257316
A,CLEAN,sesq,3,113,1985,0.9271476070723313,0.931679646017699,0.9962,0.0,0.9989,0.017699115044247787,0.005699798488664988,0.0,0.9989,0.014105793450881612
A,CLEAN,di,3,9,1985,0.7087301587301588,0.8884666666666666,0.9979,0.0259,0.9989,0.0,0.005699798488664988,0.0,0.9989,0.014105793450881612
A,CLEAN,mono,3,86,1985,0.9003314494337477,0.9085174418604653,0.9965999999999999,0.0,0.9989,0.03488372093023256,0.005699798488664988,0.0,0.9989,0.014105793450881612
A,CLEAN,ggpps,3,5,1985,0.519047619047619,0.9938,0.9941,0.9887,0.9983,0.0,0.005699798488664988,0.0,0.9989,0.014105793450881612
A,CLEAN,sester,3,6,1985,0.4853174603174603,0.9854666666666666,0.99285,0.9551,0.9984,0.0,0.005699798488664988,0.0,0.9989,0.014105793450881612
A,CLEAN,tri,3,6,1985,0.528968253968254,0.9740666666666667,0.9962,0.9203,0.9987,0.0,0.005699798488664988,0.0,0.9989,0.014105793450881612
A,CLEAN,negative,3,3,1985,0.4888888888888888,0.993,0.9979,0.9825,0.9986,0.0,0.005699798488664988,0.0,0.9989,0.014105793450881612
A,CLEAN,sesq,4,78,1987,0.896577696391982,0.8964000000000001,0.9969,0.0,0.9989,0.01282051282051282,0.005377654755913437,0.0,0.9987,0.013085052843482638
A,CLEAN,tri,4,111,1987,0.8905121786599404,0.9084045045045045,0.997,0.0,0.9989,0.04504504504504504,0.005377654755913437,0.0,0.9987,0.013085052843482638
A,CLEAN,di-int,4,5,1987,0.5496503496503498,0.99176,0.9979,0.9746,0.9988,0.0,0.005377654755913437,0.0,0.9987,0.013085052843482638
A,CLEAN,di,4,7,1987,0.38187405353314846,0.7801714285714285,0.9952,0.0,0.9979,0.14285714285714285,0.005377654755913437,0.0,0.9987,0.013085052843482638
A,CLEAN,sester,4,3,1987,0.3888888888888889,0.9974,0.998,0.996,0.9982,0.0,0.005377654755913437,0.0,0.9987,0.013085052843482638
A,CLEAN,ggpps,4,12,1987,0.7455322240538959,0.9968833333333332,0.9984500000000001,0.9859,0.9987,0.0,0.005377654755913437,0.0,0.9987,0.013085052843482638
A,CLEAN,mono,4,20,1987,0.6708651404781436,0.9009450000000001,0.9964500000000001,0.0269,0.9986,0.0,0.005377654755913437,0.0,0.9987,0.013085052843482638
A,CLEANEc,sesq,0,144,2002,0.9311547783777695,0.9441854166666668,0.9976,0.0,0.9989,0.013888888888888888,0.005809040959040959,0.0,0.9987,0.011988011988011988
A,CLEANEc,mono,0,15,2002,0.5930724382829645,0.9249533333333334,0.9958,0.1309,0.9989,0.0,0.005809040959040959,0.0,0.9987,0.011988011988011988
A,CLEANEc,di-int,0,41,2002,0.8282493012261253,0.9921780487804878,0.9967,0.8715,0.9989,0.0,0.005809040959040959,0.0,0.9987,0.011988011988011988
A,CLEANEc,ggpps,0,21,2002,0.014215311793166464,0.04596190476190476,0.0,0.0,0.9652,0.9523809523809523,0.005809040959040959,0.0,0.9987,0.011988011988011988
A,CLEANEc,sester,0,9,2002,0.0044753853804077575,0.0,0.0,0.0,0.0,1.0,0.005809040959040959,0.0,0.9987,0.011988011988011988
A,CLEANEc,di,0,56,2002,0.8054078303524712,0.8555160714285713,0.9943500000000001,0.0,0.9989,0.017857142857142856,0.005809040959040959,0.0,0.9987,0.011988011988011988
A,CLEANEc,gfpps,0,3,2002,0.0014962593516209476,0.0,0.0,0.0,0.0,1.0,0.005809040959040959,0.0,0.9987,0.011988011988011988
A,CLEANEc,tri,0,8,2002,0.6728238866396761,0.9690124999999999,0.9979,0.8429,0.9989,0.0,0.005809040959040959,0.0,0.9987,0.011988011988011988
A,CLEANEc,tetra,0,3,2002,0.19266381766381768,0.9896666666666666,0.9964,0.9758,0.9968,0.0,0.005809040959040959,0.0,0.9987,0.011988011988011988
A,CLEANEc,sesq,1,49,1988,0.727776512716355,0.7701448979591837,0.9948,0.0,0.9989,0.10204081632653061,0.006440492957746478,0.0,0.9989,0.015090543259557344
A,CLEANEc,ggpps,1,20,1988,0.16046812749003986,0.19977,0.0,0.0,0.9989,0.8,0.006440492957746478,0.0,0.9989,0.015090543259557344
A,CLEANEc,di,1,36,1988,0.6717439964358367,0.7307305555555555,0.99545,0.0,0.9989,0.1388888888888889,0.006440492957746478,0.0,0.9989,0.015090543259557344
A,CLEANEc,tri,1,5,1988,0.5133333333333333,0.99816,0.9979,0.9979,0.9988,0.0,0.006440492957746478,0.0,0.9989,0.015090543259557344
A,CLEANEc,sester,1,13,1988,0.15513877676546342,0.30306923076923076,0.0,0.0,0.9989,0.6923076923076923,0.006440492957746478,0.0,0.9989,0.015090543259557344
A,CLEANEc,fpps,1,11,1988,0.011496007744131806,0.07038181818181818,0.0,0.0,0.7742,0.9090909090909091,0.006440492957746478,0.0,0.9989,0.015090543259557344
A,CLEANEc,mono,1,13,1988,0.5850454580402106,0.9160076923076921,0.9982,0.0,0.9988,0.07692307692307693,0.006440492957746478,0.0,0.9989,0.015090543259557344
A,CLEANEc,gpps,1,14,1988,0.006993006993006993,0.0,0.0,0.0,0.0,1.0,0.006440492957746478,0.0,0.9989,0.015090543259557344
A,CLEANEc,sesq,2,101,1982,0.826317356254519,0.9117861386138614,0.9898,0.0,0.9989,0.0297029702970297,0.005540918264379414,0.0,0.9988,0.01160443995963673
A,CLEANEc,di,2,28,1982,0.8239263032545381,0.9672892857142857,0.9983,0.3934,0.9989,0.0,0.005540918264379414,0.0,0.9988,0.01160443995963673
A,CLEANEc,mono,2,95,1982,0.8798233806610793,0.9655621052631578,0.9962,0.0,0.9989,0.010526315789473684,0.005540918264379414,0.0,0.9988,0.01160443995963673
A,CLEANEc,sesq,3,113,1985,0.9282365362565751,0.9334964601769912,0.9967,0.0,0.9989,0.017699115044247787,0.00570367758186398,0.0,0.9989,0.014105793450881612
A,CLEANEc,di,3,9,1985,0.7087301587301588,0.8884666666666666,0.9979,0.0259,0.9989,0.0,0.00570367758186398,0.0,0.9989,0.014105793450881612
A,CLEANEc,mono,3,86,1985,0.8902765389461125,0.898561627906977,0.9964999999999999,0.0,0.9989,0.046511627906976744,0.00570367758186398,0.0,0.9989,0.014105793450881612
A,CLEANEc,ggpps,3,5,1985,0.002512562814070352,0.0,0.0,0.0,0.0,1.0,0.00570367758186398,0.0,0.9989,0.014105793450881612
A,CLEANEc,sester,3,6,1985,0.11354381754934242,0.4873,0.47755,0.0,0.992,0.5,0.00570367758186398,0.0,0.9989,0.014105793450881612
A,CLEANEc,tri,3,6,1985,0.528968253968254,0.9740666666666667,0.9962,0.9203,0.9987,0.0,0.00570367758186398,0.0,0.9989,0.014105793450881612
A,CLEANEc,negative,3,3,1985,0.4888888888888888,0.9932333333333333,0.9984,0.9825,0.9988,0.0,0.00570367758186398,0.0,0.9989,0.014105793450881612
A,CLEANEc,sesq,4,78,1987,0.878653218225447,0.8969064102564104,0.9969,0.0,0.9989,0.038461538461538464,0.005377654755913437,0.0,0.9987,0.013085052843482638
A,CLEANEc,tri,4,111,1987,0.9354323305585159,0.9521603603603604,0.9973,0.0586,0.9989,0.0,0.005377654755913437,0.0,0.9987,0.013085052843482638
A,CLEANEc,di-int,4,5,1987,0.5496503496503498,0.99176,0.9979,0.9746,0.9988,0.0,0.005377654755913437,0.0,0.9987,0.013085052843482638
A,CLEANEc,di,4,7,1987,0.31187963240370464,0.638,0.9846,0.0,0.9979,0.2857142857142857,0.005377654755913437,0.0,0.9987,0.013085052843482638
A,CLEANEc,sester,4,3,1987,0.13145489351519501,0.6641666666666667,0.996,0.0,0.9965,0.3333333333333333,0.005377654755913437,0.0,0.9987,0.013085052843482638
A,CLEANEc,ggpps,4,12,1987,0.026336084709021178,0.08315833333333333,0.0,0.0,0.9979,0.9166666666666666,0.005377654755913437,0.0,0.9987,0.013085052843482638
A,CLEANEc,mono,4,20,1987,0.618898973913128,0.8531799999999998,0.99095,0.0,0.9986,0.05,0.005377654755913437,0.0,0.9987,0.013085052843482638
A,CLEANProp,sesq,0,144,2002,0.8746400815471185,0.9817154295721059,1.0,0.0,1.0,0.013888888888888888,0.010621018811033948,0.0,1.0,0.012487512487512488
A,CLEANProp,mono,0,15,2002,0.45454545454545453,1.0,1.0,1.0,1.0,0.0,0.010621018811033948,0.0,1.0,0.012487512487512488
A,CLEANProp,di-int,0,41,2002,0.6949152542372882,1.0,1.0,1.0,1.0,0.0,0.010621018811033948,0.0,1.0,0.012487512487512488
A,CLEANProp,ggpps,0,21,2002,0.5384615384615384,1.0,1.0,1.0,1.0,0.0,0.010621018811033948,0.0,1.0,0.012487512487512488
A,CLEANProp,sester,0,9,2002,0.3333333333333333,1.0,1.0,1.0,1.0,0.0,0.010621018811033948,0.0,1.0,0.012487512487512488
A,CLEANProp,di,0,56,2002,0.7404565544417375,0.9821428571428571,1.0,0.0,1.0,0.017857142857142856,0.010621018811033948,0.0,1.0,0.012487512487512488
A,CLEANProp,gfpps,0,3,2002,0.14285714285714285,1.0,1.0,1.0,1.0,0.0,0.010621018811033948,0.0,1.0,0.012487512487512488
A,CLEANProp,tri,0,8,2002,0.3076923076923077,1.0,1.0,1.0,1.0,0.0,0.010621018811033948,0.0,1.0,0.012487512487512488
A,CLEANProp,tetra,0,3,2002,0.14285714285714285,1.0,1.0,1.0,1.0,0.0,0.010621018811033948,0.0,1.0,0.012487512487512488
A,CLEANProp,sesq,1,49,1988,0.5850359090418,0.9387755102040817,1.0,0.0,1.0,0.061224489795918366,0.015406791191820516,0.0,1.0,0.01659959758551308
A,CLEANProp,ggpps,1,20,1988,0.4166666666666667,1.0,1.0,1.0,1.0,0.0,0.015406791191820516,0.0,1.0,0.01659959758551308
A,CLEANProp,di,1,36,1988,0.5406175279363686,0.9722222222222222,1.0,0.0,1.0,0.027777777777777776,0.015406791191820516,0.0,1.0,0.01659959758551308
A,CLEANProp,tri,1,5,1988,0.1005017561465128,0.8,1.0,0.0,1.0,0.2,0.015406791191820516,0.0,1.0,0.01659959758551308
A,CLEANProp,sester,1,13,1988,0.3170731707317073,1.0,1.0,1.0,1.0,0.0,0.015406791191820516,0.0,1.0,0.01659959758551308
A,CLEANProp,fpps,1,11,1988,0.28205128205128205,1.0,1.0,1.0,1.0,0.0,0.015406791191820516,0.0,1.0,0.01659959758551308
A,CLEANProp,mono,1,13,1988,0.3170731707317073,1.0,1.0,1.0,1.0,0.0,0.015406791191820516,0.0,1.0,0.01659959758551308
A,CLEANProp,gpps,1,14,1988,0.3333333333333333,1.0,1.0,1.0,1.0,0.0,0.015406791191820516,0.0,1.0,0.01659959758551308
A,CLEANProp,sesq,2,101,1982,0.8211382113821138,1.0,1.0,1.0,1.0,0.0,0.011912350878465068,0.0,1.0,0.012613521695257316
A,CLEANProp,di,2,28,1982,0.531838620309531,0.9642857142857143,1.0,0.0,1.0,0.03571428571428571,0.011912350878465068,0.0,1.0,0.012613521695257316
A,CLEANProp,mono,2,95,1982,0.8022963456821622,0.9894736842105263,1.0,0.0,1.0,0.010526315789473684,0.011912350878465068,0.0,1.0,0.012613521695257316
A,CLEANProp,sesq,3,113,1985,0.8269790330138576,0.9823008849557522,1.0,0.0,1.0,0.017699115044247787,0.012399111958305913,0.0,1.0,0.014105793450881612
A,CLEANProp,di,3,9,1985,0.3,1.0,1.0,1.0,1.0,0.0,0.012399111958305913,0.0,1.0,0.014105793450881612
A,CLEANProp,mono,3,86,1985,0.7716856059788079,0.9651162790697675,1.0,0.0,1.0,0.03488372093023256,0.012399111958305913,0.0,1.0,0.014105793450881612
A,CLEANProp,ggpps,3,5,1985,0.19230769230769232,1.0,1.0,1.0,1.0,0.0,0.012399111958305913,0.0,1.0,0.014105793450881612
A,CLEANProp,sester,3,6,1985,0.2222222222222222,1.0,1.0,1.0,1.0,0.0,0.012399111958305913,0.0,1.0,0.014105793450881612
A,CLEANProp,tri,3,6,1985,0.2222222222222222,1.0,1.0,1.0,1.0,0.0,0.012399111958305913,0.0,1.0,0.014105793450881612
A,CLEANProp,negative,3,3,1985,0.125,1.0,1.0,1.0,1.0,0.0,0.012399111958305913,0.0,1.0,0.014105793450881612
A,CLEANProp,sesq,4,78,1987,0.7817235777405269,0.9807692307692307,1.0,0.0,1.0,0.01282051282051282,0.011496191459430777,0.0,1.0,0.013085052843482638
A,CLEANProp,tri,4,111,1987,0.8009063429925455,0.9453191536083492,1.0,0.0,1.0,0.04504504504504504,0.011496191459430777,0.0,1.0,0.013085052843482638
A,CLEANProp,di-int,4,5,1987,0.2,1.0,1.0,1.0,1.0,0.0,0.011496191459430777,0.0,1.0,0.013085052843482638
A,CLEANProp,di,4,7,1987,0.1983037023157384,0.8571428571428571,1.0,0.0,1.0,0.14285714285714285,0.011496191459430777,0.0,1.0,0.013085052843482638
A,CLEANProp,sester,4,3,1987,0.13043478260869565,1.0,1.0,1.0,1.0,0.0,0.011496191459430777,0.0,1.0,0.013085052843482638
A,CLEANProp,ggpps,4,12,1987,0.375,1.0,1.0,1.0,1.0,0.0,0.011496191459430777,0.0,1.0,0.013085052843482638
A,CLEANProp,mono,4,20,1987,0.5,1.0,1.0,1.0,1.0,0.0,0.011496191459430777,0.0,1.0,0.013085052843482638
A,Foldseek,sesq,0,144,2002,0.993103448275862,1.0,1.0,1.0,1.0,0.0,0.0004995004995004995,0.0,1.0,0.0004995004995004995
A,Foldseek,mono,0,15,2002,0.9375,1.0,1.0,1.0,1.0,0.0,0.0004995004995004995,0.0,1.0,0.0004995004995004995
A,Foldseek,di-int,0,41,2002,0.9761904761904762,1.0,1.0,1.0,1.0,0.0,0.0004995004995004995,0.0,1.0,0.0004995004995004995
A,Foldseek,ggpps,0,21,2002,0.11604053386060306,0.14285714285714285,0.0,0.0,1.0,0.8571428571428571,0.0004995004995004995,0.0,1.0,0.0004995004995004995
A,Foldseek,sester,0,9,2002,0.790620721832391,0.8888888888888888,1.0,0.0,1.0,0.1111111111111111,0.0004995004995004995,0.0,1.0,0.0004995004995004995
A,Foldseek,di,0,56,2002,0.9303598423496383,0.9464285714285714,1.0,0.0,1.0,0.05357142857142857,0.0004995004995004995,0.0,1.0,0.0004995004995004995
A,Foldseek,gfpps,0,3,2002,0.0014962593516209476,0.0,0.0,0.0,0.0,1.0,0.0004995004995004995,0.0,1.0,0.0004995004995004995
A,Foldseek,tri,0,8,2002,0.6438521677327647,0.75,1.0,0.0,1.0,0.25,0.0004995004995004995,0.0,1.0,0.0004995004995004995
A,Foldseek,tetra,0,3,2002,0.75,1.0,1.0,1.0,1.0,0.0,0.0004995004995004995,0.0,1.0,0.0004995004995004995
A,Foldseek,sesq,1,49,1988,0.9601655095027701,0.9591836734693877,1.0,0.0,1.0,0.04081632653061224,0.0,0.0,0.0,0.0
A,Foldseek,ggpps,1,20,1988,0.5049800796812749,0.5,0.5,0.0,1.0,0.5,0.0,0.0,0.0,0.0
A,Foldseek,di,1,36,1988,0.8635814668423365,0.8611111111111112,1.0,0.0,1.0,0.1388888888888889,0.0,0.0,0.0,0.0
A,Foldseek,tri,1,5,1988,0.8005017561465129,0.8,1.0,0.0,1.0,0.2,0.0,0.0,0.0,0.0
A,Foldseek,sester,1,13,1988,1.0,1.0,1.0,1.0,1.0,0.0,0.0,0.0,0.0,0.0
A,Foldseek,fpps,1,11,1988,0.4575469552958297,0.45454545454545453,0.0,0.0,1.0,0.5454545454545454,0.0,0.0,0.0,0.0
A,Foldseek,mono,1,13,1988,0.9235766732018607,0.9230769230769231,1.0,0.0,1.0,0.07692307692307693,0.0,0.0,0.0,0.0
A,Foldseek,gpps,1,14,1988,0.4325674325674325,0.42857142857142855,0.0,0.0,1.0,0.5714285714285714,0.0,0.0,0.0,0.0
A,Foldseek,sesq,2,101,1982,0.9335044656650013,0.9603960396039604,1.0,0.0,1.0,0.039603960396039604,0.0015136226034308778,0.0,1.0,0.0015136226034308778
A,Foldseek,di,2,28,1982,0.9032258064516129,1.0,1.0,1.0,1.0,0.0,0.0015136226034308778,0.0,1.0,0.0015136226034308778
A,Foldseek,mono,2,95,1982,0.8891148670906925,0.9157894736842105,1.0,0.0,1.0,0.08421052631578947,0.0015136226034308778,0.0,1.0,0.0015136226034308778
A,Foldseek,sesq,3,113,1985,0.9407581215531476,0.9557522123893806,1.0,0.0,1.0,0.04424778761061947,0.0010075566750629723,0.0,1.0,0.0010075566750629723
A,Foldseek,di,3,9,1985,0.8181818181818182,1.0,1.0,1.0,1.0,0.0,0.0010075566750629723,0.0,1.0,0.0010075566750629723
A,Foldseek,mono,3,86,1985,0.9104411102952393,0.9302325581395349,1.0,0.0,1.0,0.06976744186046512,0.0010075566750629723,0.0,1.0,0.0010075566750629723
A,Foldseek,ggpps,3,5,1985,0.20150753768844223,0.4,0.0,0.0,1.0,0.6,0.0010075566750629723,0.0,1.0,0.0010075566750629723
A,Foldseek,sester,3,6,1985,0.75,1.0,1.0,1.0,1.0,0.0,0.0010075566750629723,0.0,1.0,0.0010075566750629723
A,Foldseek,tri,3,6,1985,0.75,1.0,1.0,1.0,1.0,0.0,0.0010075566750629723,0.0,1.0,0.0010075566750629723
A,Foldseek,negative,3,3,1985,0.6,1.0,1.0,1.0,1.0,0.0,0.0010075566750629723,0.0,1.0,0.0010075566750629723
A,Foldseek,sesq,4,78,1987,0.9876637486806978,0.9871794871794872,1.0,0.0,1.0,0.01282051282051282,0.0,0.0,0.0,0.0
A,Foldseek,tri,4,111,1987,0.19795772893961644,0.15315315315315314,0.0,0.0,1.0,0.8468468468468469,0.0,0.0,0.0,0.0
A,Foldseek,di-int,4,5,1987,1.0,1.0,1.0,1.0,1.0,0.0,0.0,0.0,0.0,0.0
A,Foldseek,di,4,7,1987,0.8576443616563977,0.8571428571428571,1.0,0.0,1.0,0.14285714285714285,0.0,0.0,0.0,0.0
A,Foldseek,sester,4,3,1987,1.0,1.0,1.0,1.0,1.0,0.0,0.0,0.0,0.0,0.0
A,Foldseek,ggpps,4,12,1987,0.17166916791729198,0.16666666666666666,0.0,0.0,1.0,0.8333333333333334,0.0,0.0,0.0,0.0
A,Foldseek,mono,4,20,1987,0.9009965122072746,0.9,1.0,0.0,1.0,0.1,0.0,0.0,0.0,0.0
A,HMM,sesq,0,144,2002,1.0,0.9999614385364496,0.99999999977,0.9985,1.0,0.0,0.0,0.0,0.0,0.0
A,HMM,mono,0,15,2002,1.0,0.9999893514098562,0.99999999999906,0.99987,1.0,0.0,0.0,0.0,0.0,0.0
A,HMM,di-int,0,41,2002,0.9760992323579624,0.975609756097561,1.0,0.0,1.0,0.024390243902439025,0.0,0.0,0.0,0.0
A,HMM,ggpps,0,21,2002,1.0,0.9999853714262372,0.9999999999999998,0.9997,1.0,0.0,0.0,0.0,0.0,0.0
A,HMM,sester,0,9,2002,1.0,1.0,1.0,1.0,1.0,0.0,0.0,0.0,0.0,0.0
A,HMM,di,0,56,2002,0.8784013605442176,0.8749957134235854,0.999999999975,0.0,1.0,0.125,0.0,0.0,0.0,0.0
A,HMM,gfpps,0,3,2002,1.0,0.9982133333333333,0.99904,0.9956,1.0,0.0,0.0,0.0,0.0,0.0
A,HMM,tri,0,8,2002,1.0,0.9999912149984501,0.99999999999982,0.99993,0.9999999999999999,0.0,0.0,0.0,0.0,0.0
A,HMM,tetra,0,3,2002,0.3343308395677473,0.33333333315999997,0.0,0.0,0.99999999948,0.6666666666666666,0.0,0.0,0.0,0.0
A,HMM,sesq,1,49,1988,0.9800827547513851,0.9795907684626517,0.99999999945,0.0,1.0,0.02040816326530612,0.0,0.0,0.0,0.0
A,HMM,ggpps,1,20,1988,1.0,0.999899996857987,0.99999999999903,0.998,1.0,0.0,0.0,0.0,0.0,0.0
A,HMM,di,1,36,1988,1.0,0.9999968454356666,1.0,0.999918,1.0,0.0,0.0,0.0,0.0,0.0
A,HMM,tri,1,5,1988,0.2020070245860512,0.2,0.0,0.0,1.0,0.8,0.0,0.0,0.0,0.0
A,HMM,sester,1,13,1988,1.0,0.9999827864594616,0.999999999989,0.99987,1.0,0.0,0.0,0.0,0.0,0.0
A,HMM,fpps,1,11,1988,1.0,0.9999990909090909,1.0,0.99999,1.0,0.0,0.0,0.0,0.0,0.0
A,HMM,mono,1,13,1988,1.0,1.0,1.0,1.0,1.0,0.0,0.0,0.0,0.0,0.0
A,HMM,gpps,1,14,1988,1.0,0.99999999999,1.0,0.99999999986,1.0,0.0,0.0,0.0,0.0,0.0
A,HMM,sesq,2,101,1982,0.9988988022843756,0.9999856346671288,1.0,0.9986,1.0,0.0,0.0015099727547931365,0.0,0.9999999999999964,0.0015136226034308778
A,HMM,di,2,28,1982,0.9951559934318555,0.9999684642857142,1.0,0.99921,1.0,0.0,0.0015099727547931365,0.0,0.9999999999999964,0.0015136226034308778
A,HMM,mono,2,95,1982,0.9996675654702265,0.9999999690315788,1.0,0.9999971,1.0,0.0,0.0015099727547931365,0.0,0.9999999999999964,0.0015136226034308778
A,HMM,sesq,3,113,1985,0.9712696145977829,0.9911283010478257,1.0,0.0,1.0,0.008849557522123894,0.0010075566750629723,0.0,1.0,0.0010075566750629723
A,HMM,di,3,9,1985,0.7662177328843995,0.9999914444301111,1.0,0.999923,1.0,0.0,0.0010075566750629723,0.0,1.0,0.0010075566750629723
A,HMM,mono,3,86,1985,0.9751222265642858,0.9999682900930231,1.0,0.9974,1.0,0.0,0.0010075566750629723,0.0,1.0,0.0010075566750629723
A,HMM,ggpps,3,5,1985,0.5628571428571428,0.9999893976799996,0.9999999977,0.999947,1.0,0.0,0.0010075566750629723,0.0,1.0,0.0010075566750629723
A,HMM,sester,3,6,1985,0.6884920634920635,0.9999953833333333,1.0,0.999974,1.0,0.0,0.0010075566750629723,0.0,1.0,0.0010075566750629723
A,HMM,tri,3,6,1985,0.6884920634920635,0.9999866166666666,1.0,0.999921,1.0,0.0,0.0010075566750629723,0.0,1.0,0.0010075566750629723
A,HMM,negative,3,3,1985,0.6,1.0,1.0,1.0,1.0,0.0,0.0010075566750629723,0.0,1.0,0.0010075566750629723
A,HMM,sesq,4,78,1987,1.0,0.999953906500787,1.0,0.9971,1.0,0.0,0.0,0.0,0.0,0.0
A,HMM,tri,4,111,1987,0.9829352708285024,0.9818230280043933,0.99999999987,0.0,1.0,0.018018018018018018,0.0,0.0,0.0,0.0
A,HMM,di-int,4,5,1987,0.0025100401606425703,0.0,0.0,0.0,0.0,1.0,0.0,0.0,0.0,0.0
A,HMM,di,4,7,1987,0.7152887233127956,0.7142850857142857,1.0,0.0,1.0,0.2857142857142857,0.0,0.0,0.0,0.0
A,HMM,sester,4,3,1987,1.0,0.9999047333333334,0.9999942,0.99972,1.0,0.0,0.0,0.0,0.0,0.0
A,HMM,ggpps,4,12,1987,1.0,0.9999916666584167,1.0,0.9999,1.0,0.0,0.0,0.0,0.0,0.0
A,HMM,mono,4,20,1987,0.9504982561036373,0.9499999609999804,1.0,0.0,1.0,0.05,0.0,0.0,0.0,0.0
A,PlmRF,sesq,0,144,2002,1.0,0.9672916666666668,0.99,0.57,1.0,0.0,0.005759240759240759,0.0,0.46,0.24525474525474525
A,PlmRF,mono,0,15,2002,1.0,0.9346666666666666,0.97,0.79,1.0,0.0,0.005759240759240759,0.0,0.46,0.24525474525474525
A,PlmRF,di-int,0,41,2002,0.9693466321725179,0.5378048780487805,0.53,0.01,0.76,0.0,0.005759240759240759,0.0,0.46,0.24525474525474525
A,PlmRF,ggpps,0,21,2002,0.870178980893267,0.3271428571428571,0.2,0.09,0.98,0.0,0.005759240759240759,0.0,0.46,0.24525474525474525
A,PlmRF,sester,0,9,2002,1.0,0.8988888888888888,0.93,0.66,0.98,0.0,0.005759240759240759,0.0,0.46,0.24525474525474525
A,PlmRF,di,0,56,2002,0.8884864056235564,0.755,0.9,0.0,0.97,0.017857142857142856,0.005759240759240759,0.0,0.46,0.24525474525474525
A,PlmRF,gfpps,0,3,2002,0.6555555555555554,0.37000000000000005,0.22,0.12,0.77,0.0,0.005759240759240759,0.0,0.46,0.24525474525474525
A,PlmRF,tri,0,8,2002,0.9861111111111112,0.7012499999999999,0.745,0.34,0.9,0.0,0.005759240759240759,0.0,0.46,0.24525474525474525
A,PlmRF,tetra,0,3,2002,0.9166666666666665,0.5366666666666667,0.68,0.2,0.73,0.0,0.005759240759240759,0.0,0.46,0.24525474525474525
A,PlmRF,sesq,1,49,1988,0.96016550950277,0.8693877551020408,0.97,0.0,1.0,0.04081632653061224,0.005955734406438632,0.0,0.25,0.24346076458752516
A,PlmRF,ggpps,1,20,1988,0.925952594615268,0.39299999999999996,0.2,0.13,0.93,0.0,0.005955734406438632,0.0,0.25,0.24346076458752516
A,PlmRF,di,1,36,1988,1.0,0.8802777777777777,0.9,0.61,1.0,0.0,0.005955734406438632,0.0,0.25,0.24346076458752516
A,PlmRF,tri,1,5,1988,1.0,0.692,0.73,0.41,0.89,0.0,0.005955734406438632,0.0,0.25,0.24346076458752516
A,PlmRF,sester,1,13,1988,1.0,0.9084615384615385,0.93,0.79,0.96,0.0,0.005955734406438632,0.0,0.25,0.24346076458752516
A,PlmRF,fpps,1,11,1988,0.9358303312848767,0.24363636363636365,0.25,0.16,0.28,0.0,0.005955734406438632,0.0,0.25,0.24346076458752516
A,PlmRF,mono,1,13,1988,0.9999999999999998,0.8476923076923077,0.89,0.33,0.98,0.0,0.005955734406438632,0.0,0.25,0.24346076458752516
A,PlmRF,gpps,1,14,1988,0.9614272632129776,0.26785714285714285,0.26,0.17,0.48,0.0,0.005955734406438632,0.0,0.25,0.24346076458752516
A,PlmRF,sesq,2,101,1982,0.9984138547634028,0.9287128712871289,0.98,0.11,1.0,0.0,0.0067961654894046425,0.0,0.25,0.28456104944500504
A,PlmRF,di,2,28,1982,0.9999999999999999,0.9314285714285715,0.93,0.83,1.0,0.0,0.0067961654894046425,0.0,0.25,0.28456104944500504
A,PlmRF,mono,2,95,1982,1.0,0.9353684210526314,0.96,0.39,1.0,0.0,0.0067961654894046425,0.0,0.25,0.28456104944500504
A,PlmRF,sesq,3,113,1985,0.9992116294845568,0.9656637168141593,0.98,0.52,1.0,0.0,0.007073047858942065,0.0,0.91,0.2801007556675063
A,PlmRF,di,3,9,1985,0.9888888888888888,0.9711111111111111,0.98,0.91,1.0,0.0,0.007073047858942065,0.0,0.91,0.2801007556675063
A,PlmRF,mono,3,86,1985,0.9909470755028981,0.9004651162790702,0.93,0.41,1.0,0.0,0.007073047858942065,0.0,0.91,0.2801007556675063
A,PlmRF,ggpps,3,5,1985,0.4150307057283801,0.41600000000000004,0.14,0.06,0.91,0.0,0.007073047858942065,0.0,0.91,0.2801007556675063
A,PlmRF,sester,3,6,1985,0.976190476190476,0.9583333333333334,0.97,0.89,0.99,0.0,0.007073047858942065,0.0,0.91,0.2801007556675063
A,PlmRF,tri,3,6,1985,0.7051587301587301,0.6216666666666667,0.645,0.36,0.94,0.0,0.007073047858942065,0.0,0.91,0.2801007556675063
A,PlmRF,negative,3,3,1985,0.7,0.8633333333333333,0.82,0.78,0.99,0.0,0.007073047858942065,0.0,0.91,0.2801007556675063
A,PlmRF,sesq,4,78,1987,1.0,0.9414102564102563,0.98,0.28,1.0,0.0,0.005470558631102164,0.0,0.16,0.25666834423754403
A,PlmRF,tri,4,111,1987,1.0,0.6590090090090092,0.66,0.47,0.81,0.0,0.005470558631102164,0.0,0.16,0.25666834423754403
A,PlmRF,di-int,4,5,1987,1.0,0.5619999999999999,0.55,0.42,0.71,0.0,0.005470558631102164,0.0,0.16,0.25666834423754403
A,PlmRF,di,4,7,1987,0.8576443616563978,0.7599999999999999,0.93,0.0,0.98,0.14285714285714285,0.005470558631102164,0.0,0.16,0.25666834423754403
A,PlmRF,sester,4,3,1987,1.0,0.9533333333333333,0.98,0.89,0.99,0.0,0.005470558631102164,0.0,0.16,0.25666834423754403
A,PlmRF,ggpps,4,12,1987,0.7894595176571921,0.23833333333333329,0.2,0.06,0.96,0.0,0.005470558631102164,0.0,0.16,0.25666834423754403
A,PlmRF,mono,4,20,1987,1.0,0.8945000000000001,0.92,0.3,1.0,0.0,0.005470558631102164,0.0,0.16,0.25666834423754403
C,Blastp,sesq,0,102,2002,0.9717329426970879,1.0,1.0,0.0,3.0,0.0196078431372549,0.0004995004995004995,0.0,1.0,0.0004995004995004995
C,Blastp,ggpps,0,10,2002,0.5162737858562908,0.6,1.0,0.0,1.0,0.4,0.0004995004995004995,0.0,1.0,0.0004995004995004995
C,Blastp,di,0,13,2002,0.8525672838327927,0.9230769230769231,1.0,0.0,1.0,0.07692307692307693,0.0004995004995004995,0.0,1.0,0.0004995004995004995
C,Blastp,mono,0,20,2002,0.7549194158375516,0.8,1.0,0.0,1.0,0.2,0.0004995004995004995,0.0,1.0,0.0004995004995004995
C,Blastp,di-int,0,3,2002,0.75,1.0,1.0,1.0,1.0,0.0,0.0004995004995004995,0.0,1.0,0.0004995004995004995
C,Blastp,tri,0,3,2002,0.75,1.0,1.0,1.0,1.0,0.0,0.0004995004995004995,0.0,1.0,0.0004995004995004995
C,Blastp,fpps,0,3,2002,0.0014962593516209476,0.0,0.0,0.0,0.0,1.0,0.0004995004995004995,0.0,1.0,0.0004995004995004995
C,Blastp,hemi,0,4,2002,0.8,1.0,1.0,1.0,1.0,0.0,0.0004995004995004995,0.0,1.0,0.0004995004995004995
C,Blastp,sesq,1,55,1988,1.0,1.018181818181818,1.0,1.0,2.0,0.0,0.0,0.0,0.0,0.0
C,Blastp,tri,1,49,1988,1.0,1.0,1.0,1.0,1.0,0.0,0.0,0.0,0.0,0.0
C,Blastp,di,1,15,1988,1.0,1.0,1.0,1.0,1.0,0.0,0.0,0.0,0.0,0.0
C,Blastp,mono,1,31,1988,0.9682372301842177,0.967741935483871,1.0,0.0,1.0,0.03225806451612903,0.0,0.0,0.0,0.0
C,Blastp,ggpps,1,5,1988,0.6010035122930256,0.6,1.0,0.0,1.0,0.4,0.0,0.0,0.0,0.0
C,Blastp,sester,1,4,1988,1.0,1.0,1.0,1.0,1.0,0.0,0.0,0.0,0.0,0.0
C,Blastp,sesq,2,96,1982,0.9896907216494846,1.0,1.0,1.0,1.0,0.0,0.0005045408678102926,0.0,1.0,0.0005045408678102926
C,Blastp,sester,2,11,1982,0.9166666666666666,1.0,1.0,1.0,1.0,0.0,0.0005045408678102926,0.0,1.0,0.0005045408678102926
C,Blastp,mono,2,58,1982,0.9830508474576272,1.0,1.0,1.0,1.0,0.0,0.0005045408678102926,0.0,1.0,0.0005045408678102926
C,Blastp,di-int,2,19,1982,0.95,1.0,1.0,1.0,1.0,0.0,0.0005045408678102926,0.0,1.0,0.0005045408678102926
C,Blastp,di,2,22,1982,0.9565217391304348,1.0,1.0,1.0,1.0,0.0,0.0005045408678102926,0.0,1.0,0.0005045408678102926
C,Blastp,tri,2,38,1982,0.9485559913332055,0.9736842105263158,1.0,0.0,1.0,0.02631578947368421,0.0005045408678102926,0.0,1.0,0.0005045408678102926
C,Blastp,ggpps,2,4,1982,0.002014098690835851,0.0,0.0,0.0,0.0,1.0,0.0005045408678102926,0.0,1.0,0.0005045408678102926
C,Blastp,di,3,47,1985,0.9384353883955995,0.9787234042553191,1.0,0.0,1.0,0.02127659574468085,0.0010075566750629723,0.0,1.0,0.0010075566750629723
C,Blastp,sesq,3,75,1985,0.974025974025974,1.0,1.0,1.0,1.0,0.0,0.0010075566750629723,0.0,1.0,0.0010075566750629723
C,Blastp,tri,3,5,1985,0.7714285714285716,1.2,1.0,1.0,2.0,0.0,0.0010075566750629723,0.0,1.0,0.0010075566750629723
C,Blastp,gfpps,3,4,1985,0.2510055304172951,0.5,0.5,0.0,1.0,0.5,0.0010075566750629723,0.0,1.0,0.0010075566750629723
C,Blastp,sester,3,9,1985,0.8181818181818182,1.0,1.0,1.0,1.0,0.0,0.0010075566750629723,0.0,1.0,0.0010075566750629723
C,Blastp,ggpps,3,18,1985,0.06354357352859599,0.1111111111111111,0.0,0.0,1.0,0.8888888888888888,0.0010075566750629723,0.0,1.0,0.0010075566750629723
C,Blastp,mono,3,32,1985,0.9105336646084045,0.96875,1.0,0.0,1.0,0.03125,0.0010075566750629723,0.0,1.0,0.0010075566750629723
C,Blastp,di-int,3,7,1985,0.7777777777777778,1.0,1.0,1.0,1.0,0.0,0.0010075566750629723,0.0,1.0,0.0010075566750629723
C,Blastp,fpps,3,10,1985,0.037844611528822056,0.1,0.0,0.0,1.0,0.9,0.0010075566750629723,0.0,1.0,0.0010075566750629723
C,Blastp,gpps,3,13,1985,0.0065065065065065065,0.0,0.0,0.0,0.0,1.0,0.0010075566750629723,0.0,1.0,0.0010075566750629723
C,Blastp,di-int,4,15,1987,1.0,1.0,1.0,1.0,1.0,0.0,0.0,0.0,0.0,0.0
C,Blastp,sesq,4,105,1987,1.0,1.019047619047619,1.0,1.0,2.0,0.0,0.0,0.0,0.0,0.0
C,Blastp,ggpps,4,22,1987,0.7752160731254808,0.7727272727272727,1.0,0.0,1.0,0.22727272727272727,0.0,0.0,0.0,0.0
C,Blastp,di,4,31,1987,0.9364749512452444,0.9354838709677419,1.0,0.0,1.0,0.06451612903225806,0.0,0.0,0.0,0.0
C,Blastp,sester,4,6,1987,0.6676701789596923,0.6666666666666666,1.0,0.0,1.0,0.3333333333333333,0.0,0.0,0.0,0.0
C,Blastp,mono,4,65,1987,1.0,1.8,2.0,1.0,2.0,0.0,0.0,0.0,0.0,0.0
C,CLEAN,sesq,0,102,2002,0.8973216438282017,0.9011813725490198,0.9972,0.0,0.9989,0.0196078431372549,0.005811088911088911,0.0,0.9987,0.012487512487512488
C,CLEAN,ggpps,0,10,2002,0.8005482456140351,0.9978999999999999,0.9986,0.9941,0.9989,0.0,0.005811088911088911,0.0,0.9987,0.012487512487512488
C,CLEAN,di,0,13,2002,0.4756306369458728,0.8326846153846155,0.9895,0.0,0.9985,0.07692307692307693,0.005811088911088911,0.0,0.9987,0.012487512487512488
C,CLEAN,mono,0,20,2002,0.5987874717620144,0.78298,0.9964,0.0,0.9989,0.1,0.005811088911088911,0.0,0.9987,0.012487512487512488
C,CLEAN,di-int,0,3,2002,0.5213675213675213,0.9904333333333334,0.9979,0.9746,0.9988,0.0,0.005811088911088911,0.0,0.9987,0.012487512487512488
C,CLEAN,tri,0,3,2002,0.2550505050505051,0.9926333333333334,0.9908,0.9886,0.9985,0.0,0.005811088911088911,0.0,0.9987,0.012487512487512488
C,CLEAN,fpps,0,3,2002,0.18097643097643099,0.9926,0.9922,0.9901,0.9955,0.0,0.005811088911088911,0.0,0.9987,0.012487512487512488
C,CLEAN,hemi,0,4,2002,0.8333333333333334,0.9980749999999999,0.9989,0.9956,0.9989,0.0,0.005811088911088911,0.0,0.9987,0.012487512487512488
C,CLEAN,sesq,1,55,1988,0.7625673577000974,0.8538054545454546,0.995,0.0,0.9988,0.03636363636363636,0.006458299798792757,0.0,0.9989,0.01659959758551308
C,CLEAN,tri,1,49,1988,0.8015426066245581,0.9551530612244898,0.9979,0.0,0.9989,0.02040816326530612,0.006458299798792757,0.0,0.9989,0.01659959758551308
C,CLEAN,di,1,15,1988,0.5812782405953312,0.8242133333333332,0.9979,0.0199,0.9989,0.0,0.006458299798792757,0.0,0.9989,0.01659959758551308
C,CLEAN,mono,1,31,1988,0.6919784181231415,0.889425806451613,0.9976,0.0,0.9989,0.06451612903225806,0.006458299798792757,0.0,0.9989,0.01659959758551308
C,CLEAN,ggpps,1,5,1988,0.4254901960784314,0.992,0.9978,0.9679,0.9986,0.0,0.006458299798792757,0.0,0.9989,0.01659959758551308
C,CLEAN,sester,1,4,1988,0.34794372294372294,0.9912000000000001,0.99475,0.9767,0.9986,0.0,0.006458299798792757,0.0,0.9989,0.01659959758551308
C,CLEAN,sesq,2,96,1982,0.8501344073245819,0.9189479166666666,0.9915499999999999,0.0201,0.9989,0.0,0.0060492936427850655,0.0,0.9988,0.012613521695257316
C,CLEAN,sester,2,11,1982,0.3735249818253771,0.9619727272727272,0.9962,0.8562,0.9982,0.0,0.0060492936427850655,0.0,0.9988,0.012613521695257316
C,CLEAN,mono,2,58,1982,0.8409058184183678,0.9513706896551725,0.9969,0.018,0.9989,0.0,0.0060492936427850655,0.0,0.9988,0.012613521695257316
C,CLEAN,di-int,2,19,1982,0.6432091643672191,0.9965052631578949,0.9972,0.9903,0.9989,0.0,0.0060492936427850655,0.0,0.9988,0.012613521695257316
C,CLEAN,di,2,22,1982,0.565704750539799,0.7365681818181818,0.9861,0.0,0.9989,0.045454545454545456,0.0060492936427850655,0.0,0.9988,0.012613521695257316
C,CLEAN,tri,2,38,1982,0.6860962142195335,0.8809631578947368,0.99755,0.0,0.9989,0.10526315789473684,0.0060492936427850655,0.0,0.9988,0.012613521695257316
C,CLEAN,ggpps,2,4,1982,0.2103708791208791,0.9936,0.9955,0.9859,0.9975,0.0,0.0060492936427850655,0.0,0.9988,0.012613521695257316
C,CLEAN,di,3,47,1985,0.8927180987919687,0.9548489361702127,0.9975,0.1917,0.9989,0.0,0.005699798488664988,0.0,0.9989,0.014105793450881612
C,CLEAN,sesq,3,75,1985,0.8514106658287237,0.8542693333333333,0.9864,0.0,0.9988,0.013333333333333334,0.005699798488664988,0.0,0.9989,0.014105793450881612
C,CLEAN,tri,3,5,1985,0.5407051282051282,0.9545199999999999,0.9971,0.8432,0.9989,0.0,0.005699798488664988,0.0,0.9989,0.014105793450881612
C,CLEAN,gfpps,3,4,1985,0.7208333333333333,0.997775,0.9978,0.997,0.9985,0.0,0.005699798488664988,0.0,0.9989,0.014105793450881612
C,CLEAN,sester,3,9,1985,0.7527167277167277,0.9970111111111112,0.9976,0.9937,0.9981,0.0,0.005699798488664988,0.0,0.9989,0.014105793450881612
C,CLEAN,ggpps,3,18,1985,0.834854266104266,0.9964000000000001,0.998,0.9882,0.9987,0.0,0.005699798488664988,0.0,0.9989,0.014105793450881612
C,CLEAN,mono,3,32,1985,0.7782425916435822,0.917309375,0.9895,0.0269,0.9989,0.0,0.005699798488664988,0.0,0.9989,0.014105793450881612
C,CLEAN,di-int,3,7,1985,0.6579365079365079,0.9736999999999999,0.9972,0.8336,0.9979,0.0,0.005699798488664988,0.0,0.9989,0.014105793450881612
C,CLEAN,fpps,3,10,1985,0.7167307692307693,0.9747299999999999,0.99785,0.7742,0.9987,0.0,0.005699798488664988,0.0,0.9989,0.014105793450881612
C,CLEAN,gpps,3,13,1985,0.7954953391188209,0.9965230769230768,0.998,0.987,0.9988,0.0,0.005699798488664988,0.0,0.9989,0.014105793450881612
C,CLEAN,di-int,4,15,1987,0.7879347060461612,0.9930733333333334,0.9955,0.9632,0.9989,0.0,0.005377654755913437,0.0,0.9987,0.013085052843482638
C,CLEAN,sesq,4,105,1987,0.935497441524543,0.9629333333333334,0.9979,0.0,0.9989,0.01904761904761905,0.005377654755913437,0.0,0.9987,0.013085052843482638
C,CLEAN,ggpps,4,22,1987,0.8623702046027647,0.9972772727272726,0.9984,0.9888,0.9988,0.0,0.005377654755913437,0.0,0.9987,0.013085052843482638
C,CLEAN,di,4,31,1987,0.8699351771138593,0.8896451612903225,0.9985,0.0,0.9989,0.03225806451612903,0.005377654755913437,0.0,0.9987,0.013085052843482638
C,CLEAN,sester,4,6,1987,0.4527417027417027,0.9971833333333334,0.99715,0.9964,0.9984,0.0,0.005377654755913437,0.0,0.9987,0.013085052843482638
C,CLEAN,mono,4,65,1987,0.9027496554052077,0.990196923076923,0.9971,0.8611,0.9989,0.0,0.005377654755913437,0.0,0.9987,0.013085052843482638
C,CLEANEc,sesq,0,102,2002,0.8838637395347038,0.9023705882352944,0.9973,0.0,0.9989,0.0392156862745098,0.005809040959040959,0.0,0.9987,0.011988011988011988
C,CLEANEc,ggpps,0,10,2002,0.43804064501877626,0.49932999999999994,0.49895,0.0,0.9989,0.5,0.005809040959040959,0.0,0.9987,0.011988011988011988
C,CLEANEc,di,0,13,2002,0.5151343590302401,0.8460230769230768,0.9895,0.1734,0.9985,0.0,0.005809040959040959,0.0,0.9987,0.011988011988011988
C,CLEANEc,mono,0,20,2002,0.5987874717620144,0.7862600000000001,0.9968,0.0,0.9989,0.1,0.005809040959040959,0.0,0.9987,0.011988011988011988
C,CLEANEc,di-int,0,3,2002,0.5213675213675213,0.9904333333333334,0.9979,0.9746,0.9988,0.0,0.005809040959040959,0.0,0.9987,0.011988011988011988
C,CLEANEc,tri,0,3,2002,0.2550505050505051,0.9926333333333334,0.9908,0.9886,0.9985,0.0,0.005809040959040959,0.0,0.9987,0.011988011988011988
C,CLEANEc,fpps,0,3,2002,0.0014962593516209476,0.0,0.0,0.0,0.0,1.0,0.005809040959040959,0.0,0.9987,0.011988011988011988
C,CLEANEc,hemi,0,4,2002,0.8333333333333334,0.9980749999999999,0.9989,0.9956,0.9989,0.0,0.005809040959040959,0.0,0.9987,0.011988011988011988
C,CLEANEc,sesq,1,55,1988,0.7138119267610606,0.8293309090909092,0.995,0.0,0.9988,0.10909090909090909,0.006440492957746478,0.0,0.9989,0.015090543259557344
C,CLEANEc,tri,1,49,1988,0.8277373465491809,0.9766204081632652,0.9979,0.4701,0.9989,0.0,0.006440492957746478,0.0,0.9989,0.015090543259557344
C,CLEANEc,di,1,15,1988,0.5824276658826875,0.8242133333333332,0.9979,0.0199,0.9989,0.0,0.006440492957746478,0.0,0.9989,0.015090543259557344
C,CLEANEc,mono,1,31,1988,0.6702194244778439,0.871967741935484,0.9976,0.0,0.9989,0.0967741935483871,0.006440492957746478,0.0,0.9989,0.015090543259557344
C,CLEANEc,ggpps,1,5,1988,0.017391639970666565,0.19304,0.0,0.0,0.9652,0.8,0.006440492957746478,0.0,0.9989,0.015090543259557344
C,CLEANEc,sester,1,4,1988,0.07044846050870146,0.49217500000000003,0.48835,0.0,0.992,0.5,0.006440492957746478,0.0,0.9989,0.015090543259557344
C,CLEANEc,sesq,2,96,1982,0.8486776298893275,0.9192802083333333,0.9915499999999999,0.0,0.9989,0.010416666666666666,0.005540918264379414,0.0,0.9988,0.01160443995963673
C,CLEANEc,sester,2,11,1982,0.029865455668265505,0.17655454545454544,0.0,0.0,0.9962,0.8181818181818182,0.005540918264379414,0.0,0.9988,0.01160443995963673
C,CLEANEc,mono,2,58,1982,0.8489866599396588,0.9523775862068966,0.9971,0.018,0.9989,0.0,0.005540918264379414,0.0,0.9988,0.01160443995963673
C,CLEANEc,di-int,2,19,1982,0.65247780875001,0.9966842105263156,0.9972,0.991,0.9989,0.0,0.005540918264379414,0.0,0.9988,0.01160443995963673
C,CLEANEc,di,2,22,1982,0.5879019973782706,0.7419454545454545,0.9861,0.0,0.9989,0.045454545454545456,0.005540918264379414,0.0,0.9988,0.01160443995963673
C,CLEANEc,tri,2,38,1982,0.7631172023844939,0.9546999999999999,0.9979,0.0,0.9989,0.02631578947368421,0.005540918264379414,0.0,0.9988,0.01160443995963673
C,CLEANEc,ggpps,2,4,1982,0.002014098690835851,0.0,0.0,0.0,0.0,1.0,0.005540918264379414,0.0,0.9988,0.01160443995963673
C,CLEANEc,di,3,47,1985,0.8313069297562763,0.8919957446808511,0.9975,0.0,0.9989,0.06382978723404255,0.00570367758186398,0.0,0.9989,0.014105793450881612
C,CLEANEc,sesq,3,75,1985,0.8577426870383373,0.856644,0.9873,0.0,0.9988,0.013333333333333334,0.00570367758186398,0.0,0.9989,0.014105793450881612
C,CLEANEc,tri,3,5,1985,0.5407051282051282,0.9545199999999999,0.9971,0.8432,0.9989,0.0,0.00570367758186398,0.0,0.9989,0.014105793450881612
C,CLEANEc,gfpps,3,4,1985,0.002011060834590246,0.0,0.0,0.0,0.0,1.0,0.00570367758186398,0.0,0.9989,0.014105793450881612
C,CLEANEc,sester,3,9,1985,0.19930532337754,0.3322666666666667,0.0,0.0,0.9979,0.6666666666666666,0.00570367758186398,0.0,0.9989,0.014105793450881612
C,CLEANEc,ggpps,3,18,1985,0.008986520219670495,0.0,0.0,0.0,0.0,1.0,0.00570367758186398,0.0,0.9989,0.014105793450881612
C,CLEANEc,mono,3,32,1985,0.7489399157674608,0.8869687500000001,0.98995,0.0,0.9988,0.03125,0.00570367758186398,0.0,0.9989,0.014105793450881612
C,CLEANEc,di-int,3,7,1985,0.6612044817927171,0.9791142857142857,0.9972,0.8715,0.9979,0.0,0.00570367758186398,0.0,0.9989,0.014105793450881612
C,CLEANEc,fpps,3,10,1985,0.012844611528822054,0.07742,0.0,0.0,0.7742,0.9,0.00570367758186398,0.0,0.9989,0.014105793450881612
C,CLEANEc,gpps,3,13,1985,0.0065065065065065065,0.0,0.0,0.0,0.0,1.0,0.00570367758186398,0.0,0.9989,0.014105793450881612
C,CLEANEc,di-int,4,15,1987,0.7921972806412165,0.9941733333333335,0.9955,0.9776,0.9989,0.0,0.005377654755913437,0.0,0.9987,0.013085052843482638
C,CLEANEc,sesq,4,105,1987,0.9360909262010391,0.9632695238095238,0.9979,0.0,0.9989,0.01904761904761905,0.005377654755913437,0.0,0.9987,0.013085052843482638
C,CLEANEc,ggpps,4,22,1987,0.010950721752115481,0.0,0.0,0.0,0.0,1.0,0.005377654755913437,0.0,0.9987,0.013085052843482638
C,CLEANEc,di,4,31,1987,0.8203839903383681,0.8278677419354838,0.9985,0.0,0.9989,0.0967741935483871,0.005377654755913437,0.0,0.9987,0.013085052843482638
C,CLEANEc,sester,4,6,1987,0.0030105368790767687,0.0,0.0,0.0,0.0,1.0,0.005377654755913437,0.0,0.9987,0.013085052843482638
C,CLEANEc,mono,4,65,1987,0.889894492691814,0.9751015384615386,0.9965,0.0,0.9989,0.015384615384615385,0.005377654755913437,0.0,0.9987,0.013085052843482638
C,CLEANProp,sesq,0,102,2002,0.8317913812428367,0.9803921568627451,1.0,0.0,1.0,0.0196078431372549,0.010621018811033948,0.0,1.0,0.012487512487512488
C,CLEANProp,ggpps,0,10,2002,0.35714285714285715,1.0,1.0,1.0,1.0,0.0,0.010621018811033948,0.0,1.0,0.012487512487512488
C,CLEANProp,di,0,13,2002,0.36972704714640203,0.9230769230769231,1.0,0.0,1.0,0.07692307692307693,0.010621018811033948,0.0,1.0,0.012487512487512488
C,CLEANProp,mono,0,20,2002,0.4509891196834817,0.9,1.0,0.0,1.0,0.1,0.010621018811033948,0.0,1.0,0.012487512487512488
C,CLEANProp,di-int,0,3,2002,0.14285714285714285,1.0,1.0,1.0,1.0,0.0,0.010621018811033948,0.0,1.0,0.012487512487512488
C,CLEANProp,tri,0,3,2002,0.14285714285714285,1.0,1.0,1.0,1.0,0.0,0.010621018811033948,0.0,1.0,0.012487512487512488
C,CLEANProp,fpps,0,3,2002,0.14285714285714285,1.0,1.0,1.0,1.0,0.0,0.010621018811033948,0.0,1.0,0.012487512487512488
C,CLEANProp,hemi,0,4,2002,0.18181818181818182,1.0,1.0,1.0,1.0,0.0,0.010621018811033948,0.0,1.0,0.012487512487512488
C,CLEANProp,sesq,1,55,1988,0.626729481062029,0.9545454545454546,1.0,0.0,1.0,0.03636363636363636,0.015406791191820516,0.0,1.0,0.01659959758551308
C,CLEANProp,tri,1,49,1988,0.6144687196636658,0.974488256531618,1.0,0.0,1.0,0.02040816326530612,0.015406791191820516,0.0,1.0,0.01659959758551308
C,CLEANProp,di,1,15,1988,0.3488372093023256,1.0,1.0,1.0,1.0,0.0,0.015406791191820516,0.0,1.0,0.01659959758551308
C,CLEANProp,mono,1,31,1988,0.47693852375270246,0.9354838709677419,1.0,0.0,1.0,0.06451612903225806,0.015406791191820516,0.0,1.0,0.01659959758551308
C,CLEANProp,ggpps,1,5,1988,0.15151515151515152,1.0,1.0,1.0,1.0,0.0,0.015406791191820516,0.0,1.0,0.01659959758551308
C,CLEANProp,sester,1,4,1988,0.125,1.0,1.0,1.0,1.0,0.0,0.015406791191820516,0.0,1.0,0.01659959758551308
C,CLEANProp,sesq,2,96,1982,0.8135593220338984,1.0,1.0,1.0,1.0,0.0,0.011912350878465068,0.0,1.0,0.012613521695257316
C,CLEANProp,sester,2,11,1982,0.3333333333333333,1.0,1.0,1.0,1.0,0.0,0.011912350878465068,0.0,1.0,0.012613521695257316
C,CLEANProp,mono,2,58,1982,0.725,1.0,1.0,1.0,1.0,0.0,0.011912350878465068,0.0,1.0,0.012613521695257316
C,CLEANProp,di-int,2,19,1982,0.4634146341463415,1.0,1.0,1.0,1.0,0.0,0.011912350878465068,0.0,1.0,0.012613521695257316
C,CLEANProp,di,2,22,1982,0.46667236351820673,0.9545454545454546,1.0,0.0,1.0,0.045454545454545456,0.011912350878465068,0.0,1.0,0.012613521695257316
C,CLEANProp,tri,2,38,1982,0.5452132807265688,0.8947368421052632,1.0,0.0,1.0,0.10526315789473684,0.011912350878465068,0.0,1.0,0.012613521695257316
C,CLEANProp,ggpps,2,4,1982,0.15384615384615385,1.0,1.0,1.0,1.0,0.0,0.011912350878465068,0.0,1.0,0.012613521695257316
C,CLEANProp,di,3,47,1985,0.6911764705882353,1.0,1.0,1.0,1.0,0.0,0.012399111958305913,0.0,1.0,0.014105793450881612
C,CLEANProp,sesq,3,75,1985,0.7643436310516726,0.9782269581117767,1.0,0.0,1.0,0.013333333333333334,0.012399111958305913,0.0,1.0,0.014105793450881612
C,CLEANProp,tri,3,5,1985,0.19230769230769232,1.0,1.0,1.0,1.0,0.0,0.012399111958305913,0.0,1.0,0.014105793450881612
C,CLEANProp,gfpps,3,4,1985,0.16,1.0,1.0,1.0,1.0,0.0,0.012399111958305913,0.0,1.0,0.014105793450881612
C,CLEANProp,sester,3,9,1985,0.3,1.0,1.0,1.0,1.0,0.0,0.012399111958305913,0.0,1.0,0.014105793450881612
C,CLEANProp,ggpps,3,18,1985,0.46153846153846156,1.0,1.0,1.0,1.0,0.0,0.012399111958305913,0.0,1.0,0.014105793450881612
C,CLEANProp,mono,3,32,1985,0.6037735849056604,1.0,1.0,1.0,1.0,0.0,0.012399111958305913,0.0,1.0,0.014105793450881612
C,CLEANProp,di-int,3,7,1985,0.25,1.0,1.0,1.0,1.0,0.0,0.012399111958305913,0.0,1.0,0.014105793450881612
C,CLEANProp,fpps,3,10,1985,0.3225806451612903,1.0,1.0,1.0,1.0,0.0,0.012399111958305913,0.0,1.0,0.014105793450881612
C,CLEANProp,gpps,3,13,1985,0.38235294117647056,1.0,1.0,1.0,1.0,0.0,0.012399111958305913,0.0,1.0,0.014105793450881612
C,CLEANProp,di-int,4,15,1987,0.42857142857142855,1.0,1.0,1.0,1.0,0.0,0.011496191459430777,0.0,1.0,0.013085052843482638
C,CLEANProp,sesq,4,105,1987,0.8224039517095526,0.9809523809523809,1.0,0.0,1.0,0.01904761904761905,0.011496191459430777,0.0,1.0,0.013085052843482638
C,CLEANProp,ggpps,4,22,1987,0.5238095238095238,1.0,1.0,1.0,1.0,0.0,0.011496191459430777,0.0,1.0,0.013085052843482638
C,CLEANProp,di,4,31,1987,0.5811407014290738,0.967741935483871,1.0,0.0,1.0,0.03225806451612903,0.011496191459430777,0.0,1.0,0.013085052843482638
C,CLEANProp,sester,4,6,1987,0.23076923076923078,1.0,1.0,1.0,1.0,0.0,0.011496191459430777,0.0,1.0,0.013085052843482638
C,CLEANProp,mono,4,65,1987,0.7647058823529411,1.0,1.0,1.0,1.0,0.0,0.011496191459430777,0.0,1.0,0.013085052843482638
C,Foldseek,sesq,0,102,2002,0.9623082084544844,0.9705882352941176,1.0,0.0,1.0,0.029411764705882353,0.0004995004995004995,0.0,1.0,0.0004995004995004995
C,Foldseek,ggpps,0,10,2002,0.41915175612988737,0.5,0.5,0.0,1.0,0.5,0.0004995004995004995,0.0,1.0,0.0004995004995004995
C,Foldseek,di,0,13,2002,0.8525672838327927,0.9230769230769231,1.0,0.0,1.0,0.07692307692307693,0.0004995004995004995,0.0,1.0,0.0004995004995004995
C,Foldseek,mono,0,20,2002,0.7055977992087042,0.75,1.0,0.0,1.0,0.25,0.0004995004995004995,0.0,1.0,0.0004995004995004995
C,Foldseek,di-int,0,3,2002,0.75,1.0,1.0,1.0,1.0,0.0,0.0004995004995004995,0.0,1.0,0.0004995004995004995
C,Foldseek,tri,0,3,2002,0.75,1.0,1.0,1.0,1.0,0.0,0.0004995004995004995,0.0,1.0,0.0004995004995004995
C,Foldseek,fpps,0,3,2002,0.0014962593516209476,0.0,0.0,0.0,0.0,1.0,0.0004995004995004995,0.0,1.0,0.0004995004995004995
C,Foldseek,hemi,0,4,2002,0.8,1.0,1.0,1.0,1.0,0.0,0.0004995004995004995,0.0,1.0,0.0004995004995004995
C,Foldseek,sesq,1,55,1988,1.0,1.0,1.0,1.0,1.0,0.0,0.0,0.0,0.0,0.0
C,Foldseek,tri,1,49,1988,0.8605792832596956,0.8571428571428571,1.0,0.0,1.0,0.14285714285714285,0.0,0.0,0.0,0.0
C,Foldseek,di,1,15,1988,0.9338325844566484,0.9333333333333333,1.0,0.0,1.0,0.06666666666666667,0.0,0.0,0.0,0.0
C,Foldseek,mono,1,31,1988,0.9682372301842177,0.967741935483871,1.0,0.0,1.0,0.03225806451612903,0.0,0.0,0.0,0.0
C,Foldseek,ggpps,1,5,1988,0.2020070245860512,0.2,0.0,0.0,1.0,0.8,0.0,0.0,0.0,0.0
C,Foldseek,sester,1,4,1988,1.0,1.0,1.0,1.0,1.0,0.0,0.0,0.0,0.0,0.0
C,Foldseek,sesq,2,96,1982,0.9498456254196309,0.9791666666666666,1.0,0.0,1.0,0.020833333333333332,0.0015136226034308778,0.0,1.0,0.0015136226034308778
C,Foldseek,sester,2,11,1982,0.6998024554472121,0.9090909090909091,1.0,0.0,1.0,0.09090909090909091,0.0015136226034308778,0.0,1.0,0.0015136226034308778
C,Foldseek,mono,2,58,1982,0.9508196721311475,1.0,1.0,1.0,1.0,0.0,0.0015136226034308778,0.0,1.0,0.0015136226034308778
C,Foldseek,di-int,2,19,1982,0.8636363636363636,1.0,1.0,1.0,1.0,0.0,0.0015136226034308778,0.0,1.0,0.0015136226034308778
C,Foldseek,di,2,22,1982,0.88,1.0,1.0,1.0,1.0,0.0,0.0015136226034308778,0.0,1.0,0.0015136226034308778
C,Foldseek,tri,2,38,1982,0.8754840261354071,0.9473684210526315,1.0,0.0,1.0,0.05263157894736842,0.0015136226034308778,0.0,1.0,0.0015136226034308778
C,Foldseek,ggpps,2,4,1982,0.06401057401812689,0.25,0.0,0.0,1.0,0.75,0.0015136226034308778,0.0,1.0,0.0015136226034308778
C,Foldseek,di,3,47,1985,0.8554586956852831,0.8936170212765957,1.0,0.0,1.0,0.10638297872340426,0.0010075566750629723,0.0,1.0,0.0010075566750629723
C,Foldseek,sesq,3,75,1985,0.9226723411801214,0.9466666666666667,1.0,0.0,1.0,0.05333333333333334,0.0010075566750629723,0.0,1.0,0.0010075566750629723
C,Foldseek,tri,3,5,1985,0.7142857142857143,1.0,1.0,1.0,1.0,0.0,0.0010075566750629723,0.0,1.0,0.0010075566750629723
C,Foldseek,gfpps,3,4,1985,0.2510055304172951,0.5,0.5,0.0,1.0,0.5,0.0010075566750629723,0.0,1.0,0.0010075566750629723
C,Foldseek,sester,3,9,1985,0.8181818181818182,1.0,1.0,1.0,1.0,0.0,0.0010075566750629723,0.0,1.0,0.0010075566750629723
C,Foldseek,ggpps,3,18,1985,0.06354357352859599,0.1111111111111111,0.0,0.0,1.0,0.8888888888888888,0.0010075566750629723,0.0,1.0,0.0010075566750629723
C,Foldseek,mono,3,32,1985,0.8492696155260927,0.90625,1.0,0.0,1.0,0.09375,0.0010075566750629723,0.0,1.0,0.0010075566750629723
C,Foldseek,di-int,3,7,1985,0.7777777777777778,1.0,1.0,1.0,1.0,0.0,0.0010075566750629723,0.0,1.0,0.0010075566750629723
C,Foldseek,fpps,3,10,1985,0.037844611528822056,0.1,0.0,0.0,1.0,0.9,0.0010075566750629723,0.0,1.0,0.0010075566750629723
C,Foldseek,gpps,3,13,1985,0.0065065065065065065,0.0,0.0,0.0,0.0,1.0,0.0010075566750629723,0.0,1.0,0.0010075566750629723
C,Foldseek,di-int,4,15,1987,1.0,1.0,1.0,1.0,1.0,0.0,0.0,0.0,0.0,0.0
C,Foldseek,sesq,4,105,1987,1.0,1.0,1.0,1.0,1.0,0.0,0.0,0.0,0.0,0.0
C,Foldseek,ggpps,4,22,1987,0.7752160731254808,0.7727272727272727,1.0,0.0,1.0,0.22727272727272727,0.0,0.0,0.0,0.0
C,Foldseek,di,4,31,1987,0.9682374756226222,0.967741935483871,1.0,0.0,1.0,0.03225806451612903,0.0,0.0,0.0,0.0
C,Foldseek,sester,4,6,1987,0.8338350894798462,0.8333333333333334,1.0,0.0,1.0,0.16666666666666666,0.0,0.0,0.0,0.0
C,Foldseek,mono,4,65,1987,0.9553081421502475,0.9538461538461539,1.0,0.0,1.0,0.046153846153846156,0.0,0.0,0.0,0.0
C,HMM,sesq,0,102,2002,0.9906713636024752,0.9901949708457252,1.0,0.0,1.0,0.00980392156862745,0.0,0.0,0.0,0.0
C,HMM,ggpps,0,10,2002,1.0,0.9999999843999999,1.0,0.99999987,1.0,0.0,0.0,0.0,0.0,0.0
C,HMM,di,0,13,2002,0.9999999999999998,0.9999994808229835,0.9999999999991,0.9999935,1.0,0.0,0.0,0.0,0.0,0.0
C,HMM,mono,0,20,2002,0.9504945598417408,0.9499728788420292,0.999999998455,0.0,1.0,0.05,0.0,0.0,0.0,0.0
C,HMM,di-int,0,3,2002,0.6671654197838737,0.6663331933333333,0.999,0.0,0.99999958,0.3333333333333333,0.0,0.0,0.0,0.0
C,HMM,tri,0,3,2002,1.0,0.9999999726563327,0.999999999969,0.999999918,0.9999999999999979,0.0,0.0,0.0,0.0,0.0
C,HMM,fpps,0,3,2002,1.0,0.9999992645666667,0.9999999937,0.9999978,1.0,0.0,0.0,0.0,0.0,0.0
C,HMM,hemi,0,4,2002,1.0,0.99999964775,0.99999999665,0.9999986,0.9999999977,0.0,0.0,0.0,0.0,0.0
C,HMM,sesq,1,55,1988,0.9823076580785832,0.9818175791181677,1.0,0.0,1.0,0.01818181818181818,0.0,0.0,0.0,0.0
C,HMM,tri,1,49,1988,1.0,0.9999999996936096,1.0,0.999999987,1.0,0.0,0.0,0.0,0.0,0.0
C,HMM,di,1,15,1988,1.0,0.9999999971333333,1.0,0.999999978,1.0,0.0,0.0,0.0,0.0,0.0
C,HMM,mono,1,31,1988,1.0,0.9999999999998613,1.0,0.9999999999957,1.0,0.0,0.0,0.0,0.0,0.0
C,HMM,ggpps,1,5,1988,1.0,0.99999965182,0.9999999961,0.9999983,1.0,0.0,0.0,0.0,0.0,0.0
C,HMM,sester,1,4,1988,1.0,0.9999991983500001,0.9999999967,0.9999968,1.0,0.0,0.0,0.0,0.0,0.0
C,HMM,sesq,2,96,1982,0.9884575117553627,0.999997388188446,1.0,0.99983,1.0,0.0,0.0005045408678102926,0.0,1.0,0.0005045408678102926
C,HMM,sester,2,11,1982,0.8239505444050897,0.9999216603561909,0.9999999974,0.99914,1.0,0.0,0.0005045408678102926,0.0,1.0,0.0005045408678102926
C,HMM,mono,2,58,1982,0.9818722462728074,0.9999987948103448,1.0,0.999933,1.0,0.0,0.0005045408678102926,0.0,1.0,0.0005045408678102926
C,HMM,di-int,2,19,1982,0.95,1.0,1.0,1.0,1.0,0.0,0.0005045408678102926,0.0,1.0,0.0005045408678102926
C,HMM,di,2,22,1982,0.9358499721320027,0.9999949838681501,1.0,0.99989,1.0,0.0,0.0005045408678102926,0.0,1.0,0.0005045408678102926
C,HMM,tri,2,38,1982,0.9086582971299039,0.9472637856549949,1.0,0.0,1.0,0.05263157894736842,0.0005045408678102926,0.0,1.0,0.0005045408678102926
C,HMM,ggpps,2,4,1982,0.5213368580060422,0.749999999525,0.9999999990499999,0.0,1.0,0.25,0.0005045408678102926,0.0,1.0,0.0005045408678102926
C,HMM,di,3,47,1985,0.9311392918805226,0.9786698934063531,1.0,0.0,1.0,0.02127659574468085,0.0015095717884130984,0.0,1.0,0.0015113350125944584
C,HMM,sesq,3,75,1985,0.9649440582565099,0.9999227065354398,1.0,0.9984,1.0,0.0,0.0015095717884130984,0.0,1.0,0.0015113350125944584
C,HMM,tri,3,5,1985,0.6361904761904762,0.999984052,1.0,0.999921,1.0,0.0,0.0015095717884130984,0.0,1.0,0.0015113350125944584
C,HMM,gfpps,3,4,1985,0.525,0.999681,0.999912,0.9989,1.0,0.0,0.0015095717884130984,0.0,1.0,0.0015113350125944584
C,HMM,sester,3,9,1985,0.8181818181818182,1.0,1.0,1.0,1.0,0.0,0.0015095717884130984,0.0,1.0,0.0015113350125944584
C,HMM,ggpps,3,18,1985,0.776540183338429,0.999219527066664,0.999585,0.9968,1.0,0.0,0.0015095717884130984,0.0,1.0,0.0015113350125944584
C,HMM,mono,3,32,1985,0.9339652379463516,0.9999998687433156,1.0,0.9999962,1.0,0.0,0.0015095717884130984,0.0,1.0,0.0015113350125944584
C,HMM,di-int,3,7,1985,0.6178489468076387,0.8571428571014286,1.0,0.0,1.0,0.14285714285714285,0.0015095717884130984,0.0,1.0,0.0015113350125944584
C,HMM,fpps,3,10,1985,0.7895959595959596,0.999845,1.0,0.99928,1.0,0.0,0.0015095717884130984,0.0,1.0,0.0015113350125944584
C,HMM,gpps,3,13,1985,0.8485770639616793,0.9999507692307692,1.0,0.99958,1.0,0.0,0.0015095717884130984,0.0,1.0,0.0015113350125944584
C,HMM,di-int,4,15,1987,1.0,1.0,1.0,1.0,1.0,0.0,0.0,0.0,0.0,0.0
C,HMM,sesq,4,105,1987,1.0,0.9999945505182393,1.0,0.9995,1.0,0.0,0.0,0.0,0.0,0.0
C,HMM,ggpps,4,22,1987,1.0,0.9999999951818137,1.0,0.999999911,1.0,0.0,0.0,0.0,0.0,0.0
C,HMM,di,4,31,1987,0.9364749512452444,0.9354802248387096,1.0,0.0,1.0,0.06451612903225806,0.0,0.0,0.0,0.0
C,HMM,sester,4,6,1987,1.0,0.9999265844953333,0.9999997585,0.99974,0.999999999972,0.0,0.0,0.0,0.0,0.0
C,HMM,mono,4,65,1987,1.0,0.9999999999,1.0,0.9999999935,1.0,0.0,0.0,0.0,0.0,0.0
C,PlmRF,sesq,0,102,2002,0.9889055479650293,0.9415686274509801,0.98,0.01,1.0,0.0,0.006213786213786213,0.0,0.71,0.2642357642357642
C,PlmRF,ggpps,0,10,2002,0.8147222222222222,0.533,0.52,0.06,0.99,0.0,0.006213786213786213,0.0,0.71,0.2642357642357642
C,PlmRF,di,0,13,2002,0.9945054945054945,0.893846153846154,0.93,0.46,0.99,0.0,0.006213786213786213,0.0,0.71,0.2642357642357642
C,PlmRF,mono,0,20,2002,0.9924874686716794,0.875,0.9299999999999999,0.42,1.0,0.0,0.006213786213786213,0.0,0.71,0.2642357642357642
C,PlmRF,di-int,0,3,2002,0.9166666666666665,0.7599999999999999,0.76,0.6,0.92,0.0,0.006213786213786213,0.0,0.71,0.2642357642357642
C,PlmRF,tri,0,3,2002,0.9166666666666665,0.6499999999999999,0.84,0.25,0.86,0.0,0.006213786213786213,0.0,0.71,0.2642357642357642
C,PlmRF,fpps,0,3,2002,0.4722222222222222,0.18666666666666668,0.19,0.11,0.26,0.0,0.006213786213786213,0.0,0.71,0.2642357642357642
C,PlmRF,hemi,0,4,2002,1.0,0.9749999999999999,0.97,0.97,0.99,0.0,0.006213786213786213,0.0,0.71,0.2642357642357642
C,PlmRF,sesq,1,55,1988,0.9926436781609195,0.8972727272727273,0.98,0.1,1.0,0.0,0.00591046277665996,0.0,0.25,0.2540241448692153
C,PlmRF,tri,1,49,1988,1.0,0.9353061224489796,0.94,0.77,1.0,0.0,0.00591046277665996,0.0,0.25,0.2540241448692153
C,PlmRF,di,1,15,1988,1.0,0.888,0.95,0.55,0.99,0.0,0.00591046277665996,0.0,0.25,0.2540241448692153
C,PlmRF,mono,1,31,1988,0.9955197132616487,0.9406451612903227,0.98,0.13,1.0,0.0,0.00591046277665996,0.0,0.25,0.2540241448692153
C,PlmRF,ggpps,1,5,1988,0.7162464985994397,0.49800000000000005,0.67,0.01,0.86,0.0,0.00591046277665996,0.0,0.25,0.2540241448692153
C,PlmRF,sester,1,4,1988,1.0,0.8599999999999999,0.94,0.59,0.97,0.0,0.00591046277665996,0.0,0.25,0.2540241448692153
C,PlmRF,sesq,2,96,1982,0.9998926116838487,0.9529166666666667,0.97,0.33,1.0,0.0,0.006468213925327952,0.0,0.39,0.2729566094853683
C,PlmRF,sester,2,11,1982,1.0,0.94,0.96,0.77,0.99,0.0,0.006468213925327952,0.0,0.39,0.2729566094853683
C,PlmRF,mono,2,58,1982,1.0,0.956551724137931,0.97,0.79,1.0,0.0,0.006468213925327952,0.0,0.39,0.2729566094853683
C,PlmRF,di-int,2,19,1982,1.0,0.886842105263158,0.94,0.57,0.98,0.0,0.006468213925327952,0.0,0.39,0.2729566094853683
C,PlmRF,di,2,22,1982,1.0,0.8600000000000001,0.92,0.46,1.0,0.0,0.006468213925327952,0.0,0.39,0.2729566094853683
C,PlmRF,tri,2,38,1982,0.9999999999999999,0.8773684210526315,0.94,0.47,1.0,0.0,0.006468213925327952,0.0,0.39,0.2729566094853683
C,PlmRF,ggpps,2,4,1982,0.1754464285714286,0.11,0.12,0.07,0.13,0.0,0.006468213925327952,0.0,0.39,0.2729566094853683
C,PlmRF,di,3,47,1985,0.9854465574202804,0.8812765957446805,0.94,0.09,0.98,0.0,0.00673551637279597,0.0,0.87,0.26347607052896727
C,PlmRF,sesq,3,75,1985,0.9970863173699493,0.9461333333333333,0.98,0.53,1.0,0.0,0.00673551637279597,0.0,0.87,0.26347607052896727
C,PlmRF,tri,3,5,1985,0.6161904761904762,0.7,0.71,0.52,0.86,0.0,0.00673551637279597,0.0,0.87,0.26347607052896727
C,PlmRF,gfpps,3,4,1985,0.6666666666666666,0.545,0.53,0.17,0.95,0.0,0.00673551637279597,0.0,0.87,0.26347607052896727
C,PlmRF,sester,3,9,1985,1.0,0.9611111111111109,0.98,0.88,0.99,0.0,0.00673551637279597,0.0,0.87,0.26347607052896727
C,PlmRF,ggpps,3,18,1985,0.64909920326587,0.23333333333333334,0.16999999999999998,0.06,0.99,0.0,0.00673551637279597,0.0,0.87,0.26347607052896727
C,PlmRF,mono,3,32,1985,0.9832617155575825,0.8887499999999999,0.91,0.15,0.98,0.0,0.00673551637279597,0.0,0.87,0.26347607052896727
C,PlmRF,di-int,3,7,1985,0.8631519274376417,0.7714285714285715,0.87,0.21,0.95,0.0,0.00673551637279597,0.0,0.87,0.26347607052896727
C,PlmRF,fpps,3,10,1985,0.5065979853479854,0.15999999999999998,0.15,0.1,0.23,0.0,0.00673551637279597,0.0,0.87,0.26347607052896727
C,PlmRF,gpps,3,13,1985,0.6109991054829111,0.17615384615384616,0.18,0.12,0.23,0.0,0.00673551637279597,0.0,0.87,0.26347607052896727
C,PlmRF,di-int,4,15,1987,1.0,0.9406666666666665,0.95,0.83,0.98,0.0,0.005203824861600402,0.0,0.19,0.24006039255158532
C,PlmRF,sesq,4,105,1987,1.0,0.9712380952380952,0.99,0.49,1.0,0.0,0.005203824861600402,0.0,0.19,0.24006039255158532
C,PlmRF,ggpps,4,22,1987,0.9406883965707495,0.35,0.27,0.09,0.94,0.0,0.005203824861600402,0.0,0.19,0.24006039255158532
C,PlmRF,di,4,31,1987,1.0,0.9083870967741935,0.95,0.49,0.98,0.0,0.005203824861600402,0.0,0.19,0.24006039255158532
C,PlmRF,sester,4,6,1987,1.0,0.9400000000000001,0.925,0.9,1.0,0.0,0.005203824861600402,0.0,0.19,0.24006039255158532
C,PlmRF,mono,4,65,1987,1.0,0.9312307692307691,0.94,0.43,1.0,0.0,0.005203824861600402,0.0,0.19,0.24006039255158532
C,PlmDomainsRF,sesq,0,102,2002,0.9906713636024752,0.9774509803921567,1.0,0.0,1.0,0.00980392156862745,0.004150849150849151,0.0,0.1,0.24825174825174826
C,PlmDomainsRF,ggpps,0,10,2002,0.9009890109890111,0.553,0.595,0.03,0.99,0.0,0.004150849150849151,0.0,0.1,0.24825174825174826
C,PlmDomainsRF,di,0,13,2002,1.0,0.9776923076923077,0.98,0.92,1.0,0.0,0.004150849150849151,0.0,0.1,0.24825174825174826
C,PlmDomainsRF,mono,0,20,2002,1.0,0.8365,0.99,0.34,1.0,0.0,0.004150849150849151,0.0,0.1,0.24825174825174826
C,PlmDomainsRF,di-int,0,3,2002,1.0,0.7699999999999999,0.82,0.54,0.95,0.0,0.004150849150849151,0.0,0.1,0.24825174825174826
C,PlmDomainsRF,tri,0,3,2002,1.0,0.9333333333333332,0.99,0.82,0.99,0.0,0.004150849150849151,0.0,0.1,0.24825174825174826
C,PlmDomainsRF,fpps,0,3,2002,0.7121212121212122,0.1366666666666667,0.17,0.05,0.19,0.0,0.004150849150849151,0.0,0.1,0.24825174825174826
C,PlmDomainsRF,hemi,0,4,2002,1.0,0.9924999999999999,0.99,0.99,1.0,0.0,0.004150849150849151,0.0,0.1,0.24825174825174826
C,PlmDomainsRF,sesq,1,55,1988,1.0,0.9481818181818181,1.0,0.23,1.0,0.0,0.00891348088531187,0.0,0.17,0.39889336016096577
C,PlmDomainsRF,tri,1,49,1988,1.0,0.9612244897959183,0.96,0.8,1.0,0.0,0.00891348088531187,0.0,0.17,0.39889336016096577
C,PlmDomainsRF,di,1,15,1988,1.0,0.9786666666666668,0.99,0.86,1.0,0.0,0.00891348088531187,0.0,0.17,0.39889336016096577
C,PlmDomainsRF,mono,1,31,1988,1.0,0.9603225806451613,0.99,0.27,1.0,0.0,0.00891348088531187,0.0,0.17,0.39889336016096577
C,PlmDomainsRF,ggpps,1,5,1988,0.637962962962963,0.602,0.95,0.03,0.98,0.0,0.00891348088531187,0.0,0.17,0.39889336016096577
C,PlmDomainsRF,sester,1,4,1988,1.0,0.96,0.975,0.9,0.99,0.0,0.00891348088531187,0.0,0.17,0.39889336016096577
C,PlmDomainsRF,sesq,2,96,1982,1.0,0.9893750000000002,1.0,0.68,1.0,0.0,0.008834510595358225,0.0,0.28,0.40817356205852673
C,PlmDomainsRF,sester,2,11,1982,1.0,0.980909090909091,0.99,0.92,1.0,0.0,0.008834510595358225,0.0,0.28,0.40817356205852673
C,PlmDomainsRF,mono,2,58,1982,1.0,0.956551724137931,0.97,0.84,1.0,0.0,0.008834510595358225,0.0,0.28,0.40817356205852673
C,PlmDomainsRF,di-int,2,19,1982,1.0,1.0,1.0,1.0,1.0,0.0,0.008834510595358225,0.0,0.28,0.40817356205852673
C,PlmDomainsRF,di,2,22,1982,1.0,0.9781818181818182,1.0,0.68,1.0,0.0,0.008834510595358225,0.0,0.28,0.40817356205852673
C,PlmDomainsRF,tri,2,38,1982,1.0,0.9797368421052632,1.0,0.75,1.0,0.0,0.008834510595358225,0.0,0.28,0.40817356205852673
C,PlmDomainsRF,ggpps,2,4,1982,0.289522977022977,0.21499999999999997,0.065,0.04,0.69,0.0,0.008834510595358225,0.0,0.28,0.40817356205852673
C,PlmDomainsRF,di,3,47,1985,0.9987234042553191,0.9438297872340426,0.97,0.17,1.0,0.0,0.007602015113350127,0.0,0.39,0.36574307304785897
C,PlmDomainsRF,sesq,3,75,1985,1.0,0.9927999999999999,1.0,0.93,1.0,0.0,0.007602015113350127,0.0,0.39,0.36574307304785897
C,PlmDomainsRF,tri,3,5,1985,1.0,0.8939999999999999,0.89,0.83,0.97,0.0,0.007602015113350127,0.0,0.39,0.36574307304785897
C,PlmDomainsRF,gfpps,3,4,1985,0.8303571428571428,0.6325,0.665,0.21,0.99,0.0,0.007602015113350127,0.0,0.39,0.36574307304785897
C,PlmDomainsRF,sester,3,9,1985,1.0,0.9622222222222221,0.98,0.88,0.99,0.0,0.007602015113350127,0.0,0.39,0.36574307304785897
C,PlmDomainsRF,ggpps,3,18,1985,0.7894164182767124,0.2833333333333333,0.19,0.08,0.99,0.0,0.007602015113350127,0.0,0.39,0.36574307304785897
C,PlmDomainsRF,mono,3,32,1985,1.0,0.9446875,0.97,0.71,1.0,0.0,0.007602015113350127,0.0,0.39,0.36574307304785897
C,PlmDomainsRF,di-int,3,7,1985,0.9821428571428572,0.8971428571428574,0.99,0.36,1.0,0.0,0.007602015113350127,0.0,0.39,0.36574307304785897
C,PlmDomainsRF,fpps,3,10,1985,0.9697979797979798,0.45199999999999996,0.415,0.35,0.63,0.0,0.007602015113350127,0.0,0.39,0.36574307304785897
C,PlmDomainsRF,gpps,3,13,1985,1.0,0.5838461538461538,0.6,0.41,0.74,0.0,0.007602015113350127,0.0,0.39,0.36574307304785897
C,PlmDomainsRF,di-int,4,15,1987,1.0,1.0,1.0,1.0,1.0,0.0,0.01043281328636135,0.0,0.23,0.4680422747861097
C,PlmDomainsRF,sesq,4,105,1987,1.0,0.9931428571428571,1.0,0.93,1.0,0.0,0.01043281328636135,0.0,0.23,0.4680422747861097
C,PlmDomainsRF,ggpps,4,22,1987,0.7620964509439702,0.2736363636363637,0.155,0.05,0.99,0.0,0.01043281328636135,0.0,0.23,0.4680422747861097
C,PlmDomainsRF,di,4,31,1987,1.0,0.9845161290322579,0.99,0.96,1.0,0.0,0.01043281328636135,0.0,0.23,0.4680422747861097
C,PlmDomainsRF,sester,4,6,1987,1.0,0.9183333333333333,0.965,0.73,1.0,0.0,0.01043281328636135,0.0,0.23,0.4680422747861097
C,PlmDomainsRF,mono,4,65,1987,1.0,0.954923076923077,0.97,0.28,1.0,0.0,0.01043281328636135,0.0,0.23,0.4680422747861097
B,Blastp,mono,0,35,2127,0.08167775281558814,0.8571428571428571,1.0,0.0,1.0,0.14285714285714285,0.13963328631875882,0.0,4.0,0.1382228490832158
B,Blastp,sesq,0,110,2127,0.25928810907465355,0.9818181818181818,1.0,0.0,3.0,0.03636363636363636,0.13963328631875882,0.0,4.0,0.1382228490832158
B,Blastp,di,0,41,2127,0.1027218882460728,0.9024390243902439,1.0,0.0,1.0,0.0975609756097561,0.13963328631875882,0.0,4.0,0.1382228490832158
B,Blastp,pt,0,21,2127,0.014269628859728899,0.3333333333333333,0.0,0.0,1.0,0.6666666666666666,0.13963328631875882,0.0,4.0,0.1382228490832158
B,Blastp,hemi,0,3,2127,0.010101010101010102,1.0,1.0,1.0,1.0,0.0,0.13963328631875882,0.0,4.0,0.1382228490832158
B,Blastp,tri,0,4,2127,0.008045020832444577,0.75,1.0,0.0,1.0,0.25,0.13963328631875882,0.0,4.0,0.1382228490832158
B,Blastp,sester,0,3,2127,0.0049739880725796215,0.6666666666666666,1.0,0.0,1.0,0.3333333333333333,0.13963328631875882,0.0,4.0,0.1382228490832158
B,Blastp,di,1,33,1971,0.0859375,1.0,1.0,1.0,1.0,0.0,0.1780821917808219,0.0,1.0,0.1780821917808219
B,Blastp,pt,1,14,1971,0.011233107852712872,0.42857142857142855,0.0,0.0,1.0,0.5714285714285714,0.1780821917808219,0.0,1.0,0.1780821917808219
B,Blastp,tri,1,50,1971,0.12468827930174564,1.0,1.0,1.0,1.0,0.0,0.1780821917808219,0.0,1.0,0.1780821917808219
B,Blastp,sesq,1,75,1971,0.19802816901408452,1.0266666666666666,1.0,1.0,2.0,0.0,0.1780821917808219,0.0,1.0,0.1780821917808219
B,Blastp,mono,1,29,1971,0.07631578947368421,1.0,1.0,1.0,1.0,0.0,0.1780821917808219,0.0,1.0,0.1780821917808219
B,Blastp,sester,1,9,1971,0.025,1.0,1.0,1.0,1.0,0.0,0.1780821917808219,0.0,1.0,0.1780821917808219
B,Blastp,mono,2,71,1874,0.33881847463631526,0.9859154929577465,1.0,0.0,1.0,0.014084507042253521,0.07150480256136606,0.0,1.0,0.07150480256136606
B,Blastp,di,2,59,1874,0.30569948186528495,1.0,1.0,1.0,1.0,0.0,0.07150480256136606,0.0,1.0,0.07150480256136606
B,Blastp,sesq,2,111,1874,0.44726201198101107,0.990990990990991,1.0,0.0,1.0,0.009009009009009009,0.07150480256136606,0.0,1.0,0.07150480256136606
B,Blastp,tri,2,52,1874,0.2623260470172295,0.9615384615384616,1.0,0.0,1.0,0.038461538461538464,0.07150480256136606,0.0,1.0,0.07150480256136606
B,Blastp,pt,2,26,1874,0.06386897807243974,0.5769230769230769,1.0,0.0,1.0,0.4230769230769231,0.07150480256136606,0.0,1.0,0.07150480256136606
B,Blastp,tetra,2,12,1874,0.0821917808219178,1.0,1.0,1.0,1.0,0.0,0.07150480256136606,0.0,1.0,0.07150480256136606
B,Blastp,sesq,3,95,1942,0.33165204678362575,1.0105263157894737,1.0,1.0,2.0,0.0,0.1004119464469619,0.0,3.0,0.09938208032955716
B,Blastp,di,3,73,1942,0.26847249916143273,0.9863013698630136,1.0,0.0,1.0,0.0136986301369863,0.1004119464469619,0.0,3.0,0.09938208032955716
B,Blastp,mono,3,46,1942,0.1854683085726636,0.9782608695652174,1.0,0.0,1.0,0.021739130434782608,0.1004119464469619,0.0,3.0,0.09938208032955716
B,Blastp,pt,3,62,1942,0.03922402973389359,0.22580645161290322,0.0,0.0,1.0,0.7741935483870968,0.1004119464469619,0.0,3.0,0.09938208032955716
B,Blastp,tri,3,5,1942,0.12020202020202021,1.2,1.0,1.0,2.0,0.0,0.1004119464469619,0.0,3.0,0.09938208032955716
B,Blastp,sester,3,5,1942,0.025252525252525252,1.0,1.0,1.0,1.0,0.0,0.1004119464469619,0.0,3.0,0.09938208032955716
B,Blastp,di,4,61,2086,0.24904272267723598,0.9672131147540983,1.0,0.0,1.0,0.03278688524590164,0.08245445829338446,0.0,2.0,0.08197507190795782
B,Blastp,pt,4,47,2086,0.15785392949411264,0.8297872340425532,1.0,0.0,1.0,0.1702127659574468,0.08245445829338446,0.0,2.0,0.08197507190795782
B,Blastp,sesq,4,119,2086,0.43287245932855895,1.050420168067227,1.0,1.0,2.0,0.0,0.08245445829338446,0.0,2.0,0.08197507190795782
B,Blastp,mono,4,88,2086,0.39706475956475956,1.1022727272727273,1.0,1.0,2.0,0.0,0.08245445829338446,0.0,2.0,0.08197507190795782
B,Blastp,tri,4,3,2086,0.008185827036011182,0.6666666666666666,1.0,0.0,1.0,0.3333333333333333,0.08245445829338446,0.0,2.0,0.08197507190795782
B,CLEAN,mono,0,35,2127,0.09755476809366001,0.8511742857142858,0.9936,0.0,0.9989,0.05714285714285714,0.12249515749882463,0.0,0.9989,0.14057357780912083
B,CLEAN,sesq,0,110,2127,0.30315782032157124,0.8721436363636363,0.99615,0.0,0.9989,0.01818181818181818,0.12249515749882463,0.0,0.9989,0.14057357780912083
B,CLEAN,di,0,41,2127,0.08070180164957484,0.7642707317073172,0.9494,0.0,0.9988,0.024390243902439025,0.12249515749882463,0.0,0.9989,0.14057357780912083
B,CLEAN,pt,0,21,2127,0.12126948392460424,0.9832904761904763,0.9955,0.7874,0.9989,0.0,0.12249515749882463,0.0,0.9989,0.14057357780912083
B,CLEAN,hemi,0,3,2127,0.2275132275132275,0.9977999999999999,0.9989,0.9956,0.9989,0.0,0.12249515749882463,0.0,0.9989,0.14057357780912083
B,CLEAN,tri,0,4,2127,0.017342266819035078,0.9940749999999999,0.9945999999999999,0.9886,0.9985,0.0,0.12249515749882463,0.0,0.9989,0.14057357780912083
B,CLEAN,sester,0,3,2127,0.015318429925171498,0.7788333333333334,0.8746,0.4632,0.9987,0.0,0.12249515749882463,0.0,0.9989,0.14057357780912083
B,CLEAN,di,1,33,1971,0.09614531839253712,0.7682121212121212,0.9651,0.0008,0.9989,0.0,0.13682004058853375,0.0,0.9989,0.15119228817858954
B,CLEAN,pt,1,14,1971,0.1039594722327059,0.950435714285714,0.9944,0.5518,0.9986,0.0,0.13682004058853375,0.0,0.9989,0.15119228817858954
B,CLEAN,tri,1,50,1971,0.24907077080503054,0.955882,0.9979,0.0,0.9989,0.02,0.13682004058853375,0.0,0.9989,0.15119228817858954
B,CLEAN,sesq,1,75,1971,0.20110004957162775,0.7812493333333334,0.9818,0.0,0.9988,0.04,0.13682004058853375,0.0,0.9989,0.15119228817858954
B,CLEAN,mono,1,29,1971,0.12130641969009147,0.8873137931034484,0.9961,0.0,0.9989,0.06896551724137931,0.13682004058853375,0.0,0.9989,0.15119228817858954
B,CLEAN,sester,1,9,1971,0.020745053712136464,0.878711111111111,0.9767,0.572,0.9975,0.0,0.13682004058853375,0.0,0.9989,0.15119228817858954
B,CLEAN,mono,2,71,1874,0.70630585966,0.918730985915493,0.9964,0.018,0.9989,0.0,0.04142604055496265,0.0,0.9985,0.06776947705442903
B,CLEAN,di,2,59,1874,0.5331417098267407,0.8212101694915254,0.9935,0.0,0.9989,0.03389830508474576,0.04142604055496265,0.0,0.9985,0.06776947705442903
B,CLEAN,sesq,2,111,1874,0.6935855542642715,0.9136342342342342,0.9872,0.0237,0.9989,0.0,0.04142604055496265,0.0,0.9985,0.06776947705442903
B,CLEAN,tri,2,52,1874,0.6815177163812121,0.8756576923076924,0.99755,0.0,0.9989,0.09615384615384616,0.04142604055496265,0.0,0.9985,0.06776947705442903
B,CLEAN,pt,2,26,1874,0.5063858356845443,0.9818807692307691,0.9974,0.8562,0.9989,0.0,0.04142604055496265,0.0,0.9985,0.06776947705442903
B,CLEAN,tetra,2,12,1874,0.24494301994301992,0.9940166666666665,0.99675,0.984,0.9979,0.0,0.04142604055496265,0.0,0.9985,0.06776947705442903
B,CLEAN,sesq,3,95,1942,0.2964443501032616,0.8578284210526314,0.9873,0.0,0.9988,0.021052631578947368,0.0876287332646756,0.0,0.9989,0.10144181256436663
B,CLEAN,di,3,73,1942,0.366228958032905,0.8513712328767123,0.9955,0.0612,0.9989,0.0,0.0876287332646756,0.0,0.9989,0.10144181256436663
B,CLEAN,mono,3,46,1942,0.17675914244121488,0.8676282608695653,0.9877,0.0,0.9989,0.021739130434782608,0.0876287332646756,0.0,0.9989,0.10144181256436663
B,CLEAN,pt,3,62,1942,0.37443243407607574,0.9927725806451614,0.9977,0.7742,0.9988,0.0,0.0876287332646756,0.0,0.9989,0.10144181256436663
B,CLEAN,tri,3,5,1942,0.12264804007219361,0.95342,0.9934,0.8432,0.9989,0.0,0.0876287332646756,0.0,0.9989,0.10144181256436663
B,CLEAN,sester,3,5,1942,0.041006800864801324,0.9965400000000001,0.997,0.9937,0.9979,0.0,0.0876287332646756,0.0,0.9989,0.10144181256436663
B,CLEAN,di,4,61,2086,0.6215342503934307,0.8460491803278688,0.9957,0.0,0.9989,0.04918032786885246,0.05712670182166827,0.0,0.9982,0.0685522531160115
B,CLEAN,pt,4,47,2086,0.8301455587377358,0.9969319148936167,0.9984,0.9784,0.9988,0.0,0.05712670182166827,0.0,0.9982,0.0685522531160115
B,CLEAN,sesq,4,119,2086,0.7641608649691036,0.9509974789915965,0.9976,0.0,0.9989,0.01680672268907563,0.05712670182166827,0.0,0.9982,0.0685522531160115
B,CLEAN,mono,4,88,2086,0.6935943703278451,0.9749329545454546,0.9971,0.0,0.9989,0.011363636363636364,0.05712670182166827,0.0,0.9982,0.0685522531160115
B,CLEAN,tri,4,3,2086,0.675,0.9722666666666666,0.9984,0.9196,0.9988,0.0,0.05712670182166827,0.0,0.9982,0.0685522531160115
B,CLEANEc,mono,0,35,2127,0.09785139653021449,0.8519942857142857,0.9936,0.0,0.9989,0.05714285714285714,0.12249652092148568,0.0,0.9989,0.13963328631875882
B,CLEANEc,sesq,0,110,2127,0.3072049766244953,0.8742609090909091,0.99675,0.0,0.9989,0.03636363636363636,0.12249652092148568,0.0,0.9989,0.13963328631875882
B,CLEANEc,di,0,41,2127,0.07830168141645161,0.7693682926829268,0.9494,0.0,0.9988,0.04878048780487805,0.12249652092148568,0.0,0.9989,0.13963328631875882
B,CLEANEc,pt,0,21,2127,0.07060403018104533,0.1902190476190476,0.0,0.0,0.9989,0.8095238095238095,0.12249652092148568,0.0,0.9989,0.13963328631875882
B,CLEANEc,hemi,0,3,2127,0.2275132275132275,0.9977999999999999,0.9989,0.9956,0.9989,0.0,0.12249652092148568,0.0,0.9989,0.13963328631875882
B,CLEANEc,tri,0,4,2127,0.017342266819035078,0.9940749999999999,0.9945999999999999,0.9886,0.9985,0.0,0.12249652092148568,0.0,0.9989,0.13963328631875882
B,CLEANEc,sester,0,3,2127,0.015318429925171498,0.7788333333333334,0.8746,0.4632,0.9987,0.0,0.12249652092148568,0.0,0.9989,0.13963328631875882
B,CLEANEc,di,1,33,1971,0.09612770975833757,0.7685454545454545,0.9651,0.0008,0.9989,0.0,0.13689827498731608,0.0,0.9989,0.1506849315068493
B,CLEANEc,pt,1,14,1971,0.007022885540118446,0.13994285714285715,0.0,0.0,0.994,0.8571428571428571,0.13689827498731608,0.0,0.9989,0.1506849315068493
B,CLEANEc,tri,1,50,1971,0.27569605642745826,0.9769200000000001,0.9979,0.4701,0.9989,0.0,0.13689827498731608,0.0,0.9989,0.1506849315068493
B,CLEANEc,sesq,1,75,1971,0.1983869671186393,0.7641613333333334,0.984,0.0,0.9988,0.09333333333333334,0.13689827498731608,0.0,0.9989,0.1506849315068493
B,CLEANEc,mono,1,29,1971,0.12363307736012438,0.8878413793103448,0.9961,0.0,0.9989,0.06896551724137931,0.13689827498731608,0.0,0.9989,0.1506849315068493
B,CLEANEc,sester,1,9,1971,0.016686841753097266,0.7902666666666666,0.9659,0.0,0.9963,0.1111111111111111,0.13689827498731608,0.0,0.9989,0.1506849315068493
B,CLEANEc,mono,2,71,1874,0.7099075071186378,0.9202830985915494,0.9966,0.018,0.9989,0.0,0.04147379935965849,0.0,0.9985,0.06616862326574173
B,CLEANEc,di,2,59,1874,0.5364525347261542,0.8242491525423729,0.9935,0.0,0.9989,0.03389830508474576,0.04147379935965849,0.0,0.9985,0.06616862326574173
B,CLEANEc,sesq,2,111,1874,0.6863509894270157,0.908436936936937,0.9882,0.0,0.9989,0.018018018018018018,0.04147379935965849,0.0,0.9985,0.06616862326574173
B,CLEANEc,tri,2,52,1874,0.7382643155348482,0.9492442307692307,0.99785,0.0,0.9989,0.019230769230769232,0.04147379935965849,0.0,0.9985,0.06616862326574173
B,CLEANEc,pt,2,26,1874,0.0977094834989572,0.15153461538461538,0.0,0.0,0.9989,0.8461538461538461,0.04147379935965849,0.0,0.9985,0.06616862326574173
B,CLEANEc,tetra,2,12,1874,0.24494301994301992,0.9940166666666665,0.99675,0.984,0.9979,0.0,0.04147379935965849,0.0,0.9985,0.06616862326574173
B,CLEANEc,sesq,3,95,1942,0.3067294387742965,0.8616042105263155,0.9878,0.0,0.9988,0.021052631578947368,0.0876287332646756,0.0,0.9989,0.10144181256436663
B,CLEANEc,di,3,73,1942,0.3663313599010547,0.8535410958904109,0.9955,0.0958,0.9989,0.0,0.0876287332646756,0.0,0.9989,0.10144181256436663
B,CLEANEc,mono,3,46,1942,0.15781048677844633,0.8471413043478261,0.9891,0.0,0.9988,0.043478260869565216,0.0876287332646756,0.0,0.9989,0.10144181256436663
B,CLEANEc,pt,3,62,1942,0.0304541234218853,0.07657903225806452,0.0,0.0,0.9965,0.9193548387096774,0.0876287332646756,0.0,0.9989,0.10144181256436663
B,CLEANEc,tri,3,5,1942,0.12264804007219361,0.95342,0.9934,0.8432,0.9989,0.0,0.0876287332646756,0.0,0.9989,0.10144181256436663
B,CLEANEc,sester,3,5,1942,0.007054442732408835,0.19958,0.0,0.0,0.9979,0.8,0.0876287332646756,0.0,0.9989,0.10144181256436663
B,CLEANEc,di,4,61,2086,0.613191814876586,0.8337918032786884,0.9955,0.0,0.9989,0.06557377049180328,0.057123873441994245,0.0,0.9982,0.06711409395973154
B,CLEANEc,pt,4,47,2086,0.02203469292076887,0.0,0.0,0.0,0.0,1.0,0.057123873441994245,0.0,0.9982,0.06711409395973154
B,CLEANEc,sesq,4,119,2086,0.7652346546884881,0.9512941176470587,0.9976,0.0,0.9989,0.01680672268907563,0.057123873441994245,0.0,0.9982,0.06711409395973154
B,CLEANEc,mono,4,88,2086,0.686819624149871,0.9642795454545454,0.9968,0.0,0.9989,0.022727272727272728,0.057123873441994245,0.0,0.9982,0.06711409395973154
B,CLEANEc,tri,4,3,2086,0.6749999999999999,0.9722666666666666,0.9984,0.9196,0.9988,0.0,0.057123873441994245,0.0,0.9982,0.06711409395973154
B,CLEANProp,mono,0,35,2127,0.09695681541194955,0.9428571428571428,1.0,0.0,1.0,0.05714285714285714,0.13863350535082172,0.0,1.0,0.14057357780912083
B,CLEANProp,sesq,0,110,2127,0.2648668577193338,0.9794846728934092,1.0,0.0,1.0,0.01818181818181818,0.13863350535082172,0.0,1.0,0.14057357780912083
B,CLEANProp,di,0,41,2127,0.118359714563913,0.975609756097561,1.0,0.0,1.0,0.024390243902439025,0.13863350535082172,0.0,1.0,0.14057357780912083
B,CLEANProp,pt,0,21,2127,0.0673076923076923,1.0,1.0,1.0,1.0,0.0,0.13863350535082172,0.0,1.0,0.14057357780912083
B,CLEANProp,hemi,0,3,2127,0.01020408163265306,1.0,1.0,1.0,1.0,0.0,0.13863350535082172,0.0,1.0,0.14057357780912083
B,CLEANProp,tri,0,4,2127,0.013559322033898305,1.0,1.0,1.0,1.0,0.0,0.13863350535082172,0.0,1.0,0.14057357780912083
B,CLEANProp,sester,0,3,2127,0.01020408163265306,1.0,1.0,1.0,1.0,0.0,0.13863350535082172,0.0,1.0,0.14057357780912083
B,CLEANProp,di,1,33,1971,0.10122699386503067,1.0,1.0,1.0,1.0,0.0,0.14998928294209876,0.0,1.0,0.15119228817858954
B,CLEANProp,pt,1,14,1971,0.04560260586319218,1.0,1.0,1.0,1.0,0.0,0.14998928294209876,0.0,1.0,0.15119228817858954
B,CLEANProp,tri,1,50,1971,0.1384839122187289,0.9749984914009856,1.0,0.0,1.0,0.02,0.14998928294209876,0.0,1.0,0.15119228817858954
B,CLEANProp,sesq,1,75,1971,0.18665732130756307,0.9487411188191175,1.0,0.0,1.0,0.04,0.14998928294209876,0.0,1.0,0.15119228817858954
B,CLEANProp,mono,1,29,1971,0.07955603448275862,0.9310344827586207,1.0,0.0,1.0,0.06896551724137931,0.14998928294209876,0.0,1.0,0.15119228817858954
B,CLEANProp,sester,1,9,1971,0.029801324503311258,1.0,1.0,1.0,1.0,0.0,0.14998928294209876,0.0,1.0,0.15119228817858954
B,CLEANProp,mono,2,71,1874,0.36787564766839376,1.0,1.0,1.0,1.0,0.0,0.06642505632633701,0.0,1.0,0.06776947705442903
B,CLEANProp,di,2,59,1874,0.3086759829929962,0.9661016949152542,1.0,0.0,1.0,0.03389830508474576,0.06642505632633701,0.0,1.0,0.06776947705442903
B,CLEANProp,sesq,2,111,1874,0.47639484978540775,1.0,1.0,1.0,1.0,0.0,0.06642505632633701,0.0,1.0,0.06776947705442903
B,CLEANProp,tri,2,52,1874,0.250067090713146,0.8918375127075568,1.0,0.0,1.0,0.09615384615384616,0.06642505632633701,0.0,1.0,0.06776947705442903
B,CLEANProp,pt,2,26,1874,0.17567567567567569,1.0,1.0,1.0,1.0,0.0,0.06642505632633701,0.0,1.0,0.06776947705442903
B,CLEANProp,tetra,2,12,1874,0.08955223880597014,1.0,1.0,1.0,1.0,0.0,0.06642505632633701,0.0,1.0,0.06776947705442903
B,CLEANProp,sesq,3,95,1942,0.31575887786114915,0.9670479385065774,1.0,0.0,1.0,0.021052631578947368,0.09963191587228308,0.0,1.0,0.10144181256436663
B,CLEANProp,di,3,73,1942,0.27478996961212476,0.9931506849315068,1.0,0.5,1.0,0.0,0.09963191587228308,0.0,1.0,0.10144181256436663
B,CLEANProp,mono,3,46,1942,0.18450697983921643,0.97090935980068,1.0,0.0,1.0,0.021739130434782608,0.09963191587228308,0.0,1.0,0.10144181256436663
B,CLEANProp,pt,3,62,1942,0.24603174603174602,1.0,1.0,1.0,1.0,0.0,0.09963191587228308,0.0,1.0,0.10144181256436663
B,CLEANProp,tri,3,5,1942,0.02564102564102564,1.0,1.0,1.0,1.0,0.0,0.09963191587228308,0.0,1.0,0.10144181256436663
B,CLEANProp,sester,3,5,1942,0.02564102564102564,1.0,1.0,1.0,1.0,0.0,0.09963191587228308,0.0,1.0,0.10144181256436663
B,CLEANProp,di,4,61,2086,0.27852062008178585,0.9508196721311475,1.0,0.0,1.0,0.04918032786885246,0.06792441159187208,0.0,1.0,0.0685522531160115
B,CLEANProp,pt,4,47,2086,0.25,1.0,1.0,1.0,1.0,0.0,0.06792441159187208,0.0,1.0,0.0685522531160115
B,CLEANProp,sesq,4,119,2086,0.44677374825899346,0.9831932773109243,1.0,0.0,1.0,0.01680672268907563,0.06792441159187208,0.0,1.0,0.0685522531160115
B,CLEANProp,mono,4,88,2086,0.37770280456724314,0.9886363636363636,1.0,0.0,1.0,0.011363636363636364,0.06792441159187208,0.0,1.0,0.0685522531160115
B,CLEANProp,tri,4,3,2086,0.020833333333333332,1.0,1.0,1.0,1.0,0.0,0.06792441159187208,0.0,1.0,0.0685522531160115
B,Foldseek,mono,0,35,2127,0.09436136281649696,0.9428571428571428,1.0,0.0,1.0,0.05714285714285714,0.14104372355430184,0.0,1.0,0.14104372355430184
B,Foldseek,sesq,0,110,2127,0.260787102665669,0.9818181818181818,1.0,0.0,1.0,0.01818181818181818,0.14104372355430184,0.0,1.0,0.14104372355430184
B,Foldseek,di,0,41,2127,0.12023460410557185,1.0,1.0,1.0,1.0,0.0,0.14104372355430184,0.0,1.0,0.14104372355430184
B,Foldseek,pt,0,21,2127,0.012585481119822231,0.2857142857142857,0.0,0.0,1.0,0.7142857142857143,0.14104372355430184,0.0,1.0,0.14104372355430184
B,Foldseek,hemi,0,3,2127,0.009900990099009901,1.0,1.0,1.0,1.0,0.0,0.14104372355430184,0.0,1.0,0.14104372355430184
B,Foldseek,tri,0,4,2127,0.013157894736842105,1.0,1.0,1.0,1.0,0.0,0.14104372355430184,0.0,1.0,0.14104372355430184
B,Foldseek,sester,0,3,2127,0.004884494605602712,0.6666666666666666,1.0,0.0,1.0,0.3333333333333333,0.14104372355430184,0.0,1.0,0.14104372355430184
B,Foldseek,di,1,33,1971,0.08661417322834646,1.0,1.0,1.0,1.0,0.0,0.1765601217656012,0.0,1.0,0.1765601217656012
B,Foldseek,pt,1,14,1971,0.0073730635443481785,0.21428571428571427,0.0,0.0,1.0,0.7857142857142857,0.1765601217656012,0.0,1.0,0.1765601217656012
B,Foldseek,tri,1,50,1971,0.11333251492242842,0.94,1.0,0.0,1.0,0.06,0.1765601217656012,0.0,1.0,0.1765601217656012
B,Foldseek,sesq,1,75,1971,0.1735061361204153,0.9866666666666667,1.0,0.0,1.0,0.013333333333333334,0.1765601217656012,0.0,1.0,0.1765601217656012
B,Foldseek,mono,1,29,1971,0.07692307692307693,1.0,1.0,1.0,1.0,0.0,0.1765601217656012,0.0,1.0,0.1765601217656012
B,Foldseek,sester,1,9,1971,0.025210084033613446,1.0,1.0,1.0,1.0,0.0,0.1765601217656012,0.0,1.0,0.1765601217656012
B,Foldseek,mono,2,71,1874,0.3339155132476365,0.9859154929577465,1.0,0.0,1.0,0.014084507042253521,0.07310565635005337,0.0,1.0,0.07310565635005337
B,Foldseek,di,2,59,1874,0.3010204081632653,1.0,1.0,1.0,1.0,0.0,0.07310565635005337,0.0,1.0,0.07310565635005337
B,Foldseek,sesq,2,111,1874,0.4418357986169202,0.990990990990991,1.0,0.0,1.0,0.009009009009009009,0.07310565635005337,0.0,1.0,0.07310565635005337
B,Foldseek,tri,2,52,1874,0.2581342669303088,0.9615384615384616,1.0,0.0,1.0,0.038461538461538464,0.07310565635005337,0.0,1.0,0.07310565635005337
B,Foldseek,pt,2,26,1874,0.05623937582111162,0.5384615384615384,1.0,0.0,1.0,0.46153846153846156,0.07310565635005337,0.0,1.0,0.07310565635005337
B,Foldseek,tetra,2,12,1874,0.08053691275167785,1.0,1.0,1.0,1.0,0.0,0.07310565635005337,0.0,1.0,0.07310565635005337
B,Foldseek,sesq,3,95,1942,0.30568639350450555,0.9578947368421052,1.0,0.0,1.0,0.042105263157894736,0.10092687950566426,0.0,1.0,0.10092687950566426
B,Foldseek,di,3,73,1942,0.2596247450468009,0.9726027397260274,1.0,0.0,1.0,0.0273972602739726,0.10092687950566426,0.0,1.0,0.10092687950566426
B,Foldseek,mono,3,46,1942,0.19008264462809918,1.0,1.0,1.0,1.0,0.0,0.10092687950566426,0.0,1.0,0.10092687950566426
B,Foldseek,pt,3,62,1942,0.03611635290213617,0.1935483870967742,0.0,0.0,1.0,0.8064516129032258,0.10092687950566426,0.0,1.0,0.10092687950566426
B,Foldseek,tri,3,5,1942,0.024875621890547265,1.0,1.0,1.0,1.0,0.0,0.10092687950566426,0.0,1.0,0.10092687950566426
B,Foldseek,sester,3,5,1942,0.024875621890547265,1.0,1.0,1.0,1.0,0.0,0.10092687950566426,0.0,1.0,0.10092687950566426
B,Foldseek,di,4,61,2086,0.2606837606837607,1.0,1.0,1.0,1.0,0.0,0.08293384467881112,0.0,1.0,0.08293384467881112
B,Foldseek,pt,4,47,2086,0.13709230978569154,0.7659574468085106,1.0,0.0,1.0,0.23404255319148937,0.08293384467881112,0.0,1.0,0.08293384467881112
B,Foldseek,sesq,4,119,2086,0.4075342465753425,1.0,1.0,1.0,1.0,0.0,0.08293384467881112,0.0,1.0,0.08293384467881112
B,Foldseek,mono,4,88,2086,0.3371647509578544,1.0,1.0,1.0,1.0,0.0,0.08293384467881112,0.0,1.0,0.08293384467881112
B,Foldseek,tri,4,3,2086,0.00809774556064647,0.6666666666666666,1.0,0.0,1.0,0.3333333333333333,0.08293384467881112,0.0,1.0,0.08293384467881112
B,HMM,mono,0,35,2127,0.18679706297597576,0.9999973788912314,1.0,0.999943,1.0,0.0,0.1156538646026228,0.0,1.0,0.1156558533145275
B,HMM,sesq,0,110,2127,0.3240400526834431,0.9726754054534537,1.0,0.0,1.0,0.02727272727272727,0.1156538646026228,0.0,1.0,0.1156558533145275
B,HMM,di,0,41,2127,0.14805649284774858,0.8535322678743859,1.0,0.0,1.0,0.14634146341463414,0.1156538646026228,0.0,1.0,0.1156558533145275
B,HMM,pt,0,21,2127,0.03317447838658236,0.7142723675153904,0.99999957,0.0,1.0,0.2857142857142857,0.1156538646026228,0.0,1.0,0.1156558533145275
B,HMM,hemi,0,3,2127,0.031578947368421054,1.0,1.0,1.0,1.0,0.0,0.1156538646026228,0.0,1.0,0.1156558533145275
B,HMM,tri,0,4,2127,0.0041096070021754,0.4993499984,0.4987,0.0,0.9999999936,0.5,0.1156538646026228,0.0,1.0,0.1156558533145275
B,HMM,sester,0,3,2127,0.013678391349249742,0.9999999929999936,0.999999999999981,0.999999979,1.0,0.0,0.1156538646026228,0.0,1.0,0.1156558533145275
B,HMM,di,1,33,1971,0.07107394536169437,0.9393831127727272,1.0,0.0,1.0,0.06060606060606061,0.13850359948806823,0.0,1.0,0.1385083713850837
B,HMM,pt,1,14,1971,0.021595049669369946,0.8571422269035714,0.99999956,0.0,1.0,0.14285714285714285,0.13850359948806823,0.0,1.0,0.1385083713850837
B,HMM,tri,1,50,1971,0.05909095792083947,0.7599931261345937,0.999999999999335,0.0,1.0,0.24,0.13850359948806823,0.0,1.0,0.1385083713850837
B,HMM,sesq,1,75,1971,0.15694812860024537,0.9466294350545974,1.0,0.0,1.0,0.05333333333333334,0.13850359948806823,0.0,1.0,0.1385083713850837
B,HMM,mono,1,29,1971,0.09990742883591762,0.999999848275862,1.0,0.9999956,1.0,0.0,0.13850359948806823,0.0,1.0,0.1385083713850837
B,HMM,sester,1,9,1971,0.027838755239443385,0.9999980333333333,1.0,0.999984,1.0,0.0,0.13850359948806823,0.0,1.0,0.1385083713850837
B,HMM,mono,2,71,1874,0.6065252094138204,0.99997686563331,1.0,0.9989,1.0,0.0,0.03574997820452523,0.0,1.0,0.03575240128068303
B,HMM,di,2,59,1874,0.48125052592027684,0.9660418641678797,1.0,0.0,1.0,0.03389830508474576,0.03574997820452523,0.0,1.0,0.03575240128068303
B,HMM,sesq,2,111,1874,0.6862875761212802,0.9909633750628821,1.0,0.0,1.0,0.009009009009009009,0.03574997820452523,0.0,1.0,0.03575240128068303
B,HMM,tri,2,52,1874,0.25031685077815125,0.903806252386777,0.99999999635,0.0,1.0,0.09615384615384616,0.03574997820452523,0.0,1.0,0.03575240128068303
B,HMM,pt,2,26,1874,0.1143355447770076,0.6923059270592845,0.9999996,0.0,1.0,0.3076923076923077,0.03574997820452523,0.0,1.0,0.03575240128068303
B,HMM,tetra,2,12,1874,0.037069530447136394,0.5833165985833334,0.9999039999999999,0.0,0.999999983,0.4166666666666667,0.03574997820452523,0.0,1.0,0.03575240128068303
B,HMM,sesq,3,95,1942,0.36533857696314376,0.9999659262033276,1.0,0.9987,1.0,0.0,0.07311755541233704,0.0,1.0,0.07312049433573635
B,HMM,di,3,73,1942,0.3194704152656064,0.9451488942050231,1.0,0.0,1.0,0.0547945205479452,0.07311755541233704,0.0,1.0,0.07312049433573635
B,HMM,mono,3,46,1942,0.28064040237326005,0.9999947820177894,1.0,0.99987,1.0,0.0,0.07311755541233704,0.0,1.0,0.07312049433573635
B,HMM,pt,3,62,1942,0.15041845783798963,0.6773870669347901,0.9999998965,0.0,1.0,0.3225806451612903,0.07311755541233704,0.0,1.0,0.07312049433573635
B,HMM,tri,3,5,1942,0.016381116923845064,0.7997999984599977,0.9999999923,0.0,1.0,0.2,0.07311755541233704,0.0,1.0,0.07312049433573635
B,HMM,sester,3,5,1942,0.022559117083394656,0.9999865966000001,0.99999,0.999969,1.0,0.0,0.07311755541233704,0.0,1.0,0.07312049433573635
B,HMM,di,4,61,2086,0.28498997700032647,0.9179995650803278,1.0,0.0,1.0,0.08196721311475409,0.05464984980824544,0.0,1.0,0.05465004793863854
B,HMM,pt,4,47,2086,0.2172132729182179,0.9148656046842552,1.0,0.0,1.0,0.0851063829787234,0.05464984980824544,0.0,1.0,0.05465004793863854
B,HMM,sesq,4,119,2086,0.44438579094306013,0.9999941560458132,1.0,0.99942,1.0,0.0,0.05464984980824544,0.0,1.0,0.05465004793863854
B,HMM,mono,4,88,2086,0.4310459313866019,0.9999995892931818,1.0,0.999964,1.0,0.0,0.05464984980824544,0.0,1.0,0.05465004793863854
B,HMM,tri,4,3,2086,0.0014360938247965534,0.0,0.0,0.0,0.0,1.0,0.05464984980824544,0.0,1.0,0.05465004793863854
B,PlmRF,mono,0,35,2127,0.7404686123339901,0.9611428571428572,0.99,0.65,1.0,0.0,0.13176774800188057,0.03,1.0,0.7898448519040903
B,PlmRF,sesq,0,110,2127,0.8861178856852965,0.9535454545454545,0.99,0.01,1.0,0.0,0.13176774800188057,0.03,1.0,0.7898448519040903
B,PlmRF,di,0,41,2127,0.41114888820816864,0.8907317073170731,0.96,0.37,1.0,0.0,0.13176774800188057,0.03,1.0,0.7898448519040903
B,PlmRF,pt,0,21,2127,0.07840843339017023,0.330952380952381,0.15,0.04,0.99,0.0,0.13176774800188057,0.03,1.0,0.7898448519040903
B,PlmRF,hemi,0,3,2127,0.75,1.0,1.0,1.0,1.0,0.0,0.13176774800188057,0.03,1.0,0.7898448519040903
B,PlmRF,tri,0,4,2127,0.017623988019149786,0.7275,0.8300000000000001,0.35,0.9,0.0,0.13176774800188057,0.03,1.0,0.7898448519040903
B,PlmRF,sester,0,3,2127,0.11221532091097308,0.9566666666666667,0.95,0.93,0.99,0.0,0.13176774800188057,0.03,1.0,0.7898448519040903
B,PlmRF,di,1,33,1971,0.162949245321299,0.9233333333333333,0.96,0.6,0.99,0.0,0.17069000507356671,0.03,1.0,0.8203957382039574
B,PlmRF,pt,1,14,1971,0.0181075967377764,0.4321428571428571,0.195,0.04,0.95,0.0,0.17069000507356671,0.03,1.0,0.8203957382039574
B,PlmRF,tri,1,50,1971,0.276991599357611,0.9514,0.965,0.82,1.0,0.0,0.17069000507356671,0.03,1.0,0.8203957382039574
B,PlmRF,sesq,1,75,1971,0.5232954580222537,0.9216000000000001,0.99,0.11,1.0,0.0,0.17069000507356671,0.03,1.0,0.8203957382039574
B,PlmRF,mono,1,29,1971,0.41017344195485816,0.9827586206896551,0.99,0.93,1.0,0.0,0.17069000507356671,0.03,1.0,0.8203957382039574
B,PlmRF,sester,1,9,1971,0.055581833543611264,0.9322222222222223,0.97,0.64,0.99,0.0,0.17069000507356671,0.03,1.0,0.8203957382039574
B,PlmRF,mono,2,71,1874,0.7374613818651098,0.9642253521126758,0.97,0.65,1.0,0.0,0.08653681963713981,0.02,1.0,0.7860192102454643
B,PlmRF,di,2,59,1874,0.517859873596494,0.8896610169491526,0.95,0.32,1.0,0.0,0.08653681963713981,0.02,1.0,0.7860192102454643
B,PlmRF,sesq,2,111,1874,0.8375154532698582,0.9595495495495496,0.98,0.24,1.0,0.0,0.08653681963713981,0.02,1.0,0.7860192102454643
B,PlmRF,tri,2,52,1874,0.4646092568596332,0.8707692307692306,0.94,0.54,1.0,0.0,0.08653681963713981,0.02,1.0,0.7860192102454643
B,PlmRF,pt,2,26,1874,0.25477473967119585,0.5926923076923076,0.945,0.01,1.0,0.0,0.08653681963713981,0.02,1.0,0.7860192102454643
B,PlmRF,tetra,2,12,1874,0.09148849081255125,0.7691666666666667,0.82,0.59,0.86,0.0,0.08653681963713981,0.02,1.0,0.7860192102454643
B,PlmRF,sesq,3,95,1942,0.7700457264411326,0.9624210526315791,0.99,0.45,1.0,0.0,0.11336251287332647,0.03,1.0,0.8110195674562307
B,PlmRF,di,3,73,1942,0.5195654159636068,0.914109589041096,0.97,0.15,1.0,0.0,0.11336251287332647,0.03,1.0,0.8110195674562307
B,PlmRF,mono,3,46,1942,0.481425186182103,0.9450000000000002,0.97,0.25,1.0,0.0,0.11336251287332647,0.03,1.0,0.8110195674562307
B,PlmRF,pt,3,62,1942,0.13163170123928258,0.3309677419354839,0.18,0.07,1.0,0.0,0.11336251287332647,0.03,1.0,0.8110195674562307
B,PlmRF,tri,3,5,1942,0.021707662033395487,0.748,0.74,0.61,0.86,0.0,0.11336251287332647,0.03,1.0,0.8110195674562307
B,PlmRF,sester,3,5,1942,0.10761519182571813,0.96,0.96,0.93,0.99,0.0,0.11336251287332647,0.03,1.0,0.8110195674562307
B,PlmRF,di,4,61,2086,0.3313752803110756,0.897704918032787,0.96,0.2,1.0,0.0,0.09595877277085331,0.02,1.0,0.7953020134228188
B,PlmRF,pt,4,47,2086,0.1156005326077015,0.3712765957446809,0.18,0.02,0.99,0.0,0.09595877277085331,0.02,1.0,0.7953020134228188
B,PlmRF,sesq,4,119,2086,0.8054392548475746,0.9863865546218488,0.99,0.76,1.0,0.0,0.09595877277085331,0.02,1.0,0.7953020134228188
B,PlmRF,mono,4,88,2086,0.4987535226611851,0.96125,0.97,0.31,1.0,0.0,0.09595877277085331,0.02,1.0,0.7953020134228188
B,PlmRF,tri,4,3,2086,0.013629167600915905,0.5366666666666666,0.61,0.29,0.71,0.0,0.09595877277085331,0.02,1.0,0.7953020134228188
B,PlmDomainsRF,mono,0,35,2127,0.7392668569117651,0.9882857142857144,1.0,0.9,1.0,0.0,0.17210155148095907,0.08,1.0,0.9473436765397273
B,PlmDomainsRF,sesq,0,110,2127,0.8819571944248435,0.9671818181818181,1.0,0.02,1.0,0.0,0.17210155148095907,0.08,1.0,0.9473436765397273
B,PlmDomainsRF,di,0,41,2127,0.5846518090761057,0.9365853658536585,0.99,0.4,1.0,0.0,0.17210155148095907,0.08,1.0,0.9473436765397273
B,PlmDomainsRF,pt,0,21,2127,0.08757829073186817,0.3123809523809524,0.12,0.02,1.0,0.0,0.17210155148095907,0.08,1.0,0.9473436765397273
B,PlmDomainsRF,hemi,0,3,2127,0.375,1.0,1.0,1.0,1.0,0.0,0.17210155148095907,0.08,1.0,0.9473436765397273
B,PlmDomainsRF,tri,0,4,2127,0.04952218174103256,0.8200000000000001,0.94,0.41,0.99,0.0,0.17210155148095907,0.08,1.0,0.9473436765397273
B,PlmDomainsRF,sester,0,3,2127,0.375,1.0,1.0,1.0,1.0,0.0,0.17210155148095907,0.08,1.0,0.9473436765397273
B,PlmDomainsRF,di,1,33,1971,0.28996032359349644,0.9684848484848485,0.99,0.76,1.0,0.0,0.21470826991374936,0.09,1.0,0.9578893962455606
B,PlmDomainsRF,pt,1,14,1971,0.025433800136298267,0.4528571428571428,0.14,0.02,1.0,0.0,0.21470826991374936,0.09,1.0,0.9578893962455606
B,PlmDomainsRF,tri,1,50,1971,0.16304181462185974,0.9422,0.95,0.82,1.0,0.0,0.21470826991374936,0.09,1.0,0.9578893962455606
B,PlmDomainsRF,sesq,1,75,1971,0.565231723589126,0.9525333333333333,0.99,0.18,1.0,0.0,0.21470826991374936,0.09,1.0,0.9578893962455606
B,PlmDomainsRF,mono,1,29,1971,0.3441369398753033,0.9879310344827584,0.99,0.95,1.0,0.0,0.21470826991374936,0.09,1.0,0.9578893962455606
B,PlmDomainsRF,sester,1,9,1971,0.0630712622669756,0.9711111111111111,0.98,0.93,0.99,0.0,0.21470826991374936,0.09,1.0,0.9578893962455606
B,PlmDomainsRF,mono,2,71,1874,0.7227546328358826,0.9801408450704225,0.98,0.93,1.0,0.0,0.13400747065101387,0.08,1.0,0.9669156883671292
B,PlmDomainsRF,di,2,59,1874,0.8205152999422843,0.9789830508474577,1.0,0.54,1.0,0.0,0.13400747065101387,0.08,1.0,0.9669156883671292
B,PlmDomainsRF,sesq,2,111,1874,0.8517774709152148,0.9739639639639637,0.99,0.31,1.0,0.0,0.13400747065101387,0.08,1.0,0.9669156883671292
B,PlmDomainsRF,tri,2,52,1874,0.5871024587785765,0.9009615384615385,0.99,0.45,1.0,0.0,0.13400747065101387,0.08,1.0,0.9669156883671292
B,PlmDomainsRF,pt,2,26,1874,0.24928565618349965,0.691923076923077,0.96,0.03,1.0,0.0,0.13400747065101387,0.08,1.0,0.9669156883671292
B,PlmDomainsRF,tetra,2,12,1874,0.09806580729310516,0.8625000000000002,0.875,0.78,0.93,0.0,0.13400747065101387,0.08,1.0,0.9669156883671292
B,PlmDomainsRF,sesq,3,95,1942,0.7902120819038856,0.9880000000000001,0.99,0.91,1.0,0.0,0.15473223480947476,0.08,1.0,0.9546858908341915
B,PlmDomainsRF,di,3,73,1942,0.6463584448910853,0.9745205479452055,0.99,0.71,1.0,0.0,0.15473223480947476,0.08,1.0,0.9546858908341915
B,PlmDomainsRF,mono,3,46,1942,0.5069654968631898,0.9649999999999999,0.98,0.31,1.0,0.0,0.15473223480947476,0.08,1.0,0.9546858908341915
B,PlmDomainsRF,pt,3,62,1942,0.1343129073355071,0.36661290322580636,0.24,0.09,1.0,0.0,0.15473223480947476,0.08,1.0,0.9546858908341915
B,PlmDomainsRF,tri,3,5,1942,0.021949656229985536,0.8200000000000001,0.85,0.71,0.9,0.0,0.15473223480947476,0.08,1.0,0.9546858908341915
B,PlmDomainsRF,sester,3,5,1942,0.15512265512265513,0.9880000000000001,0.99,0.97,1.0,0.0,0.15473223480947476,0.08,1.0,0.9546858908341915
B,PlmDomainsRF,di,4,61,2086,0.5449887023122882,0.9714754098360656,0.99,0.69,1.0,0.0,0.1359012464046021,0.07,1.0,0.959731543624161
B,PlmDomainsRF,pt,4,47,2086,0.07096223212072934,0.3489361702127659,0.12,0.04,0.99,0.0,0.1359012464046021,0.07,1.0,0.959731543624161
B,PlmDomainsRF,sesq,4,119,2086,0.8405539591811715,0.9936134453781512,1.0,0.9,1.0,0.0,0.1359012464046021,0.07,1.0,0.959731543624161
B,PlmDomainsRF,mono,4,88,2086,0.6529568520331909,0.9776136363636364,0.99,0.13,1.0,0.0,0.1359012464046021,0.07,1.0,0.959731543624161
B,PlmDomainsRF,tri,4,3,2086,0.015826233405983752,0.7066666666666667,0.91,0.28,0.93,0.0,0.1359012464046021,0.07,1.0,0.959731543624161
D,Blastp,mono,0,35,2127,0.9437822122373464,0.9428571428571428,1.0,0.0,1.0,0.05714285714285714,0.0,0.0,0.0,0.0
D,Blastp,sesq,0,110,2127,0.9740683545332629,0.990909090909091,1.0,0.0,3.0,0.02727272727272727,0.0,0.0,0.0,0.0
D,Blastp,di,0,41,2127,0.8564260642606426,0.8536585365853658,1.0,0.0,1.0,0.14634146341463414,0.0,0.0,0.0,0.0
D,Blastp,pt,0,21,2127,0.3398510242085661,0.3333333333333333,0.0,0.0,1.0,0.6666666666666666,0.0,0.0,0.0,0.0
D,Blastp,hemi,0,3,2127,1.0,1.0,1.0,1.0,1.0,0.0,0.0,0.0,0.0,0.0
D,Blastp,tri,0,4,2127,1.0,1.0,1.0,1.0,1.0,0.0,0.0,0.0,0.0,0.0
D,Blastp,sester,0,3,2127,0.6671361502347417,0.6666666666666666,1.0,0.0,1.0,0.3333333333333333,0.0,0.0,0.0,0.0
D,Blastp,di,1,33,1971,0.8918918918918919,1.0,1.0,1.0,1.0,0.0,0.0025367833587011668,0.0,2.0,0.0020294266869609334
D,Blastp,pt,1,14,1971,0.261173083843109,0.42857142857142855,0.0,0.0,1.0,0.5714285714285714,0.0025367833587011668,0.0,2.0,0.0020294266869609334
D,Blastp,tri,1,50,1971,0.9259259259259259,1.0,1.0,1.0,1.0,0.0,0.0025367833587011668,0.0,2.0,0.0020294266869609334
D,Blastp,sesq,1,75,1971,0.9418284106891702,1.0266666666666666,1.0,1.0,2.0,0.0,0.0025367833587011668,0.0,2.0,0.0020294266869609334
D,Blastp,mono,1,29,1971,0.8787878787878788,1.0,1.0,1.0,1.0,0.0,0.0025367833587011668,0.0,2.0,0.0020294266869609334
D,Blastp,sester,1,9,1971,0.6923076923076923,1.0,1.0,1.0,1.0,0.0,0.0025367833587011668,0.0,2.0,0.0020294266869609334
D,Blastp,mono,2,71,1874,0.9861111111111112,1.0,1.0,1.0,1.0,0.0,0.0005336179295624333,0.0,1.0,0.0005336179295624333
D,Blastp,di,2,59,1874,0.9504794302893271,0.9661016949152542,1.0,0.0,1.0,0.03389830508474576,0.0005336179295624333,0.0,1.0,0.0005336179295624333
D,Blastp,sesq,2,111,1874,0.9825669225628378,0.990990990990991,1.0,0.0,1.0,0.009009009009009009,0.0005336179295624333,0.0,1.0,0.0005336179295624333
D,Blastp,tri,2,52,1874,0.9624274948232532,0.9807692307692307,1.0,0.0,1.0,0.019230769230769232,0.0005336179295624333,0.0,1.0,0.0005336179295624333
D,Blastp,pt,2,26,1874,0.5466548582995951,0.5769230769230769,1.0,0.0,1.0,0.4230769230769231,0.0005336179295624333,0.0,1.0,0.0005336179295624333
D,Blastp,tetra,2,12,1874,0.9230769230769231,1.0,1.0,1.0,1.0,0.0,0.0005336179295624333,0.0,1.0,0.0005336179295624333
D,Blastp,sesq,3,95,1942,0.9053452869487301,1.0105263157894737,1.0,0.0,2.0,0.010526315789473684,0.004634397528321318,0.0,1.0,0.004634397528321318
D,Blastp,di,3,73,1942,0.877208606682756,0.9863013698630136,1.0,0.0,1.0,0.0136986301369863,0.004634397528321318,0.0,1.0,0.004634397528321318
D,Blastp,mono,3,46,1942,0.8157204094129998,0.9782608695652174,1.0,0.0,1.0,0.021739130434782608,0.004634397528321318,0.0,1.0,0.004634397528321318
D,Blastp,pt,3,62,1942,0.1613995011379765,0.22580645161290322,0.0,0.0,1.0,0.7741935483870968,0.004634397528321318,0.0,1.0,0.004634397528321318
D,Blastp,tri,3,5,1942,0.48571428571428577,1.2,1.0,1.0,2.0,0.0,0.004634397528321318,0.0,1.0,0.004634397528321318
D,Blastp,sester,3,5,1942,0.35714285714285715,1.0,1.0,1.0,1.0,0.0,0.004634397528321318,0.0,1.0,0.004634397528321318
D,Blastp,di,4,61,2086,0.7696398169802146,0.9180327868852459,1.0,0.0,1.0,0.08196721311475409,0.0052732502396931925,0.0,1.0,0.0052732502396931925
D,Blastp,pt,4,47,2086,0.5918478661113795,0.7659574468085106,1.0,0.0,1.0,0.23404255319148937,0.0052732502396931925,0.0,1.0,0.0052732502396931925
D,Blastp,sesq,4,119,2086,0.9175177763413057,1.0252100840336134,1.0,1.0,2.0,0.0,0.0052732502396931925,0.0,1.0,0.0052732502396931925
D,Blastp,mono,4,88,2086,0.9570707070707071,1.6136363636363635,2.0,1.0,2.0,0.0,0.0052732502396931925,0.0,1.0,0.0052732502396931925
D,Blastp,tri,4,3,2086,0.21428571428571427,1.0,1.0,1.0,1.0,0.0,0.0052732502396931925,0.0,1.0,0.0052732502396931925
D,CLEAN,mono,0,35,2127,0.09755476809366001,0.8511742857142858,0.9936,0.0,0.9989,0.05714285714285714,0.12249515749882463,0.0,0.9989,0.14057357780912083
D,CLEAN,sesq,0,110,2127,0.30315782032157124,0.8721436363636363,0.99615,0.0,0.9989,0.01818181818181818,0.12249515749882463,0.0,0.9989,0.14057357780912083
D,CLEAN,di,0,41,2127,0.07523175399855281,0.7379195121951221,0.9494,0.0,0.9988,0.07317073170731707,0.12249515749882463,0.0,0.9989,0.14057357780912083
D,CLEAN,pt,0,21,2127,0.12126948392460424,0.9832904761904763,0.9955,0.7874,0.9989,0.0,0.12249515749882463,0.0,0.9989,0.14057357780912083
D,CLEAN,hemi,0,3,2127,0.2275132275132275,0.9977999999999999,0.9989,0.9956,0.9989,0.0,0.12249515749882463,0.0,0.9989,0.14057357780912083
D,CLEAN,tri,0,4,2127,0.017342266819035078,0.9940749999999999,0.9945999999999999,0.9886,0.9985,0.0,0.12249515749882463,0.0,0.9989,0.14057357780912083
D,CLEAN,sester,0,3,2127,0.015318429925171498,0.7788333333333334,0.8746,0.4632,0.9987,0.0,0.12249515749882463,0.0,0.9989,0.14057357780912083
D,CLEAN,di,1,33,1971,0.09614531839253712,0.7678818181818181,0.9651,0.0008,0.9989,0.0,0.13682004058853375,0.0,0.9989,0.15119228817858954
D,CLEAN,pt,1,14,1971,0.1039594722327059,0.950435714285714,0.9944,0.5518,0.9986,0.0,0.13682004058853375,0.0,0.9989,0.15119228817858954
D,CLEAN,tri,1,50,1971,0.24907077080503054,0.955882,0.9979,0.0,0.9989,0.02,0.13682004058853375,0.0,0.9989,0.15119228817858954
D,CLEAN,sesq,1,75,1971,0.20110004957162775,0.7812493333333334,0.9818,0.0,0.9988,0.04,0.13682004058853375,0.0,0.9989,0.15119228817858954
D,CLEAN,mono,1,29,1971,0.12130641969009147,0.8873137931034484,0.9961,0.0,0.9989,0.06896551724137931,0.13682004058853375,0.0,0.9989,0.15119228817858954
D,CLEAN,sester,1,9,1971,0.020745053712136464,0.878711111111111,0.9767,0.572,0.9975,0.0,0.13682004058853375,0.0,0.9989,0.15119228817858954
D,CLEAN,mono,2,71,1874,0.70630585966,0.918730985915493,0.9964,0.018,0.9989,0.0,0.04142604055496265,0.0,0.9985,0.06776947705442903
D,CLEAN,di,2,59,1874,0.5142981674910653,0.8042966101694915,0.9934,0.0,0.9989,0.05084745762711865,0.04142604055496265,0.0,0.9985,0.06776947705442903
D,CLEAN,sesq,2,111,1874,0.6880809940797878,0.905536036036036,0.9872,0.0,0.9989,0.009009009009009009,0.04142604055496265,0.0,0.9985,0.06776947705442903
D,CLEAN,tri,2,52,1874,0.6815177163812121,0.8756576923076924,0.99755,0.0,0.9989,0.09615384615384616,0.04142604055496265,0.0,0.9985,0.06776947705442903
D,CLEAN,pt,2,26,1874,0.5063858356845443,0.9818807692307691,0.9974,0.8562,0.9989,0.0,0.04142604055496265,0.0,0.9985,0.06776947705442903
D,CLEAN,tetra,2,12,1874,0.24494301994301992,0.9940166666666665,0.99675,0.984,0.9979,0.0,0.04142604055496265,0.0,0.9985,0.06776947705442903
D,CLEAN,sesq,3,95,1942,0.29645653030741753,0.8578284210526314,0.9873,0.0,0.9988,0.021052631578947368,0.08762739443872297,0.0,0.9989,0.10092687950566426
D,CLEAN,di,3,73,1942,0.366228958032905,0.8513712328767123,0.9955,0.0612,0.9989,0.0,0.08762739443872297,0.0,0.9989,0.10092687950566426
D,CLEAN,mono,3,46,1942,0.17675914244121488,0.8676282608695653,0.9877,0.0,0.9989,0.021739130434782608,0.08762739443872297,0.0,0.9989,0.10092687950566426
D,CLEAN,pt,3,62,1942,0.3744324340760757,0.9927725806451614,0.9977,0.7742,0.9988,0.0,0.08762739443872297,0.0,0.9989,0.10092687950566426
D,CLEAN,tri,3,5,1942,0.12264804007219361,0.95342,0.9934,0.8432,0.9989,0.0,0.08762739443872297,0.0,0.9989,0.10092687950566426
D,CLEAN,sester,3,5,1942,0.04100680086480133,0.9965400000000001,0.997,0.9937,0.9979,0.0,0.08762739443872297,0.0,0.9989,0.10092687950566426
D,CLEAN,di,4,61,2086,0.6215342503934307,0.8460491803278688,0.9957,0.0,0.9989,0.04918032786885246,0.05712670182166827,0.0,0.9982,0.0685522531160115
D,CLEAN,pt,4,47,2086,0.8301455587377358,0.9969319148936167,0.9984,0.9784,0.9988,0.0,0.05712670182166827,0.0,0.9982,0.0685522531160115
D,CLEAN,sesq,4,119,2086,0.7552521059718393,0.9426117647058824,0.9975,0.0,0.9989,0.025210084033613446,0.05712670182166827,0.0,0.9982,0.0685522531160115
D,CLEAN,mono,4,88,2086,0.6935943703278451,0.9749329545454546,0.9971,0.0,0.9989,0.011363636363636364,0.05712670182166827,0.0,0.9982,0.0685522531160115
D,CLEAN,tri,4,3,2086,0.675,0.9722666666666666,0.9984,0.9196,0.9988,0.0,0.05712670182166827,0.0,0.9982,0.0685522531160115
D,CLEANEc,mono,0,35,2127,0.09785139653021449,0.8519942857142857,0.9936,0.0,0.9989,0.05714285714285714,0.12249652092148568,0.0,0.9989,0.13963328631875882
D,CLEANEc,sesq,0,110,2127,0.3072049766244953,0.8742609090909091,0.99675,0.0,0.9989,0.03636363636363636,0.12249652092148568,0.0,0.9989,0.13963328631875882
D,CLEANEc,di,0,41,2127,0.07830168141645161,0.7693682926829268,0.9494,0.0,0.9988,0.04878048780487805,0.12249652092148568,0.0,0.9989,0.13963328631875882
D,CLEANEc,pt,0,21,2127,0.07060403018104533,0.1902190476190476,0.0,0.0,0.9989,0.8095238095238095,0.12249652092148568,0.0,0.9989,0.13963328631875882
D,CLEANEc,hemi,0,3,2127,0.2275132275132275,0.9977999999999999,0.9989,0.9956,0.9989,0.0,0.12249652092148568,0.0,0.9989,0.13963328631875882
D,CLEANEc,tri,0,4,2127,0.017342266819035078,0.9940749999999999,0.9945999999999999,0.9886,0.9985,0.0,0.12249652092148568,0.0,0.9989,0.13963328631875882
D,CLEANEc,sester,0,3,2127,0.015318429925171498,0.7788333333333334,0.8746,0.4632,0.9987,0.0,0.12249652092148568,0.0,0.9989,0.13963328631875882
D,CLEANEc,di,1,33,1971,0.09612770975833757,0.7685454545454545,0.9651,0.0008,0.9989,0.0,0.13689827498731608,0.0,0.9989,0.1506849315068493
D,CLEANEc,pt,1,14,1971,0.007022885540118446,0.13994285714285715,0.0,0.0,0.994,0.8571428571428571,0.13689827498731608,0.0,0.9989,0.1506849315068493
D,CLEANEc,tri,1,50,1971,0.27569605642745826,0.9769200000000001,0.9979,0.4701,0.9989,0.0,0.13689827498731608,0.0,0.9989,0.1506849315068493
D,CLEANEc,sesq,1,75,1971,0.1983869671186393,0.7641613333333334,0.984,0.0,0.9988,0.09333333333333334,0.13689827498731608,0.0,0.9989,0.1506849315068493
D,CLEANEc,mono,1,29,1971,0.12363307736012438,0.8878413793103448,0.9961,0.0,0.9989,0.06896551724137931,0.13689827498731608,0.0,0.9989,0.1506849315068493
D,CLEANEc,sester,1,9,1971,0.016686841753097266,0.7902666666666666,0.9659,0.0,0.9963,0.1111111111111111,0.13689827498731608,0.0,0.9989,0.1506849315068493
D,CLEANEc,mono,2,71,1874,0.7099075071186378,0.9202830985915494,0.9966,0.018,0.9989,0.0,0.04147379935965849,0.0,0.9985,0.06616862326574173
D,CLEANEc,di,2,59,1874,0.5364525347261542,0.8242491525423729,0.9935,0.0,0.9989,0.03389830508474576,0.04147379935965849,0.0,0.9985,0.06616862326574173
D,CLEANEc,sesq,2,111,1874,0.6863509894270157,0.908436936936937,0.9882,0.0,0.9989,0.018018018018018018,0.04147379935965849,0.0,0.9985,0.06616862326574173
D,CLEANEc,tri,2,52,1874,0.7382643155348482,0.9492442307692307,0.99785,0.0,0.9989,0.019230769230769232,0.04147379935965849,0.0,0.9985,0.06616862326574173
D,CLEANEc,pt,2,26,1874,0.0977094834989572,0.15153461538461538,0.0,0.0,0.9989,0.8461538461538461,0.04147379935965849,0.0,0.9985,0.06616862326574173
D,CLEANEc,tetra,2,12,1874,0.24494301994301992,0.9940166666666665,0.99675,0.984,0.9979,0.0,0.04147379935965849,0.0,0.9985,0.06616862326574173
D,CLEANEc,sesq,3,95,1942,0.3067294387742965,0.8616042105263155,0.9878,0.0,0.9988,0.021052631578947368,0.0876287332646756,0.0,0.9989,0.10144181256436663
D,CLEANEc,di,3,73,1942,0.3663313599010547,0.8535410958904109,0.9955,0.0958,0.9989,0.0,0.0876287332646756,0.0,0.9989,0.10144181256436663
D,CLEANEc,mono,3,46,1942,0.15781048677844633,0.8471413043478261,0.9891,0.0,0.9988,0.043478260869565216,0.0876287332646756,0.0,0.9989,0.10144181256436663
D,CLEANEc,pt,3,62,1942,0.0304541234218853,0.07657903225806452,0.0,0.0,0.9965,0.9193548387096774,0.0876287332646756,0.0,0.9989,0.10144181256436663
D,CLEANEc,tri,3,5,1942,0.12264804007219361,0.95342,0.9934,0.8432,0.9989,0.0,0.0876287332646756,0.0,0.9989,0.10144181256436663
D,CLEANEc,sester,3,5,1942,0.007054442732408835,0.19958,0.0,0.0,0.9979,0.8,0.0876287332646756,0.0,0.9989,0.10144181256436663
D,CLEANEc,di,4,61,2086,0.613191814876586,0.8337918032786884,0.9955,0.0,0.9989,0.06557377049180328,0.057123873441994245,0.0,0.9982,0.06711409395973154
D,CLEANEc,pt,4,47,2086,0.02203469292076887,0.0,0.0,0.0,0.0,1.0,0.057123873441994245,0.0,0.9982,0.06711409395973154
D,CLEANEc,sesq,4,119,2086,0.7652346546884881,0.9512941176470587,0.9976,0.0,0.9989,0.01680672268907563,0.057123873441994245,0.0,0.9982,0.06711409395973154
D,CLEANEc,mono,4,88,2086,0.686819624149871,0.9642795454545454,0.9968,0.0,0.9989,0.022727272727272728,0.057123873441994245,0.0,0.9982,0.06711409395973154
D,CLEANEc,tri,4,3,2086,0.6749999999999999,0.9722666666666666,0.9984,0.9196,0.9988,0.0,0.057123873441994245,0.0,0.9982,0.06711409395973154
D,CLEANProp,mono,0,35,2127,0.09695681541194955,0.9428571428571428,1.0,0.0,1.0,0.05714285714285714,0.13863350535082172,0.0,1.0,0.14057357780912083
D,CLEANProp,sesq,0,110,2127,0.2648668577193338,0.9794846728934092,1.0,0.0,1.0,0.01818181818181818,0.13863350535082172,0.0,1.0,0.14057357780912083
D,CLEANProp,di,0,41,2127,0.118359714563913,0.975609756097561,1.0,0.0,1.0,0.024390243902439025,0.13863350535082172,0.0,1.0,0.14057357780912083
D,CLEANProp,pt,0,21,2127,0.0673076923076923,1.0,1.0,1.0,1.0,0.0,0.13863350535082172,0.0,1.0,0.14057357780912083
D,CLEANProp,hemi,0,3,2127,0.01020408163265306,1.0,1.0,1.0,1.0,0.0,0.13863350535082172,0.0,1.0,0.14057357780912083
D,CLEANProp,tri,0,4,2127,0.013559322033898305,1.0,1.0,1.0,1.0,0.0,0.13863350535082172,0.0,1.0,0.14057357780912083
D,CLEANProp,sester,0,3,2127,0.01020408163265306,1.0,1.0,1.0,1.0,0.0,0.13863350535082172,0.0,1.0,0.14057357780912083
D,CLEANProp,di,1,33,1971,0.10122699386503067,1.0,1.0,1.0,1.0,0.0,0.14998928294209876,0.0,1.0,0.15119228817858954
D,CLEANProp,pt,1,14,1971,0.04560260586319218,1.0,1.0,1.0,1.0,0.0,0.14998928294209876,0.0,1.0,0.15119228817858954
D,CLEANProp,tri,1,50,1971,0.1384839122187289,0.9749984914009856,1.0,0.0,1.0,0.02,0.14998928294209876,0.0,1.0,0.15119228817858954
D,CLEANProp,sesq,1,75,1971,0.18665732130756307,0.9487411188191175,1.0,0.0,1.0,0.04,0.14998928294209876,0.0,1.0,0.15119228817858954
D,CLEANProp,mono,1,29,1971,0.07955603448275862,0.9310344827586207,1.0,0.0,1.0,0.06896551724137931,0.14998928294209876,0.0,1.0,0.15119228817858954
D,CLEANProp,sester,1,9,1971,0.029801324503311258,1.0,1.0,1.0,1.0,0.0,0.14998928294209876,0.0,1.0,0.15119228817858954
D,CLEANProp,mono,2,71,1874,0.36787564766839376,1.0,1.0,1.0,1.0,0.0,0.06642505632633701,0.0,1.0,0.06776947705442903
D,CLEANProp,di,2,59,1874,0.3086759829929962,0.9661016949152542,1.0,0.0,1.0,0.03389830508474576,0.06642505632633701,0.0,1.0,0.06776947705442903
D,CLEANProp,sesq,2,111,1874,0.47639484978540775,1.0,1.0,1.0,1.0,0.0,0.06642505632633701,0.0,1.0,0.06776947705442903
D,CLEANProp,tri,2,52,1874,0.250067090713146,0.8918375127075568,1.0,0.0,1.0,0.09615384615384616,0.06642505632633701,0.0,1.0,0.06776947705442903
D,CLEANProp,pt,2,26,1874,0.17567567567567569,1.0,1.0,1.0,1.0,0.0,0.06642505632633701,0.0,1.0,0.06776947705442903
D,CLEANProp,tetra,2,12,1874,0.08955223880597014,1.0,1.0,1.0,1.0,0.0,0.06642505632633701,0.0,1.0,0.06776947705442903
D,CLEANProp,sesq,3,95,1942,0.31575887786114915,0.9670479385065774,1.0,0.0,1.0,0.021052631578947368,0.09963191587228308,0.0,1.0,0.10144181256436663
D,CLEANProp,di,3,73,1942,0.27478996961212476,0.9931506849315068,1.0,0.5,1.0,0.0,0.09963191587228308,0.0,1.0,0.10144181256436663
D,CLEANProp,mono,3,46,1942,0.18450697983921643,0.97090935980068,1.0,0.0,1.0,0.021739130434782608,0.09963191587228308,0.0,1.0,0.10144181256436663
D,CLEANProp,pt,3,62,1942,0.24603174603174602,1.0,1.0,1.0,1.0,0.0,0.09963191587228308,0.0,1.0,0.10144181256436663
D,CLEANProp,tri,3,5,1942,0.02564102564102564,1.0,1.0,1.0,1.0,0.0,0.09963191587228308,0.0,1.0,0.10144181256436663
D,CLEANProp,sester,3,5,1942,0.02564102564102564,1.0,1.0,1.0,1.0,0.0,0.09963191587228308,0.0,1.0,0.10144181256436663
D,CLEANProp,di,4,61,2086,0.27852062008178585,0.9508196721311475,1.0,0.0,1.0,0.04918032786885246,0.06792441159187208,0.0,1.0,0.0685522531160115
D,CLEANProp,pt,4,47,2086,0.25,1.0,1.0,1.0,1.0,0.0,0.06792441159187208,0.0,1.0,0.0685522531160115
D,CLEANProp,sesq,4,119,2086,0.44677374825899346,0.9831932773109243,1.0,0.0,1.0,0.01680672268907563,0.06792441159187208,0.0,1.0,0.0685522531160115
D,CLEANProp,mono,4,88,2086,0.37770280456724314,0.9886363636363636,1.0,0.0,1.0,0.011363636363636364,0.06792441159187208,0.0,1.0,0.0685522531160115
D,CLEANProp,tri,4,3,2086,0.020833333333333332,1.0,1.0,1.0,1.0,0.0,0.06792441159187208,0.0,1.0,0.0685522531160115
D,Foldseek,mono,0,35,2127,0.9718911061186731,0.9714285714285714,1.0,0.0,1.0,0.02857142857142857,0.0,0.0,0.0,0.0
D,Foldseek,sesq,0,110,2127,0.9913561181777544,0.990909090909091,1.0,0.0,1.0,0.00909090909090909,0.0,0.0,0.0,0.0
D,Foldseek,di,0,41,2127,0.9042840428404284,0.9024390243902439,1.0,0.0,1.0,0.0975609756097561,0.0,0.0,0.0,0.0
D,Foldseek,pt,0,21,2127,0.4341580207501995,0.42857142857142855,0.0,0.0,1.0,0.5714285714285714,0.0,0.0,0.0,0.0
D,Foldseek,hemi,0,3,2127,1.0,1.0,1.0,1.0,1.0,0.0,0.0,0.0,0.0,0.0
D,Foldseek,tri,0,4,2127,1.0,1.0,1.0,1.0,1.0,0.0,0.0,0.0,0.0,0.0
D,Foldseek,sester,0,3,2127,1.0,1.0,1.0,1.0,1.0,0.0,0.0,0.0,0.0,0.0
D,Foldseek,di,1,33,1971,0.9705882352941176,1.0,1.0,1.0,1.0,0.0,0.0005073566717402334,0.0,1.0,0.0005073566717402334
D,Foldseek,pt,1,14,1971,0.23360921194674342,0.2857142857142857,0.0,0.0,1.0,0.7142857142857143,0.0005073566717402334,0.0,1.0,0.0005073566717402334
D,Foldseek,tri,1,50,1971,0.8829088053697051,0.9,1.0,0.0,1.0,0.1,0.0005073566717402334,0.0,1.0,0.0005073566717402334
D,Foldseek,sesq,1,75,1971,0.9739998696643859,0.9866666666666667,1.0,0.0,1.0,0.013333333333333334,0.0005073566717402334,0.0,1.0,0.0005073566717402334
D,Foldseek,mono,1,29,1971,0.9666666666666667,1.0,1.0,1.0,1.0,0.0,0.0005073566717402334,0.0,1.0,0.0005073566717402334
D,Foldseek,sester,1,9,1971,0.9,1.0,1.0,1.0,1.0,0.0,0.0005073566717402334,0.0,1.0,0.0005073566717402334
D,Foldseek,mono,2,71,1874,0.9590430903041787,0.9859154929577465,1.0,0.0,1.0,0.014084507042253521,0.0010672358591248667,0.0,1.0,0.0010672358591248667
D,Foldseek,di,2,59,1874,0.9179751360827343,0.9491525423728814,1.0,0.0,1.0,0.05084745762711865,0.0010672358591248667,0.0,1.0,0.0010672358591248667
D,Foldseek,sesq,2,111,1874,0.9737985016322547,0.990990990990991,1.0,0.0,1.0,0.009009009009009009,0.0010672358591248667,0.0,1.0,0.0010672358591248667
D,Foldseek,tri,2,52,1874,0.850871675053918,0.8846153846153846,1.0,0.0,1.0,0.11538461538461539,0.0010672358591248667,0.0,1.0,0.0010672358591248667
D,Foldseek,pt,2,26,1874,0.5148392474398666,0.5769230769230769,1.0,0.0,1.0,0.4230769230769231,0.0010672358591248667,0.0,1.0,0.0010672358591248667
D,Foldseek,tetra,2,12,1874,0.7761712483345569,0.9166666666666666,1.0,0.0,1.0,0.08333333333333333,0.0010672358591248667,0.0,1.0,0.0010672358591248667
D,Foldseek,sesq,3,95,1942,0.9191976769838951,0.9368421052631579,1.0,0.0,1.0,0.06315789473684211,0.0010298661174047373,0.0,1.0,0.0010298661174047373
D,Foldseek,di,3,73,1942,0.9469486451538401,0.9726027397260274,1.0,0.0,1.0,0.0273972602739726,0.0010298661174047373,0.0,1.0,0.0010298661174047373
D,Foldseek,mono,3,46,1942,0.8947457693018012,0.9347826086956522,1.0,0.0,1.0,0.06521739130434782,0.0010298661174047373,0.0,1.0,0.0010298661174047373
D,Foldseek,pt,3,62,1942,0.20617152791191812,0.20967741935483872,0.0,0.0,1.0,0.7903225806451613,0.0010298661174047373,0.0,1.0,0.0010298661174047373
D,Foldseek,tri,3,5,1942,0.7142857142857143,1.0,1.0,1.0,1.0,0.0,0.0010298661174047373,0.0,1.0,0.0010298661174047373
D,Foldseek,sester,3,5,1942,0.7142857142857143,1.0,1.0,1.0,1.0,0.0,0.0010298661174047373,0.0,1.0,0.0010298661174047373
D,Foldseek,di,4,61,2086,0.9522169706872723,0.9508196721311475,1.0,0.0,1.0,0.04918032786885246,0.0,0.0,0.0,0.0
D,Foldseek,pt,4,47,2086,0.8335378200716203,0.8297872340425532,1.0,0.0,1.0,0.1702127659574468,0.0,0.0,0.0,0.0
D,Foldseek,sesq,4,119,2086,1.0,1.0,1.0,1.0,1.0,0.0,0.0,0.0,0.0,0.0
D,Foldseek,mono,4,88,2086,0.9563853809483984,0.9545454545454546,1.0,0.0,1.0,0.045454545454545456,0.0,0.0,0.0,0.0
D,Foldseek,tri,4,3,2086,1.0,1.0,1.0,1.0,1.0,0.0,0.0,0.0,0.0,0.0
D,HMM,mono,0,35,2127,0.9968682968682969,0.9999919840319109,0.999999999995,0.99983,1.0,0.0,0.0014102181476257638,0.0,0.999981,0.0014104372355430183
D,HMM,sesq,0,110,2127,0.9913561181777544,0.9909085665992049,0.9999999999999993,0.0,1.0,0.00909090909090909,0.0014102181476257638,0.0,0.999981,0.0014104372355430183
D,HMM,di,0,41,2127,0.9024547745477456,0.9024145857033635,0.9999999999951,0.0,1.0,0.0975609756097561,0.0014102181476257638,0.0,0.999981,0.0014104372355430183
D,HMM,pt,0,21,2127,0.9854554865424431,0.9999589879948834,1.0,0.99957,1.0,0.0,0.0014102181476257638,0.0,0.999981,0.0014104372355430183
D,HMM,hemi,0,3,2127,1.0,0.9999999599599999,0.999999999915,0.99999988,0.999999999965,0.0,0.0014102181476257638,0.0,0.999981,0.0014104372355430183
D,HMM,tri,0,4,2127,0.750469263256687,0.7499999794999955,0.9999999589999911,0.0,1.0,0.25,0.0014102181476257638,0.0,0.999981,0.0014104372355430183
D,HMM,sester,0,3,2127,0.9166666666666665,0.9999876666666667,0.9999999999999999,0.999963,1.0,0.0,0.0014102181476257638,0.0,0.999981,0.0014104372355430183
D,HMM,di,1,33,1971,0.9403919433859554,0.9393077677253636,1.0,0.0,1.0,0.06060606060606061,0.0,0.0,0.0,0.0
D,HMM,pt,1,14,1971,1.0,0.9999942946857142,0.99999999615,0.999929,1.0,0.0,0.0,0.0,0.0,0.0
D,HMM,tri,1,50,1971,0.9804948045522018,0.9799999997963375,1.0,0.0,1.0,0.02,0.0,0.0,0.0,0.0
D,HMM,sesq,1,75,1971,0.9871554252199414,0.9866224785977643,1.0,0.0,1.0,0.013333333333333334,0.0,0.0,0.0,0.0
D,HMM,mono,1,29,1971,1.0,0.9999999999996552,1.0,0.99999999999,1.0,0.0,0.0,0.0,0.0,0.0
D,HMM,sester,1,9,1971,1.0,0.9999996444444444,1.0,0.9999968,1.0,0.0,0.0,0.0,0.0,0.0
D,HMM,mono,2,71,1874,1.0,0.9999980661925353,1.0,0.999902,1.0,0.0,0.001598649946638207,0.0,0.99987,0.0016008537886872999
D,HMM,di,2,59,1874,0.9665467757423811,0.9660863711992035,1.0,0.0,1.0,0.03389830508474576,0.001598649946638207,0.0,0.99987,0.0016008537886872999
D,HMM,sesq,2,111,1874,0.999838400176238,0.9999944906136734,1.0,0.99965,1.0,0.0,0.001598649946638207,0.0,0.99987,0.0016008537886872999
D,HMM,tri,2,52,1874,0.7375450853164728,0.73075442019225,1.0,0.0,1.0,0.2692307692307692,0.001598649946638207,0.0,0.99987,0.0016008537886872999
D,HMM,pt,2,26,1874,0.8103238866396761,0.8076919017645771,0.9999999954500001,0.0,1.0,0.19230769230769232,0.001598649946638207,0.0,0.99987,0.0016008537886872999
D,HMM,tetra,2,12,1874,0.006362672322375398,0.0,0.0,0.0,0.0,1.0,0.001598649946638207,0.0,0.99987,0.0016008537886872999
D,HMM,sesq,3,95,1942,0.9996687196715193,0.9999339269913347,1.0,0.9984,1.0,0.0,0.001028012358393409,0.0,0.9985,0.0010298661174047373
D,HMM,di,3,73,1942,0.9471905911145858,0.9451955840082135,1.0,0.0,1.0,0.0547945205479452,0.001028012358393409,0.0,0.9985,0.0010298661174047373
D,HMM,mono,3,46,1942,0.9990942028985508,0.9998954910660218,1.0,0.9952,1.0,0.0,0.001028012358393409,0.0,0.9985,0.0010298661174047373
D,HMM,pt,3,62,1942,0.9984551142420655,0.9997501770499992,1.0,0.9977,1.0,0.0,0.001028012358393409,0.0,0.9985,0.0010298661174047373
D,HMM,tri,3,5,1942,0.8005136106831022,0.7999841599999999,0.9999998,0.0,1.0,0.2,0.001028012358393409,0.0,0.9985,0.0010298661174047373
D,HMM,sester,3,5,1942,1.0,0.9999800000000001,1.0,0.9999,1.0,0.0,0.001028012358393409,0.0,0.9985,0.0010298661174047373
D,HMM,di,4,61,2086,0.9192055240472083,0.9180231196668852,1.0,0.0,1.0,0.08196721311475409,0.0019144916874400766,0.0,0.99999966,0.0019175455417066154
D,HMM,pt,4,47,2086,0.9976851371391002,0.9999809665932406,1.0,0.99958,1.0,0.0,0.0019144916874400766,0.0,0.99999966,0.0019175455417066154
D,HMM,sesq,4,119,2086,0.9994227217758669,0.9999993251779659,1.0,0.999958,1.0,0.0,0.0019144916874400766,0.0,0.99999966,0.0019175455417066154
D,HMM,mono,4,88,2086,0.9998723186925434,0.9999996022565337,1.0,0.999965,1.0,0.0,0.0019144916874400766,0.0,0.99999966,0.0019175455417066154
D,HMM,tri,4,3,2086,0.0014360938247965534,0.0,0.0,0.0,0.0,1.0,0.0019144916874400766,0.0,0.99999966,0.0019175455417066154
D,PlmRF,mono,0,35,2127,1.0,0.9234285714285715,0.98,0.42,1.0,0.0,0.005660554771979313,0.0,0.27,0.23648330982604607
D,PlmRF,sesq,0,110,2127,0.9896776232248278,0.9345454545454547,0.98,0.01,1.0,0.0,0.005660554771979313,0.0,0.27,0.23648330982604607
D,PlmRF,di,0,41,2127,0.9553211017184798,0.8197560975609756,0.89,0.0,0.99,0.024390243902439025,0.005660554771979313,0.0,0.27,0.23648330982604607
D,PlmRF,pt,0,21,2127,0.8253163495728348,0.35428571428571426,0.19,0.06,0.97,0.0,0.005660554771979313,0.0,0.27,0.23648330982604607
D,PlmRF,hemi,0,3,2127,1.0,0.9766666666666666,0.97,0.97,0.99,0.0,0.005660554771979313,0.0,0.27,0.23648330982604607
D,PlmRF,tri,0,4,2127,0.95,0.7,0.845,0.25,0.86,0.0,0.005660554771979313,0.0,0.27,0.23648330982604607
D,PlmRF,sester,0,3,2127,1.0,0.9466666666666667,0.94,0.91,0.99,0.0,0.005660554771979313,0.0,0.27,0.23648330982604607
D,PlmRF,di,1,33,1971,1.0,0.8821212121212121,0.94,0.55,0.99,0.0,0.005078640284119737,0.0,0.14,0.243531202435312
D,PlmRF,pt,1,14,1971,0.6584128396240594,0.38,0.155,0.01,0.92,0.0,0.005078640284119737,0.0,0.14,0.243531202435312
D,PlmRF,tri,1,50,1971,1.0,0.9344,0.94,0.77,1.0,0.0,0.005078640284119737,0.0,0.14,0.243531202435312
D,PlmRF,sesq,1,75,1971,0.9985714285714286,0.9017333333333333,0.97,0.1,1.0,0.0,0.005078640284119737,0.0,0.14,0.243531202435312
D,PlmRF,mono,1,29,1971,1.0,0.9686206896551723,0.98,0.82,1.0,0.0,0.005078640284119737,0.0,0.14,0.243531202435312
D,PlmRF,sester,1,9,1971,1.0000000000000002,0.9033333333333332,0.94,0.59,0.97,0.0,0.005078640284119737,0.0,0.14,0.243531202435312
D,PlmRF,mono,2,71,1874,1.0,0.9476056338028169,0.97,0.56,1.0,0.0,0.005672358591248666,0.0,0.21,0.24653148345784417
D,PlmRF,di,2,59,1874,0.980916509730069,0.8613559322033898,0.92,0.04,1.0,0.0,0.005672358591248666,0.0,0.21,0.24653148345784417
D,PlmRF,sesq,2,111,1874,1.0,0.9515315315315315,0.97,0.3,1.0,0.0,0.005672358591248666,0.0,0.21,0.24653148345784417
D,PlmRF,tri,2,52,1874,0.9999999999999999,0.8259615384615385,0.91,0.43,1.0,0.0,0.005672358591248666,0.0,0.21,0.24653148345784417
D,PlmRF,pt,2,26,1874,0.8538641863278886,0.5815384615384616,0.84,0.06,0.99,0.0,0.005672358591248666,0.0,0.21,0.24653148345784417
D,PlmRF,tetra,2,12,1874,1.0,0.6216666666666667,0.65,0.45,0.75,0.0,0.005672358591248666,0.0,0.21,0.24653148345784417
D,PlmRF,sesq,3,95,1942,1.0,0.9424210526315792,0.98,0.46,1.0,0.0,0.005751802265705459,0.0,0.2,0.27394438722966014
D,PlmRF,di,3,73,1942,0.9980660757453667,0.8767123287671232,0.94,0.09,0.98,0.0,0.005751802265705459,0.0,0.2,0.27394438722966014
D,PlmRF,mono,3,46,1942,0.9986690328305234,0.898913043478261,0.92,0.15,1.0,0.0,0.005751802265705459,0.0,0.2,0.27394438722966014
D,PlmRF,pt,3,62,1942,0.9380904334141038,0.3117741935483871,0.18,0.06,0.98,0.0,0.005751802265705459,0.0,0.2,0.27394438722966014
D,PlmRF,tri,3,5,1942,1.0,0.6439999999999999,0.7,0.43,0.86,0.0,0.005751802265705459,0.0,0.2,0.27394438722966014
D,PlmRF,sester,3,5,1942,1.0,0.924,0.93,0.86,0.99,0.0,0.005751802265705459,0.0,0.2,0.27394438722966014
D,PlmRF,di,4,61,2086,0.9591134781282071,0.8714754098360656,0.94,0.01,0.99,0.0,0.005627996164908917,0.0,0.33,0.25407478427612656
D,PlmRF,pt,4,47,2086,0.9671717923669462,0.4153191489361702,0.27,0.09,1.0,0.0,0.005627996164908917,0.0,0.33,0.25407478427612656
D,PlmRF,sesq,4,119,2086,1.0,0.9725210084033613,0.99,0.49,1.0,0.0,0.005627996164908917,0.0,0.33,0.25407478427612656
D,PlmRF,mono,4,88,2086,0.9999999999999998,0.9326136363636365,0.94,0.43,1.0,0.0,0.005627996164908917,0.0,0.33,0.25407478427612656
D,PlmRF,tri,4,3,2086,1.0,0.45999999999999996,0.47,0.4,0.51,0.0,0.005627996164908917,0.0,0.33,0.25407478427612656
D,PlmDomainsRF,mono,0,35,2127,1.0,0.9874285714285715,0.99,0.94,1.0,0.0,0.015143394452280207,0.0,0.49,0.3154677950164551
D,PlmDomainsRF,sesq,0,110,2127,0.9913561181777544,0.9699999999999999,0.99,0.0,1.0,0.00909090909090909,0.015143394452280207,0.0,0.49,0.3154677950164551
D,PlmDomainsRF,di,0,41,2127,0.9947414445074683,0.9234146341463414,0.96,0.41,1.0,0.0,0.015143394452280207,0.0,0.49,0.3154677950164551
D,PlmDomainsRF,pt,0,21,2127,0.4449948232233872,0.36523809523809525,0.22,0.07,0.96,0.0,0.015143394452280207,0.0,0.49,0.3154677950164551
D,PlmDomainsRF,hemi,0,3,2127,1.0,0.9766666666666666,0.98,0.96,0.99,0.0,0.015143394452280207,0.0,0.49,0.3154677950164551
D,PlmDomainsRF,tri,0,4,2127,1.0,0.8925,0.94,0.73,0.96,0.0,0.015143394452280207,0.0,0.49,0.3154677950164551
D,PlmDomainsRF,sester,0,3,2127,1.0,0.9833333333333334,0.98,0.97,1.0,0.0,0.015143394452280207,0.0,0.49,0.3154677950164551
D,PlmDomainsRF,di,1,33,1971,1.0,0.9548484848484848,0.98,0.65,1.0,0.0,0.014495180111618468,0.01,0.27,0.5012683916793506
D,PlmDomainsRF,pt,1,14,1971,0.5677302025964136,0.45142857142857146,0.20500000000000002,0.03,0.97,0.0,0.014495180111618468,0.01,0.27,0.5012683916793506
D,PlmDomainsRF,tri,1,50,1971,1.0,0.8983999999999999,0.91,0.8,0.99,0.0,0.014495180111618468,0.01,0.27,0.5012683916793506
D,PlmDomainsRF,sesq,1,75,1971,0.9996491228070176,0.9494666666666668,0.99,0.26,1.0,0.0,0.014495180111618468,0.01,0.27,0.5012683916793506
D,PlmDomainsRF,mono,1,29,1971,1.0,0.9765517241379309,0.99,0.92,1.0,0.0,0.014495180111618468,0.01,0.27,0.5012683916793506
D,PlmDomainsRF,sester,1,9,1971,1.0,0.9722222222222222,0.98,0.92,1.0,0.0,0.014495180111618468,0.01,0.27,0.5012683916793506
D,PlmDomainsRF,mono,2,71,1874,1.0,0.9702816901408449,0.98,0.86,1.0,0.0,0.01572572038420491,0.0,0.41,0.4775880469583778
D,PlmDomainsRF,di,2,59,1874,1.0,0.9769491525423729,1.0,0.47,1.0,0.0,0.01572572038420491,0.0,0.41,0.4775880469583778
D,PlmDomainsRF,sesq,2,111,1874,1.0,0.9762162162162161,0.99,0.45,1.0,0.0,0.01572572038420491,0.0,0.41,0.4775880469583778
D,PlmDomainsRF,tri,2,52,1874,1.0,0.931923076923077,0.985,0.75,1.0,0.0,0.01572572038420491,0.0,0.41,0.4775880469583778
D,PlmDomainsRF,pt,2,26,1874,0.8290367513581662,0.6688461538461538,0.89,0.05,0.97,0.0,0.01572572038420491,0.0,0.41,0.4775880469583778
D,PlmDomainsRF,tetra,2,12,1874,1.0,0.7958333333333334,0.79,0.7,0.85,0.0,0.01572572038420491,0.0,0.41,0.4775880469583778
D,PlmDomainsRF,sesq,3,95,1942,1.0,0.9817894736842104,0.99,0.78,1.0,0.0,0.01696704428424305,0.0,0.49,0.4629248197734295
D,PlmDomainsRF,di,3,73,1942,1.0,0.963013698630137,0.98,0.76,1.0,0.0,0.01696704428424305,0.0,0.49,0.4629248197734295
D,PlmDomainsRF,mono,3,46,1942,0.9990942028985508,0.9421739130434782,0.97,0.46,1.0,0.0,0.01696704428424305,0.0,0.49,0.4629248197734295
D,PlmDomainsRF,pt,3,62,1942,0.8092093418863178,0.4446774193548388,0.34,0.19,0.99,0.0,0.01696704428424305,0.0,0.49,0.4629248197734295
D,PlmDomainsRF,tri,3,5,1942,1.0,0.874,0.86,0.8,0.97,0.0,0.01696704428424305,0.0,0.49,0.4629248197734295
D,PlmDomainsRF,sester,3,5,1942,1.0,0.906,0.91,0.85,0.94,0.0,0.01696704428424305,0.0,0.49,0.4629248197734295
D,PlmDomainsRF,di,4,61,2086,0.9976933585540143,0.957377049180328,0.99,0.41,1.0,0.0,0.01589165867689358,0.0,0.52,0.4304889741131352
D,PlmDomainsRF,pt,4,47,2086,0.8209853019489601,0.4678723404255319,0.34,0.15,0.98,0.0,0.01589165867689358,0.0,0.52,0.4304889741131352
D,PlmDomainsRF,sesq,4,119,2086,1.0,0.99109243697479,1.0,0.92,1.0,0.0,0.01589165867689358,0.0,0.52,0.4304889741131352
D,PlmDomainsRF,mono,4,88,2086,0.9991626794258374,0.9719318181818182,0.98,0.32,1.0,0.0,0.01589165867689358,0.0,0.52,0.4304889741131352
D,PlmDomainsRF,tri,4,3,2086,1.0,0.7600000000000001,0.79,0.66,0.83,0.0,0.01589165867689358,0.0,0.52,0.4304889741131352
E,Blastp,mono,0,35,2127,0.8594555305933659,0.8571428571428571,1.0,0.0,1.0,0.14285714285714285,0.0,0.0,0.0,0.0
E,Blastp,sesq,0,110,2127,0.9654244727110172,0.9818181818181818,1.0,0.0,3.0,0.03636363636363636,0.0,0.0,0.0,0.0
E,Blastp,di,0,41,2127,0.9042840428404284,0.9024390243902439,1.0,0.0,1.0,0.0975609756097561,0.0,0.0,0.0,0.0
E,Blastp,pt,0,21,2127,0.3398510242085661,0.3333333333333333,0.0,0.0,1.0,0.6666666666666666,0.0,0.0,0.0,0.0
E,Blastp,hemi,0,3,2127,1.0,1.0,1.0,1.0,1.0,0.0,0.0,0.0,0.0,0.0
E,Blastp,tri,0,4,2127,0.750469263256687,0.75,1.0,0.0,1.0,0.25,0.0,0.0,0.0,0.0
E,Blastp,sester,0,3,2127,0.6671361502347417,0.6666666666666666,1.0,0.0,1.0,0.3333333333333333,0.0,0.0,0.0,0.0
E,Blastp,di,1,33,1971,0.8918918918918919,1.0,1.0,1.0,1.0,0.0,0.0025367833587011668,0.0,2.0,0.0020294266869609334
E,Blastp,pt,1,14,1971,0.261173083843109,0.42857142857142855,0.0,0.0,1.0,0.5714285714285714,0.0025367833587011668,0.0,2.0,0.0020294266869609334
E,Blastp,tri,1,50,1971,0.9259259259259259,1.0,1.0,1.0,1.0,0.0,0.0025367833587011668,0.0,2.0,0.0020294266869609334
E,Blastp,sesq,1,75,1971,0.9418284106891702,1.0266666666666666,1.0,1.0,2.0,0.0,0.0025367833587011668,0.0,2.0,0.0020294266869609334
E,Blastp,mono,1,29,1971,0.8787878787878788,1.0,1.0,1.0,1.0,0.0,0.0025367833587011668,0.0,2.0,0.0020294266869609334
E,Blastp,sester,1,9,1971,0.6923076923076923,1.0,1.0,1.0,1.0,0.0,0.0025367833587011668,0.0,2.0,0.0020294266869609334
E,Blastp,mono,2,71,1874,0.972543498071597,0.9859154929577465,1.0,0.0,1.0,0.014084507042253521,0.0005336179295624333,0.0,1.0,0.0005336179295624333
E,Blastp,di,2,59,1874,0.9833333333333333,1.0,1.0,1.0,1.0,0.0,0.0005336179295624333,0.0,1.0,0.0005336179295624333
E,Blastp,sesq,2,111,1874,0.9825669225628378,0.990990990990991,1.0,0.0,1.0,0.009009009009009009,0.0005336179295624333,0.0,1.0,0.0005336179295624333
E,Blastp,tri,2,52,1874,0.9437231878133472,0.9615384615384616,1.0,0.0,1.0,0.038461538461538464,0.0005336179295624333,0.0,1.0,0.0005336179295624333
E,Blastp,pt,2,26,1874,0.5466548582995951,0.5769230769230769,1.0,0.0,1.0,0.4230769230769231,0.0005336179295624333,0.0,1.0,0.0005336179295624333
E,Blastp,tetra,2,12,1874,0.9230769230769231,1.0,1.0,1.0,1.0,0.0,0.0005336179295624333,0.0,1.0,0.0005336179295624333
E,Blastp,sesq,3,95,1942,0.9143724696356275,1.0105263157894737,1.0,1.0,2.0,0.0,0.004634397528321318,0.0,1.0,0.004634397528321318
E,Blastp,di,3,73,1942,0.877208606682756,0.9863013698630136,1.0,0.0,1.0,0.0136986301369863,0.004634397528321318,0.0,1.0,0.004634397528321318
E,Blastp,mono,3,46,1942,0.8157204094129998,0.9782608695652174,1.0,0.0,1.0,0.021739130434782608,0.004634397528321318,0.0,1.0,0.004634397528321318
E,Blastp,pt,3,62,1942,0.1613995011379765,0.22580645161290322,0.0,0.0,1.0,0.7741935483870968,0.004634397528321318,0.0,1.0,0.004634397528321318
E,Blastp,tri,3,5,1942,0.48571428571428577,1.2,1.0,1.0,2.0,0.0,0.004634397528321318,0.0,1.0,0.004634397528321318
E,Blastp,sester,3,5,1942,0.35714285714285715,1.0,1.0,1.0,1.0,0.0,0.004634397528321318,0.0,1.0,0.004634397528321318
E,Blastp,di,4,61,2086,0.816154014806347,0.9672131147540983,1.0,0.0,1.0,0.03278688524590164,0.0052732502396931925,0.0,1.0,0.0052732502396931925
E,Blastp,pt,4,47,2086,0.6509846285822586,0.8297872340425532,1.0,0.0,1.0,0.1702127659574468,0.0052732502396931925,0.0,1.0,0.0052732502396931925
E,Blastp,sesq,4,119,2086,0.9196509372979961,1.050420168067227,1.0,1.0,2.0,0.0,0.0052732502396931925,0.0,1.0,0.0052732502396931925
E,Blastp,mono,4,88,2086,0.9002525252525252,1.1022727272727273,1.0,1.0,2.0,0.0,0.0052732502396931925,0.0,1.0,0.0052732502396931925
E,Blastp,tri,4,3,2086,0.10304280050570142,0.6666666666666666,1.0,0.0,1.0,0.3333333333333333,0.0052732502396931925,0.0,1.0,0.0052732502396931925
E,CLEAN,mono,0,35,2127,0.09755476809366001,0.8511742857142858,0.9936,0.0,0.9989,0.05714285714285714,0.12249515749882463,0.0,0.9989,0.14057357780912083
E,CLEAN,sesq,0,110,2127,0.30315782032157124,0.8721436363636363,0.99615,0.0,0.9989,0.01818181818181818,0.12249515749882463,0.0,0.9989,0.14057357780912083
E,CLEAN,di,0,41,2127,0.08070180164957484,0.7642707317073172,0.9494,0.0,0.9988,0.024390243902439025,0.12249515749882463,0.0,0.9989,0.14057357780912083
E,CLEAN,pt,0,21,2127,0.12126948392460424,0.9832904761904763,0.9955,0.7874,0.9989,0.0,0.12249515749882463,0.0,0.9989,0.14057357780912083
E,CLEAN,hemi,0,3,2127,0.2275132275132275,0.9977999999999999,0.9989,0.9956,0.9989,0.0,0.12249515749882463,0.0,0.9989,0.14057357780912083
E,CLEAN,tri,0,4,2127,0.017342266819035078,0.9940749999999999,0.9945999999999999,0.9886,0.9985,0.0,0.12249515749882463,0.0,0.9989,0.14057357780912083
E,CLEAN,sester,0,3,2127,0.015318429925171498,0.7788333333333334,0.8746,0.4632,0.9987,0.0,0.12249515749882463,0.0,0.9989,0.14057357780912083
E,CLEAN,di,1,33,1971,0.09614531839253712,0.7682121212121212,0.9651,0.0008,0.9989,0.0,0.13682004058853375,0.0,0.9989,0.15119228817858954
E,CLEAN,pt,1,14,1971,0.1039594722327059,0.950435714285714,0.9944,0.5518,0.9986,0.0,0.13682004058853375,0.0,0.9989,0.15119228817858954
E,CLEAN,tri,1,50,1971,0.24907077080503054,0.955882,0.9979,0.0,0.9989,0.02,0.13682004058853375,0.0,0.9989,0.15119228817858954
E,CLEAN,sesq,1,75,1971,0.20110004957162775,0.7812493333333334,0.9818,0.0,0.9988,0.04,0.13682004058853375,0.0,0.9989,0.15119228817858954
E,CLEAN,mono,1,29,1971,0.12130641969009147,0.8873137931034484,0.9961,0.0,0.9989,0.06896551724137931,0.13682004058853375,0.0,0.9989,0.15119228817858954
E,CLEAN,sester,1,9,1971,0.020745053712136464,0.878711111111111,0.9767,0.572,0.9975,0.0,0.13682004058853375,0.0,0.9989,0.15119228817858954
E,CLEAN,mono,2,71,1874,0.70630585966,0.918730985915493,0.9964,0.018,0.9989,0.0,0.04142604055496265,0.0,0.9985,0.06776947705442903
E,CLEAN,di,2,59,1874,0.5331417098267407,0.8212101694915254,0.9935,0.0,0.9989,0.03389830508474576,0.04142604055496265,0.0,0.9985,0.06776947705442903
E,CLEAN,sesq,2,111,1874,0.6935855542642715,0.9136342342342342,0.9872,0.0237,0.9989,0.0,0.04142604055496265,0.0,0.9985,0.06776947705442903
E,CLEAN,tri,2,52,1874,0.6815177163812121,0.8756576923076924,0.99755,0.0,0.9989,0.09615384615384616,0.04142604055496265,0.0,0.9985,0.06776947705442903
E,CLEAN,pt,2,26,1874,0.5063858356845443,0.9818807692307691,0.9974,0.8562,0.9989,0.0,0.04142604055496265,0.0,0.9985,0.06776947705442903
E,CLEAN,tetra,2,12,1874,0.24494301994301992,0.9940166666666665,0.99675,0.984,0.9979,0.0,0.04142604055496265,0.0,0.9985,0.06776947705442903
E,CLEAN,sesq,3,95,1942,0.2964443501032616,0.8578284210526314,0.9873,0.0,0.9988,0.021052631578947368,0.0876287332646756,0.0,0.9989,0.10144181256436663
E,CLEAN,di,3,73,1942,0.366228958032905,0.8513712328767123,0.9955,0.0612,0.9989,0.0,0.0876287332646756,0.0,0.9989,0.10144181256436663
E,CLEAN,mono,3,46,1942,0.17675914244121488,0.8676282608695653,0.9877,0.0,0.9989,0.021739130434782608,0.0876287332646756,0.0,0.9989,0.10144181256436663
E,CLEAN,pt,3,62,1942,0.37443243407607574,0.9927725806451614,0.9977,0.7742,0.9988,0.0,0.0876287332646756,0.0,0.9989,0.10144181256436663
E,CLEAN,tri,3,5,1942,0.12264804007219361,0.95342,0.9934,0.8432,0.9989,0.0,0.0876287332646756,0.0,0.9989,0.10144181256436663
E,CLEAN,sester,3,5,1942,0.041006800864801324,0.9965400000000001,0.997,0.9937,0.9979,0.0,0.0876287332646756,0.0,0.9989,0.10144181256436663
E,CLEAN,di,4,61,2086,0.6215342503934307,0.8460491803278688,0.9957,0.0,0.9989,0.04918032786885246,0.05712670182166827,0.0,0.9982,0.0685522531160115
E,CLEAN,pt,4,47,2086,0.8301455587377358,0.9969319148936167,0.9984,0.9784,0.9988,0.0,0.05712670182166827,0.0,0.9982,0.0685522531160115
E,CLEAN,sesq,4,119,2086,0.7641608649691036,0.9509974789915965,0.9976,0.0,0.9989,0.01680672268907563,0.05712670182166827,0.0,0.9982,0.0685522531160115
E,CLEAN,mono,4,88,2086,0.6935943703278451,0.9749329545454546,0.9971,0.0,0.9989,0.011363636363636364,0.05712670182166827,0.0,0.9982,0.0685522531160115
E,CLEAN,tri,4,3,2086,0.675,0.9722666666666666,0.9984,0.9196,0.9988,0.0,0.05712670182166827,0.0,0.9982,0.0685522531160115
E,CLEANEc,mono,0,35,2127,0.09785139653021449,0.8519942857142857,0.9936,0.0,0.9989,0.05714285714285714,0.12249652092148568,0.0,0.9989,0.13963328631875882
E,CLEANEc,sesq,0,110,2127,0.3072049766244953,0.8742609090909091,0.99675,0.0,0.9989,0.03636363636363636,0.12249652092148568,0.0,0.9989,0.13963328631875882
E,CLEANEc,di,0,41,2127,0.07830168141645161,0.7693682926829268,0.9494,0.0,0.9988,0.04878048780487805,0.12249652092148568,0.0,0.9989,0.13963328631875882
E,CLEANEc,pt,0,21,2127,0.07060403018104533,0.1902190476190476,0.0,0.0,0.9989,0.8095238095238095,0.12249652092148568,0.0,0.9989,0.13963328631875882
E,CLEANEc,hemi,0,3,2127,0.2275132275132275,0.9977999999999999,0.9989,0.9956,0.9989,0.0,0.12249652092148568,0.0,0.9989,0.13963328631875882
E,CLEANEc,tri,0,4,2127,0.017342266819035078,0.9940749999999999,0.9945999999999999,0.9886,0.9985,0.0,0.12249652092148568,0.0,0.9989,0.13963328631875882
E,CLEANEc,sester,0,3,2127,0.015318429925171498,0.7788333333333334,0.8746,0.4632,0.9987,0.0,0.12249652092148568,0.0,0.9989,0.13963328631875882
E,CLEANEc,di,1,33,1971,0.09612770975833757,0.7685454545454545,0.9651,0.0008,0.9989,0.0,0.13689827498731608,0.0,0.9989,0.1506849315068493
E,CLEANEc,pt,1,14,1971,0.007022885540118446,0.13994285714285715,0.0,0.0,0.994,0.8571428571428571,0.13689827498731608,0.0,0.9989,0.1506849315068493
E,CLEANEc,tri,1,50,1971,0.27569605642745826,0.9769200000000001,0.9979,0.4701,0.9989,0.0,0.13689827498731608,0.0,0.9989,0.1506849315068493
E,CLEANEc,sesq,1,75,1971,0.1983869671186393,0.7641613333333334,0.984,0.0,0.9988,0.09333333333333334,0.13689827498731608,0.0,0.9989,0.1506849315068493
E,CLEANEc,mono,1,29,1971,0.12363307736012438,0.8878413793103448,0.9961,0.0,0.9989,0.06896551724137931,0.13689827498731608,0.0,0.9989,0.1506849315068493
E,CLEANEc,sester,1,9,1971,0.016686841753097266,0.7902666666666666,0.9659,0.0,0.9963,0.1111111111111111,0.13689827498731608,0.0,0.9989,0.1506849315068493
E,CLEANEc,mono,2,71,1874,0.7099075071186378,0.9202830985915494,0.9966,0.018,0.9989,0.0,0.04147379935965849,0.0,0.9985,0.06616862326574173
E,CLEANEc,di,2,59,1874,0.5364525347261542,0.8242491525423729,0.9935,0.0,0.9989,0.03389830508474576,0.04147379935965849,0.0,0.9985,0.06616862326574173
E,CLEANEc,sesq,2,111,1874,0.6863509894270157,0.908436936936937,0.9882,0.0,0.9989,0.018018018018018018,0.04147379935965849,0.0,0.9985,0.06616862326574173
E,CLEANEc,tri,2,52,1874,0.7382643155348482,0.9492442307692307,0.99785,0.0,0.9989,0.019230769230769232,0.04147379935965849,0.0,0.9985,0.06616862326574173
E,CLEANEc,pt,2,26,1874,0.0977094834989572,0.15153461538461538,0.0,0.0,0.9989,0.8461538461538461,0.04147379935965849,0.0,0.9985,0.06616862326574173
E,CLEANEc,tetra,2,12,1874,0.24494301994301992,0.9940166666666665,0.99675,0.984,0.9979,0.0,0.04147379935965849,0.0,0.9985,0.06616862326574173
E,CLEANEc,sesq,3,95,1942,0.3067294387742965,0.8616042105263155,0.9878,0.0,0.9988,0.021052631578947368,0.0876287332646756,0.0,0.9989,0.10144181256436663
E,CLEANEc,di,3,73,1942,0.3663313599010547,0.8535410958904109,0.9955,0.0958,0.9989,0.0,0.0876287332646756,0.0,0.9989,0.10144181256436663
E,CLEANEc,mono,3,46,1942,0.15781048677844633,0.8471413043478261,0.9891,0.0,0.9988,0.043478260869565216,0.0876287332646756,0.0,0.9989,0.10144181256436663
E,CLEANEc,pt,3,62,1942,0.0304541234218853,0.07657903225806452,0.0,0.0,0.9965,0.9193548387096774,0.0876287332646756,0.0,0.9989,0.10144181256436663
E,CLEANEc,tri,3,5,1942,0.12264804007219361,0.95342,0.9934,0.8432,0.9989,0.0,0.0876287332646756,0.0,0.9989,0.10144181256436663
E,CLEANEc,sester,3,5,1942,0.007054442732408835,0.19958,0.0,0.0,0.9979,0.8,0.0876287332646756,0.0,0.9989,0.10144181256436663
E,CLEANEc,di,4,61,2086,0.613191814876586,0.8337918032786884,0.9955,0.0,0.9989,0.06557377049180328,0.057123873441994245,0.0,0.9982,0.06711409395973154
E,CLEANEc,pt,4,47,2086,0.02203469292076887,0.0,0.0,0.0,0.0,1.0,0.057123873441994245,0.0,0.9982,0.06711409395973154
E,CLEANEc,sesq,4,119,2086,0.7652346546884881,0.9512941176470587,0.9976,0.0,0.9989,0.01680672268907563,0.057123873441994245,0.0,0.9982,0.06711409395973154
E,CLEANEc,mono,4,88,2086,0.686819624149871,0.9642795454545454,0.9968,0.0,0.9989,0.022727272727272728,0.057123873441994245,0.0,0.9982,0.06711409395973154
E,CLEANEc,tri,4,3,2086,0.6749999999999999,0.9722666666666666,0.9984,0.9196,0.9988,0.0,0.057123873441994245,0.0,0.9982,0.06711409395973154
E,CLEANProp,mono,0,35,2127,0.09695681541194955,0.9428571428571428,1.0,0.0,1.0,0.05714285714285714,0.13863350535082172,0.0,1.0,0.14057357780912083
E,CLEANProp,sesq,0,110,2127,0.2648668577193338,0.9794846728934092,1.0,0.0,1.0,0.01818181818181818,0.13863350535082172,0.0,1.0,0.14057357780912083
E,CLEANProp,di,0,41,2127,0.118359714563913,0.975609756097561,1.0,0.0,1.0,0.024390243902439025,0.13863350535082172,0.0,1.0,0.14057357780912083
E,CLEANProp,pt,0,21,2127,0.0673076923076923,1.0,1.0,1.0,1.0,0.0,0.13863350535082172,0.0,1.0,0.14057357780912083
E,CLEANProp,hemi,0,3,2127,0.01020408163265306,1.0,1.0,1.0,1.0,0.0,0.13863350535082172,0.0,1.0,0.14057357780912083
E,CLEANProp,tri,0,4,2127,0.013559322033898305,1.0,1.0,1.0,1.0,0.0,0.13863350535082172,0.0,1.0,0.14057357780912083
E,CLEANProp,sester,0,3,2127,0.01020408163265306,1.0,1.0,1.0,1.0,0.0,0.13863350535082172,0.0,1.0,0.14057357780912083
E,CLEANProp,di,1,33,1971,0.10122699386503067,1.0,1.0,1.0,1.0,0.0,0.14998928294209876,0.0,1.0,0.15119228817858954
E,CLEANProp,pt,1,14,1971,0.04560260586319218,1.0,1.0,1.0,1.0,0.0,0.14998928294209876,0.0,1.0,0.15119228817858954
E,CLEANProp,tri,1,50,1971,0.1384839122187289,0.9749984914009856,1.0,0.0,1.0,0.02,0.14998928294209876,0.0,1.0,0.15119228817858954
E,CLEANProp,sesq,1,75,1971,0.18665732130756307,0.9487411188191175,1.0,0.0,1.0,0.04,0.14998928294209876,0.0,1.0,0.15119228817858954
E,CLEANProp,mono,1,29,1971,0.07955603448275862,0.9310344827586207,1.0,0.0,1.0,0.06896551724137931,0.14998928294209876,0.0,1.0,0.15119228817858954
E,CLEANProp,sester,1,9,1971,0.029801324503311258,1.0,1.0,1.0,1.0,0.0,0.14998928294209876,0.0,1.0,0.15119228817858954
E,CLEANProp,mono,2,71,1874,0.36787564766839376,1.0,1.0,1.0,1.0,0.0,0.06642505632633701,0.0,1.0,0.06776947705442903
E,CLEANProp,di,2,59,1874,0.3086759829929962,0.9661016949152542,1.0,0.0,1.0,0.03389830508474576,0.06642505632633701,0.0,1.0,0.06776947705442903
E,CLEANProp,sesq,2,111,1874,0.47639484978540775,1.0,1.0,1.0,1.0,0.0,0.06642505632633701,0.0,1.0,0.06776947705442903
E,CLEANProp,tri,2,52,1874,0.250067090713146,0.8918375127075568,1.0,0.0,1.0,0.09615384615384616,0.06642505632633701,0.0,1.0,0.06776947705442903
E,CLEANProp,pt,2,26,1874,0.17567567567567569,1.0,1.0,1.0,1.0,0.0,0.06642505632633701,0.0,1.0,0.06776947705442903
E,CLEANProp,tetra,2,12,1874,0.08955223880597014,1.0,1.0,1.0,1.0,0.0,0.06642505632633701,0.0,1.0,0.06776947705442903
E,CLEANProp,sesq,3,95,1942,0.31575887786114915,0.9670479385065774,1.0,0.0,1.0,0.021052631578947368,0.09963191587228308,0.0,1.0,0.10144181256436663
E,CLEANProp,di,3,73,1942,0.27478996961212476,0.9931506849315068,1.0,0.5,1.0,0.0,0.09963191587228308,0.0,1.0,0.10144181256436663
E,CLEANProp,mono,3,46,1942,0.18450697983921643,0.97090935980068,1.0,0.0,1.0,0.021739130434782608,0.09963191587228308,0.0,1.0,0.10144181256436663
E,CLEANProp,pt,3,62,1942,0.24603174603174602,1.0,1.0,1.0,1.0,0.0,0.09963191587228308,0.0,1.0,0.10144181256436663
E,CLEANProp,tri,3,5,1942,0.02564102564102564,1.0,1.0,1.0,1.0,0.0,0.09963191587228308,0.0,1.0,0.10144181256436663
E,CLEANProp,sester,3,5,1942,0.02564102564102564,1.0,1.0,1.0,1.0,0.0,0.09963191587228308,0.0,1.0,0.10144181256436663
E,CLEANProp,di,4,61,2086,0.27852062008178585,0.9508196721311475,1.0,0.0,1.0,0.04918032786885246,0.06792441159187208,0.0,1.0,0.0685522531160115
E,CLEANProp,pt,4,47,2086,0.25,1.0,1.0,1.0,1.0,0.0,0.06792441159187208,0.0,1.0,0.0685522531160115
E,CLEANProp,sesq,4,119,2086,0.44677374825899346,0.9831932773109243,1.0,0.0,1.0,0.01680672268907563,0.06792441159187208,0.0,1.0,0.0685522531160115
E,CLEANProp,mono,4,88,2086,0.37770280456724314,0.9886363636363636,1.0,0.0,1.0,0.011363636363636364,0.06792441159187208,0.0,1.0,0.0685522531160115
E,CLEANProp,tri,4,3,2086,0.020833333333333332,1.0,1.0,1.0,1.0,0.0,0.06792441159187208,0.0,1.0,0.0685522531160115
E,Foldseek,mono,0,35,2127,0.9437822122373464,0.9428571428571428,1.0,0.0,1.0,0.05714285714285714,0.0,0.0,0.0,0.0
E,Foldseek,sesq,0,110,2127,0.9827122363555086,0.9818181818181818,1.0,0.0,1.0,0.01818181818181818,0.0,0.0,0.0,0.0
E,Foldseek,di,0,41,2127,0.9282130321303214,0.926829268292683,1.0,0.0,1.0,0.07317073170731707,0.0,0.0,0.0,0.0
E,Foldseek,pt,0,21,2127,0.2926975259377494,0.2857142857142857,0.0,0.0,1.0,0.7142857142857143,0.0,0.0,0.0,0.0
E,Foldseek,hemi,0,3,2127,1.0,1.0,1.0,1.0,1.0,0.0,0.0,0.0,0.0,0.0
E,Foldseek,tri,0,4,2127,1.0,1.0,1.0,1.0,1.0,0.0,0.0,0.0,0.0,0.0
E,Foldseek,sester,0,3,2127,0.6671361502347417,0.6666666666666666,1.0,0.0,1.0,0.3333333333333333,0.0,0.0,0.0,0.0
E,Foldseek,di,1,33,1971,0.9166666666666666,1.0,1.0,1.0,1.0,0.0,0.0015220700152207,0.0,1.0,0.0015220700152207
E,Foldseek,pt,1,14,1971,0.11268441885570349,0.21428571428571427,0.0,0.0,1.0,0.7857142857142857,0.0015220700152207,0.0,1.0,0.0015220700152207
E,Foldseek,tri,1,50,1971,0.8850844136566056,0.94,1.0,0.0,1.0,0.06,0.0015220700152207,0.0,1.0,0.0015220700152207
E,Foldseek,sesq,1,75,1971,0.9487138667783829,0.9866666666666667,1.0,0.0,1.0,0.013333333333333334,0.0015220700152207,0.0,1.0,0.0015220700152207
E,Foldseek,mono,1,29,1971,0.90625,1.0,1.0,1.0,1.0,0.0,0.0015220700152207,0.0,1.0,0.0015220700152207
E,Foldseek,sester,1,9,1971,0.75,1.0,1.0,1.0,1.0,0.0,0.0015220700152207,0.0,1.0,0.0015220700152207
E,Foldseek,mono,2,71,1874,0.972543498071597,0.9859154929577465,1.0,0.0,1.0,0.014084507042253521,0.0005336179295624333,0.0,1.0,0.0005336179295624333
E,Foldseek,di,2,59,1874,0.9833333333333333,1.0,1.0,1.0,1.0,0.0,0.0005336179295624333,0.0,1.0,0.0005336179295624333
E,Foldseek,sesq,2,111,1874,0.9825669225628378,0.990990990990991,1.0,0.0,1.0,0.009009009009009009,0.0005336179295624333,0.0,1.0,0.0005336179295624333
E,Foldseek,tri,2,52,1874,0.9437231878133472,0.9615384615384616,1.0,0.0,1.0,0.038461538461538464,0.0005336179295624333,0.0,1.0,0.0005336179295624333
E,Foldseek,pt,2,26,1874,0.5088798920377867,0.5384615384615384,1.0,0.0,1.0,0.46153846153846156,0.0005336179295624333,0.0,1.0,0.0005336179295624333
E,Foldseek,tetra,2,12,1874,0.9230769230769231,1.0,1.0,1.0,1.0,0.0,0.0005336179295624333,0.0,1.0,0.0005336179295624333
E,Foldseek,sesq,3,95,1942,0.9292873002862497,0.9578947368421052,1.0,0.0,1.0,0.042105263157894736,0.001544799176107106,0.0,1.0,0.001544799176107106
E,Foldseek,di,3,73,1942,0.9341654547575892,0.9726027397260274,1.0,0.0,1.0,0.0273972602739726,0.001544799176107106,0.0,1.0,0.001544799176107106
E,Foldseek,mono,3,46,1942,0.9387755102040817,1.0,1.0,1.0,1.0,0.0,0.001544799176107106,0.0,1.0,0.001544799176107106
E,Foldseek,pt,3,62,1942,0.16485002345539337,0.1774193548387097,0.0,0.0,1.0,0.8225806451612904,0.001544799176107106,0.0,1.0,0.001544799176107106
E,Foldseek,tri,3,5,1942,0.625,1.0,1.0,1.0,1.0,0.0,0.001544799176107106,0.0,1.0,0.001544799176107106
E,Foldseek,sester,3,5,1942,0.625,1.0,1.0,1.0,1.0,0.0,0.001544799176107106,0.0,1.0,0.001544799176107106
E,Foldseek,di,4,61,2086,1.0,1.0,1.0,1.0,1.0,0.0,0.0,0.0,0.0,0.0
E,Foldseek,pt,4,47,2086,0.7711145025984778,0.7659574468085106,1.0,0.0,1.0,0.23404255319148937,0.0,0.0,0.0,0.0
E,Foldseek,sesq,4,119,2086,1.0,1.0,1.0,1.0,1.0,0.0,0.0,0.0,0.0,0.0
E,Foldseek,mono,4,88,2086,1.0,1.0,1.0,1.0,1.0,0.0,0.0,0.0,0.0,0.0
E,Foldseek,tri,4,3,2086,0.6671453646082655,0.6666666666666666,1.0,0.0,1.0,0.3333333333333333,0.0,0.0,0.0,0.0
E,HMM,mono,0,35,2127,1.0,0.9999966911085713,1.0,0.999929,1.0,0.0,0.0,0.0,0.0,0.0
E,HMM,sesq,0,110,2127,0.9740683545332629,0.9726741963325444,1.0,0.0,1.0,0.02727272727272727,0.0,0.0,0.0,0.0
E,HMM,di,0,41,2127,0.8564260642606426,0.8535322669402396,1.0,0.0,1.0,0.14634146341463414,0.0,0.0,0.0,0.0
E,HMM,pt,0,21,2127,0.6699255121042831,0.666660030177295,0.9999972,0.0,1.0,0.3333333333333333,0.0,0.0,0.0,0.0
E,HMM,hemi,0,3,2127,1.0,1.0,1.0,1.0,1.0,0.0,0.0,0.0,0.0,0.0
E,HMM,tri,0,4,2127,0.500938526513374,0.49934945,0.4987,0.0,0.9999978,0.5,0.0,0.0,0.0,0.0
E,HMM,sester,0,3,2127,1.0,0.9999994666666603,0.999999999999981,0.9999984,1.0,0.0,0.0,0.0,0.0,0.0
E,HMM,di,1,33,1971,0.9403919433859554,0.9393831127727272,1.0,0.0,1.0,0.06060606060606061,0.0005057838660578387,0.0,0.9969,0.0005073566717402334
E,HMM,pt,1,14,1971,0.9999999999999998,0.9999209294749615,0.9999999695,0.9989,1.0,0.0,0.0005057838660578387,0.0,0.9969,0.0005073566717402334
E,HMM,tri,1,50,1971,0.7659376546264226,0.7599931261345937,0.999999999999335,0.0,1.0,0.24,0.0005057838660578387,0.0,0.9969,0.0005073566717402334
E,HMM,sesq,1,75,1971,0.9486217008797654,0.9466081117191226,1.0,0.0,1.0,0.05333333333333334,0.0005057838660578387,0.0,0.9969,0.0005073566717402334
E,HMM,mono,1,29,1971,1.0,0.9999997965517241,1.0,0.9999941,1.0,0.0,0.0005057838660578387,0.0,0.9969,0.0005073566717402334
E,HMM,sester,1,9,1971,1.0,0.9999978888888889,1.0,0.999984,1.0,0.0,0.0005057838660578387,0.0,0.9969,0.0005073566717402334
E,HMM,mono,2,71,1874,0.9998043818466353,0.9999746042811971,1.0,0.9982,1.0,0.0,0.0005330309498399146,0.0,0.9989,0.0005336179295624333
E,HMM,di,2,59,1874,0.967136356063728,0.9660492370492355,1.0,0.0,1.0,0.03389830508474576,0.0005330309498399146,0.0,0.9989,0.0005336179295624333
E,HMM,sesq,2,111,1874,0.991413607085198,0.9909591405385577,1.0,0.0,1.0,0.009009009009009009,0.0005330309498399146,0.0,0.9989,0.0005336179295624333
E,HMM,tri,2,52,1874,0.869019090981708,0.8653781204222687,0.9999999957000001,0.0,1.0,0.1346153846153846,0.0005330309498399146,0.0,0.9989,0.0005336179295624333
E,HMM,pt,2,26,1874,0.6965182186234817,0.6923052230737846,0.99999924,0.0,1.0,0.3076923076923077,0.0005330309498399146,0.0,0.9989,0.0005336179295624333
E,HMM,tetra,2,12,1874,0.5859844468009898,0.5833331275,0.99999885,0.0,0.999999983,0.4166666666666667,0.0005330309498399146,0.0,0.9989,0.0005336179295624333
E,HMM,sesq,3,95,1942,1.0,0.9999659249304856,1.0,0.9987,1.0,0.0,0.0005138516992790937,0.0,0.9979,0.0005149330587023687
E,HMM,di,3,73,1942,0.9339882388932322,0.9314532736570775,1.0,0.0,1.0,0.0684931506849315,0.0005138516992790937,0.0,0.9979,0.0005149330587023687
E,HMM,mono,3,46,1942,1.0,0.9999974324395285,1.0,0.99989,1.0,0.0,0.0005138516992790937,0.0,0.9979,0.0005149330587023687
E,HMM,pt,3,62,1942,0.7335804314699259,0.7257053733869533,0.9999999399999999,0.0,1.0,0.27419354838709675,0.0005138516992790937,0.0,0.9979,0.0005149330587023687
E,HMM,tri,3,5,1942,0.8005136106831021,0.7997999984599977,0.9999999923,0.0,1.0,0.2,0.0005138516992790937,0.0,0.9979,0.0005149330587023687
E,HMM,sester,3,5,1942,1.0,0.9999865966000001,0.99999,0.999969,1.0,0.0,0.0005138516992790937,0.0,0.9979,0.0005149330587023687
E,HMM,di,4,61,2086,0.9203616178121207,0.9180021880311475,1.0,0.0,1.0,0.08196721311475409,0.0,0.0,0.0,0.0
E,HMM,pt,4,47,2086,0.9167689100358101,0.9148698599780849,1.0,0.0,1.0,0.0851063829787234,0.0,0.0,0.0,0.0
E,HMM,sesq,4,119,2086,1.0,0.9999948619285357,1.0,0.99949,1.0,0.0,0.0,0.0,0.0,0.0
E,HMM,mono,4,88,2086,1.0,0.9999995893132954,1.0,0.999964,1.0,0.0,0.0,0.0,0.0,0.0
E,HMM,tri,4,3,2086,0.0014360938247965534,0.0,0.0,0.0,0.0,1.0,0.0,0.0,0.0,0.0
E,PlmRF,mono,0,35,2127,1.0,0.9385714285714286,0.99,0.43,1.0,0.0,0.006699576868829337,0.0,0.21,0.2933709449929478
E,PlmRF,sesq,0,110,2127,0.9868236277666875,0.9473636363636363,0.99,0.01,1.0,0.0,0.006699576868829337,0.0,0.21,0.2933709449929478
E,PlmRF,di,0,41,2127,0.9994192799070847,0.8758536585365855,0.95,0.21,1.0,0.0,0.006699576868829337,0.0,0.21,0.2933709449929478
E,PlmRF,pt,0,21,2127,0.5859724545050717,0.3161904761904762,0.13,0.02,1.0,0.0,0.006699576868829337,0.0,0.21,0.2933709449929478
E,PlmRF,hemi,0,3,2127,1.0,0.9833333333333334,0.99,0.97,0.99,0.0,0.006699576868829337,0.0,0.21,0.2933709449929478
E,PlmRF,tri,0,4,2127,1.0,0.6675000000000001,0.805,0.23,0.83,0.0,0.006699576868829337,0.0,0.21,0.2933709449929478
E,PlmRF,sester,0,3,2127,1.0,0.93,0.91,0.91,0.97,0.0,0.006699576868829337,0.0,0.21,0.2933709449929478
E,PlmRF,di,1,33,1971,1.0,0.9145454545454546,0.95,0.55,1.0,0.0,0.006418061897513952,0.0,0.17,0.3013698630136986
E,PlmRF,pt,1,14,1971,0.6144461967817996,0.41857142857142854,0.12,0.02,0.94,0.0,0.006418061897513952,0.0,0.17,0.3013698630136986
E,PlmRF,tri,1,50,1971,0.9999999999999999,0.927,0.94,0.78,0.99,0.0,0.006418061897513952,0.0,0.17,0.3013698630136986
E,PlmRF,sesq,1,75,1971,0.9982942334739804,0.9152,0.98,0.12,1.0,0.0,0.006418061897513952,0.0,0.17,0.3013698630136986
E,PlmRF,mono,1,29,1971,1.0,0.9758620689655172,0.99,0.84,1.0,0.0,0.006418061897513952,0.0,0.17,0.3013698630136986
E,PlmRF,sester,1,9,1971,1.0,0.9300000000000002,0.97,0.63,0.99,0.0,0.006418061897513952,0.0,0.17,0.3013698630136986
E,PlmRF,mono,2,71,1874,1.0,0.9523943661971832,0.97,0.59,1.0,0.0,0.006568836712913554,0.0,0.21,0.2726787620064034
E,PlmRF,di,2,59,1874,0.9997175141242937,0.9015254237288136,0.95,0.21,0.99,0.0,0.006568836712913554,0.0,0.21,0.2726787620064034
E,PlmRF,sesq,2,111,1874,0.9996866431649041,0.9570270270270272,0.98,0.15,1.0,0.0,0.006568836712913554,0.0,0.21,0.2726787620064034
E,PlmRF,tri,2,52,1874,0.9999999999999999,0.8398076923076925,0.895,0.48,1.0,0.0,0.006568836712913554,0.0,0.21,0.2726787620064034
E,PlmRF,pt,2,26,1874,0.8289902264442068,0.6011538461538461,0.9299999999999999,0.04,1.0,0.0,0.006568836712913554,0.0,0.21,0.2726787620064034
E,PlmRF,tetra,2,12,1874,1.0,0.6166666666666666,0.61,0.44,0.78,0.0,0.006568836712913554,0.0,0.21,0.2726787620064034
E,PlmRF,sesq,3,95,1942,1.0,0.9488421052631579,0.99,0.42,1.0,0.0,0.006508753861997941,0.0,0.18,0.30844490216271886
E,PlmRF,di,3,73,1942,0.998959597711115,0.9063013698630137,0.97,0.14,1.0,0.0,0.006508753861997941,0.0,0.18,0.30844490216271886
E,PlmRF,mono,3,46,1942,1.0,0.9265217391304347,0.96,0.24,1.0,0.0,0.006508753861997941,0.0,0.18,0.30844490216271886
E,PlmRF,pt,3,62,1942,0.948217700810819,0.3367741935483871,0.195,0.05,1.0,0.0,0.006508753861997941,0.0,0.18,0.30844490216271886
E,PlmRF,tri,3,5,1942,1.0,0.648,0.68,0.53,0.78,0.0,0.006508753861997941,0.0,0.18,0.30844490216271886
E,PlmRF,sester,3,5,1942,1.0,0.944,0.95,0.88,0.98,0.0,0.006508753861997941,0.0,0.18,0.30844490216271886
E,PlmRF,di,4,61,2086,0.9968676814988292,0.8949180327868852,0.97,0.11,1.0,0.0,0.006236816874400767,0.0,0.2,0.2708533077660594
E,PlmRF,pt,4,47,2086,0.9254062214669879,0.39148936170212756,0.24,0.03,1.0,0.0,0.006236816874400767,0.0,0.2,0.2708533077660594
E,PlmRF,sesq,4,119,2086,1.0,0.985294117647059,0.99,0.76,1.0,0.0,0.006236816874400767,0.0,0.2,0.2708533077660594
E,PlmRF,mono,4,88,2086,1.0000000000000002,0.9523863636363636,0.96,0.37,1.0,0.0,0.006236816874400767,0.0,0.2,0.2708533077660594
E,PlmRF,tri,4,3,2086,1.0,0.4733333333333334,0.5,0.32,0.6,0.0,0.006236816874400767,0.0,0.2,0.2708533077660594
E,PlmDomainsRF,mono,0,35,2127,0.9984126984126984,0.9917142857142858,1.0,0.94,1.0,0.0,0.03432534085566525,0.0,0.94,0.0465444287729196
E,PlmDomainsRF,sesq,0,110,2127,0.9812813233914455,0.9758181818181817,1.0,0.0,1.0,0.00909090909090909,0.03432534085566525,0.0,0.94,0.0465444287729196
E,PlmDomainsRF,di,0,41,2127,0.973440028643878,0.9712195121951218,0.99,0.73,1.0,0.0,0.03432534085566525,0.0,0.94,0.0465444287729196
E,PlmDomainsRF,pt,0,21,2127,0.3306069151540363,0.30666666666666664,0.1,0.01,1.0,0.0,0.03432534085566525,0.0,0.94,0.0465444287729196
E,PlmDomainsRF,hemi,0,3,2127,1.0,1.0,1.0,1.0,1.0,0.0,0.03432534085566525,0.0,0.94,0.0465444287729196
E,PlmDomainsRF,tri,0,4,2127,0.614804964539007,0.8524999999999999,0.935,0.57,0.97,0.0,0.03432534085566525,0.0,0.94,0.0465444287729196
E,PlmDomainsRF,sester,0,3,2127,1.0,0.98,0.99,0.95,1.0,0.0,0.03432534085566525,0.0,0.94,0.0465444287729196
E,PlmDomainsRF,di,1,33,1971,1.0,0.9772727272727273,0.99,0.79,1.0,0.0,0.0178234398782344,0.0,0.74,0.14662607813292744
E,PlmDomainsRF,pt,1,14,1971,0.5145982491169421,0.4564285714285714,0.14500000000000002,0.02,0.99,0.0,0.0178234398782344,0.0,0.74,0.14662607813292744
E,PlmDomainsRF,tri,1,50,1971,1.0,0.9458,0.955,0.84,1.0,0.0,0.0178234398782344,0.0,0.74,0.14662607813292744
E,PlmDomainsRF,sesq,1,75,1971,0.9822924234694161,0.9532000000000002,1.0,0.21,1.0,0.0,0.0178234398782344,0.0,0.74,0.14662607813292744
E,PlmDomainsRF,mono,1,29,1971,1.0,0.9848275862068965,0.99,0.95,1.0,0.0,0.0178234398782344,0.0,0.74,0.14662607813292744
E,PlmDomainsRF,sester,1,9,1971,1.0,0.9677777777777776,0.98,0.94,0.99,0.0,0.0178234398782344,0.0,0.74,0.14662607813292744
E,PlmDomainsRF,mono,2,71,1874,1.0,0.9821126760563381,0.99,0.87,1.0,0.0,0.021846318036286023,0.0,0.85,0.16008537886872998
E,PlmDomainsRF,di,2,59,1874,1.0,0.9884745762711863,0.99,0.87,1.0,0.0,0.021846318036286023,0.0,0.85,0.16008537886872998
E,PlmDomainsRF,sesq,2,111,1874,0.9944646297240637,0.977027027027027,0.99,0.37,1.0,0.0,0.021846318036286023,0.0,0.85,0.16008537886872998
E,PlmDomainsRF,tri,2,52,1874,0.995920745920746,0.9651923076923077,0.99,0.8,1.0,0.0,0.021846318036286023,0.0,0.85,0.16008537886872998
E,PlmDomainsRF,pt,2,26,1874,0.6766308572165711,0.6919230769230769,0.975,0.01,1.0,0.0,0.021846318036286023,0.0,0.85,0.16008537886872998
E,PlmDomainsRF,tetra,2,12,1874,0.8154456654456655,0.8633333333333333,0.85,0.8,0.96,0.0,0.021846318036286023,0.0,0.85,0.16008537886872998
E,PlmDomainsRF,sesq,3,95,1942,1.0,0.9896842105263159,1.0,0.91,1.0,0.0,0.025829042224510813,0.0,0.85,0.16580844490216273
E,PlmDomainsRF,di,3,73,1942,1.0,0.9820547945205479,0.99,0.9,1.0,0.0,0.025829042224510813,0.0,0.85,0.16580844490216273
E,PlmDomainsRF,mono,3,46,1942,0.9865942028985507,0.9658695652173913,0.99,0.35,1.0,0.0,0.025829042224510813,0.0,0.85,0.16580844490216273
E,PlmDomainsRF,pt,3,62,1942,0.4732834703075352,0.36225806451612896,0.235,0.08,1.0,0.0,0.025829042224510813,0.0,0.85,0.16580844490216273
E,PlmDomainsRF,tri,3,5,1942,0.9428571428571428,0.908,0.93,0.84,0.94,0.0,0.025829042224510813,0.0,0.85,0.16580844490216273
E,PlmDomainsRF,sester,3,5,1942,1.0,0.9920000000000002,0.99,0.98,1.0,0.0,0.025829042224510813,0.0,0.85,0.16580844490216273
E,PlmDomainsRF,di,4,61,2086,0.9989420833280012,0.9818032786885246,0.99,0.88,1.0,0.0,0.025139022051773728,0.0,0.9,0.1538830297219559
E,PlmDomainsRF,pt,4,47,2086,0.49364394346352597,0.35723404255319147,0.14,0.04,1.0,0.0,0.025139022051773728,0.0,0.9,0.1538830297219559
E,PlmDomainsRF,sesq,4,119,2086,0.9999299719887955,0.9930252100840338,1.0,0.89,1.0,0.0,0.025139022051773728,0.0,0.9,0.1538830297219559
E,PlmDomainsRF,mono,4,88,2086,0.9952153110047846,0.9776136363636364,0.99,0.13,1.0,0.0,0.025139022051773728,0.0,0.9,0.1538830297219559
E,PlmDomainsRF,tri,4,3,2086,0.5704809286898839,0.7966666666666667,0.9,0.56,0.93,0.0,0.025139022051773728,0.0,0.9,0.1538830297219559
