Representative	Member
marts_E00813	marts_E00813
marts_E00813	marts_E00814
marts_E00813	marts_E00816
marts_E00815	marts_E00815
marts_E00815	marts_E00817
marts_E00819	marts_E00819
marts_E00824	marts_E00824
marts_E00824	marts_E00473
marts_E00824	marts_E00554
marts_E00824	marts_E00474
marts_E00824	marts_E01214
marts_E00824	marts_E00706
marts_E00824	marts_E00124
marts_E00824	marts_E01213
marts_E00826	marts_E00826
marts_E00828	marts_E00828
marts_E00833	marts_E00833
marts_E00839	marts_E00839
marts_E00843	marts_E00843
marts_E00843	marts_E00236
marts_E00847	marts_E00847
marts_E00847	marts_E00302
marts_E00847	marts_E01103
marts_E00847	marts_E01199
marts_E00847	marts_E01412
marts_E00847	marts_E00382
marts_E00847	marts_E01413
marts_E00851	marts_E00851
marts_E00851	marts_E00316
marts_E00851	marts_E00726
marts_E00851	marts_E00910
marts_E00851	marts_E00545
marts_E00851	marts_E00729
marts_E00851	marts_E00546
marts_E00851	marts_E00912
marts_E00851	marts_E00911
marts_E00858	marts_E00858
marts_E00859	marts_E00859
marts_E00861	marts_E00861
marts_E00865	marts_E00865
marts_E00871	marts_E00871
marts_E00872	marts_E00872
marts_E00879	marts_E00879
marts_E00879	marts_E00878
marts_E00881	marts_E00881
marts_E00881	marts_E00027
marts_E00882	marts_E00882
marts_E00900	marts_E00900
marts_E00901	marts_E00901
marts_E00902	marts_E00902
marts_E00903	marts_E00903
marts_E00904	marts_E00904
marts_E00905	marts_E00905
marts_E00913	marts_E00913
marts_E00914	marts_E00914
marts_E00914	marts_E00031
marts_E00914	marts_E00081
marts_E00914	marts_E00007
marts_E00914	marts_E00188
marts_E00914	marts_E00082
marts_E00914	marts_E01374
marts_E00914	marts_E00225
marts_E00914	marts_E00223
marts_E00914	marts_E00343
marts_E00914	marts_E00957
marts_E00914	marts_E01523
marts_E00914	marts_E00230
marts_E00914	marts_E00319
marts_E00914	marts_E00625
marts_E00914	marts_E00630
marts_E00914	marts_E00690
marts_E00914	marts_E01019
marts_E00914	marts_E01202
marts_E00914	marts_E00224
marts_E00914	marts_E00226
marts_E00914	marts_E00621
marts_E00914	marts_E01257
marts_E00914	marts_E00702
marts_E00914	marts_E00703
marts_E00914	marts_E01292
marts_E00914	marts_E00288
marts_E00914	marts_E01108
marts_E00914	marts_E01432
marts_E00914	marts_E00895
marts_E00914	marts_E00417
marts_E00914	marts_E00757
marts_E00914	marts_E00756
marts_E00914	marts_E01012
marts_E00914	marts_E01373
marts_E00914	marts_E01375
marts_E00914	marts_E01390
marts_E00914	marts_E01391
marts_E00914	marts_E00953
marts_E00914	marts_E00954
marts_E00914	marts_E01372
marts_E00914	marts_E01385
marts_E00916	marts_E00916
marts_E00916	marts_E01524
marts_E00919	marts_E00919
marts_E00920	marts_E00920
marts_E00922	marts_E00922
marts_E00923	marts_E00923
marts_E00923	marts_E00840
marts_E00923	marts_E00924
marts_E00923	marts_E00925
marts_E00923	marts_E00926
marts_E00923	marts_E00927
marts_E00923	marts_E00928
marts_E00923	marts_E00929
marts_E00931	marts_E00931
marts_E00936	marts_E00936
marts_E00941	marts_E00941
marts_E00942	marts_E00942
marts_E00943	marts_E00943
marts_E00947	marts_E00947
marts_E00952	marts_E00952
marts_E00960	marts_E00960
marts_E00960	marts_E01197
marts_E00960	marts_E00202
marts_E00971	marts_E00971
marts_E00972	marts_E00972
marts_E00972	marts_E00162
marts_E00972	marts_E00811
marts_E00973	marts_E00973
marts_E00973	marts_E01023
marts_E00976	marts_E00976
marts_E00982	marts_E00982
marts_E00982	marts_E01248
marts_E00982	marts_E01208
marts_E00983	marts_E00983
marts_E00983	marts_E00590
marts_E00983	marts_E00999
marts_E00983	marts_E00576
marts_E00984	marts_E00984
marts_E00989	marts_E00989
marts_E00991	marts_E00991
marts_E00991	marts_E00575
marts_E00991	marts_E01004
marts_E00991	marts_E01210
marts_E00995	marts_E00995
marts_E00995	marts_E01005
marts_E00997	marts_E00997
marts_E00998	marts_E00998
marts_E00998	marts_E00827
marts_E01002	marts_E01002
marts_E01002	marts_E00992
marts_E01002	marts_E00993
marts_E01002	marts_E00987
marts_E01002	marts_E00988
marts_E01010	marts_E01010
marts_E01017	marts_E01017
marts_E01021	marts_E01021
marts_E01021	marts_E01116
marts_E01027	marts_E01027
marts_E01027	marts_E00978
marts_E01027	marts_E00985
marts_E01027	marts_E01147
marts_E01030	marts_E01030
marts_E01030	marts_E01029
marts_E01030	marts_E01032
marts_E01030	marts_E01028
marts_E01030	marts_E01035
O15902	O15902
O16466	O16466
O17185	O17185
O18191	O18191
O29889	O29889
O30298	O30298
O31266	O31266
O32001	O32001
O32076	O32076
O32220	O32220
O34680	O34680
O35831	O35831
O43491	O43491
O43548	O43548
O43826	O43826
O43852	O43852
O45935	O45935
O50147	O50147
O50333	O50333
O55012	O55012
O55091	O55091
O58478	O58478
O58523	O58523
O60296	O60296
O60504	O60504
O61267	O61267
O62714	O62714
O64948	O64948
O65517	O65517
O65686	O65686
O67931	O67931
O70258	O70258
O70405	O70405
O70579	O70579
O74365	O74365
O74384	O74384
O74476	O74476
O74562	O74562
O74880	O74880
O75038	O75038
O77656	O77656
O77656	O18927
O77656	O62806
O77656	P23097
O77656	P45452
O77656	Q10835
O80449	O80449
O80449	Q9LY48
O80449	Q9FFF6
O80449	Q9SRM3
O80842	O80842
O81283	O81283
O82777	O82777
O87198	O87198
O88322	O88322
O88444	O88444
O89035	O89035
O93309	O93309
O94326	O94326
O94649	O94649
O94989	O94989
O95256	O95256
O95256	Q9Z2B1
O95931	O95931
O96624	O96624
O97422	O97422
O97799	O97799
O97799	P10721
O97799	P43481
O97799	Q28889
O97799	P05532
O97799	Q08156
O97799	Q76II0
O97799	Q2HWD6
O97799	Q91909
P00381	P00381
P00490	P00490
P00634	P00634
P00736	P00736
P00736	Q8CFG9
P01563	P01563
P01563	P01568
P01563	P01567
P01563	P01570
P01563	P01571
P01563	P32881
P01563	P01569
P01563	P05013
P01563	P05015
P01563	P05001
P01563	P05004
P01563	A0A087WWS6
P01563	P15696
P01563	P28172
P01563	Q29429
P01563	O46633
P01563	P28171
P01563	Q08072
P01563	Q95187
P01563	Q61716
P01563	P01572
P01563	P07349
P01563	P07350
P01563	P07351
P01563	P09235
P01563	P01573
P01563	P05011
P01563	P06799
P01563	Q80SS5
P01563	Q80SU4
P01563	P05009
P01563	P05007
P01563	P07348
P01563	P49876
P01563	P49877
P01563	P49878
P01563	P49879
P01563	P07352
P01563	P05000
P01563	P05002
P01563	P35849
P01563	P81255
P02518	P02518
P02810	P02810
P02833	P02833
P04070	P04070
P04070	P33587
P04070	P31394
P04070	Q28315
P04070	Q28380
P04070	Q28278
P04070	Q9GLP2
P04070	Q28661
P04397	P04397
P04739	P04739
P05109	P05109
P05109	P27005
P05109	P28782
P05109	P50115
P05423	P05423
P06103	P06103
P06197	P06197
P06336	P06336
Q6WRI0	Q6WRI0
Q6X4W1	Q6X4W1
Q6X4W1	Q9EPI6
Q6X4W1	B8PYG1
Q6XBH1	Q6XBH1
Q6XBH1	E3GCF1
Q6ZTQ4	Q6ZTQ4
Q6ZUM4	Q6ZUM4
Q6ZVK8	Q6ZVK8
Q6ZVK8	Q641Y7
Q6ZXV5	Q6ZXV5
Q6ZXV5	Q8BRH0
Q6ZXV5	Q7K4B6
Q700D2	Q700D2
Q709R6	Q709R6
Q70EK8	Q70EK8
Q70IY1	Q70IY1
Q72EF3	Q72EF3
Q73MU2	Q73MU2
Q746I8	Q746I8
Q746I8	Q9RVE2
Q746I8	A4TE63
Q746I8	A1T741
Q746I8	B2HGA4
Q76KJ8	Q76KJ8
Q78JN3	Q78JN3
Q79EM7	Q79EM7
Q79EM8	Q79EM8
Q7K0E3	Q7K0E3
Q7K755	Q7K755
Q7L0J3	Q7L0J3
Q7L0J3	Q8BG39
Q7L0J3	Q7L1I2
Q7L0J3	Q9Z2I6
Q7L5L3	Q7L5L3
Q7PEV7	Q7PEV7
Q7S936	Q7S936
Q7TN16	Q7TN16
Q7WUM3	Q7WUM3
Q7X9V2	Q7X9V2
Q7XA07	Q7XA07
Q7Z139	Q7Z139
Q7Z2Y5	Q7Z2Y5
Q7Z333	Q7Z333
Q7Z333	A2AKX3
Q7Z401	Q7Z401
Q7Z443	Q7Z443
Q7Z5Q5	Q7Z5Q5
Q7Z7A4	Q7Z7A4
Q7Z7G0	Q7Z7G0
Q7ZWC3	Q7ZWC3
Q80WJ7	Q80WJ7
Q80XK6	Q80XK6
Q80XK6	Q96BY7
Q80Y24	Q80Y24
Q812E0	Q812E0
Q812E0	Q7SXN4
Q834B6	Q834B6
Q84K25	Q84K25
Q84VQ4	Q84VQ4
Q84VZ1	Q84VZ1
Q852L0	Q852L0
Q869Q3	Q869Q3
Q86H13	Q86H13
Q86NP2	Q86NP2
Q86UU5	Q86UU5
Q86UZ6	Q86UZ6
Q86WP2	Q86WP2
Q8A6L0	Q8A6L0
Q8AW52	Q8AW52
Q8AXY6	Q8AXY6
Q8BG87	Q8BG87
Q8BI79	Q8BI79
Q8BJL1	Q8BJL1
Q8BMP6	Q8BMP6
Q8BN21	Q8BN21
Q8BN21	Q86Y07
Q8BUE4	Q8BUE4
Q8BUE4	A5PJM4
Q8BUE4	Q9BRQ8
Q8BUE4	Q6GLW8
Q8BUE4	B4F6I3
Q8BUE4	E1BR24
Q8BUE4	B5FXE5
Q8BX17	Q8BX17
Q8C129	Q8C129
Q8C3J5	Q8C3J5
Q8C9E8	Q8C9E8
Q8CHN8	Q8CHN8
Q8CHN8	P48740
Q8GAK6	Q8GAK6
Q8H174	Q8H174
Q8I295	Q8I295
Q8I4R4	Q8I4R4
Q8I8V0	Q8I8V0
Q8IJR9	Q8IJR9
Q8INF7	Q8INF7
Q8INK6	Q8INK6
Q8IS44	Q8IS44
Q8ITC9	Q8ITC9
B1GVX7	B1GVX7
B1H070	B1H070
B2FKA7	B2FKA7
B2IXH4	B2IXH4
B2MVM5	B2MVM5
B2RH59	B2RH59
B2UMY1	B2UMY1
B3EWR5	B3EWR5
B4LRN7	B4LRN7
B5UAQ8	B5UAQ8
B5UAQ8	B1NF20
B5UAQ8	Q50LH4
B5UAQ8	B1NF19
B5UAQ8	Q50LH3
B5UAQ8	I3QBP4
B5UAQ8	B1NF18
B5UAQ8	Q948Y1
B5UAQ8	A0A7T9QPT0
B5UAQ8	L7T720
B6HJU6	B6HJU6
B6ZJZ9	B6ZJZ9
B9DHD7	B9DHD7
C0HKB3	C0HKB3
C0IW58	C0IW58
C0JB06	C0JB06
C0LGK4	C0LGK4
C1IE32	C1IE32
C3XRY1	C3XRY1
C4QYG0	C4QYG0
C4R5T1	C4R5T1
C5DLH0	C5DLH0
D0MVC9	D0MVC9
D0MYB4	D0MYB4
D0NBE6	D0NBE6
D3G9N3	D3G9N3
D3RNN8	D3RNN8
D3RPB9	D3RPB9
D3TS87	D3TS87
D4GVD7	D4GVD7
D4GYE6	D4GYE6
D4GYH5	D4GYH5
D7PHZ6	D7PHZ6
D7REY3	D7REY3
D9IFD5	D9IFD5
D9XF49	D9XF49
E2AIS8	E2AIS8
E9PXT9	E9PXT9
E9Q4F2	E9Q4F2
E9Q5Z5	E9Q5Z5
E9QUT3	E9QUT3
E9R5G2	E9R5G2
E9R5G2	I1RQ76
F1MHT9	F1MHT9
F1Q8J0	F1Q8J0
F1SVE1	F1SVE1
F2SQT8	F2SQT8
F4HRS2	F4HRS2
F4I366	F4I366
F4IQJ2	F4IQJ2
F4JEQ2	F4JEQ2
F4JNA9	F4JNA9
F4JW83	F4JW83
F4JW83	Q42600
F4JXC5	F4JXC5
F4KBW6	F4KBW6
F4KHH8	F4KHH8
F6KSI8	F6KSI8
F7AQ22	F7AQ22
F8U970	F8U970
G2Q4H7	G2Q4H7
G2SLH8	G2SLH8
G3KIM4	G3KIM4
G3X9P6	G3X9P6
G4MWY1	G4MWY1
G4NBR8	G4NBR8
G5EEY6	G5EEY6
H1AE12	H1AE12
H2KYW5	H2KYW5
H2L0N3	H2L0N3
H8F3R6	H8F3R6
H9JD76	H9JD76
I1S166	I1S166
I6Y8I5	I6Y8I5
I7M6D6	I7M6D6
J3F2B0	J3F2B0
J9PY59	J9PY59
J9VG42	J9VG42
J9VPA2	J9VPA2
K3VH30	K3VH30
K5BE02	K5BE02
K7NCP5	K7NCP5
K7Z9Q9	K7Z9Q9
L0E2U2	L0E2U2
Q8ZT61	Q8ZT61
Q8ZY48	Q8ZY48
Q8ZY48	Q4J8E8
Q8ZY48	C3MQE3
Q8ZY48	Q59969
Q8ZY48	Q970U7
Q8ZY48	A2BJL3
Q8ZY48	Q8U085
Q90304	Q90304
Q90304	Q90460
Q91ZN5	Q91ZN5
Q91ZW9	Q91ZW9
Q92021	Q92021
Q92113	Q92113
Q92374	Q92374
Q923M0	Q923M0
Q92ZP9	Q92ZP9
Q940M4	Q940M4
Q94636	Q94636
Q94636	Q27152
Q94AQ9	Q94AQ9
Q95YE9	Q95YE9
Q96320	Q96320
Q96IK0	Q96IK0
Q96SE0	Q96SE0
Q96WV1	Q96WV1
Q98TZ8	Q98TZ8
Q99177	Q99177
Q99234	Q99234
Q99N23	Q99N23
Q99NB5	Q99NB5
Q99NB5	Q3TR54
Q99NB5	Q8CB12
Q99NB5	P85967
Q9AJC6	Q9AJC6
Q9BKU8	Q9BKU8
Q9BLJ6	Q9BLJ6
Q9BSK1	Q9BSK1
Q9BWW8	Q9BWW8
Q9C5E7	Q9C5E7
Q9C5J6	Q9C5J6
Q9C6D2	Q9C6D2
Q9C6D2	Q7XR60
Q9C768	Q9C768
Q9C7E7	Q9C7E7
Q9CAA9	Q9CAA9
Q9CM00	Q9CM00
Q9CM00	Q65RX0
Q9CR81	Q9CR81
Q9CWU6	Q9CWU6
Q9CZP0	Q9CZP0
Q9D2P8	Q9D2P8
Q9FDN6	Q9FDN6
Q9FI03	Q9FI03
Q9FI79	Q9FI79
Q9FLX7	Q9FLX7
Q9FMX6	Q9FMX6
Q9FNB2	Q9FNB2
Q9FYL8	Q9FYL8
Q9FZG4	Q9FZG4
Q9FZG4	Q6Q8A5
Q9FZG4	Q6Z398
Q9GV16	Q9GV16
Q9GZ14	Q9GZ14
Q9H342	Q9H342
Q9HE09	Q9HE09
Q9HP43	Q9HP43
Q9HWA4	Q9HWA4
Q9HWR3	Q9HWR3
Q9I4X0	Q9I4X0
Q9I6J2	Q9I6J2
Q9I9P7	Q9I9P7
Q9KLX6	Q9KLX6
Q9KM69	Q9KM69
Q9KN42	Q9KN42
Q9LEZ9	Q9LEZ9
Q9LF46	Q9LF46
Q9LNC6	Q9LNC6
Q9LVF4	Q9LVF4
Q9LVJ1	Q9LVJ1
Q9LXL9	Q9LXL9
Q9LY41	Q9LY41
Q9M076	Q9M076
Q9M291	Q9M291
Q9M291	Q9M081
Q9M5P4	Q9M5P4
Q9N285	Q9N285
Q9N4E9	Q9N4E9
Q9NVG8	Q9NVG8
Q9NWM3	Q9NWM3
Q9NZW5	Q9NZW5
Q9P299	Q9P299
P40036	P40036
P40100	P40100
P41027	P41027
P41154	P41154
P41767	P41767
P41957	P41957
P41974	P41974
P41995	P41995
P42197	P42197
P42216	P42216
P42706	P42706
P42834	P42834
P42948	P42948
P42983	P42983
P43111	P43111
P43611	P43611
P43770	P43770
P44121	P44121
P44482	P44482
P44596	P44596
P44708	P44708
P44783	P44783
P44803	P44803
P44942	P44942
P44960	P44960
P45064	P45064
P45415	P45415
P45423	P45423
P45450	P45450
P45819	P45819
P45972	P45972
P46377	P46377
P46445	P46445
P46692	P46692
P46760	P46760
P47237	P47237
P47729	P47729
P47762	P47762
P48245	P48245
P48935	P48935
P49468	P49468
P49468	A0T0D9
P49468	A0T0Q9
P49983	P49983
P50057	P50057
P50351	P50351
P50493	P50493
P50493	P22545
P50493	P50494
P50493	P22290
P50649	P50649
P50649	O15910
P50649	O46310
P50649	P50651
P50649	Q9LSD0
P50649	P0DKH3
P50649	P42521
P50649	P49730
P50649	Q9C167
P50649	P09938
P50649	P36603
P50649	Q4KLN6
P50649	Q6PEE3
P50649	Q7LG56
P50649	P42170
P50649	P48592
P50649	P79733
P50649	Q4R7Q7
P50649	P07201
P50649	Q60561
P50649	Q8SRR2
P50845	P50845
P50870	P50870
P50870	P26839
P50870	P26840
P51200	P51200
P51527	P51527
P51561	P51561
P51951	P51951
P52396	P52396
P52560	P52560
P52939	P52939
P53356	P53356
P53398	P53398
P53703	P53703
P53768	P53768
P54190	P54190
P54202	P54202
P54547	P54547
P54720	P54720
P54721	P54721
P54870	P54870
P54870	P54961
P54870	Q5R7Z9
P54870	P54868
P54870	P54869
P54870	P23228
P54870	Q2KIE6
P54870	O02734
P54870	P54872
P54870	Q4P3F1
P55184	P55184
P55790	P55790
P55860	P55860
Q0U6H9	Q0U6H9
Q0UI03	Q0UI03
Q0V4Z6	Q0V4Z6
Q0VAA5	Q0VAA5
Q0VNT0	Q0VNT0
Q0VNT0	Q2SQB9
Q0VNT0	A1U6R9
Q0VNT0	Q8EKA0
Q0VNT0	A0KRK0
Q0VNT0	A1RP95
Q0VNT0	A6WHQ4
Q0VNT0	B1KN07
Q0VQC3	Q0VQC3
Q0VQP5	Q0VQP5
Q0W0X1	Q0W0X1
Q0W0X4	Q0W0X4
Q0WP96	Q0WP96
Q0WT40	Q0WT40
Q0WV96	Q0WV96
Q0WVV6	Q0WVV6
Q10061	Q10061
Q10105	Q10105
Q10488	Q10488
Q10WZ6	Q10WZ6
Q10WZ6	Q1IRH0
Q11RE0	Q11RE0
Q11Y93	Q11Y93
Q12144	Q12144
Q12340	Q12340
Q12627	Q12627
Q12704	Q12704
Q14DG7	Q14DG7
Q15N09	Q15N09
Q15NR1	Q15NR1
Q15NR1	A1U4C6
Q15NR1	A5IAM8
Q15NR1	A9AGA7
Q15NR1	A1V0V9
Q15NR1	A4JBT2
Q15NR1	B2JGD1
Q15NR1	B2T068
Q15NR1	Q0BI05
Q15NR1	Q145C5
Q15NR1	Q2SYY3
Q15NR1	Q39JB5
Q15NR1	A6SV54
Q15NR1	A4G288
Q15NR1	B0U1E8
Q15NR1	Q21Y86
Q15NR1	Q3SIR0
Q15NR1	Q46XK2
Q15NR1	B3R6B8
Q15NR1	Q0K776
Q15NR1	Q1LJ94
Q15NR1	Q5NXR4
Q15NR1	A1KA92
Q15NR1	Q607R4
Q15NR1	Q8XWB0
Q15NR1	B2UBL0
Q15NR1	A9I7X7
Q15NR1	A2SHF3
Q15NR1	Q2KX23
Q15NR1	Q7U372
Q15NR1	A4SZQ9
Q15NR1	B1XRT3
Q15NR1	Q2SBC1
Q15NR1	B2SUC1
Q15NR1	B2FL25
Q15NR1	B4SRA4
Q15NR1	Q4UTQ7
Q15NR1	Q8PLQ5
Q15NR1	B3PDC2
Q15NR1	P16384
Q15NR1	A0KGS0
Q15NR1	A4SR26
Q15NR1	A4TRP0
Q15NR1	A4W5R2
Q15NR1	A6TH86
Q15NR1	A7MM88
Q15NR1	A8AMN0
Q15NR1	A8G8U8
Q15NR1	A9N4Y5
Q15NR1	B2VCX4
Q15NR1	B3H330
Q15NR1	B4F265
Q15NR1	C4L9N0
Q15NR1	C6DFJ8
Q15NR1	Q2NW64
Q15NR1	Q65SD6
Q15NR1	Q6D066
Q15NR1	Q7MAX8
Q15NR1	A1SZL1
Q15NR1	A1WUT7
Q15NR1	B8GNC6
Q15NR1	A3QAD9
Q15NR1	A0KSR6
Q15NR1	A1SA22
Q15NR1	A8H8G7
Q15NR1	Q07XW6
Q15NR1	Q0AB61
Q15NR1	Q12J94
Q15NR1	Q48A23
Q15NR1	A4VQP1
Q15NR1	A4XPY6
Q15NR1	C1DLQ1
Q15NR1	C3KDW2
Q15NR1	Q02F73
Q15NR1	Q1I448
Q15NR1	Q3KIZ0
Q15NR1	Q4KJ74
Q15NR1	Q87VJ3
Q15NR1	A6VYL7
Q15NR1	A8FRD4
Q15NR1	A4YAL0
Q15NR1	B1KHU9
Q15NR1	A9KE31
Q15NR1	B1Y5G6
Q15NR1	B8CIX4
Q15NR1	A3D023
Q15NR1	B0TU65
Q15NR1	O30762
Q15NR1	Q0I462
Q15NR1	Q1H1I4
Q15NR1	Q1QY27
Q15NR1	Q21HA1
Q15NR1	Q4QPH6
Q15NR1	A6VN09
Q15NR1	B8F662
Q15NR1	Q7U338
Q15NR1	Q9CMC7
Q15NR1	Q5E2C7
Q15NR1	B6EMQ8
Q15NR1	Q6LM29
Q15NR1	Q5QWA0
Q15NR1	Q8CWK9
Q15NR1	A5F3L6
Q15NR1	B7VI54
Q15NR1	Q3IDT9
Q15NR1	Q87L06
Q15NR1	B9MCW1
Q15NR1	A1TLP7
Q15NR1	A1WQM5
Q15NR1	A9BN87
Q15NR1	A1VLE3
Q15NR1	Q128B6
Q15NR1	Q5F852
Q15NR1	Q7MBE2
Q15NR1	Q9JUU5
Q15NR1	Q9JZR0
Q15NR1	Q0VME6
Q15NR1	Q1LSQ3
Q15NR1	Q2YCX0
Q15NR1	Q31GP3
Q15NR1	Q3J802
Q15NR1	Q493W0
Q15NR1	Q7U347
Q15NR1	Q6F9W1
Q15NR1	B0VM64
Q15NR1	Q820J6
Q15NR1	Q0AJ07
Q15NR1	Q47B80
Q15P29	Q15P29
Q15SN0	Q15SN0
Q16959	Q16959
Q17025	Q17025
Q17093	Q17093
Q172W0	Q172W0
Q17533	Q17533
Q17693	Q17693
Q17XD2	Q17XD2
Q18066	Q18066
Q18217	Q18217
Q187C6	Q187C6
Q187C6	A6TRF9
Q187C6	A8MFE2
Q187T5	Q187T5
Q187T5	A6TR77
Q187T5	A8MFD2
Q187T5	B8CX96
Q187T5	B1KSA1
Q187T5	Q895H4
Q187T5	A5N8I7
Q187T5	Q97I21
Q187T5	Q8XL85
Q187T5	A0Q0M8
Q18G49	Q18G49
Q19038	Q19038
Q19873	Q19873
Q19MC2	Q19MC2
Q5PAI0	Q5PAI0
Q5PAI0	Q2GKR7
Q5PBF7	Q5PBF7
Q5PNN8	Q5PNN8
Q5PP26	Q5PP26
Q5PPX5	Q5PPX5
Q5PQN1	Q5PQN1
Q5QWZ3	Q5QWZ3
Q5QWZ3	Q3IHD9
Q5R6X6	Q5R6X6
Q5RAS8	Q5RAS8
Q5RCR5	Q5RCR5
Q5RCR5	Q8BPG6
Q5RCR5	Q58CP2
Q5SF93	Q5SF93
Q5SY68	Q5SY68
Q5U310	Q5U310
Q5U310	Q9CX83
Q5U310	Q5R4B2
Q5UX45	Q5UX45
Q5UX45	Q9HP40
Q5UXN1	Q5UXN1
Q5UXN1	Q9HNU8
Q5V2X8	Q5V2X8
Q5V2X8	Q9V2V5
Q5V2X8	Q9V2V6
Q5V2X8	B0R2T2
Q5V2X8	Q18K08
Q5V2X8	Q3IPJ1
Q5V2X8	Q5V1D4
Q5V5V4	Q5V5V4
Q5VRL3	Q5VRL3
Q5WAD6	Q5WAD6
Q5WEQ9	Q5WEQ9
Q5WHC6	Q5WHC6
Q5WHC6	C0ZL73
Q5WHC6	Q9KD37
Q5WHC6	C4L3Z5
Q5WHC6	B1YL84
Q5WHC6	B9E6U8
Q5WHC6	Q67QZ8
Q5WHC6	P58676
Q5WHC6	A0RIR1
Q5WHC6	A7Z6T1
Q5WHC6	A8FFA1
Q5WHC6	B1HTG5
Q5WHC6	B7GH78
Q5WHC6	C5D4R3
Q5WHC6	P54473
Q5WHC6	Q5KX24
Q5WHC6	Q65H97
Q5WHR2	Q5WHR2
Q5WHR2	A5WGS6
Q5WHR2	Q4FRI6
Q5WHR2	A8AUL3
Q5WHR2	A2RCC9
Q5WHR2	A2RHN5
Q5WHR2	C1CAA6
Q5WHR2	Q3K2Y7
Q5WHR2	Q5M2K9
Q5WHR2	Q837E7
Q5WHR2	Q8DVZ3
Q5WHR2	A8FFQ9
Q5WHR2	A0AIX9
Q5WHR2	A0RJ24
Q5WHR2	A5ITG3
Q5WHR2	B1HVA1
Q5WHR2	B7GFN1
Q5WHR2	B8I6M0
Q5WHR2	B9DNG7
Q5WHR2	B9E716
Q5WHR2	O32053
Q5WHR2	Q03ER2
Q5WHR2	Q38YP9
Q5WHR2	Q4L6Y4
Q5WHR2	Q5KWR4
Q5WHR2	Q65GP9
Q5WHR2	Q88V05
Q5WHR2	Q8CXC4
Q5WHR2	Q9KDI5
Q5WHR2	B8CXG0
Q5WHR2	B8FQV2
Q5WHR2	B2A5K8
Q5WHR2	Q8XVW4
Q5WHR2	B2UC75
Q5WHR2	A6LMW2
Q5WHR2	B0K959
Q5WHR2	B7IDU1
Q5WHR2	B8E2N5
Q5WHR2	B5YFK5
Q5WHR2	B9K8N7
Q5WHR2	B1LB70
Q5WHR2	O67331
Q5WHR2	Q12GB2
Q5WHR2	A1TVN0
Q5WHR2	A1VJ15
Q5WHR2	A1WFH2
Q5WHR2	A2SM97
Q5WHR2	A4G1Z3
Q5WHR2	A9BRD7
Q5WHR2	B1XWG6
Q5WHR2	B9MGI1
Q5WHR2	A1K3W9
Q5WHR2	Q47AX3
Q5WHR2	Q5P720
Q5WHR2	A3M8S3
Q5WHR2	Q6FEJ4
Q5WHR2	A5CW46
Q5WHR2	A5EW66
Q5WHR2	Q1H403
Q5WHR2	Q1RH25
Q5WHR2	A8EZT7
Q5WHR2	A8F2K6
Q5WHR2	A8GPN2
Q5WHR2	Q9ZCK8
Q5WHR2	A8LRQ1
Q5WHR2	Q1GIL3
Q5WHR2	Q28PC5
Q5WHR2	Q3J2H4
Q5WHR2	Q5LQ80
Q5WHR2	Q2G639
Q5WHR2	P28720
Q5WHR2	Q1GR26
Q5WHR2	A9HBJ2
Q5WHR2	Q3ZAE2
Q5WHR2	Q3ZWC1
Q5WHR2	Q7VQB1
Q5WHR2	Q493H3
Q5WHR2	Q8GAA6
Q5WHR2	A3DE13
Q5WHR2	B8HX02
Q5WHR2	Q55983
Q5WHR2	Q7NMG4
Q5WHR2	Q7TTX7
Q5WHR2	A2BUQ2
Q5WHR2	A3PAZ2
Q5WHR2	A8G2T1
Q5WHR2	A9BDP3
Q5WHR2	Q0IDF3
Q5WHR2	Q31CR1
Q5WHR2	Q3AN18
Q5WHR2	Q3B088
Q5WHR2	Q7TUG0
Q5WHR2	Q7TUM6
Q5WHR2	Q7VDR5
Q5WHR2	Q8CWM7
Q5WHR2	Q8YVT9
Q5WHR2	Q8KA09
Q5WVX6	Q5WVX6
Q5WYY6	Q5WYY6
Q5XI05	Q5XI05
Q5XI05	Q5TEA6
Q5XKR9	Q5XKR9
Q5Y4Q9	Q5Y4Q9
Q5YXN4	Q5YXN4
Q5YXN4	Q9KWG2
Q5YXN4	Q9KWF6
Q5YY71	Q5YY71
Q5YYB6	Q5YYB6
Q5YYN2	Q5YYN2
Q5YYW9	Q5YYW9
Q5YYW9	Q4JW85
Q5YYW9	Q6NGD7
Q5YYW9	Q8FNV0
Q5YYW9	Q8NNP0
Q5YYW9	Q7VEZ0
Q5YYW9	Q740U6
Q5YYW9	Q9X7E5
Q5YYW9	Q6AFZ0
Q5YYW9	Q83G52
Q5YYW9	Q8G3I2
Q5Z6F6	Q5Z6F6
Q5ZJ85	Q5ZJ85
Q5ZJR9	Q5ZJR9
Q5ZL57	Q5ZL57
Q5ZLG9	Q5ZLG9
Q5ZSA3	Q5ZSA3
Q60036	Q60036
Q60036	P18868
Q600B5	Q600B5
Q607A2	Q607A2
Q60QD1	Q60QD1
Q61334	Q61334
Q619T5	Q619T5
Q640N3	Q640N3
Q646D9	Q646D9
Q65E69	Q65E69
Q65E69	A8FI32
Q65E69	P50843
Q65E69	Q8EMM9
Q8D1X1	Q8D1X1
Q8D2R0	Q8D2R0
Q8D2R2	Q8D2R2
Q8D2R2	B3CM01
Q8D2R2	Q5GTN6
Q8D2R2	Q73FQ1
Q8D2R2	B8D752
Q8D2R2	A0KG42
Q8D2R2	A4SIX8
Q8D2R2	Q1LSS7
Q8D2R2	Q6D0C6
Q8D2R2	Q8K9Z4
Q8D318	Q8D318
Q8D3I9	Q8D3I9
Q8D4Y9	Q8D4Y9
Q8DHY6	Q8DHY6
Q8DJ26	Q8DJ26
Q8DJ26	A8EYM2
Q8DJ26	A8GNY6
Q8DJ26	A8GSH4
Q8DJ26	Q1RIK2
Q8DJ26	Q4ULD7
Q8DJ26	Q68WS6
Q8DJ26	Q9ZD90
Q8DJ26	Q5N019
Q8DJ26	P74287
Q8DJ26	Q8EST0
Q8DJ26	Q8YNH4
Q8DJ26	Q3MAB0
Q8DKG1	Q8DKG1
Q8DKG1	Q2JWS5
Q8DKG1	Q2JLX1
Q8DKW4	Q8DKW4
Q8DPV9	Q8DPV9
Q8EQN3	Q8EQN3
Q8EQN3	B9DLK2
Q8EQN3	Q49UM5
Q8EQN3	A5N960
Q8EQN3	Q97MT8
Q8EQN3	B5YJA6
Q8EQN3	O06735
Q8EQN3	Q4L9E6
Q8EQN3	Q7VE24
Q8EQN3	Q8CR04
Q8EQN3	Q88X60
Q8EQN3	Q9SRW7
Q8EQN3	Q8AAQ1
Q8EQN3	A6KXG9
Q8EQN3	Q64VR1
Q8EQN3	Q9K7H6
Q8EQN3	Q8DJ87
Q8EQN3	Q8K9D4
Q8EQN3	P57497
Q8EQN3	Q9KP21
Q8EQN3	P0A6J1
Q8EQN3	A0KP33
Q8EQN3	A1S9N4
Q8EQN3	A1U3X8
Q8EQN3	A3D819
Q8EQN3	A4SRG6
Q8EQN3	A4WDV5
Q8EQN3	A5G863
Q8EQN3	A6TD42
Q8EQN3	A7MJ70
Q8EQN3	A8ANW4
Q8EQN3	A9MF25
Q8EQN3	A9N2D7
Q8EQN3	B0TTD2
Q8EQN3	B2VG00
Q8EQN3	B9M543
Q8EQN3	Q07Y94
Q8EQN3	Q0HYA3
Q8EQN3	Q12QM6
Q8EQN3	Q1I2K4
Q8EQN3	Q7MPF0
Q8EQN3	Q87SX6
Q8EQN3	Q8EB13
Q8EQN3	Q8ZBP3
Q8EQN3	Q9P7G9
Q8EQN3	P57702
Q8ET99	Q8ET99
Q8ET99	Q63BZ8
Q8ET99	P41368
Q8EUJ9	Q8EUJ9
Q8EWR9	Q8EWR9
Q8EX24	Q8EX24
Q8EZ26	Q8EZ26
Q8F0E4	Q8F0E4
Q8F1H5	Q8F1H5
Q8F6R1	Q8F6R1
Q8F6R1	Q04R58
Q8FN82	Q8FN82
Q8FPG6	Q8FPG6
Q8GSP8	Q8GSP8
Q8GW17	Q8GW17
Q8I021	Q8I021
Q8I021	Q92583
Q8I021	Q9WUZ6
Q8I021	Q95N01
Q8I021	Q9ERE0
Q8I021	Q8HYP9
Q8I1Y5	Q8I1Y5
Q8IRR1	Q8IRR1
Q8ITI5	Q8ITI5
Q8K064	Q8K064
Q8K194	Q8K194
Q8K1M5	Q8K1M5
Q8K1N4	Q8K1N4
Q8K370	Q8K370
Q8K370	Q6JQN1
Q8K927	Q8K927
Q8KCG4	Q8KCG4
Q8KFR5	Q8KFR5
Q8KFR5	A1BDG7
Q8KFR5	B3QQG6
Q8KFR5	B3EFC7
Q8KFR5	Q3B213
Q8KFR5	A4SGE6
Q8KFR5	B4SCG2
Q8KFR5	Q3AQM4
Q8KL44	Q8KL44
Q8KP37	Q8KP37
Q8KP37	A1R1M6
Q8KP37	B2GFH1
Q8KP37	Q9KK75
Q8KP37	A1T5G2
Q8KP37	B0RIB7
Q8KP37	A4FK76
Q8KP37	A5U3A5
Q8KP37	Q9KWD1
Q8KP37	A4WE41
Q8KP37	Q7X5H2
Q8KP37	P60923
Q8KP37	Q0RBQ7
Q8KP37	A9N3L5
Q8KP37	A8AP95
Q8KP37	A9MRI5
Q8KP37	B5XUF5
Q8KP37	B7N7D3
Q8KP37	Q8NN99
Q8KP37	Q8FND7
Q8KP37	Q6A5Z1
Q8KP37	Q6AC73
Q8KU07	Q8KU07
Q8L6Z5	Q8L6Z5
Q8LAU9	Q8LAU9
Q8LB17	Q8LB17
Q8LFN9	Q8LFN9
Q8LNP3	Q8LNP3
Q8LPH6	Q8LPH6
Q8MR31	Q8MR31
A3DF23	A3DF23
A3DF23	B8I303
A3DL59	A3DL59
A3DNQ9	A3DNQ9
A3KPF8	A3KPF8
A3LR41	A3LR41
A3LR41	Q6BPI8
A3LR41	Q59NW5
A3LR41	A5DJ85
A3LTS5	A3LTS5
A3LV29	A3LV29
A3LY88	A3LY88
A3MWS2	A3MWS2
A3MXY4	A3MXY4
A3N3S4	A3N3S4
A3PXR7	A3PXR7
A4D263	A4D263
A4FN31	A4FN31
A4FPF7	A4FPF7
A4G2T6	A4G2T6
A4G2T6	A6SVI5
A4IFH4	A4IFH4
A4IFH4	Q14691
A4IFH4	Q7ZT47
A4IFH4	Q9CZ15
A4IKQ7	A4IKQ7
A4IPA2	A4IPA2
A4IQG3	A4IQG3
A4J9A2	A4J9A2
A4K2X5	A4K2X5
A4K2X6	A4K2X6
A4QHD8	A4QHD8
A4QHD8	Q8FMD3
A4QHD8	Q4JXP1
A4QHD8	B1VHM9
A4QHD8	Q6NF59
A4QST9	A4QST9
A4R0T9	A4R0T9
A4SKT3	A4SKT3
A4SMW0	A4SMW0
A4TK66	A4TK66
A4TRS7	A4TRS7
A4TRS7	A6TGB0
A4TRS7	P09378
A4TRS7	P40865
A4TRS7	A4WG90
A4TRS7	A7ML57
A4TRS7	Q6DA21
A4VFW9	A4VFW9
A4VFW9	Q88QJ9
A4VFW9	Q9HV00
A4VX29	A4VX29
A4XIQ3	A4XIQ3
A4Y1A2	A4Y1A2
A4YH83	A4YH83
A4YN81	A4YN81
A5CVC1	A5CVC1
A5DEE9	A5DEE9
A5DID3	A5DID3
A5DMB8	A5DMB8
A5E8V7	A5E8V7
A5E8V7	A1UUA2
A5E8V7	A9ILN1
A5E8V7	A9M757
A5E8V7	B3PXL5
A5E8V7	B9J6S5
A5E8V7	B9JYR4
A5E8V7	C3MFW1
A5E8V7	Q11HJ2
A5E8V7	Q1QI14
A5E8V7	Q6G0X7
A5E8V7	Q6G5H6
A5E8V7	Q89SS3
A5E8V7	Q8UIS9
A5E8V7	Q92S49
A5E8V7	Q98D24
A5EDB3	A5EDB3
A5F6J8	A5F6J8
A5FUH7	A5FUH7
A5GRN3	A5GRN3
A5GS00	A5GS00
A5GTF4	A5GTF4
A5GTF4	P56315
A5GU17	A5GU17
A5H0J3	A5H0J3
A5IYK4	A5IYK4
A5N7I8	A5N7I8
A5PJJ7	A5PJJ7
A5UL89	A5UL89
A5V022	A5V022
A5VA37	A5VA37
A5VIR0	A5VIR0
A5WWC6	A5WWC6
B9W8A8	B9W8A8
C0H3S9	C0H3S9
C0HKN0	C0HKN0
C0HKU1	C0HKU1
C0MEY7	C0MEY7
C0QR27	C0QR27
C0QR27	B2V704
C0QW63	C0QW63
C0QZ40	C0QZ40
C1A8T3	C1A8T3
C1AB49	C1AB49
C1D3U5	C1D3U5
C1DNP5	C1DNP5
C1DRP0	C1DRP0
C1DTL2	C1DTL2
C1EI34	C1EI34
C4K392	C4K392
C4KYS6	C4KYS6
C4LIX8	C4LIX8
C4R0M5	C4R0M5
C4R5N0	C4R5N0
C4R7H4	C4R7H4
C4VBI7	C4VBI7
C4Y2I7	C4Y2I7
C5BAI6	C5BAI6
C5BLF6	C5BLF6
C5C5Q7	C5C5Q7
C5CF28	C5CF28
C5CI92	C5CI92
C5D6L2	C5D6L2
C5DD31	C5DD31
C5DHP1	C5DHP1
C5DJL7	C5DJL7
C5DZB2	C5DZB2
C5E1C7	C5E1C7
C5MCY0	C5MCY0
C6BUE5	C6BUE5
C6C065	C6C065
C6Y4C4	C6Y4C4
C6Y4C5	C6Y4C5
C7A639	C7A639
C8YJ96	C8YJ96
C9DQ21	C9DQ21
C9DQ21	Q9LCC0
C9RPK4	C9RPK4
D0KWI6	D0KWI6
D0MGK7	D0MGK7
D0N761	D0N761
D0NQC3	D0NQC3
D1BTU8	D1BTU8
D2YW26	D2YW26
D3SD88	D3SD88
D4AQ27	D4AQ27
D4AR77	D4AR77
D4AYB4	D4AYB4
D4B1Z7	D4B1Z7
D4GPW1	D4GPW1
D5JGG0	D5JGG0
D6Y7M2	D6Y7M2
D8MUB2	D8MUB2
D9R4W7	D9R4W7
E1RHR2	E1RHR2
E2AX35	E2AX35
E4QEX4	E4QEX4
E5AE42	E5AE42
E7CLP1	E7CLP1
E7NK16	E7NK16
E9Q343	E9Q343
F1P3Y5	F1P3Y5
F2F702	F2F702
F2Q9V5	F2Q9V5
F2RB77	F2RB77
F4HZB5	F4HZB5
Q0RG46	Q0RG46
Q0SJK2	Q0SJK2
Q0UE25	Q0UE25
Q0VFL7	Q0VFL7
Q0VMD3	Q0VMD3
Q0VRF1	Q0VRF1
Q0W1V6	Q0W1V6
Q0W278	Q0W278
Q0W278	A0B5K3
Q0W278	O27956
Q0W278	Q12VH0
Q0W2Z9	Q0W2Z9
Q0WMR0	Q0WMR0
Q0WMR0	Q9ZU13
Q0WP85	Q0WP85
Q0ZS46	Q0ZS46
Q10370	Q10370
Q10481	Q10481
Q10937	Q10937
Q10PP8	Q10PP8
Q10V94	Q10V94
Q10XB0	Q10XB0
Q111T6	Q111T6
Q116J2	Q116J2
Q117Z4	Q117Z4
Q11HC6	Q11HC6
Q11PN9	Q11PN9
Q11YP9	Q11YP9
Q12298	Q12298
Q122S5	Q122S5
Q12497	Q12497
Q124Q3	Q124Q3
Q12SX3	Q12SX3
Q12U19	Q12U19
Q12U80	Q12U80
Q12W69	Q12W69
Q12W69	Q8TSZ5
Q12W69	Q46C74
Q12W69	Q8PVZ4
Q12Z92	Q12Z92
Q12ZU0	Q12ZU0
Q14236	Q14236
Q15PE1	Q15PE1
Q16473	Q16473
Q16K67	Q16K67
Q18C29	Q18C29
Q1AUL2	Q1AUL2
Q1AXR0	Q1AXR0
Q1BPR9	Q1BPR9
Q1D7T4	Q1D7T4
Q1DIW7	Q1DIW7
Q1DIW7	A1CBP8
Q1DIW7	A1DDL6
Q1DIW7	A2R3Z3
Q1DIW7	A4RJV3
Q1DIW7	A7ETB3
Q1DIW7	Q0CJD8
Q1DIW7	Q2U5Z8
Q1DIW7	Q5AXW3
Q1DIW7	Q0U2T3
Q1DIW7	Q2H139
Q1DIW7	Q7S8R5
Q1GPJ1	Q1GPJ1
Q1GRR9	Q1GRR9
Q1GRR9	Q2G9Z6
Q1GRV0	Q1GRV0
Q1H0E9	Q1H0E9
Q1HPW4	Q1HPW4
Q1IGS0	Q1IGS0
Q1IQB4	Q1IQB4
Q1IS49	Q1IS49
Q1ISA4	Q1ISA4
Q1IY22	Q1IY22
Q1J1S9	Q1J1S9
Q1JQ94	Q1JQ94
Q1KKZ3	Q1KKZ3
Q1KL10	Q1KL10
Q1LS94	Q1LS94
Q1LTW1	Q1LTW1
Q1LU19	Q1LU19
Q1MTR8	Q1MTR8
Q1PDG8	Q1PDG8
Q1QSC7	Q1QSC7
Q1QU53	Q1QU53
Q1RMR0	Q1RMR0
Q1WT73	Q1WT73
Q4FND9	Q4FND9
Q4FPG0	Q4FPG0
Q4FSH2	Q4FSH2
Q4G3E8	Q4G3E8
Q4J8J7	Q4J8J7
Q4J8J7	A4YI28
Q4J8J7	O33768
Q4J8J7	Q970Z6
Q4J8L6	Q4J8L6
Q4K4X8	Q4K4X8
Q4L8Y1	Q4L8Y1
Q4P0P3	Q4P0P3
Q4P4R3	Q4P4R3
Q4P5F9	Q4P5F9
Q4P5V5	Q4P5V5
Q4PGT8	Q4PGT8
Q4PHA8	Q4PHA8
Q4UKL3	Q4UKL3
Q4UVI4	Q4UVI4
Q4V8D9	Q4V8D9
Q4V8D9	Q8IZ02
Q4V8D9	Q9DAM1
Q4VR96	Q4VR96
Q4WNB5	Q4WNB5
Q4WP02	Q4WP02
Q4WQ14	Q4WQ14
Q50097	Q50097
Q50438	Q50438
Q50EK4	Q50EK4
Q51703	Q51703
Q51Y68	Q51Y68
Q52402	Q52402
Q52524	Q52524
Q52664	Q52664
Q53YF3	Q53YF3
Q54428	Q54428
Q54D63	Q54D63
Q54D67	Q54D67
Q54DE3	Q54DE3
Q54DL6	Q54DL6
Q54EH6	Q54EH6
Q54EY2	Q54EY2
Q54F11	Q54F11
Q54FG5	Q54FG5
Q54HN4	Q54HN4
Q54I57	Q54I57
Q54JC0	Q54JC0
Q54MZ8	Q54MZ8
Q54NR3	Q54NR3
Q54PV7	Q54PV7
Q54QC1	Q54QC1
Q54QV5	Q54QV5
Q54RZ2	Q54RZ2
Q54S08	Q54S08
Q54SA5	Q54SA5
Q54ST2	Q54ST2
Q54TH4	Q54TH4
Q54UV8	Q54UV8
Q54VS4	Q54VS4
Q54WZ5	Q54WZ5
Q54X22	Q54X22
Q54XX9	Q54XX9
Q54YS0	Q54YS0
Q55156	Q55156
Q553X3	Q553X3
Q555U5	Q555U5
Q55724	Q55724
Q55854	Q55854
Q55BR6	Q55BR6
Q55FI7	Q55FI7
Q55FU2	Q55FU2
Q55G16	Q55G16
Q56022	Q56022
Q561T9	Q561T9
Q56460	Q56460
Q56462	Q56462
Q568Z0	Q568Z0
Q569A3	Q569A3
Q57239	Q57239
Q57466	Q57466
Q57567	Q57567
Q57692	Q57692
Q58029	Q58029
Q58080	Q58080
Q58216	Q58216
Q58298	Q58298
Q58379	Q58379
Q9ZPR1	Q9ZPR1
R1ENF4	R1ENF4
R1F9H0	R1F9H0
T2KPJ3	T2KPJ3
T2KPK8	T2KPK8
W6JLV4	W6JLV4
W6Q0S4	W6Q0S4
W7N6P0	W7N6P0
W7N6P0	A0A6J4B4M6
W7N6P0	P9WEZ7
A0A023PXH5	A0A023PXH5
A0A023PXI4	A0A023PXI4
A0A023PXM2	A0A023PXM2
A0A023PZI4	A0A023PZI4
A0A1B0GU29	A0A1B0GU29
A0A1B0GUC4	A0A1B0GUC4
A0A8D9UGU6	A0A8D9UGU6
A0AAN2L0P5	A0AAN2L0P5
A0LM45	A0LM45
A0MFL4	A0MFL4
A0NGI1	A0NGI1
A0RAB3	A0RAB3
A1AAF7	A1AAF7
A1SUA8	A1SUA8
A1WGR9	A1WGR9
A2RSX4	A2RSX4
A3MSE0	A3MSE0
A3MWE7	A3MWE7
A4HWF0	A4HWF0
A4Y8Y8	A4Y8Y8
A4YHH8	A4YHH8
A5CUU0	A5CUU0
A5CWR4	A5CWR4
A5FZC4	A5FZC4
A5PJK7	A5PJK7
A5PJK7	B1ATL7
A5WCR1	A5WCR1
A6VL74	A6VL74
A6ZX97	A6ZX97
A7RK30	A7RK30
A8G3F3	A8G3F3
A8MWE9	A8MWE9
A8MY62	A8MY62
A8WXX7	A8WXX7
A8WXX7	Q18691
B0REB7	B0REB7
B0S3U9	B0S3U9
B1L7I8	B1L7I8
B2A0V2	B2A0V2
B3QUL7	B3QUL7
B5ZAX5	B5ZAX5
B5ZSW5	B5ZSW5
B7VQF8	B7VQF8
B8GGP6	B8GGP6
B8I298	B8I298
C0H3Q6	C0H3Q6
C0H3Q6	P9WIP5
C0H3R7	C0H3R7
C0H3Y1	C0H3Y1
C0H3Z2	C0H3Z2
C0H413	C0H413
C0H439	C0H439
C0H447	C0H447
C0H447	Q58627
C5DHM2	C5DHM2
C5DZE1	C5DZE1
C9J302	C9J302
C9J302	Q9DAF8
C9J302	Q4V7B2
D3RQU0	D3RQU0
F4I8U3	F4I8U3
F4KFM8	F4KFM8
G2TRL0	G2TRL0
G2TRL4	G2TRL4
G2TRM6	G2TRM6
G2TRU4	G2TRU4
L0GCW8	L0GCW8
O05223	O05223
O05249	O05249
O06011	O06011
O06638	O06638
O06638	Q58306
O06777	O06777
O07625	O07625
O13540	O13540
O13558	O13558
O14041	O14041
O14219	O14219
O15544	O15544
O21050	O21050
O27068	O27068
O27941	O27941
O27952	O27952
O27974	O27974
Q8T784	Q8T784
Q8T806	Q8T806
Q8TGJ1	Q8TGJ1
Q8TGL2	Q8TGL2
Q8TGQ2	Q8TGQ2
Q8TGQ8	Q8TGQ8
Q8TGS1	Q8TGS1
Q8TGS2	Q8TGS2
Q8TRZ3	Q8TRZ3
Q8X4C9	Q8X4C9
Q8Y231	Q8Y231
Q8Y231	P64130
Q8YD01	Q8YD01
Q8ZK55	Q8ZK55
Q8ZSL3	Q8ZSL3
Q8ZSU3	Q8ZSU3
Q92HS0	Q92HS0
Q92JM2	Q92JM2
Q93R29	Q93R29
Q93R29	Q835R9
Q96KT6	Q96KT6
Q975X4	Q975X4
Q97TR7	Q97TR7
Q98IV9	Q98IV9
Q9C6N2	Q9C6N2
Q9CC94	Q9CC94
Q9CEL6	Q9CEL6
Q9CK55	Q9CK55
Q9CN84	Q9CN84
Q9FFS9	Q9FFS9
Q9FLS0	Q9FLS0
Q9FX89	Q9FX89
Q9FXE2	Q9FXE2
Q9HDT9	Q9HDT9
Q9HJ67	Q9HJ67
Q9HLD5	Q9HLD5
Q9HQK7	Q9HQK7
Q9KB79	Q9KB79
Q9KDR3	Q9KDR3
Q9LTF5	Q9LTF5
Q9LUP9	Q9LUP9
Q9LUU5	Q9LUU5
Q9LVG8	Q9LVG8
Q9P7K1	Q9P7K1
Q9PIQ8	Q9PIQ8
Q9PQY7	Q9PQY7
Q9PR33	Q9PR33
Q9PRA3	Q9PRA3
Q9RMV5	Q9RMV5
Q9RMX8	Q9RMX8
Q9RN13	Q9RN13
Q9RUR8	Q9RUR8
Q9S5X1	Q9S5X1
Q9SCQ5	Q9SCQ5
Q9SJM1	Q9SJM1
Q9SRE5	Q9SRE5
Q9T0B0	Q9T0B0
Q9USN6	Q9USN6
Q9UT14	Q9UT14
Q9UZ49	Q9UZ49
Q9UZF0	Q9UZF0
Q9V0X3	Q9V0X3
Q9V0X3	O59172
Q9Y0Y7	Q9Y0Y7
Q9Y0Y7	Q29HZ1
Q9Y8Q3	Q9Y8Q3
Q9YAB0	Q9YAB0
Q9YDH4	Q9YDH4
Q9YDM3	Q9YDM3
Q9YER5	Q9YER5
Q9YEV5	Q9YEV5
Q31CE7	Q31CE7
Q31DL7	Q31DL7
Q31EK3	Q31EK3
Q31JS3	Q31JS3
Q32KV8	Q32KV8
Q32L79	Q32L79
Q32PG5	Q32PG5
Q32RK5	Q32RK5
Q32RY1	Q32RY1
Q32RY9	Q32RY9
Q35826	Q35826
Q35832	Q35832
Q36424	Q36424
Q37131	Q37131
Q38WK2	Q38WK2
Q39Y84	Q39Y84
Q3A8E8	Q3A8E8
Q3A8E8	C0QJG8
Q3ABS1	Q3ABS1
Q3ACP3	Q3ACP3
Q3AD54	Q3AD54
Q3AG60	Q3AG60
Q3AUA2	Q3AUA2
Q3AUA2	A1BCW2
Q3AUA2	A4SGM5
Q3AUA2	B3EHI9
Q3AUA2	B3EL44
Q3AUA2	B3QL59
Q3AUA2	B3QW86
Q3AUA2	B4S3X8
Q3AUA2	Q3B1F8
Q3AUA2	B4SGC3
Q3AUA2	Q8KAX3
Q3B8C3	Q3B8C3
Q3E7A8	Q3E7A8
Q3EA33	Q3EA33
Q3KBH4	Q3KBH4
Q3KBH4	Q1GIE5
Q3KBH4	Q5LT05
Q3KBH4	Q98HF7
Q3KBH4	Q160M2
Q3KBH4	Q9I6T2
Q3KBH4	Q4K681
Q3KMU5	Q3KMU5
Q3MD07	Q3MD07
Q3S2U4	Q3S2U4
Q3SL58	Q3SL58
Q3TYE7	Q3TYE7
Q3UM89	Q3UM89
Q3YRE0	Q3YRE0
Q3YUN6	Q3YUN6
Q3ZXL5	Q3ZXL5
Q3ZXL5	Q3Z876
Q3ZYW6	Q3ZYW6
Q40609	Q40609
Q44256	Q44256
Q44257	Q44257
Q462Q7	Q462Q7
Q46637	Q46637
Q46637	P71242
Q466H2	Q466H2
Q46812	Q46812
Q46CK6	Q46CK6
Q46IY6	Q46IY6
Q47269	Q47269
Q47851	Q47851
Q479U3	Q479U3
Q47BS0	Q47BS0
Q47BS0	A1KT93
Q47BS0	Q2Y6F9
Q47BS0	Q3SL66
Q47BS0	A9BMU9
Q47BS0	A1TM31
Q47BS0	A1VNF8
Q47BS0	A1WE12
Q47BS0	A2SHB1
Q47BS0	B1XXK9
Q47BS0	B9MFY0
Q47BS0	C5CXH0
Q47BS0	Q12AC2
Q47BS0	Q21W32
Q47BS0	Q13X32
Q47BS0	A0K7T2
Q47BS0	A2S2A6
Q47BS0	B2JIU7
Q47BS0	B1XU78
Q47BS0	Q7NS92
Q47BS0	Q7VWL4
Q47BS0	A9IK66
Q47LE2	Q47LE2
Q47S65	Q47S65
Q481H3	Q481H3
Q48259	Q48259
Q482I0	Q482I0
Q492B7	Q492B7
Q492B7	Q7VRP5
Q493K6	Q493K6
Q493T7	Q493T7
Q493U7	Q493U7
Q49649	Q49649
Q49UZ5	Q49UZ5
Q49Z69	Q49Z69
Q4A0R6	Q4A0R6
Q4A0R6	Q4L9C4
Q4A0R6	Q5HL18
Q4A0X5	Q4A0X5
Q4A600	Q4A600
Q4FLM0	Q4FLM0
Q4FN40	Q4FN40
Q98M18	Q98M18
Q98PL5	Q98PL5
Q98PW0	Q98PW0
Q98PY2	Q98PY2
Q98QN7	Q98QN7
Q98QU1	Q98QU1
Q98RC1	Q98RC1
Q99156	Q99156
Q99335	Q99335
Q99341	Q99341
Q9A9S4	Q9A9S4
Q9AJF7	Q9AJF7
Q9AME8	Q9AME8
Q9BI23	Q9BI23
Q9BPC0	Q9BPC0
Q9BXU2	Q9BXU2
Q9C0U3	Q9C0U3
Q9C101	Q9C101
Q9C8K7	Q9C8K7
Q9CAF9	Q9CAF9
Q9CB42	Q9CB42
Q9CDP0	Q9CDP0
Q9CJ67	Q9CJ67
Q9CKA5	Q9CKA5
Q9CQ21	Q9CQ21
Q9CQ21	Q5PPY1
Q9CQ21	Q9W445
Q9CQ21	Q86KL4
Q9CQ24	Q9CQ24
Q9D3X5	Q9D3X5
Q9D4V6	Q9D4V6
Q9D7H4	Q9D7H4
Q9DAZ5	Q9DAZ5
Q9EVN3	Q9EVN3
Q9FD08	Q9FD08
Q9FGE6	Q9FGE6
Q9FH21	Q9FH21
Q9FKA5	Q9FKA5
Q9FLJ4	Q9FLJ4
Q9FLS9	Q9FLS9
Q9FN26	Q9FN26
Q9FWC1	Q9FWC1
Q9GL23	Q9GL23
Q9HDS5	Q9HDS5
Q9HDV8	Q9HDV8
Q9HE00	Q9HE00
Q9HFU8	Q9HFU8
Q9HFU8	Q9USQ5
Q9HFU8	Q9HFU9
Q9HIB2	Q9HIB2
Q9HIP7	Q9HIP7
Q9HJW8	Q9HJW8
Q9HLR8	Q9HLR8
Q9HN72	Q9HN72
Q9HXY3	Q9HXY3
Q9I0S1	Q9I0S1
Q9JMT8	Q9JMT8
Q9JTQ0	Q9JTQ0
Q9JWD6	Q9JWD6
Q9JXM5	Q9JXM5
Q9JXZ2	Q9JXZ2
Q9K8M0	Q9K8M0
Q9KAC1	Q9KAC1
Q9KEC9	Q9KEC9
Q9KSB2	Q9KSB2
Q9KVY6	Q9KVY6
Q9L082	Q9L082
Q9L6Q3	Q9L6Q3
Q9L6Q3	P09126
Q9LDZ1	Q9LDZ1
Q9LEX5	Q9LEX5
Q9LEX8	Q9LEX8
Q9LHD9	Q9LHD9
Q9LHN5	Q9LHN5
Q9LIH5	Q9LIH5
Q9LIL5	Q9LIL5
Q9LJU6	Q9LJU6
Q9LK32	Q9LK32
Q9LMS5	Q9LMS5
Q9LP10	Q9LP10
Q9LPM8	Q9LPM8
Q9LQ31	Q9LQ31
Q9LTA3	Q9LTA3
Q9LTE4	Q9LTE4
Q9LVT1	Q9LVT1
Q9LX16	Q9LX16
Q9LX27	Q9LX27
Q9LX27	O22845
Q9M0Z9	Q9M0Z9
Q9M1V4	Q9M1V4
Q9M202	Q9M202
Q9M316	Q9M316
Q9M8L2	Q9M8L2
Q9N2U6	Q9N2U6
Q9N4V4	Q9N4V4
Q9NEX2	Q9NEX2
marts_E00234	marts_E00234
marts_E00235	marts_E00235
marts_E00241	marts_E00241
marts_E00241	marts_E00240
marts_E00241	marts_E00242
marts_E00252	marts_E00252
marts_E00253	marts_E00253
marts_E00253	marts_E00349
marts_E00253	marts_E01323
marts_E00254	marts_E00254
marts_E00263	marts_E00263
marts_E00266	marts_E00266
marts_E00271	marts_E00271
marts_E00271	marts_E01285
marts_E00271	marts_E01286
marts_E00271	marts_E01287
marts_E00271	marts_E01288
marts_E00271	marts_E01289
marts_E00271	marts_E01290
marts_E00278	marts_E00278
marts_E00279	marts_E00279
marts_E00279	marts_E00331
marts_E00279	marts_E01016
marts_E00282	marts_E00282
marts_E00282	marts_E00155
marts_E00282	marts_E00310
marts_E00282	marts_E00383
marts_E00282	marts_E01311
marts_E00289	marts_E00289
marts_E00289	marts_E00659
marts_E00291	marts_E00291
marts_E00291	marts_E00290
marts_E00291	marts_E00340
marts_E00291	marts_E00421
marts_E00291	marts_E00608
marts_E00291	marts_E00837
marts_E00291	marts_E00411
marts_E00291	marts_E00834
marts_E00291	marts_E00835
marts_E00291	marts_E00836
marts_E00291	marts_E01040
marts_E00291	marts_E00627
marts_E00291	marts_E00841
marts_E00291	marts_E00842
marts_E00291	marts_E00844
marts_E00291	marts_E01038
marts_E00291	marts_E01039
marts_E00291	marts_E01041
marts_E00291	marts_E01043
marts_E00291	marts_E01044
marts_E00291	marts_E01265
marts_E00291	marts_E01387
marts_E00291	marts_E01388
marts_E00322	marts_E00322
marts_E00322	marts_E00205
marts_E00322	marts_E00518
marts_E00322	marts_E00519
marts_E00322	marts_E00520
marts_E00334	marts_E00334
marts_E00334	marts_E00332
marts_E00334	marts_E00333
marts_E00334	marts_E00371
marts_E00334	marts_E00399
marts_E00334	marts_E00853
marts_E00334	marts_E00855
marts_E00334	marts_E00400
marts_E00334	marts_E00044
marts_E00334	marts_E00046
marts_E00334	marts_E00047
marts_E00334	marts_E00049
marts_E00334	marts_E00050
marts_E00334	marts_E01155
marts_E00334	marts_E00083
marts_E00334	marts_E00086
marts_E00334	marts_E00092
marts_E00334	marts_E00787
marts_E00334	marts_E01253
marts_E00334	marts_E01301
marts_E00334	marts_E00227
marts_E00334	marts_E00185
marts_E00334	marts_E00154
marts_E00334	marts_E00229
marts_E00334	marts_E00852
marts_E00334	marts_E00401
marts_E00334	marts_E00534
marts_E00334	marts_E00854
marts_E00334	marts_E00856
marts_E00334	marts_E00958
marts_E00334	marts_E00959
marts_E00334	marts_E00536
marts_E00334	marts_E01026
marts_E00334	marts_E00535
marts_E00334	marts_E01501
marts_E00334	marts_E00385
marts_E00334	marts_E00060
marts_E00334	marts_E00113
marts_E00334	marts_E00603
marts_E00334	marts_E00604
marts_E00334	marts_E00085
marts_E00334	marts_E00089
marts_E00334	marts_E00785
marts_E00334	marts_E00786
marts_E00334	marts_E00792
marts_E00337	marts_E00337
marts_E00338	marts_E00338
marts_E00344	marts_E00344
marts_E00347	marts_E00347
marts_E00348	marts_E00348
marts_E00350	marts_E00350
marts_E00350	marts_E00127
marts_E00353	marts_E00353
marts_E00357	marts_E00357
marts_E00357	marts_E00766
marts_E00360	marts_E00360
marts_E00360	marts_E00023
marts_E00360	marts_E00191
marts_E00360	marts_E00193
marts_E00360	marts_E00564
marts_E00360	marts_E00481
marts_E00360	marts_E00803
marts_E00360	marts_E01196
marts_E00360	marts_E00525
marts_E00360	marts_E00909
marts_E00365	marts_E00365
marts_E00365	marts_E01180
marts_E00365	marts_E00418
marts_E00365	marts_E00276
marts_E00365	marts_E00059
marts_E00365	marts_E00208
marts_E00365	marts_E00209
marts_E00365	marts_E00221
marts_E00365	marts_E00222
marts_E00365	marts_E00364
marts_E00365	marts_E00598
marts_E00365	marts_E00635
marts_E00365	marts_E00644
marts_E00365	marts_E00714
marts_E00365	marts_E00820
marts_E00365	marts_E00938
marts_E00365	marts_E01238
marts_E00365	marts_E01239
marts_E00365	marts_E01245
marts_E00365	marts_E01246
marts_E00365	marts_E01266
marts_E01468	marts_E01468
marts_E01469	marts_E01469
marts_E01469	marts_E01447
marts_E01472	marts_E01472
marts_E01474	marts_E01474
marts_E01476	marts_E01476
marts_E01478	marts_E01478
marts_E01478	marts_E01530
marts_E01478	marts_E01531
marts_E01478	marts_E01529
marts_E01478	marts_E00134
marts_E01478	marts_E00136
marts_E01478	marts_E01532
marts_E01479	marts_E01479
marts_E01479	marts_E01507
marts_E01485	marts_E01485
marts_E01485	marts_E01484
marts_E01486	marts_E01486
marts_E01488	marts_E01488
marts_E01491	marts_E01491
marts_E01492	marts_E01492
marts_E01494	marts_E01494
marts_E01495	marts_E01495
marts_E01496	marts_E01496
marts_E01498	marts_E01498
marts_E01499	marts_E01499
marts_E01503	marts_E01503
marts_E01503	marts_E00233
marts_E01503	marts_E01512
marts_E01506	marts_E01506
marts_E01506	marts_E01505
marts_E01506	marts_E01504
marts_E01508	marts_E01508
marts_E01508	marts_E00886
marts_E01508	marts_E00247
marts_E01508	marts_E01009
marts_E01508	marts_E01008
marts_E01510	marts_E01510
marts_E01510	marts_E00704
marts_E01513	marts_E01513
marts_E01516	marts_E01516
marts_E01516	marts_E01428
marts_E01516	marts_E00516
marts_E01516	marts_E00515
marts_E01516	marts_E01007
marts_E01516	marts_E01371
marts_E01516	marts_E01383
marts_E01516	marts_E01386
marts_E01516	marts_E01384
marts_E01516	marts_E01481
marts_E01516	marts_E01509
marts_E01516	marts_E01515
marts_E01518	marts_E01518
marts_E01519	marts_E01519
marts_E01520	marts_E01520
marts_E01521	marts_E01521
marts_E01528	marts_E01528
marts_E01528	marts_E00541
marts_E01533	marts_E01533
marts_E01533	marts_E00103
marts_E01534	marts_E01534
marts_E01534	marts_E01482
marts_E01535	marts_E01535
marts_E01535	marts_E00647
marts_E01536	marts_E01536
marts_E01536	marts_E00829
marts_E01536	marts_E01310
marts_E01537	marts_E01537
marts_E01538	marts_E01538
marts_E01538	marts_E00147
marts_E01539	marts_E01539
A0A0D1CKI0	A0A0D1CKI0
A0A0H3GDH9	A0A0H3GDH9
A0A0H3GGY3	A0A0H3GGY3
A0A0H3M5A8	A0A0H3M5A8
A0A0K3AUE4	A0A0K3AUE4
A0A0N7CSQ4	A0A0N7CSQ4
A0A172U6X0	A0A172U6X0
A0A1S7LCW6	A0A1S7LCW6
A0A1Y3DYH2	A0A1Y3DYH2
A0A509AM03	A0A509AM03
A0A7J6JXB6	A0A7J6JXB6
A0QTP2	A0QTP2
A0QWT2	A0QWT2
A0R6D0	A0R6D0
A1Z7R6	A1Z7R6
A2AJI0	A2AJI0
A2Q5W1	A2Q5W1
A2QYT9	A2QYT9
A2RVU1	A2RVU1
A3EWL3	A3EWL3
Q54RQ1	Q54RQ1
Q54S83	Q54S83
Q54WE5	Q54WE5
Q54YD9	Q54YD9
Q54YW1	Q54YW1
Q553K4	Q553K4
Q556N5	Q556N5
Q55BH9	Q55BH9
Q568Q0	Q568Q0
Q56YN8	Q56YN8
Q571I4	Q571I4
Q57V41	Q57V41
Q580X6	Q580X6
Q58A45	Q58A45
Q59Z29	Q59Z29
Q5A599	Q5A599
Q5AAF4	Q5AAF4
Q5ACU9	Q5ACU9
Q5AF56	Q5AF56
Q5AFI4	Q5AFI4
Q5AH02	Q5AH02
Q5AL36	Q5AL36
Q5AQQ0	Q5AQQ0
Q5BJH2	Q5BJH2
Q5DU00	Q5DU00
Q5DX21	Q5DX21
Q5EK40	Q5EK40
Q5GIT4	Q5GIT4
Q5H9J7	Q5H9J7
Q5H9R7	Q5H9R7
Q5KU26	Q5KU26
Q5LLW6	Q5LLW6
Q5LRT0	Q5LRT0
Q5LRT0	P0DX84
Q5LRT0	Q00594
Q5M868	Q5M868
Q5NVN3	Q5NVN3
Q5P5G5	Q5P5G5
Q5R733	Q5R733
Q5R8X7	Q5R8X7
Q5STT6	Q5STT6
Q5SVQ0	Q5SVQ0
Q5SXY1	Q5SXY1
Q5T9C9	Q5T9C9
Q5TA31	Q5TA31
Q5U2U2	Q5U2U2
Q5VTE6	Q5VTE6
Q5WA76	Q5WA76
Q5XPJ9	Q5XPJ9
Q5ZXN6	Q5ZXN6
Q60664	Q60664
Q61072	Q61072
Q62141	Q62141
Q62178	Q62178
Q62318	Q62318
Q62417	Q62417
Q64202	Q64202
Q64455	Q64455
Q66GQ5	Q66GQ5
Q66GQ5	Q0WW17
Q66GQ5	Q8L7C8
Q66GQ5	Q9FXG3
Q67ZB6	Q67ZB6
Q6A051	Q6A051
Q6AYT2	Q6AYT2
Q6DHI1	Q6DHI1
Q6F6B5	Q6F6B5
Q6J4Q1	Q6J4Q1
Q6J4Q1	A0A6P3DHB8
Q6JDV7	Q6JDV7
Q6K332	Q6K332
Q6K332	Q84MB6
Q6K332	F4IY03
Q6K332	Q8H113
Q6K332	A0A0R4J5R0
Q6L5B5	Q6L5B5
Q6NN55	Q6NN55
Q6P0R8	Q6P0R8
Q6P4R8	Q6P4R8
Q6PBT8	Q6PBT8
Q6PGL7	Q6PGL7
Q6Q1P4	Q6Q1P4
Q6QHD1	Q6QHD1
Q6QT07	Q6QT07
Q6QT07	Q8HXG8
Q6QT07	Q99NF1
Q6R5N8	Q6R5N8
Q6RET6	Q6RET6
Q6TMK4	Q6TMK4
Q6UWP7	Q6UWP7
Q6UWP7	Q3UN02
Q6UWP7	Q5F3X0
Q6UWP7	Q6NYV8
Q6VAB6	Q6VAB6
P0AEJ8	P0AEJ8
P0AEZ7	P0AEZ7
P0AF03	P0AF03
P0AFN2	P0AFN2
P0AFR9	P0AFR9
P0C0K7	P0C0K7
P0C2J9	P0C2J9
P0C6S0	P0C6S0
P0C7W3	P0C7W3
P0CU31	P0CU31
P0DI86	P0DI86
P0DJJ1	P0DJJ1
P0DN96	P0DN96
P0DPK0	P0DPK0
P0DQX6	P0DQX6
P0DRI8	P0DRI8
P0DUE1	P0DUE1
P0DV57	P0DV57
P0DV96	P0DV96
P10726	P10726
P10901	P10901
P11295	P11295
P12737	P12737
P13744	P13744
P14794	P14794
P15120	P15120
P16679	P16679
P17279	P17279
P17437	P17437
P17725	P17725
P18169	P18169
P18357	P18357
P18889	P18889
P19026	P19026
P19467	P19467
P19816	P19816
P19816	P27128
P20028	P20028
P21215	P21215
P21334	P21334
P21334	Q8X0Z0
P21334	P48537
P21334	P54982
P22152	P22152
P22805	P22805
P22895	P22895
P23312	P23312
P23482	P23482
P23849	P23849
P23902	P23902
P24118	P24118
P24400	P24400
P25060	P25060
P25559	P25559
P25959	P25959
P26173	P26173
P26173	A4WRA6
P26173	A8LQ20
P26173	B9KK15
P26173	Q16DR2
P26173	Q28W27
P26173	Q5LWT6
P27116	P27116
P27917	P27917
P27917	P19035
P27917	G5BQH4
P27917	P18659
P27917	P02656
P27917	P0DSP0
P27917	P0DTS5
P27917	P12279
P27917	P0DN28
P27917	Q9Z2R5
P27917	P33622
P27917	P06759
P28868	P28868
P28904	P28904
P32943	P32943
P33376	P33376
P33518	P33518
P35723	P35723
P36053	P36053
P36101	P36101
P36362	P36362
P37352	P37352
P37352	Q9RPU5
P38152	P38152
P38226	P38226
P38276	P38276
P38622	P38622
P38699	P38699
P38772	P38772
P38866	P38866
P38938	P38938
P39138	P39138
P39370	P39370
P39684	P39684
P39897	P39897
P39953	P39953
P39967	P39967
P40025	P40025
P40386	P40386
P40567	P40567
A0RNY9	A0RNY9
A1A4J8	A1A4J8
A1A4J8	O75880
A1A4J8	Q5SUC9
A1A4V9	A1A4V9
A1A652	A1A652
A1AW56	A1AW56
A1B964	A1B964
A1B964	Q166F7
A1B964	A4WUI0
A1B964	B9KRT8
A1B964	Q3J2X6
A1B964	Q1GGR8
A1B964	Q5LSV5
A1B964	A8LK35
A1B964	Q28PI4
A1BCE9	A1BCE9
A1BFF9	A1BFF9
A1CQC3	A1CQC3
A1DBT4	A1DBT4
A1DBT5	A1DBT5
A1DN09	A1DN09
A1KF14	A1KF14
A1KU16	A1KU16
A1L272	A1L272
A1RY04	A1RY04
A1RZJ9	A1RZJ9
A1S909	A1S909
A1S909	A3QAK2
A1S909	A8G014
A1S909	B1KE36
A1S909	Q07Y17
A1S909	Q8EAY1
A1S909	A1JQV7
A1S909	A4THT8
A1S909	A1SRE0
A1S909	A9N5X9
A1S909	Q5QY18
A1S909	Q6D163
A1S909	P30870
A1S909	A8APT2
A1S909	A8GJU4
A1S909	B5XU39
A1S909	Q6LUZ6
A1S909	B4EW47
A1S909	Q8DEH6
A1S909	Q7N0C2
A1S909	Q87SK0
A1S909	Q9KPD4
A1SL83	A1SL83
A1SMR4	A1SMR4
A1U0V1	A1U0V1
A1VDB2	A1VDB2
A5FFP4	A5FFP4
A5FYL0	A5FYL0
A5FZB8	A5FZB8
A5GE43	A5GE43
A5GE43	B9M876
A5GE43	B3E590
A5GE43	A1AU18
A5GE43	Q39ZX2
A5GE43	Q2LTI8
A5GE43	B5E9C1
A5GE43	Q2SJX0
A5IDN6	A5IDN6
A5IDN6	Q6MMK2
A5IHG9	A5IHG9
A5IVC7	A5IVC7
A5IVC7	Q49ZS3
A5IVC7	Q4L8K4
A5IVC7	Q5HLP8
A5N6I4	A5N6I4
A5PKK9	A5PKK9
A5UU35	A5UU35
A5UUG7	A5UUG7
A5UYJ2	A5UYJ2
A5UYJ2	A7NRZ0
A5UYJ2	A9AY15
A5UYJ2	A9WDJ6
A5UYJ2	B8G9R5
A5UYJ2	B9L505
A5UYJ2	Q9KAC3
A5UZT9	A5UZT9
A5VJL7	A5VJL7
A5VKT6	A5VKT6
A5VKT6	Q03G75
A5VKT6	B2GD80
A5VKT6	Q038E3
A5VKT6	Q03RP7
A5VKT6	Q1WUH1
A5VKT6	Q88WP5
A5WDN1	A5WDN1
A5WDN1	Q4FT85
A5WDN1	Q1QAN0
A5WDY2	A5WDY2
A6H098	A6H098
A6H098	A5FB76
A6H098	A0M2G0
A6KWL7	A6KWL7
A6KWL7	Q64XX2
A6KWL7	Q8A018
A6KWL7	A6LDS8
A6KWL7	B6YRM5
A6KWL7	Q7MAW8
A6L013	A6L013
A6L170	A6L170
A6L170	B6YR59
A6L170	Q5LH49
A6L170	Q8A0F5
A6L1P5	A6L1P5
A6L1P5	Q8A625
A6L1P5	Q5L9K3
A6L1P5	B6YQB8
A6L1P5	Q11YY5
A6L1P5	A6LIB3
A6L1P5	B3QSU2
A6L1P5	Q7MWK6
A6LFK9	A6LFK9
A6Q1Q8	A6Q1Q8
A6Q1Q8	A8ER62
A6Q1Q8	Q30PJ5
A6Q1Q8	A6QCE8
A6Q1Q8	B9L615
A6TVN9	A6TVN9
A6TVN9	A8MJ51
B3QSE2	B3QSE2
B3QWT4	B3QWT4
B3QZS3	B3QZS3
B4JW99	B4JW99
B4RC79	B4RC79
B4RCE2	B4RCE2
B4S5G6	B4S5G6
B4SDS7	B4SDS7
B4SH48	B4SH48
B4SH48	A1BJX7
B4SH48	A4SH01
B4SH48	B3EIK7
B4SH48	B3EQB7
B4SH48	B3QLW3
B4SH48	B4S6Q8
B4SH48	Q3ANV2
B4SH48	Q3B130
B4SH48	Q8KGD5
B4U6P0	B4U6P0
B4U6P0	B2VAE4
B4U6P0	O67162
B4U965	B4U965
B4U9P0	B4U9P0
B4U9P0	O67693
B4UEK4	B4UEK4
B4UEK4	A7HCQ8
B4UHY1	B4UHY1
B5CY96	B5CY96
B5DEB9	B5DEB9
B5DEB9	Q4V7K4
B5E960	B5E960
B5EJE8	B5EJE8
B5ELF7	B5ELF7
B5FVI0	B5FVI0
B5VE42	B5VE42
B5Y7V9	B5Y7V9
B5Y8R8	B5Y8R8
B5YBQ2	B5YBQ2
B5YJ55	B5YJ55
B5YK93	B5YK93
B5YLE5	B5YLE5
B6A877	B6A877
B6HIC2	B6HIC2
P0A118	P0A118
P0A118	Q9I5W0
P0A3G2	P0A3G2
P0A3S3	P0A3S3
P0A400	P0A400
P0A400	P65832
P0A400	P37551
P0A9F6	P0A9F6
P0ABW3	P0ABW3
P0AC59	P0AC59
P0ADT5	P0ADT5
P0AE95	P0AE95
P0AE95	P0A200
P0AEL3	P0AEL3
P0AGJ2	P0AGJ2
P0C0W8	P0C0W8
P0C1Y5	P0C1Y5
P0C1Z4	P0C1Z4
P0C550	P0C550
P0C550	Q38998
P0C550	Q8GXE6
P0C550	Q9SCX5
P0C550	Q8H569
P0C623	P0C623
P0CB91	P0CB91
P0CB91	Q9DCJ5
P0CB91	P42029
P0CH57	P0CH57
P0CI70	P0CI70
P0CM36	P0CM36
P0CM88	P0CM88
P0CN80	P0CN80
P0CO40	P0CO40
P0CO70	P0CO70
P0CP88	P0CP88
P0CR60	P0CR60
P0CS08	P0CS08
P0CU72	P0CU72
P0CV52	P0CV52
P0DB80	P0DB80
P0DB80	A8AUV1
P0DB80	Q04M86
P0DB80	Q8DUI9
P0DKM0	P0DKM0
P0DM53	P0DM53
P0DM70	P0DM70
P0DPG3	P0DPG3
P0DQA4	P0DQA4
P0DQL3	P0DQL3
P0DQM8	P0DQM8
P0DQW7	P0DQW7
P0DQW8	P0DQW8
P0DSM1	P0DSM1
P0DTD7	P0DTD7
P0DTU0	P0DTU0
P0DV77	P0DV77
P0DW31	P0DW31
P0DX49	P0DX49
P0DX95	P0DX95
P0DXA9	P0DXA9
P0DXG2	P0DXG2
P0DXH2	P0DXH2
P0DXV8	P0DXV8
P0DXV8	A0A0L1JG62
P0DXV8	P0DXV7
P0DXX8	P0DXX8
P0DY19	P0DY19
P10112	P10112
P11409	P11409
P12045	P12045
P12060	P12060
P12261	P12261
P12634	P12634
P12864	P12864
P13079	P13079
P13429	P13429
P13490	P13490
P13636	P13636
P13701	P13701
P14204	P14204
P14484	P14484
P14905	P14905
P15113	P15113
P15490	P15490
P15490	P10743
P15782	P15782
P15922	P15922
P16159	P16159
P16184	P16184
P16397	P16397
P17979	P17979
P18193	P18193
P18393	P18393
P18798	P18798
P18798	P27354
Q2NSM3	Q2NSM3
Q2PQM6	Q2PQM6
Q2QM69	Q2QM69
Q2R2P7	Q2R2P7
Q2R8L1	Q2R8L1
Q2R8P2	Q2R8P2
Q2RH52	Q2RH52
Q2RIU8	Q2RIU8
Q2RIU8	Q67NT4
Q2RJ46	Q2RJ46
Q2RJF1	Q2RJF1
Q2RM63	Q2RM63
Q2RSY6	Q2RSY6
Q2RZD2	Q2RZD2
Q2S0L2	Q2S0L2
Q2S0U3	Q2S0U3
Q2S2F9	Q2S2F9
Q2S2H7	Q2S2H7
Q2S325	Q2S325
Q2S5G4	Q2S5G4
Q2TA17	Q2TA17
Q2TXG2	Q2TXG2
Q2U0K0	Q2U0K0
Q2U3M0	Q2U3M0
Q2UEL0	Q2UEL0
Q2UQZ5	Q2UQZ5
Q2V2K5	Q2V2K5
Q2VPS3	Q2VPS3
Q2W4T8	Q2W4T8
Q2W8Q7	Q2W8Q7
Q2YKB4	Q2YKB4
Q30RE2	Q30RE2
Q30RE2	A6QBB6
Q316F5	Q316F5
Q316F5	B8DMK7
Q316F5	C4XUD2
Q316F5	Q72G08
Q316F5	B8J3G9
Q31EW3	Q31EW3
Q31EW3	Q8L1I4
Q31GV5	Q31GV5
Q32KW9	Q32KW9
Q32PI0	Q32PI0
Q339W7	Q339W7
Q37373	Q37373
Q37711	Q37711
Q39TZ3	Q39TZ3
Q39TZ3	Q74BP1
Q39TZ3	A0LJK3
Q39TZ3	A1AT90
Q39TZ3	A5GEV6
Q39TZ3	B9M3M9
Q39TZ3	B3E5Z1
Q39TZ3	B5EGD5
Q39TZ3	Q2LUR0
Q39TZ3	Q3A503
Q7SBS7	Q7SBS7
Q7SHH9	Q7SHH9
Q7SHR8	Q7SHR8
Q7SY21	Q7SY21
Q7SY31	Q7SY31
Q7SY31	Q0V9Z3
Q7SY31	Q0IHD6
Q7SY31	Q2KHV2
Q7SY31	Q5RDP8
Q7SY31	Q66H28
Q7SYS6	Q7SYS6
Q7T0X5	Q7T0X5
Q7T3Q7	Q7T3Q7
Q7TPM1	Q7TPM1
Q7TSW6	Q7TSW6
Q7TU09	Q7TU09
Q7TV89	Q7TV89
Q7TV89	A9BD80
Q7TV89	A2BTL7
Q7TV89	A2BZ20
Q7TV89	A3PFC4
Q7TV89	A8G7E1
Q7TV89	Q318A6
Q7TV89	Q7TU25
Q7TV89	Q3ANG7
Q7TV89	A5GI07
Q7TV89	A5GQ35
Q7TV89	Q0IDZ4
Q7TV89	Q3B0M1
Q7TV89	Q7TTX9
Q7TV89	Q46IH4
Q7TV89	A2C585
Q7TV89	Q7TV75
Q7U323	Q7U323
Q7UFZ2	Q7UFZ2
Q7UJ62	Q7UJ62
Q7UXH9	Q7UXH9
Q7V2Z3	Q7V2Z3
Q7V3P8	Q7V3P8
Q7VEG0	Q7VEG0
Q7VGM5	Q7VGM5
Q7VK65	Q7VK65
Q7WLU9	Q7WLU9
Q7WNM3	Q7WNM3
Q7X5C9	Q7X5C9
Q7X5C9	B0K226
Q7X5C9	A4J898
Q7X5C9	Q2RHG3
Q7X5C9	Q97MD1
Q7X5C9	A5I1Z6
Q7X5C9	Q0TUX8
Q7X5C9	Q892U0
Q7X5C9	C5CGP2
Q7XCL0	Q7XCL0
Q7XKI7	Q7XKI7
Q7Z269	Q7Z269
Q7Z6M2	Q7Z6M2
Q7Z6M2	Q8VE08
Q80VP9	Q80VP9
Q80W49	Q80W49
Q810N6	Q810N6
Q81DF9	Q81DF9
Q81JL2	Q81JL2
Q81PL1	Q81PL1
Q81X04	Q81X04
Q820Y4	Q820Y4
Q820Y7	Q820Y7
Q822F7	Q822F7
Q822F7	Q255H6
Q822F7	Q5L5F1
Q822F7	Q9Z6M3
Q831L8	Q831L8
Q835V5	Q835V5
Q836J9	Q836J9
Q9XIP8	Q9XIP8
Q9XRX5	Q9XRX5
Q9XZV5	Q9XZV5
Q9Y778	Q9Y778
Q9Y7K7	Q9Y7K7
Q9Y7T3	Q9Y7T3
Q9Y7T9	Q9Y7T9
Q9Y7Y2	Q9Y7Y2
Q9Y815	Q9Y815
Q9Y946	Q9Y946
Q9YB30	Q9YB30
Q9YDX6	Q9YDX6
Q9YEK4	Q9YEK4
Q9YEK9	Q9YEK9
Q9YHZ5	Q9YHZ5
Q9YHZ5	Q91822
Q9YHZ5	O70444
Q9YHZ5	P06803
Q9YHZ5	P11309
Q9YHZ5	Q9PU85
Q9YHZ5	Q9P1W9
Q9YHZ5	Q62070
Q9Z1P7	Q9Z1P7
Q9Z4P6	Q9Z4P6
Q9Z6T7	Q9Z6T7
Q9Z833	Q9Z833
Q9ZCV2	Q9ZCV2
Q9ZD04	Q9ZD04
Q9ZFB7	Q9ZFB7
Q9ZHE4	Q9ZHE4
Q9ZJU5	Q9ZJU5
Q9ZL29	Q9ZL29
Q9ZLI5	Q9ZLI5
Q9ZQ70	Q9ZQ70
Q9ZSJ6	Q9ZSJ6
Q9ZST8	Q9ZST8
Q9ZUU3	Q9ZUU3
Q9ZVT1	Q9ZVT1
Q9ZVT1	Q9FZD9
Q9ZVT1	O22897
S0DW25	S0DW25
S0E9A6	S0E9A6
S3E7Q2	S3E7Q2
S5FU55	S5FU55
S7QKE2	S7QKE2
S7QKE2	A0A1C9ZMC3
T2KM23	T2KM23
T2KNA3	T2KNA3
W1QDJ3	W1QDJ3
W6QJR3	W6QJR3
X5CWH9	X5CWH9
A0A067XMT3	A0A067XMT3
A0A084AFG6	A0A084AFG6
A0A084B9Z1	A0A084B9Z1
A0A084R1K1	A0A084R1K1
A0A0A2KPB9	A0A0A2KPB9
A0A0D1E951	A0A0D1E951
A0A0F8XMN8	A0A0F8XMN8
A0A0M8MZA1	A0A0M8MZA1
A0A0S4NND9	A0A0S4NND9
A0A140NFA3	A0A140NFA3
A0A142C7A3	A0A142C7A3
A0A1B4XBH5	A0A1B4XBH5
A0A1D0BRC1	A0A1D0BRC1
A0A1D8PE43	A0A1D8PE43
A0A1D8PKI7	A0A1D8PKI7
A0A1L9WLD2	A0A1L9WLD2
A0A1L9WLD2	A0A411PQL6
A0A1L9WLK0	A0A1L9WLK0
A0A1Q9P359	A0A1Q9P359
A0A2Z4HPY9	A0A2Z4HPY9
A0A2Z5TTA9	A0A2Z5TTA9
A0A2Z5XAK7	A0A2Z5XAK7
A0A345BJP6	A0A345BJP6
A0A384E126	A0A384E126
A0A384XC21	A0A384XC21
A0A386L1Q6	A0A386L1Q6
A0A3G1DIQ9	A0A3G1DIQ9
A0A3G1DJI3	A0A3G1DJI3
A0A3G1DJI9	A0A3G1DJI9
A0A3G1DJI9	A0A345BJP2
A0A3G3C7T2	A0A3G3C7T2
A0A3Q1LFG5	A0A3Q1LFG5
A0A3R5XUE6	A0A3R5XUE6
A0A411PQP0	A0A411PQP0
A0A5B8Z670	A0A5B8Z670
A0A7I2V3R4	A0A7I2V3R4
A0A7S8RGC8	A0A7S8RGC8
A0A7T8F1L1	A0A7T8F1L1
A0A8F4NV97	A0A8F4NV97
A0A8J9R8G6	A0A8J9R8G6
A0A8J9RZ21	A0A8J9RZ21
A0A8K1YTT9	A0A8K1YTT9
P0C228	P0C228
P0C2A3	P0C2A3
P0C2B3	P0C2B3
P0C2U9	P0C2U9
P0C866	P0C866
P0C8V0	P0C8V0
P0C8W6	P0C8W6
P0CE74	P0CE74
P0CL83	P0CL83
P0CL85	P0CL85
P0CM73	P0CM73
P0CM84	P0CM84
P0CN59	P0CN59
P0CN73	P0CN73
P0CO74	P0CO74
P0CP63	P0CP63
P0CR48	P0CR48
P0CR50	P0CR50
P0CS06	P0CS06
P0CV72	P0CV72
P0CY76	P0CY76
P0DD24	P0DD24
P0DH66	P0DH66
P0DH68	P0DH68
P0DH82	P0DH82
P0DJ18	P0DJ18
P0DJ21	P0DJ21
P0DJ54	P0DJ54
P0DM34	P0DM34
P0DMF9	P0DMF9
P0DMX5	P0DMX5
P0DMX5	G0W2H9
P0DMX5	G0W2H8
P0DMX5	G0W2I0
P0DMZ3	P0DMZ3
P0DN55	P0DN55
P0DN57	P0DN57
P0DP42	P0DP42
P0DPX9	P0DPX9
P0DQA1	P0DQA1
P0DQD7	P0DQD7
P0DQF8	P0DQF8
P0DQM0	P0DQM0
P0DRI0	P0DRI0
P0DRI5	P0DRI5
P0DSM3	P0DSM3
P0DTN6	P0DTN6
P0DTX7	P0DTX7
P0DTX8	P0DTX8
P0DTX9	P0DTX9
P0DUF4	P0DUF4
P0DUR9	P0DUR9
P10095	P10095
P10095	P10094
P10341	P10341
P10399	P10399
P10519	P10519
P11470	P11470
P11726	P11726
P11910	P11910
P12321	P12321
P12358	P12358
P12832	P12832
P12853	P12853
P13081	P13081
P13424	P13424
P13440	P13440
P14185	P14185
P14309	P14309
P15011	P15011
P15142	P15142
P15492	P15492
P15594	P15594
P15609	P15609
P15649	P15649
P15730	P15730
P16405	P16405
P16470	P16470
P17430	P17430
P17552	P17552
P17627	P17627
P18896	P18896
P19009	P19009
P19009	P19011
P19009	P19010
P19077	P19077
P19371	P19371
P19398	P19398
P19463	P19463
P19864	P19864
P19909	P19909
P20302	P20302
P20384	P20384
P20413	P20413
P20598	P20598
P21295	P21295
P21298	P21298
P21612	P21612
P21686	P21686
P21863	P21863
Q58454	Q58454
Q58466	Q58466
Q58466	P39623
Q58599	Q58599
Q58624	Q58624
Q58639	Q58639
Q58668	Q58668
Q58730	Q58730
Q58763	Q58763
Q58829	Q58829
Q58895	Q58895
Q58942	Q58942
Q58948	Q58948
Q58963	Q58963
Q59047	Q59047
Q59939	Q59939
Q59990	Q59990
Q59NQ9	Q59NQ9
Q59W55	Q59W55
Q5A4J4	Q5A4J4
Q5A7Q3	Q5A7Q3
Q5AHC0	Q5AHC0
Q5AJK6	Q5AJK6
Q5AMJ5	Q5AMJ5
Q5BDI8	Q5BDI8
Q5E3A2	Q5E3A2
Q5EA92	Q5EA92
Q5F479	Q5F479
Q5FH15	Q5FH15
Q5FPK5	Q5FPK5
Q5FRR4	Q5FRR4
Q5FVX5	Q5FVX5
Q5HL70	Q5HL70
Q5HLA0	Q5HLA0
Q5HLA0	P63940
Q5HLR3	Q5HLR3
Q5HPS0	Q5HPS0
Q5HRB0	Q5HRB0
Q5HWC0	Q5HWC0
Q5JQD4	Q5JQD4
Q5KZT7	Q5KZT7
Q5LIK3	Q5LIK3
Q5LIK3	A6L065
Q5LIK3	Q8A275
Q5LMA4	Q5LMA4
Q5LR59	Q5LR59
Q5MK86	Q5MK86
Q5NIA7	Q5NIA7
Q5NP65	Q5NP65
Q5NR81	Q5NR81
Q5PB48	Q5PB48
Q5R0H4	Q5R0H4
Q5R4R7	Q5R4R7
Q5R7F8	Q5R7F8
Q5RAA7	Q5RAA7
Q5RAR5	Q5RAR5
Q5RB33	Q5RB33
Q5RFM3	Q5RFM3
Q5RG45	Q5RG45
Q5SBL4	Q5SBL4
Q5SLX2	Q5SLX2
Q5T5F5	Q5T5F5
Q5U3U6	Q5U3U6
Q5UZ90	Q5UZ90
Q5W150	Q5W150
Q5WAE0	Q5WAE0
Q5X4M9	Q5X4M9
Q5ZI40	Q5ZI40
Q9NFN6	Q9NFN6
Q9NFN6	P97494
Q9NFN6	P48506
Q9NFN6	Q9W3K5
Q9NFN6	Q20117
Q9P3T8	Q9P3T8
Q9P6M9	Q9P6M9
Q9P7J1	Q9P7J1
Q9P7Q1	Q9P7Q1
Q9PFB0	Q9PFB0
Q9PHT9	Q9PHT9
Q9PJS3	Q9PJS3
Q9PKC2	Q9PKC2
Q9PKC2	O84274
Q9PKC2	Q253Y0
Q9PKC2	Q5L6B5
Q9PKC2	Q823N6
Q9PKC2	Q9Z8C2
Q9PQB4	Q9PQB4
Q9PQK9	Q9PQK9
Q9PR88	Q9PR88
Q9PRQ4	Q9PRQ4
Q9R6X4	Q9R6X4
Q9R6X4	Q31N27
Q9R6X4	Q9SMJ3
Q9R6X4	Q38893
Q9R6X4	Q9ZTP4
Q9R6X4	C3VEQ0
Q9R6X4	O49901
Q9R6X4	Q9FV46
Q9R6X4	Q9SE20
Q9R6X4	P74306
Q9R9N1	Q9R9N1
Q9RN18	Q9RN18
Q9RNG8	Q9RNG8
Q9RPT0	Q9RPT0
Q9RPT0	O68638
Q9RRC4	Q9RRC4
Q9RTA0	Q9RTA0
Q9RTA0	C1D1L7
Q9RTA0	Q1J0B7
Q9RTA0	Q5SJD9
Q9RW28	Q9RW28
Q9SAH2	Q9SAH2
Q9SHK2	Q9SHK2
Q9SHV5	Q9SHV5
Q9SM27	Q9SM27
Q9STZ8	Q9STZ8
Q9SUA4	Q9SUA4
Q9SVC5	Q9SVC5
Q9SVF3	Q9SVF3
Q9SXW9	Q9SXW9
Q9TLV1	Q9TLV1
Q9TVY1	Q9TVY1
Q9U968	Q9U968
Q9U968	O46197
Q9URT2	Q9URT2
Q9US42	Q9US42
Q9USH0	Q9USH0
Q9UT07	Q9UT07
Q9UTA2	Q9UTA2
Q9UTA6	Q9UTA6
Q9UUA5	Q9UUA5
Q9UUH0	Q9UUH0
Q9UUK0	Q9UUK0
Q9UX78	Q9UX78
Q9UX78	C3NH77
Q9V148	Q9V148
Q9V2F9	Q9V2F9
Q9V2S1	Q9V2S1
Q9V2S1	Q8TZK2
Q9V2S1	P58199
Q9V2S1	Q5JH32
Q9V2S1	B6YSX5
Q9V9Z1	Q9V9Z1
Q9VEB5	Q9VEB5
Q9VEW2	Q9VEW2
Q9VIK9	Q9VIK9
Q9VMX1	Q9VMX1
Q9VPF9	Q9VPF9
Q9VPL3	Q9VPL3
Q9VW12	Q9VW12
Q9VYA7	Q9VYA7
Q9W021	Q9W021
Q9W0Y2	Q9W0Y2
Q9W1J3	Q9W1J3
Q9W4S1	Q9W4S1
Q9WXD8	Q9WXD8
Q9WY60	Q9WY60
Q9WYG1	Q9WYG1
Q9X1M6	Q9X1M6
Q9X1Y4	Q9X1Y4
Q9XZ71	Q9XZ71
Q9Y7J8	Q9Y7J8
Q9Y7P8	Q9Y7P8
Q9Y7Y0	Q9Y7Y0
Q9Y824	Q9Y824
Q9Y8J3	Q9Y8J3
Q9Y9B6	Q9Y9B6
Q9Y9T9	Q9Y9T9
Q9Y9W8	Q9Y9W8
Q9Z448	Q9Z448
Q9Z527	Q9Z527
Q9Z5D6	Q9Z5D6
Q9Z5D6	P26170
Q9Z6S7	Q9Z6S7
Q9Z9C9	Q9Z9C9
Q9ZCN9	Q9ZCN9
Q9ZJG0	Q9ZJG0
Q9ZJY0	Q9ZJY0
Q9ZMA1	Q9ZMA1
Q9ZMR3	Q9ZMR3
Q9ZN37	Q9ZN37
Q9ZP55	Q9ZP55
Q9K678	Q9K678
Q9KDJ5	Q9KDJ5
Q9KL40	Q9KL40
Q9KRX4	Q9KRX4
Q9KUP7	Q9KUP7
Q9KUP7	P58582
Q9KUP7	Q87LK1
Q9KUP7	Q8DCA9
Q9KUP7	P57612
Q9KUP7	P04425
Q9KUP7	A0A482PU20
Q9KUP7	P58581
Q9KUP7	Q7M7H8
Q9KUP7	Q87VA4
Q9KUP7	Q88D35
Q9KUP7	Q8K931
Q9KUP7	Q9I697
Q9KUP7	P59495
Q9KUP7	Q8D335
Q9KVI9	Q9KVI9
Q9KVK6	Q9KVK6
Q9KWI8	Q9KWI8
Q9KWI8	P0C0X6
Q9KWI8	P26179
Q9KWI8	P26277
Q9KWI8	Q9JPB9
Q9L233	Q9L233
Q9L4Q7	Q9L4Q7
Q9L4Y1	Q9L4Y1
Q9L7M1	Q9L7M1
Q9L9F3	Q9L9F3
Q9L9F4	Q9L9F4
Q9L9F7	Q9L9F7
Q9LFF1	Q9LFF1
Q9LFL3	Q9LFL3
Q9LHL3	Q9LHL3
Q9LJ68	Q9LJ68
Q9LK27	Q9LK27
Q9LMU1	Q9LMU1
Q9LPI5	Q9LPI5
Q9LS88	Q9LS88
Q9LSE4	Q9LSE4
Q9LSS7	Q9LSS7
Q9LT72	Q9LT72
Q9LTA2	Q9LTA2
Q9LTV6	Q9LTV6
Q9LYU9	Q9LYU9
Q9M0H6	Q9M0H6
Q9M0H6	Q7Y223
Q9M0H6	Q0JJD4
Q9M0R7	Q9M0R7
Q9M149	Q9M149
Q9M322	Q9M322
Q9M7I9	Q9M7I9
Q9M8W5	Q9M8W5
Q9MA60	Q9MA60
Q9MUP8	Q9MUP8
Q9MYU8	Q9MYU8
Q9N5X6	Q9N5X6
Q9NNX9	Q9NNX9
Q9NYT0	Q9NYT0
Q9P6J1	Q9P6J1
Q9P6P9	Q9P6P9
Q9P7L3	Q9P7L3
Q9P7N3	Q9P7N3
Q9PEE7	Q9PEE7
Q9PH02	Q9PH02
Q9PH02	Q8PFQ5
Q9PIR7	Q9PIR7
Q9PK62	Q9PK62
Q9PKP3	Q9PKP3
Q9PKP3	P0DPS7
Q9PKP3	Q822R1
Q9PKP3	Q7AJA5
B1YLS1	B1YLS1
B1ZN99	B1ZN99
B1ZND7	B1ZND7
B1ZNE0	B1ZNE0
B1ZSX8	B1ZSX8
B1ZWP4	B1ZWP4
B2A4F2	B2A4F2
B2AMJ3	B2AMJ3
B2ITQ3	B2ITQ3
B2ITV8	B2ITV8
B2ITV8	P72978
B2ITV8	B0CBA0
B2ITV8	B0JLZ5
B2ITV8	B1WP68
B2ITV8	B1XQL3
B2ITV8	B7KA41
B2ITV8	B7K1C1
B2ITV8	Q2JV29
B2ITV8	Q2JQ31
B2ITV8	Q31QX6
B2ITV8	Q7NJ10
B2ITV8	Q8DIH3
B2ITV8	Q8YYB4
B2ITV8	Q118J9
B2KED0	B2KED0
B2KEW8	B2KEW8
B2KEX2	B2KEX2
B2RRL2	B2RRL2
B2RRL2	Q9Y4A0
B2RRL2	Q4W5G0
B2RRL2	Q0VBL1
B2RV13	B2RV13
B2S0M1	B2S0M1
B2S2W9	B2S2W9
B2SE35	B2SE35
B2SQR2	B2SQR2
B2UG65	B2UG65
B2UG65	Q62JH0
B2UG65	Q63QS9
B2UG65	Q8XUB7
B2UG65	A6V7Y9
B2UG65	A4VP32
B2UG65	B7UW33
B2UG65	Q3KFK9
B2UG65	Q4K8H3
B2UG65	Q6LPX9
B2UG65	Q87YX4
B2UG65	Q6F6Y1
B2UG65	A3MA02
B2UG65	Q92VC1
B2UML6	B2UML6
B2V6V2	B2V6V2
B2V7T6	B2V7T6
B2VDU2	B2VDU2
B3A0Q0	B3A0Q0
B3A0Q5	B3A0Q5
B3A0R9	B3A0R9
B3CRX9	B3CRX9
B3DSY8	B3DSY8
B3DVX0	B3DVX0
B3DWQ3	B3DWQ3
B3DX74	B3DX74
B3EB83	B3EB83
B3ER68	B3ER68
B3FIP2	B3FIP2
B3FIQ7	B3FIQ7
B3H5E1	B3H5E1
B3LLV7	B3LLV7
B3NN96	B3NN96
B3PL65	B3PL65
B3PPZ4	B3PPZ4
B3PPZ4	A6U9T4
B3PPZ4	B9JFX9
B3PPZ4	C3MDE7
B3PPZ4	Q8UEZ0
B3PPZ4	Q8YH30
B3PPZ4	Q92PB8
B3PPZ4	B9JW57
B3PPZ4	Q98ML9
B3PPZ4	Q6FZP1
B3PPZ4	A1USF7
B3PPZ4	Q6G3V6
B3PPZ4	B7L2C9
B3PPZ4	B1M272
B3PPZ4	B1Z896
B3PPZ4	Q1GF74
B3PPZ4	A4WQX2
B3PPZ4	A8LIN0
B3PPZ4	Q168R5
B3PPZ4	Q28MH0
B3PPZ4	Q3J101
B3PPZ4	Q5LTT5
B3PPZ4	Q07Q53
B3PPZ4	A7HS32
B3PPZ4	B6JE08
B3PPZ4	Q1QN95
B3PPZ4	Q2IUM8
B3PPZ4	Q3STA8
B3PPZ4	Q89NS9
B3PPZ4	B3QCR0
B3PPZ4	Q139E9
B3PPZ4	Q216Q6
B3PPZ4	Q0AR22
B3QRU2	B3QRU2
B3QRU2	A0RJX2
B3QRU2	A5ITT0
B3QRU2	A7GU19
B3QRU2	B1HXY7
B3QRU2	Q49YI8
B3QRU2	Q03YH4
B3QRU2	Q04FL2
B3QRU2	A1QZ46
B3QRU2	B2RZW1
B3QRU2	B5RR67
B3QRU2	Q0SNR0
B3QRU2	O51267
B3QRU2	Q662B4
B3QRU2	A2RCB2
B3QRU2	A2RLY6
B3QRU2	A4W4F3
B3QRU2	A8AZ43
B3QRU2	B1I8Y2
B3QRU2	B9DW16
B3QRU2	C0MET9
B3QRU2	Q8DS85
B3QRU2	A1BDY0
B3QRU2	A4SG27
B3QRU2	B3EH05
B3QRU2	B3EMN5
B3QRU2	B4S5G4
B3QRU2	B4SDX3
B3QRU2	Q3APY5
B3QRU2	Q3B2E1
B3QRU2	Q8KBY2
B3QRU2	A9NET8
B3QRU2	B1MY11
B3QRU2	B2S3H7
B3QRU2	Q03GG4
B3QRU2	Q6F0X5
B3QRU2	A8MJY6
B3QRU2	B0S101
B3QRU2	B2KB05
B3QRU2	Q04Q48
B3QRU2	B0SAB8
B3QRU2	Q8EZY7
B3QRU2	Q1MFI6
B3QRU2	Q1WUT3
B3QRU2	Q03RH7
B3QRU2	Q1G971
B3QRU2	B3WCD5
B3QRU2	B8DFR1
B3QRU2	Q5FIP3
B3QRU2	Q74KS1
B3QRU2	Q38VP5
B3QRU2	Q73K81
B3QRU2	Q88XA9
B3QRU2	Q2S415
B3QRU2	Q9XEA0
B3QRU2	A9EYY7
B3QRU2	Q6MQU3
B3QRU2	Q822R7
B3QRU2	Q254X5
B3QRU2	Q5L5Q6
B3QRU2	Q9K7S8
B3QRU2	A7Z7V7
B3QRU2	A8FGG0
B3QRU2	B1YKH4
B3QRU2	B7GK53
B3QRU2	C0ZB13
B3QRU2	C5D6D7
B3QRU2	P36430
B3QRU2	Q4L7A3
B3QRU2	Q5HNF1
B3QRU2	Q5KW09
B3QRU2	Q5WE05
B3QRU2	Q65FX8
B3QRU2	Q837N5
B3QRU2	Q8EP12
B3QRU2	A5VL28
B3QRU2	B2GDF8
B3QRU2	B9E7H4
B3QRU2	Q6MCC8
B3QRU2	Q9Z930
B3QRU2	Q3KMF3
B3QRU2	Q9PKI4
B3QSI5	B3QSI5
B3QWU7	B3QWU7
B3R0K3	B3R0K3
B3RNE8	B3RNE8
B3W9A1	B3W9A1
B4FUS3	B4FUS3
B4QRJ0	B4QRJ0
B4R9Z1	B4R9Z1
B4S8U7	B4S8U7
B4SE02	B4SE02
B4U7X3	B4U7X3
B4U9L1	B4U9L1
B4U9Z9	B4U9Z9
B4UH04	B4UH04
B5EQL5	B5EQL5
B5F9Q2	B5F9Q2
P9WL31	P9WL31
P9WLN3	P9WLN3
P9WLW9	P9WLW9
P9WMS4	P9WMS4
P9WQL6	P9WQL6
Q01099	Q01099
Q01128	Q01128
Q01WA0	Q01WA0
Q02150	Q02150
Q02231	Q02231
Q02786	Q02786
Q02820	Q02820
Q02990	Q02990
Q02G92	Q02G92
Q02YW4	Q02YW4
Q03253	Q03253
Q03275	Q03275
Q03293	Q03293
Q03490	Q03490
Q03559	Q03559
Q03606	Q03606
Q03653	Q03653
Q03759	Q03759
Q037S9	Q037S9
Q03983	Q03983
Q03FS3	Q03FS3
Q03Q74	Q03Q74
Q03Y32	Q03Y32
Q03Z41	Q03Z41
Q04413	Q04413
Q04557	Q04557
Q04718	Q04718
Q04885	Q04885
Q04EL5	Q04EL5
Q04GN4	Q04GN4
Q04HG5	Q04HG5
Q04WG0	Q04WG0
Q05181	Q05181
Q05631	Q05631
Q05770	Q05770
Q058A3	Q058A3
Q05FJ9	Q05FJ9
Q06183	Q06183
Q06199	Q06199
Q06674	Q06674
Q06795	Q06795
Q06J35	Q06J35
Q06J52	Q06J52
Q06J59	Q06J59
Q07698	Q07698
Q07757	Q07757
Q07964	Q07964
Q08022	Q08022
Q08717	Q08717
Q08786	Q08786
Q087K5	Q087K5
Q08979	Q08979
Q08AX9	Q08AX9
Q09261	Q09261
Q09285	Q09285
Q09506	Q09506
Q09606	Q09606
Q09874	Q09874
Q09902	Q09902
Q09910	Q09910
Q0A6F5	Q0A6F5
Q0A7K1	Q0A7K1
Q0AHY7	Q0AHY7
Q0AUD0	Q0AUD0
Q0BNM7	Q0BNM7
Q0BUB3	Q0BUB3
Q0C5V2	Q0C5V2
Q0C668	Q0C668
Q0CCX9	Q0CCX9
Q0DGD7	Q0DGD7
Q0DGD7	Q93Z24
Q0DI48	Q0DI48
Q0I0W6	Q0I0W6
Q0I309	Q0I309
Q0K181	Q0K181
Q0P3P5	Q0P3P5
Q0R3M2	Q0R3M2
Q7MRK6	Q7MRK6
Q7MTR7	Q7MTR7
Q7MUB2	Q7MUB2
Q7MUW2	Q7MUW2
Q7MVG0	Q7MVG0
Q7MXE6	Q7MXE6
Q7N4Y5	Q7N4Y5
Q7N601	Q7N601
Q7N9W3	Q7N9W3
Q7N9W3	Q8E8J2
Q7N9W3	Q3IHW1
Q7N9W3	A4WFK9
Q7N9W3	P0A6V5
Q7N9W3	P64251
Q7N9W3	A0KEH8
Q7N9W3	A4TGR3
Q7N9W3	A8AQX5
Q7N9W3	A8GKU1
Q7N9W3	B2VJU2
Q7N9W3	B5XTR4
Q7N9W3	C5B970
Q7N9W3	Q2NQH2
Q7N9W3	Q87KM5
Q7N9W3	B4EZM9
Q7N9W3	B6ENU6
Q7N9W3	Q7MQ91
Q7N9W3	A5F4G9
Q7N9W3	A7MXX7
Q7N9W3	B7VMA4
Q7N9W3	Q5E203
Q7N9W3	Q6LVT0
Q7N9W3	B7V4H5
Q7N9W3	A4VHH7
Q7N9W3	A4XZJ7
Q7N9W3	C3K330
Q7N9W3	Q3K5S9
Q7N9W3	Q48NU0
Q7N9W3	Q4K4X2
Q7N9W3	Q4ZMG2
Q7N9W3	Q88A49
Q7N9W3	Q15ZU3
Q7N9W3	Q1IG23
Q7N9W3	B0KJ90
Q7N9W3	B1JE10
Q7N9W3	Q6CZL2
Q7N9W3	C4L7X3
Q7NAK8	Q7NAK8
Q7NBC4	Q7NBC4
Q7NMB1	Q7NMB1
Q7NME1	Q7NME1
Q7NVY1	Q7NVY1
Q7NZ31	Q7NZ31
Q7PCK7	Q7PCK7
Q7RRM4	Q7RRM4
Q7RX40	Q7RX40
Q7S8C2	Q7S8C2
Q7SAC2	Q7SAC2
Q7SAC2	D1ZCP6
Q7SGQ0	Q7SGQ0
Q7SI01	Q7SI01
Q7TMD2	Q7TMD2
Q7TT23	Q7TT23
Q7U8R5	Q7U8R5
Q7UH06	Q7UH06
Q7UMW0	Q7UMW0
Q7UNQ2	Q7UNQ2
Q7V2Z8	Q7V2Z8
Q7V354	Q7V354
Q7VC23	Q7VC23
Q7VCH3	Q7VCH3
Q7VGB3	Q7VGB3
Q7VHL1	Q7VHL1
Q7VHL1	Q7MQS0
Q7VK78	Q7VK78
Q7VR42	Q7VR42
Q7VUQ6	Q7VUQ6
Q7VX92	Q7VX92
Q7XIZ1	Q7XIZ1
Q7XM31	Q7XM31
Q7XS75	Q7XS75
Q7Z2V1	Q7Z2V1
Q7Z9I4	Q7Z9I4
Q802W4	Q802W4
Q803M5	Q803M5
Q814P5	Q814P5
Q81II2	Q81II2
Q81KI3	Q81KI3
Q822M8	Q822M8
Q822W2	Q822W2
Q822W4	Q822W4
Q822W4	Q254S9
Q822W6	Q822W6
Q82CC3	Q82CC3
Q82N59	Q82N59
Q834S9	Q834S9
Q836A6	Q836A6
Q83F34	Q83F34
Q83G73	Q83G73
Q83GJ1	Q83GJ1
Q83GN7	Q83GN7
Q83N58	Q83N58
Q869Q2	Q869Q2
Q86AH4	Q86AH4
Q86HQ3	Q86HQ3
Q86K01	Q86K01
Q86KG4	Q86KG4
Q87LH9	Q87LH9
Q883F2	Q883F2
Q88P80	Q88P80
P50836	P50836
P53056	P53056
P53110	P53110
P53240	P53240
P53419	P53419
P53560	P53560
P54158	P54158
P54338	P54338
P54436	P54436
P54446	P54446
P54557	P54557
P54901	P54901
P54945	P54945
P55358	P55358
P55458	P55458
P55494	P55494
P55526	P55526
P55614	P55614
P55684	P55684
P55696	P55696
P56607	P56607
P57181	P57181
P57223	P57223
P57911	P57911
P59970	P59970
P60056	P60056
P60056	B7VLR2
P60056	B6EIV0
P60056	A5F6M1
P60056	P60055
P60056	Q6LP12
P60056	Q87MV3
P61652	P61652
P64770	P64770
P64846	P64846
P64848	P64848
P65058	P65058
P71296	P71296
P72983	P72983
P73063	P73063
P73136	P73136
P73152	P73152
P73628	P73628
P74523	P74523
P74811	P74811
P74854	P74854
P75102	P75102
P75187	P75187
P75197	P75197
P75299	P75299
P75357	P75357
P75495	P75495
P75818	P75818
P75910	P75910
P76121	P76121
P76308	P76308
P76521	P76521
P76545	P76545
P77162	P77162
P80514	P80514
P80786	P80786
P81234	P81234
P81317	P81317
P81851	P81851
P82681	P82681
P83181	P83181
P83477	P83477
P83502	P83502
P84108	P84108
P87264	P87264
P92519	P92519
P92520	P92520
P92534	P92534
P92553	P92553
P93282	P93282
P94572	P94572
P96502	P96502
P96727	P96727
P9WHW7	P9WHW7
P9WI11	P9WI11
P9WI24	P9WI24
P9WLE6	P9WLE6
P9WLK0	P9WLK0
P9WM28	P9WM28
P9WMX8	P9WMX8
Q02217	Q02217
Q025A4	Q025A4
Q02885	Q02885
Q02S14	Q02S14
Q03186	Q03186
Q03561	Q03561
Q04203	Q04203
Q04223	Q04223
Q04353	Q04353
Q04385	Q04385
Q04893	Q04893
Q04T48	Q04T48
Q06527	Q06527
Q06929	Q06929
Q08263	Q08263
Q08842	Q08842
Q09262	Q09262
Q09280	Q09280
marts_E00483	marts_E00483
marts_E00483	marts_E00460
marts_E00483	marts_E00484
marts_E00485	marts_E00485
marts_E00485	marts_E00503
marts_E00486	marts_E00486
marts_E00486	marts_E00457
marts_E00489	marts_E00489
marts_E00494	marts_E00494
marts_E00494	marts_E00490
marts_E00494	marts_E00491
marts_E00496	marts_E00496
marts_E00498	marts_E00498
marts_E00499	marts_E00499
marts_E00505	marts_E00505
marts_E00505	marts_E00504
marts_E00508	marts_E00508
marts_E00508	marts_E00194
marts_E00508	marts_E00196
marts_E00508	marts_E00524
marts_E00508	marts_E00527
marts_E00509	marts_E00509
marts_E00509	marts_E00501
marts_E00512	marts_E00512
marts_E00512	marts_E00096
marts_E00512	marts_E00138
marts_E00512	marts_E00970
marts_E00512	marts_E00517
marts_E00537	marts_E00537
marts_E00537	marts_E00311
marts_E00537	marts_E00367
marts_E00537	marts_E01177
marts_E00537	marts_E01522
marts_E00537	marts_E01284
marts_E00537	marts_E01477
marts_E00539	marts_E00539
marts_E00540	marts_E00540
marts_E00548	marts_E00548
marts_E00549	marts_E00549
marts_E00550	marts_E00550
marts_E00551	marts_E00551
marts_E00566	marts_E00566
marts_E00569	marts_E00569
marts_E00571	marts_E00571
marts_E00571	marts_E00570
marts_E00578	marts_E00578
marts_E00579	marts_E00579
marts_E00579	marts_E00170
marts_E00579	marts_E01174
marts_E00579	marts_E01175
marts_E00579	marts_E01176
marts_E00579	marts_E00206
marts_E00579	marts_E00633
marts_E00579	marts_E00636
marts_E00579	marts_E00713
marts_E00579	marts_E01218
marts_E00579	marts_E01295
marts_E00579	marts_E00634
marts_E00579	marts_E00142
marts_E00579	marts_E01221
marts_E00579	marts_E00269
marts_E00579	marts_E00169
marts_E00579	marts_E00270
marts_E00579	marts_E01497
marts_E00591	marts_E00591
marts_E00592	marts_E00592
marts_E00596	marts_E00596
marts_E00596	marts_E00593
marts_E00597	marts_E00597
marts_E00597	marts_E00862
marts_E00597	marts_E00876
marts_E00597	marts_E01470
marts_E00597	marts_E00867
marts_E00597	marts_E00891
marts_E00597	marts_E01420
marts_E00597	marts_E01473
marts_E00597	marts_E00595
marts_E00597	marts_E00863
marts_E00597	marts_E01452
marts_E00597	marts_E00873
marts_E00597	marts_E00945
marts_E00597	marts_E01465
marts_E00597	marts_E01466
marts_E00597	marts_E01471
marts_E00597	marts_E00880
marts_E00597	marts_E01049
P07204	P07204
P07522	P07522
P07584	P07584
P07664	P07664
P07713	P07713
P07884	P07884
P07986	P07986
P08021	P08021
P08122	P08122
P08176	P08176
P09201	P09201
P0A8Y3	P0A8Y3
P0A9D2	P0A9D2
P0ACQ4	P0ACQ4
P0ADI4	P0ADI4
P0AEM6	P0AEM6
P0C0T2	P0C0T2
P0C1Q2	P0C1Q2
P0CB47	P0CB47
P0CY06	P0CY06
P0DM15	P0DM15
P0DMN7	P0DMN7
P0DSK3	P0DSK3
P0DUY4	P0DUY4
P0DV24	P0DV24
P0DXB1	P0DXB1
P10073	P10073
P10288	P10288
P11046	P11046
P11218	P11218
P11346	P11346
P11420	P11420
P12246	P12246
P12630	P12630
P12957	P12957
P14209	P14209
P15496	P15496
P15917	P15917
P16157	P16157
P16376	P16376
P16703	P16703
P16869	P16869
P16870	P16870
P16882	P16882
P17442	P17442
P19109	P19109
P19954	P19954
P20240	P20240
P20483	P20483
P21137	P21137
P21183	P21183
P21440	P21440
P22137	P22137
P22336	P22336
P22643	P22643
P22727	P22727
P23179	P23179
P23256	P23256
P24004	P24004
P25062	P25062
P25084	P25084
P25441	P25441
P25554	P25554
P25655	P25655
P26051	P26051
P28305	P28305
P28319	P28319
P28630	P28630
P28698	P28698
P28908	P28908
P29131	P29131
Q8ITW8	Q8ITW8
Q8IUR6	Q8IUR6
Q8IVF5	Q8IVF5
Q8IVW6	Q8IVW6
Q8IX19	Q8IX19
Q8IY26	Q8IY26
Q8IY26	Q58DI5
Q8IY26	Q5TZ07
Q8IY26	Q9D4F2
Q8IZ96	Q8IZ96
Q8IZF3	Q8IZF3
Q8IZH2	Q8IZH2
Q8K083	Q8K083
Q8K1J5	Q8K1J5
Q8L3P4	Q8L3P4
Q8L493	Q8L493
Q8L5Y0	Q8L5Y0
Q8MP06	Q8MP06
Q8MVR1	Q8MVR1
Q8N392	Q8N392
Q8N6W0	Q8N6W0
Q8N6W0	Q7TN33
Q8N6W0	Q96J87
Q8N6W0	A0JM51
Q8N6W0	Q08E07
Q8N6W0	Q0V9L3
Q8N6W0	Q4R535
Q8N6W0	Q6DGV1
Q8N6W0	Q91579
Q8N6W0	Q9IBD1
Q8NDW8	Q8NDW8
Q8NDW8	Q8C0S4
Q8NDW8	Q7Z4L5
Q8NDW8	Q0HA38
Q8NDW8	Q6INC1
Q8NEV8	Q8NEV8
Q8NGI8	Q8NGI8
Q8NHZ7	Q8NHZ7
Q8NI36	Q8NI36
Q8PTX6	Q8PTX6
Q8R2E9	Q8R2E9
Q8R4N0	Q8R4N0
Q8RX55	Q8RX55
Q8RXD6	Q8RXD6
Q8SAB7	Q8SAB7
Q8TAT5	Q8TAT5
Q8TCT8	Q8TCT8
Q8TDS5	Q8TDS5
Q8TDY2	Q8TDY2
Q8TGV2	Q8TGV2
Q8UVK2	Q8UVK2
Q8UVK2	Q7KZ85
Q8VDP3	Q8VDP3
Q8VIE6	Q8VIE6
Q8VY08	Q8VY08
Q8VY27	Q8VY27
Q8VYB9	Q8VYB9
Q8VZ10	Q8VZ10
Q8VZ52	Q8VZ52
Q8VZH2	Q8VZH2
Q8W3L1	Q8W3L1
Q8WVB6	Q8WVB6
Q8WX93	Q8WX93
Q8WXI9	Q8WXI9
Q8WXS8	Q8WXS8
Q8ZPX9	Q8ZPX9
Q90478	Q90478
Q91453	Q91453
Q91453	A0A2P1BRP3
Q91453	Q98993
Q91453	A0A2P1BRQ0
Q91453	A0ZSK3
Q91453	Q98989
Q91V01	Q91V01
Q91WV7	Q91WV7
Q91YD1	Q91YD1
Q91YD4	Q91YD4
Q91YN9	Q91YN9
Q920F6	Q920F6
Q920F6	Q8NDV3
Q920F6	Q9CU62
Q920F6	O93308
Q92177	Q92177
Q92265	Q92265
Q92376	Q92376
Q924I2	Q924I2
Q93008	Q93008
Q93646	Q93646
Q93654	Q93654
Q93ZC9	Q93ZC9
Q93ZC9	Q9LY82
Q940U6	Q940U6
Q94231	Q94231
Q94547	Q94547
Q94AK4	Q94AK4
Q94AK4	O22197
Q94AQ6	Q94AQ6
Q94B60	Q94B60
Q94BT2	Q94BT2
Q94CF0	Q94CF0
Q94CL6	Q94CL6
Q94IB8	Q94IB8
Q94ID1	Q94ID1
Q94ID1	Q94ID2
Q94ID1	Q93WC9
Q94ID3	Q94ID3
Q94ID3	Q5GHF7
Q94ID3	Q9SB60
Q94ID3	Q9C6L1
Q94ID3	Q9LJL4
Q94ID6	Q94ID6
P42252	P42252
P42732	P42732
P42944	P42944
P43363	P43363
P45372	P45372
P45962	P45962
P46130	P46130
P46344	P46344
P47967	P47967
P48015	P48015
P48377	P48377
P48377	P22670
P48527	P48527
P49441	P49441
P50584	P50584
P50740	P50740
P50740	A0RBV4
P50740	A7GN36
P50740	A7Z638
P50740	C5D3G3
P50740	Q65I10
P50740	A8FEM3
P50864	P50864
P52062	P52062
P52062	P43899
P52911	P52911
P53177	P53177
P53189	P53189
P53305	P53305
P53727	P53727
P54495	P54495
P54504	P54504
P54603	P54603
P54696	P54696
P56287	P56287
P56552	P56552
P58307	P58307
P68191	P68191
P75044	P75044
P76004	P76004
P76042	P76042
P76091	P76091
P76395	P76395
P77279	P77279
P77439	P77439
P78285	P78285
P78587	P78587
P78759	P78759
P78814	P78814
P81594	P81594
P82913	P82913
P83663	P83663
P83749	P83749
P84172	P84172
P84535	P84535
P84871	P84871
P85142	P85142
P86200	P86200
P86207	P86207
P86294	P86294
P86294	B8QYR5
P86906	P86906
P86925	P86925
P90761	P90761
P91828	P91828
P93664	P93664
P94492	P94492
P95479	P95479
P96503	P96503
P96717	P96717
P9WI95	P9WI95
P9WIT3	P9WIT3
P9WIY1	P9WIY1
P9WJM5	P9WJM5
P9WJV4	P9WJV4
P9WN29	P9WN29
P9WNL9	P9WNL9
P9WNL9	Q50394
P9WNL9	P71485
P9WNL9	Q9CDA8
Q00204	Q00204
Q00459	Q00459
Q00737	Q00737
Q01802	Q01802
Q02290	Q02290
Q02739	Q02739
Q03413	Q03413
Q03446	Q03446
Q03520	Q03520
Q04487	Q04487
Q05053	Q05053
A1W0Z5	A1W0Z5
A1WPR4	A1WPR4
A1WXH5	A1WXH5
A1WXM0	A1WXM0
A1Z7L1	A1Z7L1
A2A699	A2A699
A2APY7	A2APY7
A2BTH0	A2BTH0
A2BU00	A2BU00
A2C1K3	A2C1K3
A2CE83	A2CE83
A2CEM9	A2CEM9
A2Q9N7	A2Q9N7
A2QJF9	A2QJF9
A2QJF9	A7BJS7
A2QJF9	A1CHV7
A2QJF9	B0Y6K1
A2QJF9	B6HRH5
A2R616	A2R616
A2REY5	A2REY5
A2REY5	A3CNS2
A2REY5	A8AWX1
A2REY5	B2IMY5
A2REY5	B4U3M4
A2REY5	Q3K0P1
A2REY5	Q5M430
A2REY5	Q5XCI0
A2REY5	Q8DT87
A2REY5	A4W2A2
A2REY5	B9DUP8
A2REY5	Q031A8
A2REY5	Q9CHU2
A2RKV5	A2RKV5
A2RNT9	A2RNT9
A2STJ6	A2STJ6
A2XDG4	A2XDG4
A2XW69	A2XW69
A2YMU2	A2YMU2
A3A8Q4	A3A8Q4
A3AYR1	A3AYR1
A3CVI6	A3CVI6
A3DC27	A3DC27
A3DJ13	A3DJ13
A3LQV7	A3LQV7
A4FY19	A4FY19
A4GGF0	A4GGF0
A4GGF0	P0C386
A4GGF0	A6MMQ9
A4GGF0	P05312
A4GGF0	Q06GK9
A4GGF0	Q06R76
A4GGF0	Q09WW4
A4GGF0	Q2PMN6
A4GGF0	Q85A84
A4GGF0	P56755
A4GGF0	Q85FH1
A4GGF0	A0A389
A4GGF0	P06253
A4GGF0	Q06FQ0
A4GGF0	Q0G9Q8
A4GGF0	Q0ZIW4
A4GGF0	Q2MI46
A4GGF0	Q85Y15
A4GGF0	Q8M9T7
A4GGF0	Q8WHX5
A4GGF0	Q70XW0
A4GGF0	Q9MUL2
A4GGF0	Q115G6
A4GGF0	Q19V57
A4GGF0	Q1ACE5
A4GGF0	Q9TKV4
B0TZB0	B0TZB0
B0TZB0	A4IYB1
B0USS3	B0USS3
B0WQ10	B0WQ10
B0X6Z1	B0X6Z1
B1GYW9	B1GYW9
B1GZA3	B1GZA3
B1H0C6	B1H0C6
B1H285	B1H285
B1H285	A0A1B8YAB1
B1H285	Q08CL3
B1J2G5	B1J2G5
B1J2G5	A4VRK8
B1J2G5	Q1IGD6
B1J2G5	Q88AF9
B1J2G5	Q88CS3
B1J2G5	Q9I6B7
B1J2G5	A5UDP3
B1J2G5	Q9CNV0
B1J2G5	A7MJD8
B1J2G5	Q65S86
B1J2G5	Q3V7N8
B1J2G5	P46022
B1J2G5	A1JR77
B1J2G5	A4THK0
B1J2G5	A8AQ99
B1J2G5	A9MNZ9
B1J2G5	A9N776
B1J2G5	C6DIR2
B1J2G5	Q48465
B1J2G5	Q7N087
B1J2G5	C3K3M0
B1J2G5	A4Y001
B1J2G5	Q3K584
B1J2G5	Q4K4C2
B1J2G5	B6IWJ6
B1J2G5	Q1QYT5
B1J2G5	Q2RYG3
B1J2G5	Q8PI51
B1J2G5	B0RQA5
B1J2G5	Q2P4R3
B1J2G5	Q9PCR3
B1J2G5	B2I5D0
B1L793	B1L793
B1L793	Q9YDC3
B1L793	Q57612
B1L793	A4G0N3
B1L793	A6UWC6
B1L793	Q8ZYB3
B1L793	A1RTL7
B1L793	A3MS77
B1L793	A4WH37
B1L793	B1YA64
B1L7R6	B1L7R6
B1MXL9	B1MXL9
B1MXL9	Q03VI2
B1P1E9	B1P1E9
B1P1I0	B1P1I0
B1VA75	B1VA75
B1VAJ9	B1VAJ9
B1VAJ9	B3R0E8
B1VAJ9	Q6YQU8
B1VAJ9	Q2NJ30
B1VTW2	B1VTW2
B1VTW2	Q82MJ7
B1VTW2	Q9X7Q6
B1X3Y3	B1X3Y3
B1XNS2	B1XNS2
B1YA32	B1YA32
B1YA32	A1RTI3
B1YA32	A4WH01
B1YA32	Q8ZYF6
B1YDP0	B1YDP0
B1YJL9	B1YJL9
B1YKM8	B1YKM8
B1ZT51	B1ZT51
B1ZXD4	B1ZXD4
B2A2H0	B2A2H0
B2A2I8	B2A2I8
B2A2I8	Q8RH47
B2A2Z6	B2A2Z6
B2A3X9	B2A3X9
B2A3X9	B1I295
B2A3X9	A5D2K7
B2G7E3	B2G7E3
B2GAZ4	B2GAZ4
O67772	O67772
O67792	O67792
O68953	O68953
O69787	O69787
O70352	O70352
O70432	O70432
O74298	O74298
O74323	O74323
O74379	O74379
O74426	O74426
O74727	O74727
O74778	O74778
O74782	O74782
O74794	O74794
O74802	O74802
O74823	O74823
O74835	O74835
O74857	O74857
O74882	O74882
O74891	O74891
O74906	O74906
O74955	O74955
O76273	O76273
O76483	O76483
O76735	O76735
O77082	O77082
O80742	O80742
O81053	O81053
O81778	O81778
O82040	O82040
O83462	O83462
O83544	O83544
O83641	O83641
O83649	O83649
O84130	O84130
O86042	O86042
O86170	O86170
O88969	O88969
O88969	O60676
O88969	P32766
O93849	O93849
O93939	O93939
O94281	O94281
O94288	O94288
O94337	O94337
O94386	O94386
O94417	O94417
O94435	O94435
O94480	O94480
O94512	O94512
O94545	O94545
O94566	O94566
O94615	O94615
O95170	O95170
P00870	P00870
P01075	P01075
P01076	P01076
P01084	P01084
P02256	P02256
P02782	P02782
P04252	P04252
P04480	P04480
P04749	P04749
P04749	P04748
P05846	P05846
P06579	P06579
P07062	P07062
P07191	P07191
P07236	P07236
P07435	P07435
P07495	P07495
P07513	P07513
P07804	P07804
P07804	O66514
P07804	P09826
P07804	P05457
P07804	P10583
P07804	P94126
P07804	Q59747
P07804	P28605
P07804	P77961
P07804	P00964
P07804	P33035
P07804	P43794
P07804	P0A9C5
P07804	Q3V5W6
P07804	Q46ZL2
P07804	P15124
P07804	P22248
P07804	P25821
P07804	P28786
P07804	Q9CLP2
P07804	Q9HU65
P07804	Q9KNJ2
P07804	P13499
P07804	P19904
P07804	P43518
P07804	P46033
P07804	Q05542
P07804	P9WN39
P07804	A0R079
P07804	P15106
P07804	P77958
P08555	P08555
P08798	P08798
P08938	P08938
P09007	P09007
P0A102	P0A102
Q23262	Q23262
Q23421	Q23421
Q23639	Q23639
Q23924	Q23924
Q24239	Q24239
Q24731	Q24731
Q24SM2	Q24SM2
Q24X66	Q24X66
Q25019	Q25019
Q25414	Q25414
Q255A6	Q255A6
Q27464	Q27464
Q28H85	Q28H85
Q295E6	Q295E6
Q29I16	Q29I16
Q2EEX0	Q2EEX0
Q2FVB8	Q2FVB8
Q2FWF1	Q2FWF1
Q2FX88	Q2FX88
Q2G0D4	Q2G0D4
Q2G1C1	Q2G1C1
Q2G586	Q2G586
Q2GDJ5	Q2GDJ5
Q2GDX3	Q2GDX3
Q2GK29	Q2GK29
Q2GK29	Q2GCL1
Q2GK29	Q5PAS3
Q2GK29	Q2GGS8
Q2GK29	Q5HB44
Q2GK29	Q3YRX7
Q2GK29	Q5GTH5
Q2GK29	B3CMB5
Q2GK29	C0R598
Q2GK29	P62478
Q2GPS5	Q2GPS5
Q2IF17	Q2IF17
Q2IQ87	Q2IQ87
Q2IUE0	Q2IUE0
Q2JUP1	Q2JUP1
Q2KDF4	Q2KDF4
Q2KDF4	B5ZYG2
Q2KDF4	B3E171
Q2KDF4	Q9PCE0
Q2KDF4	B4SRU3
Q2KDF4	Q3BZ95
Q2KXM9	Q2KXM9
Q2LSQ6	Q2LSQ6
Q2LUT2	Q2LUT2
Q2LXR3	Q2LXR3
Q2NGY4	Q2NGY4
Q2NRJ6	Q2NRJ6
Q73GC9	Q73GC9
Q73H00	Q73H00
Q73H00	B3CNK5
Q73H00	Q5GSJ1
Q73H00	Q5PBW1
Q73H00	Q2GHQ1
Q73H00	Q3YR29
Q73H00	Q5HAC1
Q73H00	Q2GLP6
Q73I13	Q73I13
Q73II8	Q73II8
Q73II8	Q5GTI9
Q73M71	Q73M71
Q73MR1	Q73MR1
Q73MR1	A8FZE2
Q73MR1	B2S3M6
Q73NQ6	Q73NQ6
Q73NQ7	Q73NQ7
Q73PV6	Q73PV6
Q73RN1	Q73RN1
Q74BX5	Q74BX5
Q74HL7	Q74HL7
Q74JC2	Q74JC2
Q750R7	Q750R7
Q755C5	Q755C5
Q758Y4	Q758Y4
Q75AW7	Q75AW7
Q75AZ2	Q75AZ2
Q75BV8	Q75BV8
Q75C29	Q75C29
Q75CC5	Q75CC5
Q75D58	Q75D58
Q75EB4	Q75EB4
Q767C8	Q767C8
Q767F1	Q767F1
Q76BS7	Q76BS7
Q7KWM9	Q7KWM9
Q7LKZ6	Q7LKZ6
Q7LKZ7	Q7LKZ7
Q7LML9	Q7LML9
Q7LZB2	Q7LZB2
Q7M800	Q7M800
Q7M8Y6	Q7M8Y6
Q7M8Y6	B6JMP4
Q7M8Y6	A0RQC4
Q7M8Y6	A1VZM8
Q7M8Y6	A7GXB5
Q7M8Y6	A7I0N0
Q7M8Y6	A7ZCD0
Q7M8Y6	B9KD74
Q7M8Y6	Q30S81
Q7M8Y6	A6Q7P9
Q7M8Y6	B9L9K5
Q7M8Y6	Q7VJV5
Q7M8Y6	A6Q2R7
Q7M963	Q7M963
Q7MU77	Q7MU77
Q7MVQ5	Q7MVQ5
Q7MVQ5	A5FP01
Q7MVQ5	A6GY22
Q7MVQ5	A6L7J7
Q7MVQ5	A6L9S2
Q7MVQ5	B6YQ95
Q7MVQ5	Q11UK3
Q7MVQ5	Q8AAP2
Q7MVQ5	A4SCK4
Q7MVQ5	B3EEC1
Q7MVQ5	B3EKG9
Q7MVQ5	B3QUU7
Q7MVQ5	B4S3D2
Q7MVQ5	B4SB93
Q7MVQ5	Q3APV9
Q7MVQ5	Q8KAN0
Q7MVQ5	Q7NCU0
Q7MVQ5	Q31JY3
Q7MVQ5	Q8DGW0
Q7MVQ5	Q55806
Q7MVQ5	Q9RSP3
Q7MVQ5	C1D0W2
Q7MVQ5	Q1IY82
Q7MVQ5	Q72HH1
Q7N1V4	Q7N1V4
Q7NBG0	Q7NBG0
Q7NBU2	Q7NBU2
Q7NC20	Q7NC20
Q7NI46	Q7NI46
Q7NIH2	Q7NIH2
Q7NJS7	Q7NJS7
Q7NJV1	Q7NJV1
Q7NK24	Q7NK24
Q7NK82	Q7NK82
Q7NXN4	Q7NXN4
Q7RYW8	Q7RYW8
Q7RZP7	Q7RZP7
Q7SA35	Q7SA35
Q9PN78	Q9PN78
Q9R9I9	Q9R9I9
Q9R9N3	Q9R9N3
Q9RGS8	Q9RGS8
Q9RSG0	Q9RSG0
Q9RSG0	Q72G65
Q9RSK7	Q9RSK7
Q9RT73	Q9RT73
Q9RUP8	Q9RUP8
Q9RVE3	Q9RVE3
Q9S1N4	Q9S1N4
Q9SA88	Q9SA88
Q9SD42	Q9SD42
Q9SD80	Q9SD80
Q9SDD6	Q9SDD6
Q9SEA0	Q9SEA0
Q9SGZ5	Q9SGZ5
Q9SIC6	Q9SIC6
Q9SIW3	Q9SIW3
Q9SJW5	Q9SJW5
Q9SLC4	Q9SLC4
Q9SR08	Q9SR08
Q9SRX6	Q9SRX6
Q9SSB8	Q9SSB8
Q9STV0	Q9STV0
Q9SVN2	Q9SVN2
Q9SVN2	F4JTU7
Q9SVN2	Q9SVM3
Q9SVN2	Q93YT3
Q9SW07	Q9SW07
Q9SW44	Q9SW44
Q9SX77	Q9SX77
Q9SZL4	Q9SZL4
Q9SZT0	Q9SZT0
Q9T034	Q9T034
Q9T034	Q9W3J5
Q9T034	O42870
Q9T034	P15625
Q9T034	Q7SYV0
Q9T034	Q1JPX3
Q9T034	Q5RFA2
Q9T034	Q5ZJQ2
Q9T034	Q6AZG6
Q9T034	Q8C0C7
Q9T034	Q54KS8
Q9TLT2	Q9TLT2
Q9TLX3	Q9TLX3
Q9U8B8	Q9U8B8
Q9UJN7	Q9UJN7
Q9URZ7	Q9URZ7
Q9US59	Q9US59
Q9USL7	Q9USL7
Q9USN0	Q9USN0
Q9USP3	Q9USP3
Q9UT10	Q9UT10
Q9UT75	Q9UT75
Q9UTH5	Q9UTH5
Q9UTL8	Q9UTL8
Q9UTM8	Q9UTM8
Q9UTN4	Q9UTN4
Q9UUF1	Q9UUF1
Q9UUH3	Q9UUH3
Q9V072	Q9V072
Q9V072	O58792
Q9V072	Q5JJ31
Q9V072	O29622
Q9V1F9	Q9V1F9
Q9V2A7	Q9V2A7
Q9V9A8	Q9V9A8
Q9VB30	Q9VB30
Q9VFL5	Q9VFL5
Q9VGC3	Q9VGC3
Q9VH39	Q9VH39
Q9VIH9	Q9VIH9
Q9VLR9	Q9VLR9
Q9VLS1	Q9VLS1
Q9VRI9	Q9VRI9
Q9VRL2	Q9VRL2
Q9VV36	Q9VV36
Q9VVY3	Q9VVY3
Q9VWG0	Q9VWG0
Q9VX39	Q9VX39
Q9VZL6	Q9VZL6
Q9VZW8	Q9VZW8
Q9W040	Q9W040
Q9W6D8	Q9W6D8
Q9WYJ4	Q9WYJ4
Q9X049	Q9X049
Q9X1F7	Q9X1F7
Q9X1F7	B9K8E2
Q9X1G3	Q9X1G3
Q9X291	Q9X291
Q9X6Y2	Q9X6Y2
Q9X6Y2	O67763
Q9X6Y2	B2V7L9
Q9X6Y2	B4U738
Q9X7I4	Q9X7I4
Q9XC67	Q9XC67
O43137	O43137
O44440	O44440
O46377	O46377
O51145	O51145
O51395	O51395
O51535	O51535
O51595	O51595
O52692	O52692
O52720	O52720
O52720	P58708
O52720	P58709
O57742	O57742
O58088	O58088
O58758	O58758
O59403	O59403
O60039	O60039
O60138	O60138
O60175	O60175
O61764	O61764
O61902	O61902
O62488	O62488
O64834	O64834
O65107	O65107
O65426	O65426
O66105	O66105
O66612	O66612
O66761	O66761
O66884	O66884
O67367	O67367
O67550	O67550
O67694	O67694
O67723	O67723
O67762	O67762
O67762	Q9X6Y1
O67834	O67834
O69406	O69406
O74380	O74380
O74466	O74466
O74631	O74631
O74751	O74751
O74848	O74848
O74867	O74867
O82637	O82637
O83101	O83101
O83529	O83529
O83699	O83699
O83845	O83845
O84008	O84008
O84422	O84422
O84641	O84641
O84641	Q9PLU1
O84641	Q9Z7G4
O84905	O84905
O85171	O85171
O85171	O25620
O86988	O86988
O87389	O87389
O87786	O87786
O87940	O87940
O94373	O94373
O94493	O94493
O94628	O94628
O95177	O95177
O95561	O95561
P00723	P00723
P01093	P01093
P01408	P01408
P01875	P01875
P05223	P05223
P05675	P05675
P05823	P05823
P06619	P06619
P06965	P06965
P07945	P07945
P09397	P09397
P09688	P09688
P0A0P6	P0A0P6
P0A146	P0A146
P0A1P4	P0A1P4
P0A227	P0A227
P0A233	P0A233
P0A383	P0A383
P0A3L5	P0A3L5
P0A3L5	P03869
P0A3L5	P15653
P0A3L5	P25018
P0A3L5	P14011
P0A3L5	P06524
P0A3L5	Q04590
P0A461	P0A461
P0A4H5	P0A4H5
P0A4M7	P0A4M7
P0A4M9	P0A4M9
P0A5B0	P0A5B0
P0A657	P0A657
P0A8U2	P0A8U2
P0ADL6	P0ADL6
P0ADR0	P0ADR0
P0AF54	P0AF54
P0C052	P0C052
P0C0G2	P0C0G2
marts_E01139	marts_E01139
marts_E01140	marts_E01140
marts_E01140	marts_E00004
marts_E01140	marts_E00006
marts_E01140	marts_E00675
marts_E01140	marts_E00658
marts_E01140	marts_E00674
marts_E01140	marts_E00890
marts_E01140	marts_E01300
marts_E01140	marts_E00696
marts_E01140	marts_E01120
marts_E01140	marts_E01119
marts_E01140	marts_E01299
marts_E01141	marts_E01141
marts_E01143	marts_E01143
marts_E01143	marts_E00003
marts_E01143	marts_E00005
marts_E01143	marts_E00016
marts_E01143	marts_E00017
marts_E01143	marts_E00676
marts_E01143	marts_E00831
marts_E01143	marts_E01118
marts_E01143	marts_E01121
marts_E01143	marts_E01298
P29465	P29465
P30138	P30138
P30404	P30404
P30530	P30530
P30530	Q00993
P30968	P30968
P31382	P31382
P31382	P47190
P31382	Q5ADM9
P32020	P32020
P32329	P32329
P32364	P32364
P32368	P32368
P32397	P32397
P32447	P32447
P32507	P32507
P32507	Q92692
P32854	P32854
P32898	P32898
P33299	P33299
P34021	P34021
P34731	P34731
P35482	P35482
P35718	P35718
P35844	P35844
P35844	P35843
P36077	P36077
P36113	P36113
P36582	P36582
P36600	P36600
P36937	P36937
P37197	P37197
P37299	P37299
P38630	P38630
P38691	P38691
P38827	P38827
P38840	P38840
P38937	P38937
P39073	P39073
P39073	Q6FKC6
P39073	Q751F5
P39073	Q6CR51
P39405	P39405
P39875	P39875
P40059	P40059
P40086	P40086
P40126	P40126
P40205	P40205
P40208	P40208
P40479	P40479
P40485	P40485
P40537	P40537
P40540	P40540
P40571	P40571
P40577	P40577
P40589	P40589
P40850	P40850
P40857	P40857
P40957	P40957
P40958	P40958
P40969	P40969
P41151	P41151
P41233	P41233
P41889	P41889
P42345	P42345
P42345	Q9VK45
P42759	P42759
P42839	P42839
P42846	P42846
P42971	P42971
P43072	P43072
P43555	P43555
P43565	P43565
P43779	P43779
P45359	P45359
P46019	P46019
P46019	P46018
P46019	Q8BWJ3
P46019	Q9W6R1
P46019	P46020
P46019	P18688
P46019	Q64649
P46549	P46549
P46673	P46673
P46965	P46965
P47026	P47026
P47054	P47054
P47110	P47110
P47130	P47130
P47143	P47143
P48010	P48010
Q9FYB7	Q9FYB7
Q9FYC4	Q9FYC4
Q9FZ49	Q9FZ49
Q9GUM2	Q9GUM2
Q9GZN0	Q9GZN0
Q9GZQ4	Q9GZQ4
Q9H1R2	Q9H1R2
Q9H295	Q9H295
Q9H295	Q7TNJ0
Q9H299	Q9H299
Q9H3H1	Q9H3H1
Q9H3H1	Q80UN9
Q9H7E9	Q9H7E9
Q9H902	Q9H902
Q9HAU8	Q9HAU8
Q9HAZ1	Q9HAZ1
Q9HB96	Q9HB96
Q9HBA9	Q9HBA9
Q9HBE4	Q9HBE4
Q9HDV4	Q9HDV4
Q9HKT1	Q9HKT1
Q9HM14	Q9HM14
Q9HWJ2	Q9HWJ2
Q9HY80	Q9HY80
Q9HZE0	Q9HZE0
Q9HZQ8	Q9HZQ8
Q9I191	Q9I191
Q9I2Y2	Q9I2Y2
Q9JHI4	Q9JHI4
Q9JIX9	Q9JIX9
Q9JKF6	Q9JKF6
Q9JM96	Q9JM96
Q9JMG3	Q9JMG3
Q9JN36	Q9JN36
Q9KJY8	Q9KJY8
Q9KLR1	Q9KLR1
Q9LE82	Q9LE82
Q9LFG0	Q9LFG0
Q9LFT6	Q9LFT6
Q9LHE5	Q9LHE5
Q9LIE5	Q9LIE5
Q9LK50	Q9LK50
Q9LMJ4	Q9LMJ4
Q9LMJ4	Q9FGH9
Q9LPQ3	Q9LPQ3
Q9LSF8	Q9LSF8
Q9LVE2	Q9LVE2
Q9LVM2	Q9LVM2
Q9LVQ0	Q9LVQ0
Q9LX30	Q9LX30
Q9LXX6	Q9LXX6
Q9LY50	Q9LY50
Q9LYT1	Q9LYT1
Q9LYU7	Q9LYU7
Q9LZF1	Q9LZF1
Q9LZK4	Q9LZK4
Q9M0L0	Q9M0L0
Q9M126	Q9M126
Q9M158	Q9M158
Q9M1E6	Q9M1E6
Q9M2G7	Q9M2G7
Q9M9F0	Q9M9F0
Q9N4H4	Q9N4H4
Q9N4U5	Q9N4U5
Q9NGP5	Q9NGP5
Q9NGP5	Q8ST66
Q9NQV7	Q9NQV7
Q9NQV7	P0C6Y7
Q9NQV7	Q96EQ9
Q9NQW7	Q9NQW7
Q9NQX4	Q9NQX4
Q9NR16	Q9NR16
Q9NRR6	Q9NRR6
Q9NV35	Q9NV35
Q9NV35	Q8BG93
Q9NVV4	Q9NVV4
Q9NXV2	Q9NXV2
Q9P3W4	Q9P3W4
Q9P7Y9	Q9P7Y9
Q9PWB0	Q9PWB0
Q9QXK9	Q9QXK9
Q9QXV3	Q9QXV3
Q9QZ67	Q9QZ67
Q9QZR6	Q9QZR6
Q9QZT4	Q9QZT4
Q9QZT4	Q9BZM2
Q9R0N7	Q9R0N7
Q9R0Q8	Q9R0Q8
Q9RRB6	Q9RRB6
Q9S2A5	Q9S2A5
Q9S2A5	Q93MW7
Q9SAJ2	Q9SAJ2
Q47341	Q47341
Q48662	Q48662
Q48662	A0A095AMW7
Q48662	F9UMS6
Q48662	Q48796
Q49150	Q49150
Q4HZQ1	Q4HZQ1
Q4KCZ0	Q4KCZ0
Q4KLP0	Q4KLP0
Q4KLP0	Q5PRA2
Q4KLP0	Q5R7H0
Q4KLP0	Q6P286
Q4KLT0	Q4KLT0
Q4P0L3	Q4P0L3
Q4R0J7	Q4R0J7
Q4W944	Q4W944
Q4WMJ5	Q4WMJ5
Q4WQ08	Q4WQ08
Q4WSZ0	Q4WSZ0
Q50899	Q50899
Q51D88	Q51D88
Q53NL5	Q53NL5
Q54304	Q54304
Q54BX3	Q54BX3
Q54G57	Q54G57
Q54TA5	Q54TA5
Q54TF8	Q54TF8
Q54UL8	Q54UL8
Q54WS5	Q54WS5
Q54YL2	Q54YL2
Q550C8	Q550C8
Q555H8	Q555H8
Q55DB0	Q55DB0
Q56222	Q56222
Q584U2	Q584U2
Q58517	Q58517
Q58981	Q58981
Q58CM8	Q58CM8
Q58G82	Q58G82
Q59I44	Q59I44
Q59X11	Q59X11
Q5A6T8	Q5A6T8
Q5AA09	Q5AA09
Q5ADL8	Q5ADL8
Q5AUN2	Q5AUN2
Q5B833	Q5B833
Q5BAH2	Q5BAH2
Q5CZZ9	Q5CZZ9
Q5EDC3	Q5EDC3
Q5F2N2	Q5F2N2
Q5F389	Q5F389
Q5J316	Q5J316
Q5LUA7	Q5LUA7
Q5M965	Q5M965
Q5MJ68	Q5MJ68
Q5QQ55	Q5QQ55
Q5QQ55	Q5QQ54
Q5R543	Q5R543
Q5R8R6	Q5R8R6
Q5R8R6	P58044
Q5R8R6	Q9BXS1
Q5R8R6	O35586
Q5R8R6	O35760
Q5R8R6	Q1LZ95
Q5R8R6	Q8BFZ6
Q5R8R6	Q9NH02
Q5RD60	Q5RD60
Q5RIW8	Q5RIW8
Q5RIW8	Q5EB59
Q5RIW8	Q6P423
Q5U2P6	Q5U2P6
Q5XIW8	Q5XIW8
Q5ZMH1	Q5ZMH1
Q5ZND2	Q5ZND2
Q60343	Q60343
Q60A54	Q60A54
Q61CW2	Q61CW2
Q61DE0	Q61DE0
Q62632	Q62632
Q66S03	Q66S03
Q68DH5	Q68DH5
Q6A1A2	Q6A1A2
Q6AXM7	Q6AXM7
Q6CSX2	Q6CSX2
Q6DNF3	Q6DNF3
Q6F4N1	Q6F4N1
Q6FNM5	Q6FNM5
Q6GM71	Q6GM71
Q6GV12	Q6GV12
Q6IMH0	Q6IMH0
Q6KAR6	Q6KAR6
Q6KHS0	Q6KHS0
Q6MG59	Q6MG59
Q6NSR3	Q6NSR3
Q6NYJ3	Q6NYJ3
Q6NYU2	Q6NYU2
A8EXZ8	A8EXZ8
A8F300	A8F300
A8F397	A8F397
A8F7S0	A8F7S0
A8FHS6	A8FHS6
A8GM71	A8GM71
A8GPA1	A8GPA1
A8HPM5	A8HPM5
A8L893	A8L893
A8LDU1	A8LDU1
A8MH15	A8MH15
A8MVZ5	A8MVZ5
A8N374	A8N374
A8Q0E3	A8Q0E3
A8QB25	A8QB25
A8WLV5	A8WLV5
A8WQT4	A8WQT4
A8Z631	A8Z631
A8Z660	A8Z660
A8ZUK6	A8ZUK6
A9A0B2	A9A0B2
A9A0U3	A9A0U3
A9A0U3	B8FNN5
A9A1F7	A9A1F7
A9A231	A9A231
A9AB27	A9AB27
A9AYC1	A9AYC1
B8JBF4	B8JBF4
B8JBF4	A7HCR8
B8JBF4	Q2II09
B8JBF4	A9G9R0
B8JBF4	Q1D607
B8LCD8	B8LCD8
B8MV61	B8MV61
B8NCQ4	B8NCQ4
B8NMR5	B8NMR5
B8P4B0	B8P4B0
B8R1V5	B8R1V5
B9E6K7	B9E6K7
B9E6Q6	B9E6Q6
B9E6Q6	Q5WF63
B9E6Q6	Q9K971
B9E6Q6	A7Z6J5
B9E6Q6	A4IQR7
B9E6Q6	A8FF11
B9E6Q6	A9VGD1
B9E6Q6	B1HRX4
B9E6Q6	B1YLQ5
B9E6Q6	C5D467
B9E6Q6	P54523
B9E6Q6	Q65HJ2
B9E6Q6	Q75TB7
B9E6Q6	Q92BZ0
B9E6Q6	A0AIG6
B9E6Q6	Q8Y7C1
B9E7J8	B9E7J8
B9E9B4	B9E9B4
B9E9B4	B9DKG1
B9E9B4	Q8CN30
B9E9B4	A0RA08
B9E9B4	A4IKR6
B9E9B4	A7GLF8
B9E9B4	A7Z3F8
B9E9B4	A8FC15
B9E9B4	B1YES2
B9E9B4	B7GEY2
B9E9B4	C5D6J1
B9E9B4	Q49UF2
B9E9B4	Q4L904
B9E9B4	Q65L94
B9EBJ1	B9EBJ1
B9EBJ1	C4L1B9
B9EN89	B9EN89
B9EUM5	B9EUM5
B9JFZ4	B9JFZ4
B9JK75	B9JK75
B9K819	B9K819
B9KH29	B9KH29
B9MJT8	B9MJT8
B9MJT8	A4XL45
C0HJE8	C0HJE8
C0HJH5	C0HJH5
C0HK47	C0HK47
C0HKF7	C0HKF7
C0HKV9	C0HKV9
C0HLA6	C0HLA6
C0HLB8	C0HLB8
C0HLZ6	C0HLZ6
C0HM26	C0HM26
C0QGP2	C0QGP2
C0R1X0	C0R1X0
C0R3U0	C0R3U0
C0R3U0	B3CLL6
C0R3U0	Q5GSQ1
C0R3U0	Q5FGW9
C0R3U0	Q2GGK2
C0R3U0	Q3YS44
C0R3U0	Q5PAN5
C0R3U0	Q2GKK3
C0R5N3	C0R5N3
C0R5N3	P61683
C0R5N3	Q5GTG5
C0SP79	C0SP79
C0SP89	C0SP89
C0SP94	C0SP94
C1A492	C1A492
C1DBE8	C1DBE8
P55934	P55934
P56239	P56239
P56631	P56631
P56681	P56681
P56681	P26997
P56684	P56684
P57312	P57312
P57503	P57503
P57561	P57561
P58336	P58336
P58382	P58382
P58675	P58675
P58844	P58844
P58845	P58845
P58914	P58914
P59318	P59318
P59507	P59507
P59507	Q056X7
P59507	B8D890
P59583	P59583
P59926	P59926
P60057	P60057
P60496	P60496
P60669	P60669
P61036	P61036
P61094	P61094
P61789	P61789
P62417	P62417
P63289	P63289
P64141	P64141
P69049	P69049
P69835	P69835
P70664	P70664
P71073	P71073
P71481	P71481
P72780	P72780
P73662	P73662
P74810	P74810
P75053	P75053
P75104	P75104
P75211	P75211
P75517	P75517
P76046	P76046
P76046	P44280
P76128	P76128
P76498	P76498
P76499	P76499
P77966	P77966
P78575	P78575
P78898	P78898
P80096	P80096
P80250	P80250
P80259	P80259
P81017	P81017
P81056	P81056
P81205	P81205
P81462	P81462
P81528	P81528
P81544	P81544
P81800	P81800
P82106	P82106
P82151	P82151
P82422	P82422
P82906	P82906
P83101	P83101
P83215	P83215
P83557	P83557
P83618	P83618
P83629	P83629
P83864	P83864
Q3ZZJ0	Q3ZZJ0
Q40255	Q40255
Q40255	Q8VZC3
Q40648	Q40648
Q43362	Q43362
Q44093	Q44093
Q44775	Q44775
Q46084	Q46084
Q460G9	Q460G9
Q46506	Q46506
Q46824	Q46824
Q47318	Q47318
Q47594	Q47594
Q47907	Q47907
Q47DJ9	Q47DJ9
Q47DJ9	Q2KXN2
Q47DJ9	Q7NRN0
Q47DJ9	Q7VWV5
Q47DJ9	A1KBB9
Q47DJ9	A9KEP6
Q47DJ9	Q1QXV0
Q47DJ9	Q21LJ5
Q47DJ9	Q3IIT0
Q47DJ9	B2FJS1
Q47DJ9	B2SKC6
Q47DJ9	B4SLB7
Q47DJ9	Q4UPX6
Q47DJ9	Q8PFX6
Q47DJ9	Q9PAW2
Q47DJ9	C5BR59
Q47DJ9	Q21VW6
Q47DJ9	A1TLC4
Q47DJ9	A1VS34
Q47DJ9	A1WAZ1
Q47DJ9	A1WS75
Q47DJ9	A9BNL9
Q47DJ9	B9MDS3
Q47DJ9	Q0KEJ5
Q47DJ9	A1V760
Q47DJ9	B1YWG4
Q47DJ9	B2JCU2
Q47DJ9	Q145P6
Q47DJ9	Q1LRI7
Q47DJ9	Q8Y288
Q47DJ9	Q126D2
Q47DJ9	Q6ARX8
Q47DJ9	Q5X7D5
Q47DJ9	Q884I1
Q47DJ9	B1J615
Q47DJ9	C3K5H2
Q47DJ9	Q48KI2
Q47G91	Q47G91
Q47G91	A1KAY0
Q47G91	B1XW54
Q47G91	Q5P2Y9
Q47G91	Q0VTN3
Q47G91	Q2SUH7
Q47G91	B1YSF2
Q47G91	B2JHJ1
Q47G91	Q39K00
Q47G91	Q3JNA7
Q47G91	Q7WFP6
Q47G91	A9I4K2
Q47G91	Q2KVB0
Q47Q20	Q47Q20
Q47RR4	Q47RR4
Q47RR4	A4TCN4
Q47RR4	A0QVX9
Q47RR4	A1T7U7
Q47RR4	A3PYF8
Q47RR4	A1KM65
Q47RR4	A0QIQ9
Q47RR4	B1MD01
Q47RR4	B2HGM7
Q47RR4	B2HL15
Q47RR4	B8ZQU0
Q47RR4	A6W849
Q47RR4	Q4JV82
Q47RR4	A4X4W1
Q47RR4	A8M7W9
Q47RR4	A9WQ48
Q47RR4	A4FAJ5
Q47RR4	A0LUZ6
Q47RR4	Q0S1N9
Q47RR4	Q5YT12
Q47RR4	Q0RDX5
Q47RR4	A8L6K0
Q47RR4	Q2J773
Q47RR4	B0RGZ2
Q47RR4	A5CSL4
Q47RR4	B2GKG9
Q47RR4	A1SNF6
Q47RR4	B7GQG1
Q47RR4	A1A279
Q47RR4	B8DT91
Q47RR4	B8HG92
Q47RR4	A0JUY7
Q47RR4	A1R551
Q47RR4	O69967
Q47RR4	B1VXU2
Q47RR4	Q82KC8
Q47RR4	Q6A8Z5
Q47RR4	Q6NGR5
Q47RR4	B1VDE1
Q47RR4	Q8FPE0
Q47RR4	Q8NP72
Q47RR4	Q6AE04
Q483D3	Q483D3
Q487A4	Q487A4
Q4A044	Q4A044
Q4A5G1	Q4A5G1
Q4A729	Q4A729
Q4AAD0	Q4AAD0
Q4DTX9	Q4DTX9
Q4FL38	Q4FL38
Q4FN05	Q4FN05
Q4FND1	Q4FND1
Q4FPN1	Q4FPN1
Q4G3A5	Q4G3A5
Q4GZK7	Q4GZK7
Q4I298	Q4I298
Q4J7W0	Q4J7W0
Q4JUX6	Q4JUX6
Q4JWV5	Q4JWV5
Q4JY42	Q4JY42
Q4JY42	P62050
Q4JY42	Q8FLV6
Q4JY42	Q8NLN0
Q4JY42	Q49YJ3
Q4JY42	B9DN51
Q4JY42	Q9K5Z8
Q4P4X6	Q4P4X6
Q4P7Q1	Q4P7Q1
Q4P8S7	Q4P8S7
Q4PSR7	Q4PSR7
Q4Q5G6	Q4Q5G6
Q4Q9W0	Q4Q9W0
Q83HD8	Q83HD8
Q84F84	Q84F84
Q84HF6	Q84HF6
Q84K79	Q84K79
Q84L14	Q84L14
Q84WJ9	Q84WJ9
Q851R5	Q851R5
Q86A85	Q86A85
Q86AV9	Q86AV9
Q86B11	Q86B11
Q86H45	Q86H45
Q86HL5	Q86HL5
Q86IG9	Q86IG9
Q86K86	Q86K86
Q86XA9	Q86XA9
Q86ZR7	Q86ZR7
Q87BK4	Q87BK4
Q87JH5	Q87JH5
Q87JH5	A7N787
Q87JH5	A7IMW3
Q87JH5	A7MPA0
Q87JH5	A4VR98
Q87JH5	Q01335
Q87JH5	Q989L5
Q887Q4	Q887Q4
Q88DN4	Q88DN4
Q88DN4	C1DMW2
Q88DN4	Q87VX7
Q88DN4	B7V9D2
Q88L12	Q88L12
Q88PM5	Q88PM5
Q88U30	Q88U30
Q89AE4	Q89AE4
Q89AW9	Q89AW9
Q89NA7	Q89NA7
Q89PW2	Q89PW2
Q8A7K2	Q8A7K2
Q8ABA7	Q8ABA7
Q8BG92	Q8BG92
Q8BG92	Q8IUQ0
Q8BG92	Q5M7E1
Q8BG92	Q5SPP0
Q8BLM0	Q8BLM0
Q8BQU7	Q8BQU7
Q8BRH3	Q8BRH3
Q8BRH3	Q14CB8
Q8BRH3	Q5F3G0
Q8BRH3	Q6INE5
Q8BTG6	Q8BTG6
Q8BWQ4	Q8BWQ4
Q8C0Q9	Q8C0Q9
Q8CSG1	Q8CSG1
Q8CVR2	Q8CVR2
Q8CXQ5	Q8CXQ5
A0B7J8	A0B7J8
A0B7V0	A0B7V0
A0B9V0	A0B9V0
A0JR24	A0JR24
A0KVP8	A0KVP8
A0L6H5	A0L6H5
A0LCX6	A0LCX6
A0LD67	A0LD67
A0LF44	A0LF44
A0LJ55	A0LJ55
A0LJ55	A8ZZW7
A0LJ55	B8FA37
A0LRI3	A0LRI3
A0LT89	A0LT89
A0LT89	P61156
A0M3K2	A0M3K2
A0M535	A0M535
A0Q067	A0Q067
A0Q067	Q0SRX1
A0Q067	Q894C6
A0Q067	A6LTT3
A0Q067	C1FMF8
A0Q067	B9E0W7
A0Q067	Q97H93
A0RHU0	A0RHU0
A0RUG0	A0RUG0
A0T0P6	A0T0P6
A1A4G5	A1A4G5
A1AXN8	A1AXN8
A1DB12	A1DB12
A1JJ54	A1JJ54
A1KGK6	A1KGK6
A1KNB8	A1KNB8
A1KUK4	A1KUK4
A1QYP3	A1QYP3
A1RRJ5	A1RRJ5
A1RUG4	A1RUG4
A1RUG4	A3MUE4
A1RUG4	A4WI40
A1RUG4	B1YCG8
A1RUG4	Q8ZXA6
A1RXB2	A1RXB2
A1RXM2	A1RXM2
A1RXM2	A1RT11
A1RXM2	A3MXP3
A1RXM2	A4WN05
A1RXM2	A8MDE4
A1RXM2	B1YDH6
A1RXM2	Q8ZSV4
A1RXM2	Q9YEY5
A1RXM2	A2BNA6
A1RXM2	A3DM76
A1RXM2	Q4JC84
A1RXM2	A4YHV3
A1RXM2	Q96YA4
A1RXM2	Q980J7
A1RXM2	Q57963
A1RXM2	A4FWP5
A1RXM2	A6USY4
A1RXM2	Q8TYP2
A1RXN7	A1RXN7
A1SER2	A1SER2
A1SJC8	A1SJC8
A1SSN0	A1SSN0
A1SU12	A1SU12
A1SUI7	A1SUI7
A1TIW2	A1TIW2
A1U1H6	A1U1H6
A1U342	A1U342
A1U496	A1U496
A1U6G1	A1U6G1
A1VEG3	A1VEG3
A1VEG3	Q30Z06
A1W2R3	A1W2R3
A1WVR8	A1WVR8
A1XPK1	A1XPK1
A1YG91	A1YG91
A2BDC9	A2BDC9
A2BXM3	A2BXM3
A2CIR5	A2CIR5
A2RHS3	A2RHS3
A2STS6	A2STS6
A3AZ89	A3AZ89
A3BH91	A3BH91
A3BUD2	A3BUD2
A3CWX7	A3CWX7
A3DEB9	A3DEB9
F4I0Z6	F4I0Z6
F4I532	F4I532
F4IC29	F4IC29
F4IFD0	F4IFD0
F8J2D7	F8J2D7
F8RKW2	F8RKW2
G3XMB9	G3XMB9
G5E8D7	G5E8D7
H2A0M1	H2A0M1
H3BPM6	H3BPM6
I1R9B2	I1R9B2
I1RL12	I1RL12
I1RV22	I1RV22
I6X4W0	I6X4W0
J0MXJ0	J0MXJ0
K7ND00	K7ND00
L0E4G6	L0E4G6
L0TAD5	L0TAD5
L8FLZ2	L8FLZ2
O01454	O01454
O02380	O02380
O04195	O04195
O04590	O04590
O05519	O05519
O06458	O06458
O06480	O06480
O06489	O06489
O06679	O06679
O06928	O06928
O06977	O06977
O07533	O07533
O07603	O07603
O08455	O08455
O13587	O13587
O13706	O13706
O13859	O13859
O13874	O13874
O14127	O14127
O14158	O14158
O14266	O14266
O17204	O17204
O18054	O18054
O21048	O21048
O23205	O23205
O23278	O23278
O24088	O24088
O26217	O26217
O26272	O26272
O26979	O26979
O27333	O27333
O27350	O27350
O27767	O27767
O27844	O27844
O28216	O28216
O28220	O28220
O28277	O28277
O28911	O28911
O28943	O28943
O29164	O29164
O29481	O29481
O29481	A2STQ8
O29481	O27085
O29481	Q2NEP1
O29481	Q57887
O29481	A4FYM5
O29481	A6UUK8
O29481	Q8TR31
O29481	Q12YN5
O29481	Q469I9
O29481	Q469J2
O29481	Q8PUJ8
O29481	Q8TR33
O29481	Q8TSA3
O29481	Q8TXZ3
O29996	O29996
O31443	O31443
O31488	O31488
O31518	O31518
O31559	O31559
O31564	O31564
O31570	O31570
O31849	O31849
O32079	O32079
O32119	O32119
O32150	O32150
O32161	O32161
O32184	O32184
O32266	O32266
O33084	O33084
O33812	O33812
O33836	O33836
O34331	O34331
O34416	O34416
O34454	O34454
O34606	O34606
O34647	O34647
O35347	O35347
O42657	O42657
O42826	O42826
O42903	O42903
O42973	O42973
Q1WUZ8	Q1WUZ8
Q1WUZ8	Q03GI2
Q1WUZ8	Q38VL2
Q1WUZ8	Q837X4
Q1WUZ8	Q88XF3
Q1WUZ8	A8AYN4
Q1WUZ8	A3CLS9
Q1WUZ8	A4W2D1
Q1WUZ8	B8DEE7
Q1WUZ8	B9EAS8
Q1WUZ8	B9DQA0
Q1WUZ8	Q2YX08
Q1WUZ8	Q49WE9
Q1WUZ8	Q4L527
Q1WUZ8	Q5HQE4
Q1WUZ8	Q037T6
Q1WUZ8	Q04BM6
Q1WUZ8	Q5FLA9
Q1WUZ8	Q74IG8
Q1WUZ8	Q5LYK1
Q1WUZ8	A2RDW3
Q1WUZ8	B9DUR6
Q1WUZ8	Q8DV91
Q1WUZ8	Q9CIK7
Q1WUZ8	Q03Q83
Q1WUZ8	A5VL77
Q1WUZ8	Q7NGL0
Q1ZXC9	Q1ZXC9
Q1ZXE4	Q1ZXE4
Q1ZXE8	Q1ZXE8
Q1ZXL7	Q1ZXL7
Q21755	Q21755
Q24SK5	Q24SK5
Q24SS5	Q24SS5
Q24UA8	Q24UA8
Q25330	Q25330
Q25451	Q25451
Q254H2	Q254H2
Q255I1	Q255I1
Q255I1	Q9Z6M8
Q255I1	Q5L5E6
Q255I1	Q822F2
Q255I1	P0C217
Q255I1	Q9PK20
Q255I1	O84379
Q255T1	Q255T1
Q28HA8	Q28HA8
Q28UW2	Q28UW2
Q28XQ5	Q28XQ5
Q2EEW2	Q2EEW2
Q2EEX7	Q2EEX7
Q2G5Q6	Q2G5Q6
Q2GEC6	Q2GEC6
Q2GXM1	Q2GXM1
Q2H1Q1	Q2H1Q1
Q2H1Q1	Q4IFH8
Q2H2D7	Q2H2D7
Q2HBN1	Q2HBN1
Q2IIA8	Q2IIA8
Q2IPJ6	Q2IPJ6
Q2JIQ7	Q2JIQ7
Q2JUM7	Q2JUM7
Q2KJA5	Q2KJA5
Q2KWE1	Q2KWE1
Q2L6T1	Q2L6T1
Q2LR03	Q2LR03
Q2LRP7	Q2LRP7
Q2LSF9	Q2LSF9
Q2LU86	Q2LU86
Q2LUA0	Q2LUA0
Q2N948	Q2N948
Q2N9P5	Q2N9P5
Q2NEW1	Q2NEW1
Q2NFZ8	Q2NFZ8
Q2NIM2	Q2NIM2
Q2NIZ4	Q2NIZ4
Q2NRD3	Q2NRD3
Q2P1N0	Q2P1N0
Q2Q0J1	Q2Q0J1
Q2QNE3	Q2QNE3
Q2QRK9	Q2QRK9
Q2R0Z3	Q2R0Z3
Q2RHC4	Q2RHC4
Q2RIB5	Q2RIB5
Q2RJV5	Q2RJV5
Q2RKY2	Q2RKY2
Q2RN87	Q2RN87
Q2RPE5	Q2RPE5
Q2RV91	Q2RV91
Q2RVT5	Q2RVT5
Q2S006	Q2S006
Q2S1Q3	Q2S1Q3
Q2S4D1	Q2S4D1
Q2SJZ6	Q2SJZ6
Q2SL57	Q2SL57
Q2TXF9	Q2TXF9
Q2UC64	Q2UC64
Q2UC64	Q5BAD4
Q2V2S9	Q2V2S9
Q2V2S9	P82793
Q2V2W7	Q2V2W7
Q2V483	Q2V483
Q2V4F6	Q2V4F6
Q2V4N5	Q2V4N5
Q2WG79	Q2WG79
Q2WGI1	Q2WGI1
Q2YSR3	Q2YSR3
Q30KU3	Q30KU3
Q30TE7	Q30TE7
Q317Z7	Q317Z7
Q8RD07	Q8RD07
Q8RFA8	Q8RFA8
Q8RHJ7	Q8RHJ7
Q8S7M7	Q8S7M7
Q8SRK8	Q8SRK8
Q8SS65	Q8SS65
Q8SSA2	Q8SSA2
Q8SUG0	Q8SUG0
Q8SW42	Q8SW42
Q8T1D4	Q8T1D4
Q8TBR4	Q8TBR4
Q8TD90	Q8TD90
Q8TIN5	Q8TIN5
Q8TMW6	Q8TMW6
Q8TR85	Q8TR85
Q8TRT0	Q8TRT0
Q8TU91	Q8TU91
Q8TU91	A0B5K5
Q8TU91	A7I5J0
Q8TU91	A2SSW2
Q8TU91	A3CXJ3
Q8TVH5	Q8TVH5
Q8TWM5	Q8TWM5
Q8TWS7	Q8TWS7
Q8U483	Q8U483
Q8UJ37	Q8UJ37
Q8VWE6	Q8VWE6
Q8VZQ3	Q8VZQ3
Q8W3P8	Q8W3P8
Q8WTQ4	Q8WTQ4
Q8X0G8	Q8X0G8
Q8X0J4	Q8X0J4
Q8X261	Q8X261
Q8XJL8	Q8XJL8
Q8XZZ5	Q8XZZ5
Q8Y5M3	Q8Y5M3
Q8Y9F9	Q8Y9F9
Q8YDH0	Q8YDH0
Q8YI12	Q8YI12
Q8YMC2	Q8YMC2
Q8YMJ2	Q8YMJ2
Q8YP78	Q8YP78
Q8Z7R1	Q8Z7R1
Q8ZPK0	Q8ZPK0
Q8ZSP2	Q8ZSP2
Q8ZTA8	Q8ZTA8
Q8ZTU1	Q8ZTU1
Q91685	Q91685
Q91YN0	Q91YN0
Q92BX6	Q92BX6
Q92F67	Q92F67
Q92FR2	Q92FR2
Q92J96	Q92J96
Q934J6	Q934J6
Q93LK8	Q93LK8
Q93MH6	Q93MH6
Q93NB3	Q93NB3
Q93Z37	Q93Z37
Q940Q2	Q940Q2
Q94CC0	Q94CC0
Q94K00	Q94K00
Q94K00	Q9LY46
Q94K00	Q2QYW3
Q94K00	A0A0P0XXR9
Q94K00	Q9SEZ9
Q96419	Q96419
Q96KT0	Q96KT0
Q96Y95	Q96Y95
Q96Y95	Q4JC75
Q96Y95	Q980I8
Q96Y95	C3NG01
Q970Q8	Q970Q8
Q975K1	Q975K1
Q975K1	A4YCY7
Q975K1	O05642
Q975K1	Q9UX86
Q975K1	C3NEG4
Q97CT1	Q97CT1
Q97CU1	Q97CU1
Q97IQ3	Q97IQ3
Q97TZ8	Q97TZ8
Q97W62	Q97W62
Q97W62	Q974Z9
Q97W62	Q4JA54
Q98B75	Q98B75
Q98DR6	Q98DR6
Q57613	Q57613
Q57621	Q57621
Q57643	Q57643
Q57687	Q57687
Q57794	Q57794
Q57932	Q57932
Q57964	Q57964
Q57966	Q57966
Q58052	Q58052
Q58057	Q58057
Q58125	Q58125
Q58168	Q58168
Q58184	Q58184
Q58190	Q58190
Q58244	Q58244
Q58329	Q58329
Q58333	Q58333
Q58451	Q58451
Q58587	Q58587
Q58589	Q58589
Q58604	Q58604
Q58629	Q58629
Q58688	Q58688
Q58727	Q58727
Q58738	Q58738
Q58743	Q58743
Q58904	Q58904
Q58946	Q58946
Q59003	Q59003
Q59010	Q59010
Q59065	Q59065
Q59070	Q59070
Q5BQU9	Q5BQU9
Q5PQ92	Q5PQ92
Q5R0L0	Q5R0L0
Q5XA14	Q5XA14
Q5XHC1	Q5XHC1
Q5ZJ97	Q5ZJ97
Q60279	Q60279
Q60293	Q60293
Q60308	Q60308
Q60312	Q60312
Q67MN1	Q67MN1
Q67XN8	Q67XN8
Q68WX4	Q68WX4
Q6AAW4	Q6AAW4
Q6AB88	Q6AB88
Q6AWC8	Q6AWC8
Q6AXJ3	Q6AXJ3
Q6B8Q5	Q6B8Q5
Q6BEV5	Q6BEV5
Q6D994	Q6D994
Q6D994	P45472
Q6D994	A1JIY7
Q6D994	A4Q8H2
Q6D994	A4WEX0
Q6D994	A6TEH4
Q6D994	A7MIP1
Q6D994	A8AQ40
Q6D994	A8G925
Q6D994	A9N717
Q6D994	B1JLW2
Q6D994	C6DKL5
Q6D994	Q7MZ08
Q6D994	A7N3Z0
Q6D994	Q87GU3
Q6DBX0	Q6DBX0
Q6GKL1	Q6GKL1
Q6J2E6	Q6J2E6
Q6W349	Q6W349
Q6ZRX8	Q6ZRX8
Q6ZUG5	Q6ZUG5
Q70KG2	Q70KG2
Q72EX8	Q72EX8
Q7MSU1	Q7MSU1
Q7VI02	Q7VI02
Q803H0	Q803H0
Q824A6	Q824A6
Q831P3	Q831P3
Q833I5	Q833I5
Q83AX3	Q83AX3
Q83DN9	Q83DN9
Q83JD2	Q83JD2
Q84F85	Q84F85
Q86AE7	Q86AE7
Q86DA7	Q86DA7
Q86H87	Q86H87
Q86HB8	Q86HB8
Q86I43	Q86I43
Q86IJ6	Q86IJ6
Q86JL6	Q86JL6
Q86KC7	Q86KC7
Q86TU6	Q86TU6
Q89AG0	Q89AG0
Q89DV4	Q89DV4
Q89DV4	Q0KB74
Q8C1F5	Q8C1F5
Q8C5V5	Q8C5V5
Q8CF02	Q8CF02
Q8DFH4	Q8DFH4
Q8EFZ8	Q8EFZ8
Q8ENS1	Q8ENS1
Q8EVD7	Q8EVD7
Q8KRA0	Q8KRA0
Q8MN46	Q8MN46
Q8MP30	Q8MP30
Q8PWZ4	Q8PWZ4
Q8R9U5	Q8R9U5
Q8SV60	Q8SV60
marts_E00001	marts_E00001
marts_E00008	marts_E00008
marts_E00009	marts_E00009
marts_E00009	marts_E01493
marts_E00010	marts_E00010
marts_E00011	marts_E00011
marts_E00013	marts_E00013
marts_E00013	marts_E00015
marts_E00013	marts_E00014
marts_E00013	marts_E00012
marts_E00013	marts_E00439
marts_E00013	marts_E00051
marts_E00021	marts_E00021
marts_E00021	marts_E00449
marts_E00021	marts_E00511
marts_E00021	marts_E00877
marts_E00021	marts_E00450
marts_E00021	marts_E01060
marts_E00021	marts_E00451
marts_E00021	marts_E00874
marts_E00021	marts_E00875
marts_E00021	marts_E01051
marts_E00021	marts_E01091
marts_E00021	marts_E00628
marts_E00021	marts_E01092
marts_E00021	marts_E01090
marts_E00021	marts_E01458
marts_E00021	marts_E01267
marts_E00021	marts_E01450
marts_E00022	marts_E00022
marts_E00029	marts_E00029
marts_E00029	marts_E00000
marts_E00035	marts_E00035
marts_E00038	marts_E00038
marts_E00038	marts_E00037
marts_E00039	marts_E00039
marts_E00040	marts_E00040
marts_E00040	marts_E00746
marts_E00048	marts_E00048
marts_E00048	marts_E00043
marts_E00048	marts_E00045
marts_E00048	marts_E01144
marts_E00048	marts_E01145
marts_E00048	marts_E01146
marts_E00048	marts_E00374
marts_E00048	marts_E00244
marts_E00048	marts_E00093
marts_E00048	marts_E00245
marts_E00048	marts_E00246
marts_E00048	marts_E00259
marts_E00048	marts_E00384
marts_E00048	marts_E00542
marts_E00048	marts_E00687
marts_E00048	marts_E00391
marts_E00048	marts_E00685
marts_E00048	marts_E00686
marts_E00048	marts_E00688
marts_E00048	marts_E01097
marts_E00048	marts_E01098
marts_E00048	marts_E01099
marts_E00048	marts_E01100
marts_E00048	marts_E01101
marts_E00048	marts_E01102
marts_E00048	marts_E01209
marts_E00048	marts_E01222
marts_E00052	marts_E00052
marts_E00053	marts_E00053
marts_E00054	marts_E00054
marts_E00056	marts_E00056
marts_E00057	marts_E00057
marts_E00058	marts_E00058
marts_E00058	marts_E00026
marts_E00064	marts_E00064
marts_E00064	marts_E00075
marts_E00064	marts_E00072
marts_E00064	marts_E00078
marts_E00064	marts_E00251
marts_E00064	marts_E00071
marts_E00064	marts_E00066
marts_E00064	marts_E00068
marts_E00064	marts_E00076
marts_E00064	marts_E00249
marts_E00064	marts_E00315
marts_E00064	marts_E00129
marts_E00064	marts_E00415
marts_E00064	marts_E01526
marts_E00064	marts_E00077
marts_E00064	marts_E00065
marts_E00064	marts_E00079
marts_E00064	marts_E00069
marts_E00064	marts_E00073
marts_E00064	marts_E00080
marts_E00064	marts_E00248
marts_E00064	marts_E00250
marts_E00064	marts_E00277
marts_E00064	marts_E00314
marts_E00064	marts_E00555
marts_E00064	marts_E00720
marts_E00064	marts_E00730
marts_E00064	marts_E00731
marts_E00064	marts_E00732
marts_E00064	marts_E00181
marts_E00064	marts_E00237
marts_E00064	marts_E00067
marts_E00064	marts_E00070
marts_E00064	marts_E00074
marts_E00064	marts_E00366
marts_E00064	marts_E00722
marts_E00064	marts_E00723
marts_E00064	marts_E00725
marts_E00064	marts_E00735
marts_E00064	marts_E00736
marts_E00064	marts_E00737
marts_E00064	marts_E00738
marts_E00064	marts_E00848
marts_E00064	marts_E00368
marts_E00064	marts_E00556
marts_E00064	marts_E00562
marts_E00064	marts_E00131
marts_E00064	marts_E00724
marts_E00064	marts_E00728
marts_E00064	marts_E00849
marts_E00064	marts_E00733
marts_E00064	marts_E00721
marts_E00064	marts_E01525
marts_E00064	marts_E00130
marts_E00064	marts_E00727
marts_E00064	marts_E01527
marts_E00064	marts_E00850
marts_E00064	marts_E00845
marts_E00095	marts_E00095
marts_E00105	marts_E00105
marts_E00106	marts_E00106
marts_E00106	marts_E00055
marts_E00107	marts_E00107
marts_E00107	marts_E00020
A3KQ86	A3KQ86
A5K302	A5K302
A8FNH9	A8FNH9
A8MQL1	A8MQL1
A8MS41	A8MS41
A8MW95	A8MW95
A9CH39	A9CH39
B2IZD3	B2IZD3
B3EWH2	B3EWH2
B3PC73	B3PC73
B3TLD6	B3TLD6
B5BLW5	B5BLW5
B7FXW1	B7FXW1
B8X8Z0	B8X8Z0
B9DFS6	B9DFS6
B9F1C0	B9F1C0
C0HK49	C0HK49
C0HL12	C0HL12
C0KTJ6	C0KTJ6
C0QRP9	C0QRP9
C4QH88	C4QH88
C7AJA4	C7AJA4
C9K4X8	C9K4X8
D0C8Z9	D0C8Z9
D2CVN6	D2CVN6
D2X8K2	D2X8K2
D3YXK1	D3YXK1
D3YYI7	D3YYI7
D7A6E5	D7A6E5
D9PUX5	D9PUX5
D9PVP5	D9PVP5
E2JF22	E2JF22
E6Z0R3	E6Z0R3
E7FHP1	E7FHP1
E9P8D2	E9P8D2
E9Q9D5	E9Q9D5
F0JAI6	F0JAI6
F4I1S7	F4I1S7
F4IP69	F4IP69
F4JCB2	F4JCB2
F4JS25	F4JS25
F4JYC8	F4JYC8
F4K2E9	F4K2E9
F4K6F1	F4K6F1
F4KCC2	F4KCC2
F5GUE5	F5GUE5
F7J0M4	F7J0M4
G0S3J5	G0S3J5
G3V893	G3V893
G5EC37	G5EC37
G5ECM9	G5ECM9
G5ECR8	G5ECR8
G5ED84	G5ED84
G5EDB2	G5EDB2
G5EDP2	G5EDP2
G5EDR5	G5EDR5
G5EFT4	G5EFT4
G5EGF4	G5EGF4
G5EGM1	G5EGM1
H2KZB2	H2KZB2
I1RC73	I1RC73
I2CYZ4	I2CYZ4
I2HAA0	I2HAA0
I5AX50	I5AX50
I6XU97	I6XU97
K4ZRC1	K4ZRC1
K9NBS6	K9NBS6
O01705	O01705
O01811	O01811
O01836	O01836
O02326	O02326
O06350	O06350
O07834	O07834
O08532	O08532
O08584	O08584
O08623	O08623
O08773	O08773
O13147	O13147
O13148	O13148
O13828	O13828
O13849	O13849
O13898	O13898
O14064	O14064
O14188	O14188
O15118	O15118
O15467	O15467
O15736	O15736
Q94IN5	Q94IN5
Q94K85	Q94K85
Q94KL5	Q94KL5
Q95RQ4	Q95RQ4
Q95XZ5	Q95XZ5
Q96533	Q96533
Q965W9	Q965W9
Q96A11	Q96A11
Q96AH8	Q96AH8
Q96AH8	Q8VEA8
Q96AH8	Q08DE8
Q96BW9	Q96BW9
Q96DR8	Q96DR8
Q96LD8	Q96LD8
Q96MF7	Q96MF7
Q96PX1	Q96PX1
Q96QU1	Q96QU1
Q96SU4	Q96SU4
Q97U96	Q97U96
Q97YM2	Q97YM2
Q988D3	Q988D3
Q98UK5	Q98UK5
Q99219	Q99219
Q99615	Q99615
Q99932	Q99932
Q99L88	Q99L88
Q99L88	Q13884
Q99L88	Q61235
Q99L88	Q28626
Q99L88	Q13424
Q99L88	Q61234
Q99L88	Q0P5E6
Q99MI6	Q99MI6
Q99MY0	Q99MY0
Q99NH2	Q99NH2
Q99PP0	Q99PP0
Q9A3Q9	Q9A3Q9
Q9A9Z2	Q9A9Z2
Q9BG99	Q9BG99
Q9BSF4	Q9BSF4
Q9BUH6	Q9BUH6
Q9BV44	Q9BV44
Q9BXH1	Q9BXH1
Q9C0K1	Q9C0K1
Q9C115	Q9C115
Q9C1W3	Q9C1W3
Q9C4Z7	Q9C4Z7
Q9C516	Q9C516
Q9C757	Q9C757
Q9C9K2	Q9C9K2
Q9C9M6	Q9C9M6
Q9C9M6	Q9LS09
Q9C9M6	Q2KIG1
Q9C9M6	Q9DAP7
Q9C9M6	Q9V464
Q9C9M6	Q17QJ0
Q9C9M6	Q69DB9
Q9C9M6	Q6NY34
Q9C9M6	Q6NYY4
Q9C9M6	Q7T0M6
Q9C9T3	Q9C9T3
Q9C9U3	Q9C9U3
Q9CA40	Q9CA40
Q9CA40	M4I1C6
Q9CA67	Q9CA67
Q9CA67	Q9ZS34
Q9CA67	Q55087
Q9CA67	Q6Z2T6
Q9CIV7	Q9CIV7
Q9CS00	Q9CS00
Q9CXV1	Q9CXV1
Q9D4M9	Q9D4M9
Q9D4M9	Q7Z4T8
Q9D4M9	Q95JX4
Q9D818	Q9D818
Q9D8Z2	Q9D8Z2
Q9DAG5	Q9DAG5
Q9DCF1	Q9DCF1
Q9DE07	Q9DE07
Q9EPT5	Q9EPT5
Q9EQ09	Q9EQ09
Q9EQR3	Q9EQR3
Q9ER75	Q9ER75
Q9ES45	Q9ES45
Q9ESR9	Q9ESR9
Q9ESR9	P41234
Q9ESR9	Q9BZC7
Q9ESU6	Q9ESU6
Q9FDY4	Q9FDY4
Q9FEE2	Q9FEE2
Q9FFK1	Q9FFK1
Q9FGN0	Q9FGN0
Q9FGW9	Q9FGW9
Q9FHK4	Q9FHK4
Q9FIJ6	Q9FIJ6
Q9FLR1	Q9FLR1
Q9FLR1	Q9SPG2
Q9FLR1	Q9SPG5
Q9FMN0	Q9FMN0
Q9FMS5	Q9FMS5
Q9FNU2	Q9FNU2
Q9FPR3	Q9FPR3
Q9FQ09	Q9FQ09
Q9FR37	Q9FR37
Q9FR37	Q7XTK3
Q9FUD3	Q9FUD3
Q9FVI6	Q9FVI6
Q05874	Q05874
Q05926	Q05926
Q05A56	Q05A56
Q06137	Q06137
Q07458	Q07458
Q08269	Q08269
Q08271	Q08271
Q08832	Q08832
Q08E08	Q08E08
Q09718	Q09718
Q09818	Q09818
Q09920	Q09920
Q09924	Q09924
Q09948	Q09948
Q0CMB0	Q0CMB0
Q0CRQ3	Q0CRQ3
Q0DV66	Q0DV66
Q0E1I7	Q0E1I7
Q0E961	Q0E961
Q0P8J6	Q0P8J6
Q0RYE0	Q0RYE0
Q0UG82	Q0UG82
Q0UYL2	Q0UYL2
Q0VC84	Q0VC84
Q0VC84	Q9JJ05
Q0VC84	Q9JJ06
Q0VC84	Q9NS00
Q0VC84	Q5F3G7
Q0VC84	Q6GNL1
Q0VC84	Q7SYI5
Q0VC84	Q08BL3
Q0WR59	Q0WR59
Q0WWX5	Q0WWX5
Q10302	Q10302
Q10LI1	Q10LI1
Q11010	Q11010
Q12310	Q12310
Q12369	Q12369
Q12570	Q12570
Q12676	Q12676
Q12751	Q12751
Q16378	Q16378
Q17392	Q17392
Q17577	Q17577
Q17632	Q17632
Q17828	Q17828
Q17RH7	Q17RH7
Q18331	Q18331
Q18955	Q18955
Q19787	Q19787
Q1HCL7	Q1HCL7
Q1HCL7	Q8C5H8
Q1HCL7	Q08CZ6
Q1PCT2	Q1PCT2
Q1PFK0	Q1PFK0
Q1RIM1	Q1RIM1
Q1ZZU3	Q1ZZU3
Q23497	Q23497
Q24558	Q24558
Q24702	Q24702
Q24751	Q24751
Q27365	Q27365
Q28933	Q28933
Q2FWP1	Q2FWP1
Q2G1M8	Q2G1M8
Q2G297	Q2G297
Q2LCV6	Q2LCV6
Q2RGI2	Q2RGI2
Q2VST0	Q2VST0
Q32PL8	Q32PL8
Q36258	Q36258
Q381A3	Q381A3
Q382V8	Q382V8
Q38899	Q38899
Q39649	Q39649
Q3C1D2	Q3C1D2
Q3EC11	Q3EC11
Q3IZ91	Q3IZ91
Q3MIW9	Q3MIW9
Q3SYX9	Q3SYX9
Q3UY90	Q3UY90
Q3UY90	Q9UFP1
Q45614	Q45614
A4ITJ3	A4ITJ3
A4J2B1	A4J2B1
A4QR60	A4QR60
A4R6K8	A4R6K8
A4SPR4	A4SPR4
A4VUB1	A4VUB1
A4WEW2	A4WEW2
A4XI02	A4XI02
A4Z112	A4Z112
A5CW57	A5CW57
A5CW57	A1AX35
A5CW80	A5CW80
A5CW80	A1AX17
A5CW80	Q057R1
A5CW80	Q492R5
A5DDB7	A5DDB7
A5DSB4	A5DSB4
A5DTK7	A5DTK7
A5DWA7	A5DWA7
A5EVW7	A5EVW7
A5EW54	A5EW54
A5EXM7	A5EXM7
A9BGS3	A9BGS3
A9BIX4	A9BIX4
A9FI55	A9FI55
A9KHL6	A9KHL6
A9KHL6	C4ZDP0
A9KIW5	A9KIW5
A9KK96	A9KK96
A9KL08	A9KL08
A9KL08	A0RH88
A9KL08	A7GR71
A9KL08	A7Z500
A9KL08	A9VR03
A9KL08	O31795
A9KL08	Q65JA9
A9KL08	Q812Y4
A9KL08	Q8CXG5
A9KL08	B1HRH3
A9KL08	Q4L610
A9KL08	A5ISI5
A9KL08	B9DPA1
A9KL08	Q49X96
A9KL08	Q5HPN8
A9KL08	Q820U0
A9KL08	B1YMH0
A9KL97	A9KL97
A9NGL4	A9NGL4
A9NHD0	A9NHD0
A9NHW0	A9NHW0
A9T6G5	A9T6G5
A9WRT6	A9WRT6
B0C4N8	B0C4N8
B0C4N8	A2C096
B0C4N8	A2BUP5
B0C4N8	A5GWG3
B0C4N8	A5GIF7
B0C4N8	Q0IDE5
B0C4N8	Q31S64
B0C4N8	Q3AN10
B0C4N8	Q3B080
B0C4N8	Q7U9K4
B0C4N8	Q7V4T7
B0C4N8	B7K4V8
B0C4N8	B1WTZ2
B0C4N8	B1XPG7
B0C4N8	B2IZV5
B0C4N8	B7KEG3
B0C4N8	B8HWD3
B0C4N8	Q10WA8
B0C4N8	Q3M8X6
B0C4N8	Q55643
B0C4N8	B0JVA7
B0C4N8	Q8DK29
B0C4N8	Q7V329
B0C4N8	A9BDN6
B0C4N8	Q31CR8
B0C4N8	Q7VDS2
B0C4N8	A0A2Z5WA18
B0C4N8	Q6AVG6
B0C4N8	Q94B35
B0C4N8	A0A7J6F8C5
B0C4N8	Q7NG74
B0CDZ6	B0CDZ6
B0R4J3	B0R4J3
B0R4J4	B0R4J4
B0R4U1	B0R4U1
B0R543	B0R543
B0RTF8	B0RTF8
B0S1C3	B0S1C3
B0SAR6	B0SAR6
B0SBH8	B0SBH8
B0TRL8	B0TRL8
B0TWR0	B0TWR0
E0XKJ8	E0XKJ8
E1ACQ0	E1ACQ0
E1ACQ0	L7WU80
E1BLP6	E1BLP6
E1V4H2	E1V4H2
E1V4H2	F6AA62
E1V4H2	A4XSC0
E1V4H2	B0KV30
E1V4H2	Q48EU9
E1V4H2	A6VUA4
E1V4H2	Q2SL36
E1V4H2	Q4KGQ4
E1WAC6	E1WAC6
E1WAU5	E1WAU5
E1ZXU8	E1ZXU8
E5KIB9	E5KIB9
E5Y946	E5Y946
E9F5E8	E9F5E8
E9Q6X9	E9Q6X9
F1SY68	F1SY68
F1SY73	F1SY73
F2RB83	F2RB83
F2ST24	F2ST24
F4I116	F4I116
F4I1N8	F4I1N8
F4I8F9	F4I8F9
F4IL05	F4IL05
F4J6N7	F4J6N7
F4J738	F4J738
F4J738	F4IRR2
F4J9Q6	F4J9Q6
F4JRF5	F4JRF5
F4K6R7	F4K6R7
F4KEA4	F4KEA4
F5HN73	F5HN73
F7EA39	F7EA39
F7XKY8	F7XKY8
F8L4W9	F8L4W9
F8RT80	F8RT80
G0KYB3	G0KYB3
G0S4F3	G0S4F3
G0S920	G0S920
G2TRK8	G2TRK8
G3GBU6	G3GBU6
G4MWB6	G4MWB6
G4N2B2	G4N2B2
G5E8K6	G5E8K6
G9N4A2	G9N4A2
H2E7T6	H2E7T6
H2E7T6	H2E7T5
H2E7T6	H2E7T7
H2E7T6	H2E7T9
H2E7T6	H2E7T8
H2E7T6	H2E7U0
H8WEC0	H8WEC0
I1BJ58	I1BJ58
I1S3K6	I1S3K6
I2C645	I2C645
I3R9N2	I3R9N2
I3RB26	I3RB26
I6Y8F7	I6Y8F7
I6YGS0	I6YGS0
K0E2F3	K0E2F3
K0E684	K0E684
K7PL94	K7PL94
K7PL94	Q4WBQ3
L8G6I7	L8G6I7
M0RAU5	M0RAU5
M1VV66	M1VV66
M3APK9	M3APK9
O00479	O00479
O04086	O04086
O04259	O04259
O04395	O04395
O04395	Q96330
O04395	Q41452
O04395	Q07512
O04395	A0A4D6Q440
O04395	Q7XZQ6
O04395	Q9ZWQ9
O04395	Q9M547
O04395	Q9XHG2
O04395	F4KAS1
O04395	Q9FFQ4
O04395	Q9FFQ5
O04395	F4K7D5
O04647	O04647
O04916	O04916
O05227	O05227
O05265	O05265
O05516	O05516
O05598	O05598
O05689	O05689
O06754	O06754
O07046	O07046
O07528	O07528
O07718	O07718
O13306	O13306
O13306	P32476
O13306	Q75F69
O13306	Q92206
O13652	O13652
O13748	O13748
O13981	O13981
O14056	O14056
O14081	O14081
O14085	O14085
O14105	O14105
O14242	O14242
O14284	O14284
Q1ACE6	Q1ACE6
Q1ASN4	Q1ASN4
Q1AW38	Q1AW38
Q1D0T2	Q1D0T2
Q1D2J4	Q1D2J4
Q1D359	Q1D359
Q1D3H2	Q1D3H2
Q1D8Y1	Q1D8Y1
Q1DCV8	Q1DCV8
Q1DEM0	Q1DEM0
Q1E2B2	Q1E2B2
Q1G9D6	Q1G9D6
Q1G9D6	A8YWA5
Q1G9D6	Q041Y0
Q1G9D6	Q5FJ02
Q1G9D6	Q74IF3
Q1GT40	Q1GT40
Q1GT40	Q2G626
Q1GT40	Q2NAU5
Q1GT40	Q9X5G1
Q1GZI0	Q1GZI0
Q1IHU1	Q1IHU1
Q1IHU1	Q029I5
Q1II25	Q1II25
Q1IZW6	Q1IZW6
Q1J022	Q1J022
Q1J022	Q9RTR6
Q1J118	Q1J118
Q1JPD8	Q1JPD8
Q1K4P1	Q1K4P1
Q1K7A4	Q1K7A4
Q1K9C4	Q1K9C4
Q1MPC1	Q1MPC1
Q1MRN9	Q1MRN9
Q1MRW7	Q1MRW7
Q1QJU5	Q1QJU5
Q1QJU5	Q3SQ43
Q1QJU5	A5G2E2
Q1QJU5	A5VRD9
Q1QJU5	A6WZW3
Q1QJU5	Q11HI8
Q1QJU5	Q98KJ4
Q1QJU5	A7HVY9
Q1QJU5	B1ZDL3
Q1QJU5	B1M537
Q1QJU5	B7KQF6
Q1QJU5	A8IAX3
Q1QJU5	B0UPN1
Q1QJU5	B8IEX6
Q1QJU5	B2IKE2
Q1QJU5	Q211Y8
Q1QJU5	A5EPC1
Q1QJU5	A7IFW1
Q1QJU5	Q07PK4
Q1QJU5	Q139A7
Q1QJU5	Q2IUR8
Q1QJU5	Q89G43
Q1QJU5	B3PTP8
Q1QJU5	B5ZVU9
Q1QJU5	B9JGK2
Q1QJU5	B9JXP7
Q1QJU5	Q1ME89
Q1QJU5	Q2K6H4
Q1QJU5	Q0BS22
Q1QJU5	Q0C511
Q1QJU5	Q2RX74
Q1QJU5	A5V3W0
Q1QJU5	B6JB74
Q1QJU5	A4YZB3
Q1QJU5	B3QCV7
Q1QJU5	B8EQB8
Q1QJU5	Q2W1G5
Q1QJU5	Q5FRZ1
Q1QJU5	A9GZI5
Q1QJU5	Q92NR2
Q1QJU5	A6UB14
Q1QJU5	P0A3Q5
Q1QYX9	Q1QYX9
Q1R084	Q1R084
Q1W4C9	Q1W4C9
Q1XDC9	Q1XDC9
Q20958	Q20958
Q21179	Q21179
Q21444	Q21444
Q65SE2	Q65SE2
Q65ZA6	Q65ZA6
Q660I6	Q660I6
Q660I6	O51627
Q660I6	Q0SMG9
Q661V4	Q661V4
Q66H65	Q66H65
Q67K79	Q67K79
Q67KH8	Q67KH8
Q67PD4	Q67PD4
Q68Y88	Q68Y88
Q69KJ0	Q69KJ0
Q6A058	Q6A058
Q6A7W9	Q6A7W9
Q6A908	Q6A908
Q6A9Z4	Q6A9Z4
Q6AF65	Q6AF65
Q6AL71	Q6AL71
Q6ALW6	Q6ALW6
Q6ARX9	Q6ARX9
Q6ASW7	Q6ASW7
Q6AWY3	Q6AWY3
Q6AXJ9	Q6AXJ9
Q6BII9	Q6BII9
Q6BWK6	Q6BWK6
Q6BZU2	Q6BZU2
Q6C0J1	Q6C0J1
Q6C0L7	Q6C0L7
Q6C2F3	Q6C2F3
Q6C6U9	Q6C6U9
Q6C712	Q6C712
Q6C9N0	Q6C9N0
Q6CA06	Q6CA06
Q6CAP9	Q6CAP9
Q6CAV7	Q6CAV7
Q6CFP3	Q6CFP3
Q6CGL4	Q6CGL4
Q6CHE5	Q6CHE5
Q6CI13	Q6CI13
Q6CJ38	Q6CJ38
Q6CPU8	Q6CPU8
Q6CSN1	Q6CSN1
Q6D0W8	Q6D0W8
Q6D3F5	Q6D3F5
Q6D8X4	Q6D8X4
Q6D8X4	A8GHJ1
Q6D8X4	A4TMK5
Q6D8X4	A1JL31
Q6D8X4	A6TC90
Q6D8X4	P37128
Q6D8X4	A4WD46
Q6D8X4	A7ML00
Q6D8X4	A8ADC6
Q6D8X4	Q7CQ25
Q6DF55	Q6DF55
Q6DFK1	Q6DFK1
Q6DIT8	Q6DIT8
Q6EEH1	Q6EEH1
Q6F1C9	Q6F1C9
Q6F703	Q6F703
Q6FEI9	Q6FEI9
Q6FIN2	Q6FIN2
Q6FJ38	Q6FJ38
Q6FJG8	Q6FJG8
Q6FQB2	Q6FQB2
Q6FTI5	Q6FTI5
Q98PE5	Q98PE5
Q98PL1	Q98PL1
Q98PQ2	Q98PQ2
Q98QJ9	Q98QJ9
Q98QR6	Q98QR6
Q98QZ0	Q98QZ0
Q99144	Q99144
Q99LP6	Q99LP6
Q99PR8	Q99PR8
Q9A5I1	Q9A5I1
Q9A5I1	Q8YC76
Q9A5I1	Q8UFV3
Q9A5I1	Q92QM8
Q9A5I1	Q98LV1
Q9AC50	Q9AC50
Q9AEU2	Q9AEU2
Q9AGF2	Q9AGF2
Q9B229	Q9B229
Q9B6D3	Q9B6D3
Q9BWW9	Q9BWW9
Q9BYJ0	Q9BYJ0
Q9C4Z5	Q9C4Z5
Q9C7I1	Q9C7I1
Q9C7N4	Q9C7N4
Q9C8J2	Q9C8J2
Q9CAM1	Q9CAM1
Q9CCF1	Q9CCF1
Q9CIF5	Q9CIF5
Q9CIW0	Q9CIW0
Q9CQA6	Q9CQA6
Q9CQU0	Q9CQU0
Q9CY16	Q9CY16
Q9CZJ0	Q9CZJ0
Q9CZJ0	Q91ZG2
Q9D2Q3	Q9D2Q3
Q9D2W0	Q9D2W0
Q9D7J4	Q9D7J4
Q9D7X8	Q9D7X8
Q9D7Z3	Q9D7Z3
Q9D902	Q9D902
Q9D958	Q9D958
Q9DAC0	Q9DAC0
Q9DCU0	Q9DCU0
Q9DCU6	Q9DCU6
Q9DEQ9	Q9DEQ9
Q9F1Y5	Q9F1Y5
Q9F1Y5	D3KYU3
Q9F1Y5	A3KI18
Q9F1Y5	A4FG18
Q9F2I9	Q9F2I9
Q9FDX1	Q9FDX1
Q9FG89	Q9FG89
Q9FGH6	Q9FGH6
Q9FGI1	Q9FGI1
Q9FIN1	Q9FIN1
Q9FIN1	Q8LEV7
Q9FIN1	Q8LG70
Q9FIQ1	Q9FIQ1
Q9FJ70	Q9FJ70
Q9FJ81	Q9FJ81
Q9FJY7	Q9FJY7
Q9FLD8	Q9FLD8
Q9FLR0	Q9FLR0
Q9FLU5	Q9FLU5
Q9FMC2	Q9FMC2
Q9FRL3	Q9FRL3
Q9GKQ6	Q9GKQ6
Q9GKU1	Q9GKU1
Q9GLJ9	Q9GLJ9
Q9GPM2	Q9GPM2
Q9H972	Q9H972
Q9HEV5	Q9HEV5
Q9HF61	Q9HF61
Q9HFC7	Q9HFC7
Q9HGL5	Q9HGL5
Q9HNI8	Q9HNI8
Q9HPW0	Q9HPW0
Q9HT00	Q9HT00
Q9HU18	Q9HU18
Q9HW50	Q9HW50
B5XNY5	B5XNY5
B5XUA6	B5XUA6
B5YBQ1	B5YBQ1
B5YHK1	B5YHK1
B5YIN3	B5YIN3
B5ZAS4	B5ZAS4
B5ZAS4	B1AI75
B5ZBC9	B5ZBC9
B5ZBS5	B5ZBS5
B6DD40	B6DD40
B6EML9	B6EML9
B6HDT2	B6HDT2
B6HV33	B6HV33
B6JZY9	B6JZY9
B6YQ41	B6YQ41
B6YQS8	B6YQS8
B6YR05	B6YR05
B6YV12	B6YV12
B6YV12	C5A334
B6YV12	O06502
B6YV12	Q5JDR9
B6YV12	Q9UXU5
B6YV12	O57726
B6YV12	Q8U4A8
B7GGJ1	B7GGJ1
B7JUI4	B7JUI4
B7JUI4	B0JJJ7
B7JUI4	P73807
B7JUI4	B1WY56
B7KID4	B7KID4
B7XK16	B7XK16
B7Z368	B7Z368
B8CX03	B8CX03
B8CXH5	B8CXH5
B8D115	B8D115
B8D5N1	B8D5N1
B8DFW9	B8DFW9
B8DQ42	B8DQ42
B8DTW1	B8DTW1
B8E2D4	B8E2D4
B8ESH8	B8ESH8
B8F667	B8F667
B8FKD8	B8FKD8
B8FNP3	B8FNP3
B8G3M6	B8G3M6
B8G5Y6	B8G5Y6
B8GYL6	B8GYL6
B8HB09	B8HB09
B8HB09	A1R7X2
B8HB09	A9WNA7
B8HB09	C5CA60
B8HB09	A8L3U5
B8I1A3	B8I1A3
B8I578	B8I578
B8I592	B8I592
B8I8F2	B8I8F2
B8IZ97	B8IZ97
B9DJQ6	B9DJQ6
B9E6V7	B9E6V7
B9G9L9	B9G9L9
B9KRV8	B9KRV8
B9KZ42	B9KZ42
B9L0L0	B9L0L0
B9L5T1	B9L5T1
B9L5T1	Q7MSH1
B9L5T1	B2UTS9
B9L5T1	Q7VFD3
B9L5T1	B7IDB4
B9L5T1	A6LM69
B9L5T1	A8F7P3
B9L5T1	B1LAZ7
B9LAF4	B9LAF4
B9M1G1	B9M1G1
B9MQ83	B9MQ83
B9MQ83	A9KJ25
B9MQ83	B0K3S2
B9MQ83	B0TDK8
B9MQ83	B8D124
B9MQ83	Q3AD37
B9MQ83	Q8RC41
B9MQ83	Q746Y5
B9MQ83	A1ATL2
B9MQ83	A5G9K0
B9MQ83	B3EA23
B9MQ83	B9LZ17
B9MQ83	C6E6Z1
B9MQ83	Q39ZJ9
B9MQ83	Q3A2K1
B9MQ83	A3DE86
B9MQ83	B8FCL0
B9MQ83	A8ZSP9
B9MQ83	B8FP45
B9MQ83	B5YHS7
B9MQ83	O67904
B9MQ83	Q2JJK5
B9MQ83	Q2JUT8
B9MQ83	Q2RGY3
B9MQ83	Q0AZZ3
B9MQ83	Q67KJ1
B9MQ83	B5YEC9
B9MQ83	B8E2U4
B9MQ83	B9E827
B9MQ83	A7GKK2
B9MQ83	A7Z266
B9MQ83	A8FAR9
B9MQ83	B1HTW8
B9MQ83	C5D4K5
B9MQ83	P58250
B9MQ83	Q5WJ21
B9MQ83	Q65MP9
B9MQ83	Q9KF29
B9MQ83	B9DMT9
B9MQ83	Q4L7L5
B9MQ83	P68807
B9MQ83	Q49YU5
B9MQ83	Q8ES79
B9MQ83	C4L691
B9MQ83	B1YM02
B9MQ83	Q92AQ2
B9V984	B9V984
P72157	P72157
P72227	P72227
P72235	P72235
P72935	P72935
P72958	P72958
P73242	P73242
P73349	P73349
P73754	P73754
P74007	P74007
P74261	P74261
P75292	P75292
P75313	P75313
P75334	P75334
P75335	P75335
P75360	P75360
P75445	P75445
P75475	P75475
P75580	P75580
P76421	P76421
P77031	P77031
P77378	P77378
P77414	P77414
P77730	P77730
P77844	P77844
P80462	P80462
P80605	P80605
P80707	P80707
P81007	P81007
P81071	P81071
P81332	P81332
P81368	P81368
P81457	P81457
P81590	P81590
P81624	P81624
P81803	P81803
P81833	P81833
P81925	P81925
P81958	P81958
P82120	P82120
P82141	P82141
P82153	P82153
P82299	P82299
P82534	P82534
P82696	P82696
P82762	P82762
P82764	P82764
P82791	P82791
P82902	P82902
P83121	P83121
P83298	P83298
P83607	P83607
P84027	P84027
P84066	P84066
P84529	P84529
P84543	P84543
P84650	P84650
P85843	P85843
P85860	P85860
P85949	P85949
P86063	P86063
P86082	P86082
P86178	P86178
P86199	P86199
P86240	P86240
P86534	P86534
P86889	P86889
P87054	P87054
P87232	P87232
P91416	P91416
P93820	P93820
P94250	P94250
P94376	P94376
P94378	P94378
P94423	P94423
P94456	P94456
P94488	P94488
P94577	P94577
P95608	P95608
P96082	P96082
P96314	P96314
P96576	P96576
P96669	P96669
P96669	O07578
P96676	P96676
P9WEG3	P9WEG3
P9WEG3	A0A142C7A4
P9WEM0	P9WEM0
P9WER9	P9WER9
P9WF14	P9WF14
P9WF46	P9WF46
P9WGF4	P9WGF4
P9WGL7	P9WGL7
P9WGR3	P9WGR3
P9WIM6	P9WIM6
P9WJ89	P9WJ89
Q890R3	Q890R3
Q89AH9	Q89AH9
Q89AZ9	Q89AZ9
Q89B25	Q89B25
Q89ES2	Q89ES2
Q89TD1	Q89TD1
Q8A484	Q8A484
Q8AA76	Q8AA76
Q8AAD6	Q8AAD6
Q8AWA7	Q8AWA7
Q8AX01	Q8AX01
Q8BGX4	Q8BGX4
Q8BMJ7	Q8BMJ7
Q8BUH1	Q8BUH1
Q8BZJ8	Q8BZJ8
Q8C0R9	Q8C0R9
Q8C817	Q8C817
Q8C8T8	Q8C8T8
Q8C9R9	Q8C9R9
Q8CAI1	Q8CAI1
Q8CB59	Q8CB59
Q8CCH2	Q8CCH2
Q8CCH2	Q5R9V0
Q8CDZ2	Q8CDZ2
Q8CDZ2	A6NDL7
Q8CDZ2	Q58DC7
Q8CX97	Q8CX97
Q8CXQ2	Q8CXQ2
Q8D3H1	Q8D3H1
Q8D3I0	Q8D3I0
Q8D7V4	Q8D7V4
Q8D7V4	A5F0H4
Q8D7V4	A7N3J0
Q8D7V4	Q6LKG5
Q8D7V4	Q87FT0
Q8D7V4	Q5E183
Q8DTQ4	Q8DTQ4
Q8ESU3	Q8ESU3
Q8ET50	Q8ET50
Q8EUD1	Q8EUD1
Q8EUG8	Q8EUG8
Q8FM79	Q8FM79
Q8FMG0	Q8FMG0
Q8FPH9	Q8FPH9
Q8FUS3	Q8FUS3
Q8G4I8	Q8G4I8
Q8G4Z7	Q8G4Z7
Q8GTS0	Q8GTS0
Q8GWA9	Q8GWA9
Q8GWP3	Q8GWP3
Q8GXB1	Q8GXB1
Q8H6L7	Q8H6L7
Q8I1F0	Q8I1F0
Q8J1X7	Q8J1X7
Q8K129	Q8K129
Q8K2J9	Q8K2J9
Q8K2J9	A9JRD8
Q8K2J9	Q96KE9
Q8K2J9	M3XQV7
Q8K2J9	Q0V9W6
Q8K2J9	Q5TZE1
Q8K924	Q8K924
Q8K9G9	Q8K9G9
Q8K9N5	Q8K9N5
Q8K9W9	Q8K9W9
Q8KAK0	Q8KAK0
Q8KCD5	Q8KCD5
Q8KG42	Q8KG42
Q8KGF2	Q8KGF2
Q8L6Y7	Q8L6Y7
Q8L9S1	Q8L9S1
Q8LC76	Q8LC76
Q8MMH0	Q8MMH0
Q8MMH5	Q8MMH5
Q8N816	Q8N816
Q8NA92	Q8NA92
Q8NCQ2	Q8NCQ2
Q8PT98	Q8PT98
Q8PT98	Q8TLP6
Q8PTT8	Q8PTT8
Q8PY51	Q8PY51
Q8R2I6	Q8R2I6
Q8R2I6	Q8R2I7
Q8R2I6	P82020
Q8R2I6	Q8R2I8
Q8R2I6	Q32ZI0
Q8R2I6	Q32ZI1
Q8R2I6	Q32ZI2
Q8R314	Q8R314
Q8R6A3	Q8R6A3
Q8R933	Q8R933
Q8RAB1	Q8RAB1
Q8RAC8	Q8RAC8
Q8RAN3	Q8RAN3
Q8RAN3	B0K0L7
Q09336	Q09336
Q09338	Q09338
Q09364	Q09364
Q09364	Q09365
Q09382	Q09382
Q09391	Q09391
Q09392	Q09392
Q09949	Q09949
Q09953	Q09953
Q0AWM1	Q0AWM1
Q0AXI8	Q0AXI8
Q0BZQ0	Q0BZQ0
Q0C451	Q0C451
Q0VFX4	Q0VFX4
Q0W4J4	Q0W4J4
Q0W4W4	Q0W4W4
Q10014	Q10014
Q10015	Q10015
Q10102	Q10102
Q10111	Q10111
Q10327	Q10327
Q10926	Q10926
Q10942	Q10942
Q12111	Q12111
Q12243	Q12243
Q18BE6	Q18BE6
Q19509	Q19509
Q19683	Q19683
Q1R3Q7	Q1R3Q7
Q1RJR4	Q1RJR4
Q1XDQ3	Q1XDQ3
Q21984	Q21984
Q313K2	Q313K2
Q31673	Q31673
Q32L72	Q32L72
Q3A2F1	Q3A2F1
Q3E743	Q3E743
Q3E786	Q3E786
Q3E805	Q3E805
Q3EBP1	Q3EBP1
Q3K1S8	Q3K1S8
Q45065	Q45065
Q45104	Q45104
Q45606	Q45606
Q45619	Q45619
Q46260	Q46260
Q46260	Q46438
Q46260	B0BCM2
Q46263	Q46263
Q46941	Q46941
Q47132	Q47132
Q47877	Q47877
Q49116	Q49116
Q49127	Q49127
Q4FZT8	Q4FZT8
Q4L783	Q4L783
Q4PT00	Q4PT00
Q4UJJ2	Q4UJJ2
Q4UKG8	Q4UKG8
Q50325	Q50325
Q54313	Q54313
Q54709	Q54709
Q54AV4	Q54AV4
Q54C00	Q54C00
Q54CY3	Q54CY3
Q54HM1	Q54HM1
Q54I08	Q54I08
Q54I30	Q54I30
Q54JK5	Q54JK5
Q54JM2	Q54JM2
Q54K76	Q54K76
Q54LD8	Q54LD8
Q54LV6	Q54LV6
Q54LY8	Q54LY8
Q54P45	Q54P45
Q54PY5	Q54PY5
Q54PY9	Q54PY9
Q54Q02	Q54Q02
Q54QR5	Q54QR5
Q54R60	Q54R60
Q54TB2	Q54TB2
Q54TW5	Q54TW5
Q54UD4	Q54UD4
Q54VJ3	Q54VJ3
Q54VP3	Q54VP3
Q54W62	Q54W62
Q54X24	Q54X24
Q54YY8	Q54YY8
Q55371	Q55371
Q55458	Q55458
Q55470	Q55470
Q55946	Q55946
Q55BI0	Q55BI0
Q56978	Q56978
Q57051	Q57051
Q570N1	Q570N1
Q57201	Q57201
Q57300	Q57300
Q57595	Q57595
marts_E00705	marts_E00705
marts_E00707	marts_E00707
marts_E00709	marts_E00709
marts_E00711	marts_E00711
marts_E00711	marts_E00710
marts_E00716	marts_E00716
marts_E00716	marts_E01114
marts_E00739	marts_E00739
marts_E00740	marts_E00740
marts_E00742	marts_E00742
marts_E00743	marts_E00743
marts_E00744	marts_E00744
marts_E00745	marts_E00745
marts_E00745	marts_E00793
marts_E00747	marts_E00747
marts_E00747	marts_E00637
marts_E00747	marts_E00572
marts_E00747	marts_E00153
marts_E00747	marts_E00167
marts_E00751	marts_E00751
marts_E00767	marts_E00767
marts_E00767	marts_E00748
marts_E00767	marts_E00750
marts_E00767	marts_E01271
marts_E00767	marts_E01272
marts_E00767	marts_E01274
marts_E00767	marts_E01275
marts_E00767	marts_E01276
marts_E00767	marts_E01500
marts_E00768	marts_E00768
marts_E00769	marts_E00769
marts_E00769	marts_E00965
marts_E00794	marts_E00794
marts_E00795	marts_E00795
marts_E00796	marts_E00796
marts_E00800	marts_E00800
marts_E00801	marts_E00801
marts_E00801	marts_E00618
marts_E00805	marts_E00805
marts_E00806	marts_E00806
marts_E00807	marts_E00807
marts_E00807	marts_E00506
marts_E00812	marts_E00812
marts_E00812	marts_E00933
marts_E00812	marts_E00425
marts_E00812	marts_E00934
marts_E00812	marts_E01069
marts_E00812	marts_E01070
marts_E00812	marts_E01071
marts_E01264	marts_E01264
marts_E01270	marts_E01270
marts_E01270	marts_E01280
marts_E01270	marts_E01281
marts_E01270	marts_E00717
marts_E01270	marts_E00770
marts_E01270	marts_E00773
marts_E01270	marts_E00774
marts_E01270	marts_E00907
marts_E01270	marts_E00776
marts_E01270	marts_E00775
marts_E01270	marts_E00777
marts_E01270	marts_E01380
marts_E01273	marts_E01273
marts_E01277	marts_E01277
marts_E01277	marts_E00212
marts_E01294	marts_E01294
marts_E01294	marts_E00887
marts_E01294	marts_E00463
marts_E01294	marts_E01006
marts_E01296	marts_E01296
marts_E01296	marts_E01382
marts_E01296	marts_E01055
marts_E01296	marts_E01233
marts_E01296	marts_E01232
marts_E01296	marts_E01475
marts_E01296	marts_E00150
marts_E01305	marts_E01305
marts_E01307	marts_E01307
marts_E01308	marts_E01308
marts_E01309	marts_E01309
marts_E01312	marts_E01312
marts_E01313	marts_E01313
marts_E01314	marts_E01314
marts_E01315	marts_E01315
marts_E01315	marts_E01360
marts_E01316	marts_E01316
marts_E01317	marts_E01317
marts_E01318	marts_E01318
marts_E01319	marts_E01319
marts_E01320	marts_E01320
marts_E01321	marts_E01321
marts_E01322	marts_E01322
marts_E01324	marts_E01324
marts_E01325	marts_E01325
marts_E01326	marts_E01326
marts_E01327	marts_E01327
marts_E01328	marts_E01328
marts_E01329	marts_E01329
marts_E01330	marts_E01330
marts_E01331	marts_E01331
marts_E01332	marts_E01332
marts_E01333	marts_E01333
marts_E01333	marts_E01018
marts_E01333	marts_E01334
marts_E01333	marts_E00915
marts_E01333	marts_E01480
marts_E01335	marts_E01335
marts_E01336	marts_E01336
marts_E01337	marts_E01337
marts_E01338	marts_E01338
marts_E01339	marts_E01339
marts_E01340	marts_E01340
marts_E01341	marts_E01341
marts_E01342	marts_E01342
marts_E01343	marts_E01343
marts_E01344	marts_E01344
marts_E01345	marts_E01345
marts_E01348	marts_E01348
marts_E01348	marts_E01346
marts_E01348	marts_E01366
marts_E01348	marts_E01347
marts_E01349	marts_E01349
marts_E01350	marts_E01350
marts_E01351	marts_E01351
marts_E01352	marts_E01352
marts_E01353	marts_E01353
marts_E01354	marts_E01354
marts_E01354	marts_E01355
marts_E01356	marts_E01356
marts_E01357	marts_E01357
marts_E01358	marts_E01358
marts_E01358	marts_E01359
marts_E01358	marts_E01365
marts_E01358	marts_E01361
marts_E01362	marts_E01362
marts_E01363	marts_E01363
marts_E01364	marts_E01364
marts_E01364	marts_E00510
Q15287	Q15287
Q15916	Q15916
Q17345	Q17345
Q177W0	Q177W0
Q19187	Q19187
Q19267	Q19267
Q19426	Q19426
Q19537	Q19537
Q1JPB9	Q1JPB9
Q1LJ80	Q1LJ80
Q1ZXH8	Q1ZXH8
Q20624	Q20624
Q20924	Q20924
Q22592	Q22592
Q23064	Q23064
Q23194	Q23194
Q23255	Q23255
Q23405	Q23405
Q23983	Q23983
Q24008	Q24008
Q24025	Q24025
Q24049	Q24049
Q24180	Q24180
Q24246	Q24246
Q24JK1	Q24JK1
Q25338	Q25338
Q25BC1	Q25BC1
Q25BC1	P18893
Q25BC1	P29456
Q25BC1	P51496
Q25BC1	Q29055
Q25BC1	P43480
Q25BC1	P47965
Q25BC1	P51746
Q25BC1	P55029
Q25BC1	Q28374
Q25BC1	Q29408
Q25BC1	Q8MKG9
Q25BC1	Q9JHK7
Q25BC1	Q9TSJ4
Q25BC1	Q9Z1Y5
Q25BC1	O46673
Q25BC1	Q2PE73
Q25BC1	Q865X4
Q25BC1	O97798
Q27591	Q27591
Q27651	Q27651
Q27874	Q27874
Q28938	Q28938
Q29RP8	Q29RP8
Q2FWC5	Q2FWC5
Q2LGB3	Q2LGB3
Q2LKW6	Q2LKW6
Q2QUC5	Q2QUC5
Q2T6X7	Q2T6X7
Q2TA25	Q2TA25
Q2TNK5	Q2TNK5
Q2W8R5	Q2W8R5
Q38929	Q38929
Q38929	Q42553
Q38929	A0A7C9FSB8
Q38929	O48964
Q38929	O48965
Q38929	Q39471
Q38929	Q39472
Q38929	Q39664
Q38A34	Q38A34
Q39054	Q39054
Q39219	Q39219
Q3L245	Q3L245
Q3LSM4	Q3LSM4
Q3TNH5	Q3TNH5
Q3TQ03	Q3TQ03
Q3ULB5	Q3ULB5
Q3UMR5	Q3UMR5
Q3UZ57	Q3UZ57
Q3V3R4	Q3V3R4
Q3Y416	Q3Y416
Q3YW59	Q3YW59
Q40235	Q40235
Q40235	O49879
Q40235	Q5MR23
Q42381	Q42381
Q45EK2	Q45EK2
Q46079	Q46079
Q46898	Q46898
Q47152	Q47152
Q4J8R1	Q4J8R1
Q4JA33	Q4JA33
Q4KMP7	Q4KMP7
Q4L180	Q4L180
Q4QTJ2	Q4QTJ2
Q4V4I9	Q4V4I9
Q500U8	Q500U8
Q500W7	Q500W7
Q50EK6	Q50EK6
Q50EK6	Q50EK5
Q51330	Q51330
Q52VH2	Q52VH2
Q53R41	Q53R41
Q54BD4	Q54BD4
Q54K32	Q54K32
Q54KF7	Q54KF7
Q54PT9	Q54PT9
Q54QV3	Q54QV3
O01352	O01352
O04716	O04716
O06553	O06553
O07550	O07550
O08770	O08770
O09015	O09015
O13126	O13126
O13126	O57598
O13126	O13125
O13637	O13637
O13686	O13686
O13745	O13745
O13755	O13755
O13802	O13802
O13808	O13808
O13955	O13955
O14115	O14115
O14270	O14270
O14329	O14329
O15016	O15016
O15016	Q924W6
O15697	O15697
O18851	O18851
O22808	O22808
O26153	O26153
O28469	O28469
O29407	O29407
O30078	O30078
O30808	O30808
O31214	O31214
O32125	O32125
O32125	Q49W68
O32125	Q4L4U2
O32125	Q6GIF9
O32125	Q8CPW3
O34215	O34215
O34215	P0A388
O34215	Q47945
O34992	O34992
O34992	Q45460
O34992	Q9KHT9
O42651	O42651
O43008	O43008
O48582	O48582
O48716	O48716
O51173	O51173
O55227	O55227
O57409	O57409
O59810	O59810
O59824	O59824
O60032	O60032
O60279	O60279
O61887	O61887
O64668	O64668
O65530	O65530
O66580	O66580
O66580	B2V8P5
O66580	B4U8R9
O67365	O67365
O67625	O67625
O68007	O68007
O74349	O74349
O74372	O74372
O74453	O74453
O74483	O74483
O74547	O74547
O80807	O80807
O82380	O82380
O82462	O82462
O82768	O82768
O86959	O86959
O86959	Q9X2F4
O94353	O94353
O94646	O94646
P00209	P00209
P00552	P00552
P01491	P01491
P02633	P02633
P03872	P03872
P03880	P03880
P04960	P04960
P04960	P0C1A5
P04960	P18209
P04960	P0C1A3
P04960	P0C1A2
P05847	P05847
P06834	P06834
P06834	O93884
P07807	P07807
P08042	P08042
P08065	P08065
P08750	P08750
P09383	P09383
P09556	P09556
P0AEB5	P0AEB5
Q9P3U0	Q9P3U0
Q9P6M0	Q9P6M0
Q9P6R8	Q9P6R8
Q9P7Y0	Q9P7Y0
Q9PPX6	Q9PPX6
Q9QZT0	Q9QZT0
Q9R1M3	Q9R1M3
Q9RRI2	Q9RRI2
Q9S7H5	Q9S7H5
Q9S7L9	Q9S7L9
Q9S7U5	Q9S7U5
Q9SD00	Q9SD00
Q9SD00	Q8LPQ8
Q9SD00	Q96290
Q9SD82	Q9SD82
Q9SD82	Q9FME0
Q9SD82	Q10Q08
Q9SJD4	Q9SJD4
Q9SJD4	Q9CAP8
Q9SR24	Q9SR24
Q9SRN4	Q9SRN4
Q9SSJ8	Q9SSJ8
Q9STK6	Q9STK6
Q9STK6	Q9SCU5
Q9STK6	Q65X23
Q9SXB6	Q9SXB6
Q9T0D3	Q9T0D3
Q9TXJ8	Q9TXJ8
Q9TZI4	Q9TZI4
Q9U8D2	Q9U8D2
Q9UR09	Q9UR09
Q9UT52	Q9UT52
Q9UT61	Q9UT61
Q9UTA4	Q9UTA4
Q9UTS5	Q9UTS5
Q9UYC6	Q9UYC6
Q9V6H2	Q9V6H2
Q9V7U0	Q9V7U0
Q9VF59	Q9VF59
Q9VM09	Q9VM09
Q9VN93	Q9VN93
Q9VYZ1	Q9VYZ1
Q9W133	Q9W133
Q9W1X7	Q9W1X7
Q9W1X7	Q16HH9
Q9W256	Q9W256
Q9W4C3	Q9W4C3
Q9XDP2	Q9XDP2
Q9XI60	Q9XI60
Q9XIK3	Q9XIK3
Q9XZ48	Q9XZ48
Q9Y0V3	Q9Y0V3
Q9YCB6	Q9YCB6
Q9Z0W3	Q9Z0W3
Q9ZHQ4	Q9ZHQ4
Q9ZHQ4	Q83WF2
Q9ZPW2	Q9ZPW2
Q9ZQ46	Q9ZQ46
Q9ZUN4	Q9ZUN4
Q9ZV05	Q9ZV05
S0DL59	S0DL59
S0EH60	S0EH60
S0EMV0	S0EMV0
S0ENQ2	S0ENQ2
S3DQN8	S3DQN8
S4TF94	S4TF94
S7WII9	S7WII9
W7LC91	W7LC91
A0A067ELB0	A0A067ELB0
A0A0A0V633	A0A0A0V633
A0A0A2JQ23	A0A0A2JQ23
A0A0A2JY30	A0A0A2JY30
A0A0C1E5A5	A0A0C1E5A5
A0A0C2WKN2	A0A0C2WKN2
A0A0C3D4E3	A0A0C3D4E3
A0A0D1DZV5	A0A0D1DZV5
A0A0D2YFZ9	A0A0D2YFZ9
A0A0E4AE72	A0A0E4AE72
A0A0E4AVP3	A0A0E4AVP3
A0A0H3HYU6	A0A0H3HYU6
Q9Z7Z6	Q9Z7Z6
Q9ZCJ2	Q9ZCJ2
Q9ZE54	Q9ZE54
Q9ZJ25	Q9ZJ25
Q9ZPR5	Q9ZPR5
Q9ZVA3	Q9ZVA3
marts_E00372	marts_E00372
marts_E00372	marts_E00032
marts_E00372	marts_E00329
marts_E00372	marts_E00553
marts_E00372	marts_E00325
marts_E00372	marts_E01061
marts_E00375	marts_E00375
marts_E00375	marts_E00373
marts_E00375	marts_E00376
marts_E00375	marts_E00018
marts_E00375	marts_E00622
marts_E00375	marts_E00623
marts_E00379	marts_E00379
marts_E00379	marts_E00430
marts_E00379	marts_E00256
marts_E00379	marts_E00255
marts_E00379	marts_E00257
marts_E00379	marts_E00370
marts_E00379	marts_E00480
marts_E00379	marts_E00522
marts_E00379	marts_E00544
marts_E00379	marts_E00557
marts_E00379	marts_E00558
marts_E00379	marts_E00477
marts_E00379	marts_E00478
marts_E00379	marts_E00479
marts_E00388	marts_E00388
marts_E00402	marts_E00402
marts_E00402	marts_E00042
marts_E00402	marts_E00330
marts_E00412	marts_E00412
marts_E00413	marts_E00413
marts_E00413	marts_E00341
marts_E00413	marts_E01502
marts_E00414	marts_E00414
marts_E00414	marts_E00272
marts_E00416	marts_E00416
marts_E00416	marts_E00699
marts_E00416	marts_E00661
marts_E00416	marts_E00656
marts_E00416	marts_E00698
marts_E00416	marts_E00961
marts_E00416	marts_E00700
marts_E00422	marts_E00422
marts_E00422	marts_E00308
marts_E00422	marts_E00273
marts_E00422	marts_E00968
marts_E00422	marts_E00969
marts_E00422	marts_E00409
marts_E00422	marts_E01414
marts_E00422	marts_E01415
marts_E00422	marts_E01198
marts_E00422	marts_E01416
marts_E00423	marts_E00423
marts_E00424	marts_E00424
marts_E00424	marts_E00176
marts_E00433	marts_E00433
marts_E00433	marts_E00488
marts_E00441	marts_E00441
marts_E00444	marts_E00444
marts_E00444	marts_E00445
marts_E00448	marts_E00448
marts_E00448	marts_E00646
marts_E00448	marts_E00662
marts_E00448	marts_E00318
marts_E00448	marts_E00126
marts_E00448	marts_E00346
marts_E00448	marts_E00446
marts_E00448	marts_E00455
marts_E00448	marts_E00626
marts_E00448	marts_E01223
marts_E00448	marts_E00300
marts_E00448	marts_E00749
marts_E00448	marts_E00352
marts_E00448	marts_E00528
marts_E00448	marts_E00104
marts_E00448	marts_E00301
marts_E00448	marts_E00465
marts_E00448	marts_E01020
marts_E00448	marts_E01263
marts_E00448	marts_E00166
marts_E00448	marts_E00447
marts_E00448	marts_E01262
marts_E00452	marts_E00452
marts_E00453	marts_E00453
marts_E00454	marts_E00454
marts_E00454	marts_E01110
marts_E00454	marts_E00456
marts_E00454	marts_E00994
marts_E00464	marts_E00464
marts_E00464	marts_E00228
marts_E00466	marts_E00466
marts_E00466	marts_E00377
marts_E00469	marts_E00469
marts_E00470	marts_E00470
marts_E00472	marts_E00472
marts_E00472	marts_E00432
marts_E00475	marts_E00475
marts_E00476	marts_E00476
marts_E00476	marts_E00304
marts_E00476	marts_E00410
marts_E00476	marts_E00482
marts_E00476	marts_E00492
marts_E00476	marts_E00526
marts_E00476	marts_E00892
marts_E00476	marts_E00937
marts_E01367	marts_E01367
marts_E01368	marts_E01368
marts_E01369	marts_E01369
marts_E01370	marts_E01370
marts_E01377	marts_E01377
marts_E01378	marts_E01378
marts_E01378	marts_E00303
marts_E01378	marts_E00326
marts_E01378	marts_E00355
marts_E01378	marts_E00168
marts_E01378	marts_E00258
marts_E01378	marts_E01514
marts_E01393	marts_E01393
marts_E01396	marts_E01396
marts_E01396	marts_E00825
marts_E01396	marts_E00268
marts_E01396	marts_E01376
marts_E01396	marts_E00178
marts_E01396	marts_E01395
marts_E01397	marts_E01397
marts_E01397	marts_E01033
marts_E01397	marts_E01034
marts_E01398	marts_E01398
marts_E01402	marts_E01402
marts_E01403	marts_E01403
marts_E01404	marts_E01404
marts_E01405	marts_E01405
marts_E01405	marts_E01408
marts_E01405	marts_E01407
marts_E01406	marts_E01406
marts_E01406	marts_E00857
marts_E01406	marts_E00866
marts_E01406	marts_E01399
marts_E01410	marts_E01410
marts_E01410	marts_E01409
marts_E01410	marts_E00305
marts_E01410	marts_E00426
marts_E01410	marts_E01411
marts_E01410	marts_E00336
marts_E01410	marts_E00274
marts_E01421	marts_E01421
marts_E01422	marts_E01422
marts_E01423	marts_E01423
marts_E01425	marts_E01425
marts_E01425	marts_E01424
marts_E01426	marts_E01426
marts_E01429	marts_E01429
marts_E01429	marts_E01431
marts_E01429	marts_E00573
marts_E01429	marts_E00691
marts_E01429	marts_E00784
marts_E01429	marts_E00061
marts_E01429	marts_E00395
marts_E01429	marts_E00693
marts_E01429	marts_E01138
marts_E01429	marts_E00002
marts_E01429	marts_E01241
marts_E01429	marts_E01463
marts_E01429	marts_E01117
marts_E01429	marts_E00694
marts_E01429	marts_E01142
marts_E01429	marts_E01159
marts_E01429	marts_E01244
marts_E01429	marts_E01075
marts_E01429	marts_E01464
marts_E01429	marts_E00098
marts_E01429	marts_E01250
marts_E01429	marts_E00888
marts_E01429	marts_E01203
marts_E01429	marts_E01252
marts_E01430	marts_E01430
marts_E01433	marts_E01433
marts_E01434	marts_E01434
marts_E01436	marts_E01436
marts_E01436	marts_E01435
marts_E01437	marts_E01437
marts_E01438	marts_E01438
marts_E01439	marts_E01439
marts_E01440	marts_E01440
marts_E01442	marts_E01442
marts_E01446	marts_E01446
marts_E01446	marts_E01268
marts_E01446	marts_E01047
marts_E01446	marts_E01302
marts_E01446	marts_E01269
marts_E01446	marts_E01460
marts_E01446	marts_E01453
marts_E01448	marts_E01448
marts_E01448	marts_E00946
marts_E01448	marts_E01046
marts_E01448	marts_E01093
marts_E01448	marts_E00864
marts_E01448	marts_E01077
marts_E01448	marts_E00594
marts_E01448	marts_E01401
marts_E01448	marts_E00868
marts_E01448	marts_E01445
marts_E01448	marts_E00869
marts_E01448	marts_E00870
marts_E01448	marts_E01048
marts_E01448	marts_E01095
marts_E01448	marts_E01096
marts_E01448	marts_E01400
marts_E01448	marts_E01419
marts_E01448	marts_E01467
marts_E01454	marts_E01454
marts_E01455	marts_E01455
marts_E01455	marts_E01449
marts_E01455	marts_E01451
marts_E01456	marts_E01456
marts_E01457	marts_E01457
marts_E01459	marts_E01459
marts_E01461	marts_E01461
P9WNH5	P9WNH5
Q00441	Q00441
Q00757	Q00757
Q00872	Q00872
Q00941	Q00941
Q01852	Q01852
Q02629	Q02629
Q02767	Q02767
Q02773	Q02773
Q03017	Q03017
Q03096	Q03096
Q03213	Q03213
Q03776	Q03776
Q03833	Q03833
Q04047	Q04047
Q04080	Q04080
Q04207	Q04207
Q04228	Q04228
Q04437	Q04437
Q04712	Q04712
Q05785	Q05785
Q05895	Q05895
Q05949	Q05949
Q06003	Q06003
Q06148	Q06148
Q06160	Q06160
Q06162	Q06162
Q06164	Q06164
Q06190	Q06190
Q06349	Q06349
Q06604	Q06604
Q06625	Q06625
Q06648	Q06648
Q06679	Q06679
Q06707	Q06707
Q07139	Q07139
Q07139	Q9H8V3
Q07412	Q07412
Q07468	Q07468
Q07807	Q07807
Q07825	Q07825
Q08001	Q08001
Q08378	Q08378
Q08446	Q08446
Q08484	Q08484
Q08496	Q08496
Q08708	Q08708
Q08886	Q08886
Q08I43	Q08I43
Q09147	Q09147
Q09172	Q09172
Q09274	Q09274
Q09778	Q09778
Q09825	Q09825
Q0CJ59	Q0CJ59
Q0GGX2	Q0GGX2
Q0GGX2	Q9H0D2
Q0JFI2	Q0JFI2
Q0PCD7	Q0PCD7
Q0VD83	Q0VD83
Q0WPH8	Q0WPH8
Q10480	Q10480
Q10651	Q10651
Q10B19	Q10B19
Q10NQ3	Q10NQ3
Q11126	Q11126
Q11184	Q11184
Q11208	Q11208
Q12143	Q12143
Q12181	Q12181
Q12181	Q6FRH1
Q12181	Q75B78
Q12181	Q6CVG8
Q12200	Q12200
Q12263	Q12263
Q12297	Q12297
Q12321	Q12321
Q12362	Q12362
Q12438	Q12438
Q12473	Q12473
Q12508	Q12508
Q12518	Q12518
Q12794	Q12794
Q12794	Q5E985
Q12794	Q6RHW4
Q12794	Q76HN1
Q12794	Q91ZJ9
Q12816	Q12816
Q13342	Q13342
Q13505	Q13505
Q14118	Q14118
Q14520	Q14520
Q14534	Q14534
Q14534	P52019
Q14534	P52020
Q14957	Q14957
Q9SE97	Q9SE97
Q9SEE5	Q9SEE5
Q9SI19	Q9SI19
Q9SIC4	Q9SIC4
Q9SIC4	B9DFZ0
Q9SJW9	Q9SJW9
Q9SL05	Q9SL05
Q9SNB6	Q9SNB6
Q9SU05	Q9SU05
Q9SYG2	Q9SYG2
Q9SZ58	Q9SZ58
Q9SZR3	Q9SZR3
Q9TXQ1	Q9TXQ1
Q9UGI9	Q9UGI9
Q9UHF1	Q9UHF1
Q9UL49	Q9UL49
Q9ULE0	Q9ULE0
Q9ULZ1	Q9ULZ1
Q9UMS0	Q9UMS0
Q9UNM6	Q9UNM6
Q9UPW6	Q9UPW6
Q9UPW6	Q01826
Q9UPX8	Q9UPX8
Q9URQ3	Q9URQ3
Q9US24	Q9US24
Q9UTG8	Q9UTG8
Q9UUA2	Q9UUA2
Q9UUB7	Q9UUB7
Q9UUD1	Q9UUD1
Q9UUJ6	Q9UUJ6
Q9V3C1	Q9V3C1
Q9V3N1	Q9V3N1
Q9V674	Q9V674
Q9V8K2	Q9V8K2
Q9VA73	Q9VA73
Q9VA73	F1LX07
Q9VA73	O75746
Q9VA73	Q9UJS0
Q9VA73	Q21153
Q9VC27	Q9VC27
Q9VC45	Q9VC45
Q9VCJ8	Q9VCJ8
Q9VCR3	Q9VCR3
Q9VD73	Q9VD73
Q9VEV4	Q9VEV4
Q9VGE3	Q9VGE3
Q9VJD3	Q9VJD3
Q9VK91	Q9VK91
Q9VPR7	Q9VPR7
Q9VRQ7	Q9VRQ7
Q9VSH3	Q9VSH3
Q9VT92	Q9VT92
Q9VU84	Q9VU84
Q9VUL9	Q9VUL9
Q9VV73	Q9VV73
Q9VVA6	Q9VVA6
Q9VVT2	Q9VVT2
Q9VW15	Q9VW15
Q9VW51	Q9VW51
Q9VY78	Q9VY78
Q9VZF4	Q9VZF4
Q9W0I5	Q9W0I5
Q9W0I6	Q9W0I6
Q9W1C5	Q9W1C5
Q9W369	Q9W369
Q9WTK3	Q9WTK3
Q9WUF4	Q9WUF4
Q9WVC8	Q9WVC8
Q9WVL6	Q9WVL6
Q9X015	Q9X015
Q9X2V7	Q9X2V7
Q9XI00	Q9XI00
Q9XTB5	Q9XTB5
Q9XWV7	Q9XWV7
Q9XYS3	Q9XYS3
Q9Y2C2	Q9Y2C2
Q9Y4D2	Q9Y4D2
Q9Y4J8	Q9Y4J8
Q9Y4R7	Q9Y4R7
Q9Y5T5	Q9Y5T5
Q9Y5T5	Q0VA64
Q9Y5T5	Q6PAW2
Q9Y5T5	Q2KJ09
Q9Y5T5	Q08DA3
Q9Y5T5	Q99LG0
Q9Y6W5	Q9Y6W5
Q9Y7C8	Q9Y7C8
Q9Y7C8	Q3S2T8
Q9Y7C8	Q8J0F6
Q9Y7K2	Q9Y7K2
Q9Y7K2	O14356
Q9Y7U6	Q9Y7U6
Q9Z0H7	Q9Z0H7
Q9Z0I7	Q9Z0I7
Q9Z188	Q9Z188
Q9Z200	Q9Z200
Q9Z260	Q9Z260
Q9Z260	P56748
Q9Z260	P56750
Q9Z260	Q8BXA6
Q9Z260	C3VMW3
Q6S004	Q6S004
Q6UWT4	Q6UWT4
Q6UY87	Q6UY87
Q6UY87	O88870
Q6UY87	Q8WMR7
Q6WBX8	Q6WBX8
Q6XGD4	Q6XGD4
Q6ZQ12	Q6ZQ12
Q72E85	Q72E85
Q72H00	Q72H00
Q73PV9	Q73PV9
Q75EN0	Q75EN0
Q75EP8	Q75EP8
Q75RY2	Q75RY2
Q76EC5	Q76EC5
Q76EC5	Q7L1S5
Q76EC5	Q8BQ86
Q76EC5	Q9H2A9
Q7AKE5	Q7AKE5
Q7CQV5	Q7CQV5
Q7K0S9	Q7K0S9
Q7KT91	Q7KT91
Q7LZG3	Q7LZG3
Q7M438	Q7M438
Q7M733	Q7M733
Q7NFT6	Q7NFT6
Q7PYF4	Q7PYF4
Q7S5M7	Q7S5M7
Q7SBA0	Q7SBA0
Q7SEY9	Q7SEY9
Q7X3G5	Q7X3G5
Q7X3G5	P95619
Q7XZU0	Q7XZU0
Q7Y0S0	Q7Y0S0
Q7Y0S0	E0ZS45
Q7Z340	Q7Z340
Q838J7	Q838J7
Q84DC3	Q84DC3
Q84TD8	Q84TD8
Q84TJ7	Q84TJ7
Q84VW5	Q84VW5
Q852L2	Q852L2
Q86G50	Q86G50
Q86I22	Q86I22
Q86I22	Q8R0F8
Q86I22	Q2HJ98
Q86I22	Q6P587
Q86I22	Q93ZE5
Q86I22	Q9LUR3
Q86I22	Q10B63
Q86IZ4	Q86IZ4
Q86PM4	Q86PM4
Q86TJ5	Q86TJ5
Q86ZU7	Q86ZU7
Q88EH0	Q88EH0
Q88EQ6	Q88EQ6
Q895G2	Q895G2
Q895G2	Q97I09
Q8A947	Q8A947
Q8AXW7	Q8AXW7
Q8BFX3	Q8BFX3
Q8BMG1	Q8BMG1
Q8BZ25	Q8BZ25
Q8C761	Q8C761
Q8CFK2	Q8CFK2
Q8GI16	Q8GI16
Q8GWQ6	Q8GWQ6
Q8GXS3	Q8GXS3
Q8H9A8	Q8H9A8
Q8IZJ4	Q8IZJ4
Q8L1B1	Q8L1B1
Q8L557	Q8L557
Q8LBZ4	Q8LBZ4
Q8LPT3	Q8LPT3
Q8MYP1	Q8MYP1
Q8PU58	Q8PU58
Q8R0Z6	Q8R0Z6
Q8R2Q6	Q8R2Q6
Q8RI52	Q8RI52
Q8RIK8	Q8RIK8
Q8RWB1	Q8RWB1
Q8S4R4	Q8S4R4
Q8S4R4	Q9M9Y8
Q8S4R4	Q2VEX9
Q8S4R4	Q52QW3
Q8T3L6	Q8T3L6
Q8T5C6	Q8T5C6
Q8TAE6	Q8TAE6
Q8TBP0	Q8TBP0
Q8TCV5	Q8TCV5
Q8TDV2	Q8TDV2
Q8VDP6	Q8VDP6
Q8VEM9	Q8VEM9
Q8VYH2	Q8VYH2
Q8VYH2	O81000
Q8VYH2	O48651
Q8VYH2	Q9SM02
Q8VYH2	B7TWW5
Q8W4I5	Q8W4I5
Q8XQC5	Q8XQC5
A6UW89	A6UW89
A6UW89	Q58272
A6UW89	Q6M174
A6UWU6	A6UWU6
A6VIH3	A6VIH3
A6W2K8	A6W2K8
A6WCX3	A6WCX3
A6X307	A6X307
A6ZXR1	A6ZXR1
A7AU38	A7AU38
A7AW49	A7AW49
A7AW49	Q4N0J4
A7E305	A7E305
A7E3W2	A7E3W2
A7E7N7	A7E7N7
A7E8B6	A7E8B6
A7F4S1	A7F4S1
A7HJG6	A7HJG6
A7HMY6	A7HMY6
A7HMY6	A6LK77
A7HMY6	B7IGT1
A7HMY6	Q9XDB4
A7HMY6	A8F465
A7HMY6	A9BI29
A7HMY6	B9K8X3
A7HMY6	P46213
A7HMY6	C5CHA1
A7I2H6	A7I2H6
A7I3Y5	A7I3Y5
A7KAI8	A7KAI8
A7MB11	A7MB11
A7NG41	A7NG41
A7SG73	A7SG73
A7TF84	A7TF84
A7XRY6	A7XRY6
A7Z5Z6	A7Z5Z6
A7ZCZ7	A7ZCZ7
A8AAN4	A8AAN4
A8AAN4	A4YIM3
A8AAN4	P61615
A8AAN4	Q96YW9
A8ABB4	A8ABB4
B2GKK6	B2GKK6
B2IY45	B2IY45
B2IY45	B1X0D2
B2IY45	Q10XN7
B2IY45	Q3MA53
B2IY45	Q8YLN2
B2IY45	B0CG28
B2IY45	Q8CWM5
B2IY45	B0JN42
B2IY45	B1XKE8
B2IY45	B7KDM5
B2IY45	B7K612
B2IY45	B8HLW6
B2IY45	P74040
B2IY45	Q2JY05
B2IY45	Q2JK09
B2IY45	Q7MBC1
B2IY45	Q8GIT6
B2JVN8	B2JVN8
B2K549	B2K549
B2KDH2	B2KDH2
B2KDR9	B2KDR9
B2RZD2	B2RZD2
B2S1W3	B2S1W3
B2S3A0	B2S3A0
B2S3D9	B2S3D9
B2UBJ3	B2UBJ3
B2UN91	B2UN91
B2UPK2	B2UPK2
B2UQ30	B2UQ30
B2UVF6	B2UVF6
B2UVF6	B5Z937
B2UVF6	B6JNQ7
B2UVF6	O25961
B2UVF6	Q1CRL4
B2UVF6	Q9ZJJ7
B2UVF6	Q17ZN6
B2V656	B2V656
B3A0P2	B3A0P2
B3CTT4	B3CTT4
B3CTX1	B3CTX1
B3CUN6	B3CUN6
B3DWG6	B3DWG6
B3DWZ0	B3DWZ0
B3DXP7	B3DXP7
B3E0U0	B3E0U0
B3EWH6	B3EWH6
B3EWT1	B3EWT1
B3EWW1	B3EWW1
B3PMJ0	B3PMJ0
B3Q6H9	B3Q6H9
B3Q7Z4	B3Q7Z4
B3QQE0	B3QQE0
B3QQE0	A1BDJ5
B3QQE0	Q8KFN9
B3QQE0	A4SGC0
B3QQE0	B4S4X8
B3QQE0	B3EM42
B3QQE0	Q3B241
B3QQE0	B3EFF5
B3QQE0	B4SCU0
B3QQE0	Q3AT23
O16966	O16966
O17536	O17536
O18391	O18391
O20672	O20672
O22824	O22824
O25408	O25408
O25627	O25627
O26154	O26154
O26154	Q8U2H9
O26154	B6YST3
O26154	C6A3U0
O26154	O58893
O26154	Q76CZ1
O26154	Q9UZS9
O26868	O26868
O27463	O27463
O27552	O27552
O27552	Q8TVM4
O27748	O27748
O27997	O27997
O27997	A7IAG4
O27997	Q12TH8
O27997	Q8TT35
O27997	Q46CL4
O27997	Q8PW37
O27997	Q3IUB0
O27997	Q9HHE4
O28041	O28041
O28344	O28344
O28383	O28383
O28853	O28853
O29352	O29352
O29491	O29491
O29491	P31103
O29491	A8L1W8
O29491	B9DNV3
O29491	B9E6K9
O29491	Q2RM94
O29491	Q47MU8
O29491	Q4L6H1
O29491	Q5WGT0
O29491	Q65I26
O29491	Q6G994
O29491	Q8TV10
O29491	Q8FN70
O29491	B1VGM4
O29491	Q4JWU4
O29491	Q6NFV3
O29491	A2VD68
O29491	P19804
O29491	P52175
O29491	Q05982
O29491	Q13232
O29491	Q3T0Q4
O29491	Q50KA8
O29491	Q50KA9
O29491	Q66KP0
O29491	Q9PTF3
O29491	Q9WV85
O29491	Q90380
O29491	P27950
O29491	P48817
O29491	P70011
O29491	Q63DL7
O29491	Q6XI71
O29491	P22887
O29491	A5GPE9
O29491	B1XIE7
O29491	P49740
O29491	P50590
O29491	P81766
O29491	Q0I6J3
O29491	Q2JPL4
O29491	Q2JVI1
O29491	Q3AVV5
O29491	Q7U3S1
O29491	A2BNH4
O29491	A2BU01
O29491	A2CDK0
O29491	A9B9E7
O29491	B0C4I0
O29491	B0JHT4
O29491	B1WQB7
O29491	B2IX22
O29491	B8HUM7
O29491	C0ZCD6
O29491	P74494
O29491	Q116S1
O29491	Q1AVT4
O29491	Q2FRE6
O29491	Q3M7K5
O29491	Q46I11
O29491	Q49XS3
O29491	Q5KXU2
O29491	Q7NMQ5
O29491	Q7V3M8
O29491	Q7V425
O29491	Q7VEG3
O29491	Q8DM56
O29491	Q8EQB4
O29491	Q9KCB9
O29491	Q8TFN0
O29491	A0A3Q0KJ78
O29491	P36010
O29491	P93554
O29491	Q02254
O29491	Q7Z8P9
O29491	Q96559
O29491	Q9UUY8
O29491	A5UJN0
O29491	O26358
O29491	Q12Z94
O29491	Q2NGM5
O29491	Q7UJK7
O29491	A6LCB6
O29491	A7I644
O29491	A2STK8
O29491	A3CTF1
O29491	B8GKL6
O29491	Q3IPM6
O29491	Q8TQL6
O29491	A7NFF1
O29491	A5URD5
O29491	B8G5H0
O29491	A9AXD6
O29491	B1I1P4
O29491	P87355
O29491	A4J0S4
O29491	A5D5U8
O29491	B0TBN6
O29491	Q3AFJ7
O29491	B2S4P7
O29491	B8DBZ7
O29491	B0R502
O29491	Q5HP76
O29491	Q5V5M1
O29491	Q92A79
O29491	B9L159
O29491	A5FS65
O29491	C1D1C3
O29491	Q1IXQ0
O29491	Q9RRJ1
O29491	Q0W8X1
O29491	B9LPY5
O29491	Q18GB1
O29491	Q466D4
O29491	Q75DD1
O29491	Q8U2A8
O29491	O58429
O29491	Q5JGR7
O29491	Q9UZ13
O29491	Q251Q1
O29491	Q67NR4
O29491	Q6M0I7
O29491	Q58661
O29491	Q976A0
O29491	A2BK98
O29491	A3DDC2
O29491	A4YCQ4
O29491	Q4JAV3
O29491	Q72GQ0
O29491	Q980Q7
O29491	Q9HJ59
O29491	A1SMD1
O29491	C5CGM3
O29491	Q2JDQ4
O29491	Q6A9I7
O29491	Q97BK5
O29491	B1MMX9
O29491	O85501
O29491	A1TC25
O29491	Q1B625
O29491	Q5Z045
O29491	P9WJH7
O29491	A4F9J8
O29491	A4T2J0
O29491	B2HMG5
O29491	B8ZRN7
O29491	C1A1M0
O29491	Q0SH47
O29491	Q73XP1
O29491	Q9M7P6
O29491	P39207
O29491	Q07661
O29491	P47919
O29491	P47921
O29491	P47922
O29491	Q39839
O29491	Q0TNY9
O29491	Q82CA0
O29491	B1VXB3
O29491	B1YI22
O29491	C4L6N1
O29866	O29866
O30019	O30019
O31501	O31501
O31541	O31541
O31615	O31615
O31625	O31625
O32178	O32178
O32212	O32212
O32463	O32463
O33465	O33465
O34163	O34163
O34294	O34294
O34434	O34434
O34717	O34717
O34862	O34862
O34899	O34899
O34987	O34987
O35840	O35840
O35961	O35961
O42260	O42260
O42260	Q9QZP1
O42260	O14893
O42726	O42726
O42873	O42873
O51038	O51038
O51624	O51624
O51927	O51927
O51927	P59435
O52179	O52179
O52383	O52383
O52530	O52530
O53907	O53907
O54281	O54281
O59487	O59487
O59746	O59746
O59805	O59805
O60064	O60064
O60076	O60076
O60142	O60142
O62461	O62461
O64492	O64492
O65271	O65271
O65403	O65403
O65403	O65402
O65403	O65727
O65403	O65404
O65403	O65726
O66817	O66817
O67000	O67000
O67475	O67475
O67480	O67480
O67616	O67616
O67619	O67619
O67730	O67730
Q08425	Q08425
Q08693	Q08693
Q08750	Q08750
Q08889	Q08889
Q09062	Q09062
Q09117	Q09117
Q09226	Q09226
Q09610	Q09610
Q09726	Q09726
Q09766	Q09766
Q09788	Q09788
Q09801	Q09801
Q09812	Q09812
Q09821	Q09821
Q09TK7	Q09TK7
Q0AN24	Q0AN24
Q0AN24	B4RGS2
Q0AN24	B6ITS0
Q0AN24	Q9A6J5
Q0AN24	B0T4U9
Q0AUE7	Q0AUE7
Q0AUL4	Q0AUL4
Q0AVM4	Q0AVM4
Q0AXI3	Q0AXI3
Q0C8A0	Q0C8A0
Q0C9L5	Q0C9L5
Q0CS95	Q0CS95
Q0CX54	Q0CX54
Q0DGU2	Q0DGU2
Q0DM48	Q0DM48
Q0I322	Q0I322
Q0I322	Q65S80
Q0I322	Q7VLP0
Q0I868	Q0I868
Q0I8P6	Q0I8P6
Q0I8S8	Q0I8S8
Q0IFX5	Q0IFX5
Q0J7Y8	Q0J7Y8
Q0MXD0	Q0MXD0
Q0P3M6	Q0P3M6
Q0P3U3	Q0P3U3
Q0P5N5	Q0P5N5
Q0P8H8	Q0P8H8
Q0P9C6	Q0P9C6
Q0Q236	Q0Q236
Q0SM30	Q0SM30
Q0SM30	B7J0R6
Q0SM30	B5RQF8
Q0SM30	A1R0P6
Q0SM30	B2S1G5
Q0SPW1	Q0SPW1
Q0SS32	Q0SS32
Q0SSA0	Q0SSA0
Q0TAL4	Q0TAL4
Q0TMX8	Q0TMX8
Q0TU55	Q0TU55
Q39ZT0	Q39ZT0
Q3A1D9	Q3A1D9
Q3A3D3	Q3A3D3
Q3A3D3	Q39XB6
Q3A3D3	A1ANP9
Q3A3D3	A5GE10
Q3A3D3	B3E441
Q3A3D3	B5E9S9
Q3A3D3	B9LZG4
Q3A3D3	C6E2B3
Q3A3D3	Q749Y8
Q3A3X4	Q3A3X4
Q3AC06	Q3AC06
Q3ACA8	Q3ACA8
Q3ACA8	A4IMI5
Q3ACA8	A8FDI9
Q3ACA8	Q5L0D9
Q3ACA8	B7GIA2
Q3ACA8	Q38W03
Q3ACA8	Q5WFY6
Q3ACA8	Q8Y7I3
Q3ACA8	A0AI95
Q3ACA8	B8DG34
Q3ACA8	C1L2K1
Q3ACA8	Q92C59
Q3ACA8	B0TB07
Q3ACA8	B2V267
Q3ACA8	A3DDI1
Q3ACA8	A6LWJ0
Q3ACA8	Q0AYB0
Q3ACA8	Q2RJG0
Q3ACA8	A4J5Q1
Q3ACA8	Q67NL1
Q3ACA8	Q8R5S5
Q3ACA8	B0K1A4
Q3ACT3	Q3ACT3
Q3ANQ3	Q3ANQ3
Q3ANQ3	A1BCU6
Q3ANQ3	A4SGR9
Q3ANQ3	Q3B1B4
Q3ANQ3	Q8KAS1
Q3B3N9	Q3B3N9
Q3B3N9	A4SE82
Q3B3N9	B3EQM3
Q3B3N9	A1BFE5
Q3B3N9	B3EIU4
Q3B3N9	B3QNZ0
Q3B3N9	Q8KDS2
Q3B3N9	B4SGR0
Q3B3N9	Q3AQS3
Q3B3N9	B3QUD7
Q3BSL0	Q3BSL0
Q3E7Q9	Q3E7Q9
Q3IGZ3	Q3IGZ3
Q3IQT6	Q3IQT6
Q3K1C8	Q3K1C8
Q3K1C8	P00343
Q3K1C8	P0A3M9
Q3K1C8	A2REG9
Q3K1C8	A3CN70
Q3K1C8	A4VVA3
Q3K1C8	P26283
Q3K1C8	Q01462
Q3K1C8	Q59828
Q3K1C8	Q5LZ83
Q3K1C8	Q839C1
Q3K1C8	O32765
Q3K1C8	Q5FMB0
Q3K1C8	P13714
Q3K1C8	A4IKL5
Q3K1C8	A7Z152
Q3K1C8	A8F9Q8
Q3K1C8	C5D5V2
Q3K1C8	P14561
Q3K1C8	P20619
Q3K1C8	Q59244
Q3K1C8	Q5L2S0
Q3K1C8	Q5WE04
Q3K1C8	Q65NP0
Q3K1C8	Q8ELF0
Q3K1C8	P00345
Q3K1C8	P56512
Q3K1C8	Q03DZ7
Q3K1C8	Q81EP4
Q3K1C8	P62048
Q3K1C8	Q92F65
Q3K1C8	Q5HL31
Q3K1C8	A6QK89
Q3K1C8	Q8GMJ0
Q3K1C8	B2GBW0
Q3K1C8	B9E9F9
Q3K1C8	A5IPA9
Q3K1C8	Q1WSG2
Q3K1C8	P62052
Q3K1C8	Q38V71
Q3M244	Q3M244
Q3S8P9	Q3S8P9
Q3SJQ7	Q3SJQ7
Q3SX30	Q3SX30
Q3SX30	Q8BHL8
Q3SX30	Q5RDN3
Q3SX30	Q5XIU5
Q3SXC5	Q3SXC5
Q3SXG2	Q3SXG2
Q3SYZ9	Q3SYZ9
Q3SZI0	Q3SZI0
Q3V7R4	Q3V7R4
Q3Z6S3	Q3Z6S3
Q3Z8H3	Q3Z8H3
Q3Z8H3	Q3ZXC6
Q3Z989	Q3Z989
Q3ZXY9	Q3ZXY9
Q3ZY20	Q3ZY20
Q3ZY20	Q3Z7P5
Q3ZYL6	Q3ZYL6
Q3ZYL6	Q3Z6U4
Q3ZZC9	Q3ZZC9
Q6G2T3	Q6G2T3
Q6G2T3	A9IW77
Q6G2T3	Q6FZ96
Q6G4E3	Q6G4E3
Q6GKC2	Q6GKC2
Q6GKC2	Q4A0N1
Q6GNY7	Q6GNY7
Q6GNY7	O70489
Q6GNY7	Q9UMR5
Q6GNY7	Q1JQA0
Q6GNY7	Q6PCJ9
Q6ICW6	Q6ICW6
Q6IE26	Q6IE26
Q6IE63	Q6IE63
Q6IE63	Q5M8S2
Q6IQ97	Q6IQ97
Q6IRQ9	Q6IRQ9
Q6IV20	Q6IV20
Q6K7E6	Q6K7E6
Q6KZN5	Q6KZN5
Q6L0J9	Q6L0J9
Q6L1A0	Q6L1A0
Q6L1A0	Q97BU9
Q6L1A0	Q9HIT4
Q6L1N7	Q6L1N7
Q6L5I5	Q6L5I5
Q6L732	Q6L732
Q6LFN2	Q6LFN2
Q6LMT5	Q6LMT5
Q6LMT5	B6EKL4
Q6LMT5	Q5E330
Q6LMT5	Q8DC58
Q6LMT5	A5F9D8
Q6LMT5	A7MTT9
Q6LMT5	Q87LQ4
Q6LP06	Q6LP06
Q6LP06	A1SRN6
Q6LP06	A7MJZ3
Q6LP06	A9MLB3
Q6LP06	P33667
Q6LP06	B4F2U3
Q6LP06	A8GFD0
Q6LP06	B8CH52
Q6LP06	A3Q958
Q6LP06	A8G1H1
Q6LP06	A8GYV2
Q6LP06	B0TMW0
Q6LP06	Q488J6
Q6LUX5	Q6LUX5
Q6LUX5	Q5E7U8
Q6MCT3	Q6MCT3
Q6MDK2	Q6MDK2
Q6ME20	Q6ME20
Q6MH10	Q6MH10
Q6MK43	Q6MK43
Q6MK43	Q82WE9
Q6MK43	Q0AFI5
Q6ML19	Q6ML19
Q6MLC6	Q6MLC6
Q6MMQ9	Q6MMQ9
Q6MPK7	Q6MPK7
Q6MSQ1	Q6MSQ1
Q6MTX3	Q6MTX3
Q6NEB7	Q6NEB7
Q6NIZ3	Q6NIZ3
Q6NIZ3	Q8FRT0
Q6NIZ3	O68640
Q6NIZ3	B1VF43
Q6NIZ3	Q4JTI5
Q6NIZ3	Q5Z1C4
Q6NIZ3	A0QSZ0
Q6NIZ3	A1UC78
Q6NIZ3	B2HDS6
Q6NIZ3	B8ZUV9
Q6NIZ3	P9WJY8
Q6NIZ3	Q73UB0
Q6NKR1	Q6NKR1
Q6NLP2	Q6NLP2
Q6NZL0	Q6NZL0
Q6P773	Q6P773
Q6PEV3	Q6PEV3
Q6PFQ2	Q6PFQ2
Q6Q874	Q6Q874
Q6Q885	Q6Q885
Q6QD55	Q6QD55
Q6T627	Q6T627
Q6TLF6	Q6TLF6
Q6TLF6	Q6DF62
Q6TLF6	Q03336
Q6TLF6	Q64374
Q6TLF6	Q06AA3
Q6TLF6	Q5R837
Q6TLF6	Q9TTJ5
Q6TLF6	Q9TTJ6
Q6TLF6	Q9I923
Q6UWN0	Q6UWN0
Q6UWN8	Q6UWN8
Q6V702	Q6V702
Q6YXH5	Q6YXH5
Q6ZG25	Q6ZG25
Q707Y3	Q707Y3
Q719I0	Q719I0
Q72JT0	Q72JT0
Q72L21	Q72L21
Q72L59	Q72L59
Q72RB7	Q72RB7
Q72S57	Q72S57
Q73G24	Q73G24
Q8YFK1	Q8YFK1
Q8YJ15	Q8YJ15
Q8YJ15	Q11CS6
Q8YJ15	Q1QQI5
Q8YJ15	B3QBD2
Q8YJ15	Q13ED9
Q8YJ15	Q3SVC8
Q8YJ15	Q89VU8
Q8YJ15	Q2J2T4
Q8YJ15	Q2K330
Q8YJ15	Q1MAC8
Q8YJ15	Q8UBX8
Q8YJ15	Q92L23
Q8YJ15	Q98FG8
Q8ZKL1	Q8ZKL1
Q8ZKT7	Q8ZKT7
Q8ZPK4	Q8ZPK4
Q8ZTZ0	Q8ZTZ0
Q8ZTZ0	F9VPA4
Q8ZTZ0	Q4J6D9
Q8ZTZ0	Q9YCQ6
Q8ZU24	Q8ZU24
Q8ZY40	Q8ZY40
Q8ZYM8	Q8ZYM8
Q90XB8	Q90XB8
Q91079	Q91079
Q91971	Q91971
Q91975	Q91975
Q91VU1	Q91VU1
Q91WE2	Q91WE2
Q92344	Q92344
Q92442	Q92442
Q924H9	Q924H9
Q925Q4	Q925Q4
Q92BX2	Q92BX2
Q92BX2	A0AII5
Q92BX2	C1L2T9
Q92C22	Q92C22
Q92HW4	Q92HW4
Q92HW4	A8EYU8
Q92HW4	A8GNL2
Q92HW4	Q1RIF4
Q92HW4	Q4ULK8
Q92HW4	Q68WM5
Q92HW4	Q9ZD37
Q92IC6	Q92IC6
Q93DY4	Q93DY4
Q93DY4	Q2W8P5
Q93PS3	Q93PS3
Q93QX2	Q93QX2
Q94392	Q94392
Q94A21	Q94A21
Q94BY4	Q94BY4
Q95J85	Q95J85
Q95WA3	Q95WA3
Q96CS4	Q96CS4
Q96IM9	Q96IM9
Q96NJ3	Q96NJ3
Q96WS1	Q96WS1
Q96Y91	Q96Y91
Q979B7	Q979B7
Q979B7	Q9HJ12
Q97BN3	Q97BN3
Q97CC2	Q97CC2
Q97CC2	Q6L1S1
Q97CC2	Q9HLX2
Q97CL5	Q97CL5
Q97D55	Q97D55
Q97ET6	Q97ET6
Q97GT1	Q97GT1
Q97GZ3	Q97GZ3
Q97HD7	Q97HD7
Q97ID9	Q97ID9
Q97K95	Q97K95
Q97K95	Q8XNE2
Q97QF9	Q97QF9
Q97UL6	Q97UL6
Q97X13	Q97X13
Q97X13	Q97YJ9
Q97Z84	Q97Z84
Q980D2	Q980D2
Q98919	Q98919
A8MR46	A8MR46
A8MR89	A8MR89
A8NVW1	A8NVW1
A8YVK1	A8YVK1
A9BF05	A9BF05
A9BFU2	A9BFU2
A9BFU2	A8FD24
A9BFU2	O34764
A9BFU2	A7Z4H9
A9BFU2	Q65JT9
A9BFU2	A5D5R7
A9BFU2	P56864
A9BFU2	C1CVW9
A9BFU2	Q1IYH9
A9BFU2	B8D0S5
A9BFU2	C0QSU0
A9BFU2	Q1AXE5
A9BFU2	A9WFJ2
A9BFU2	Q31RJ2
A9BFU2	B0BZ94
A9BFU2	B0JW81
A9BFU2	B1XLP7
A9BFU2	B2J5M3
A9BFU2	B7JVS6
A9BFU2	P74241
A9BFU2	Q111K4
A9BFU2	Q2JU97
A9BFU2	Q3MAI6
A9BFU2	Q7NLN7
A9BFU2	A7GMW1
A9BFU2	B1HXC8
A9BFU2	O06736
A9BFU2	Q5WKF4
A9BFU2	Q3A8R0
A9BFU2	Q67QB5
A9BFU2	Q8EQN5
A9BFU2	B9DLL5
A9BFU2	Q49UM4
A9BFU2	Q4L9E7
A9BFU2	Q88X61
A9BFU2	Q8CR03
A9BFU2	C5D5A6
A9BFU2	A0RBN3
A9BFU2	A9VLJ0
A9BFU2	Q5L2Y0
A9BH33	A9BH33
A9BHQ2	A9BHQ2
A9CG70	A9CG70
A9G6D9	A9G6D9
A9G8M9	A9G8M9
A9GM39	A9GM39
A9JPE3	A9JPE3
A9KF01	A9KF01
A9KFA2	A9KFA2
A9M2D2	A9M2D2
A9MH53	A9MH53
A9N513	A9N513
A9N8V8	A9N8V8
A9NBA9	A9NBA9
A9UL59	A9UL59
A9VQW6	A9VQW6
A9WQ89	A9WQ89
A9YUH4	A9YUH4
B0BNA1	B0BNA1
B0BRV5	B0BRV5
B0CFM3	B0CFM3
B0JN62	B0JN62
B0R2R5	B0R2R5
B0R2R5	Q18I31
B0R2R5	Q3IUG3
B0R2R5	Q5V2S1
B0R5T0	B0R5T0
B0R6Y1	B0R6Y1
B0R9X6	B0R9X6
B0RIJ8	B0RIJ8
B0S1E5	B0S1E5
B0S1L6	B0S1L6
B0SDY8	B0SDY8
B0T7D5	B0T7D5
B0TBY2	B0TBY2
B0TK23	B0TK23
B0TWG4	B0TWG4
B0TWK0	B0TWK0
B0TWS3	B0TWS3
B0TXS6	B0TXS6
B0U0E9	B0U0E9
B0U0E9	A0Q690
B0UPF4	B0UPF4
B0V496	B0V496
B0YPP2	B0YPP2
B1A0U6	B1A0U6
B1GYU9	B1GYU9
B1GZ10	B1GZ10
B1GZ20	B1GZ20
B1H056	B1H056
B1H0B1	B1H0B1
B1H0E7	B1H0E7
B1H0M3	B1H0M3
B1H0R2	B1H0R2
B1I1U5	B1I1U5
B1I3I9	B1I3I9
B1KDU5	B1KDU5
B1L784	B1L784
B1P1W2	B1P1W2
P45192	P45192
P45244	P45244
P45280	P45280
P45349	P45349
P45394	P45394
P45420	P45420
P45503	P45503
P45675	P45675
P45790	P45790
P45994	P45994
P46119	P46119
P46331	P46331
P46376	P46376
P46382	P46382
P46568	P46568
P46697	P46697
P46746	P46746
P47258	P47258
P47305	P47305
P47379	P47379
P47431	P47431
P47468	P47468
P47610	P47610
P47645	P47645
P48325	P48325
P48515	P48515
P48569	P48569
P48839	P48839
P48840	P48840
P48907	P48907
P49304	P49304
P49461	P49461
P50271	P50271
P51283	P51283
P52001	P52001
P52007	P52007
P52232	P52232
P52619	P52619
P52665	P52665
P53265	P53265
P53287	P53287
P53862	P53862
P53962	P53962
P54006	P54006
P54082	P54082
P54439	P54439
P54454	P54454
P54569	P54569
P54658	P54658
P54980	P54980
P54980	P17054
P55126	P55126
P55322	P55322
P55349	P55349
P55349	Q6N3F3
P55365	P55365
P55402	P55402
P55471	P55471
P55576	P55576
P55723	P55723
P55871	P55871
P56267	P56267
P56666	P56666
P56969	P56969
P57202	P57202
P57202	Q84I53
P57202	Q9ZHE5
P57202	A4TKK4
P57202	P06986
P57202	A0KKB7
P57202	A1JTV9
P57202	A4SMP7
P57202	A4WC70
P57202	A7MJP4
P57202	A8AEK3
P57202	A8GC78
P57202	A9MSC2
P57202	B5XPE6
P57202	C6DF75
P57202	P44423
P57202	Q1LT68
P57202	Q2NTX2
P57202	Q492K2
P57202	Q5E637
P57202	Q6D410
P57202	Q7VQW9
P57202	Q8D8Q1
P57202	Q6LT75
P57202	B6EJ89
P57202	Q87QL0
P57202	Q9KSX2
P57202	Q15RU8
P57202	Q65RB2
P57202	Q9CLM3
P57202	Q84I51
P57202	Q89AX7
P57704	P57704
P57704	Q979L4
P57974	P57974
P57974	Q65W14
P57974	Q7N1X7
P57974	A5UAF5
P57974	A6VKS6
P57974	Q87LP1
P57974	A5F5H6
P57974	B6EKM7
P57974	B7VK77
P57974	Q6LMS4
P57974	Q8DC74
P57974	B3GX87
P57974	B8F3C9
P57974	Q7VL77
P57974	Q2NS15
P57974	P0A7H3
P57974	A4TKX6
P57974	A4WDD6
P57974	A7MH01
P57974	A8GI23
P57974	A9N1T3
P57974	B2VI48
P57974	B4F045
P57974	B5XNH2
P57974	C4K3Z5
P57974	Q6D221
P58592	P58592
P58592	P14333
P58625	P58625
P59205	P59205
P59205	P59206
P59493	P59493
P59574	P59574
P59668	P59668
P59745	P59745
P59932	P59932
P60260	P60260
P60348	P60348
P61996	P61996
P62429	P62429
P62605	P62605
P62904	P62904
P63708	P63708
P64185	P64185
P64455	P64455
P65294	P65294
P65811	P65811
P66778	P66778
P67474	P67474
P70744	P70744
P70744	P39652
P70904	P70904
P71052	P71052
Q6FNC6	Q6FNC6
Q6FNP6	Q6FNP6
Q6FQ36	Q6FQ36
Q6FSC7	Q6FSC7
Q6FU69	Q6FU69
Q6FWS1	Q6FWS1
Q6FWS1	P53742
Q6FWS1	Q75DA4
Q6FWS1	Q6C036
Q6FWS1	Q6CSP9
Q6FWS1	O14236
Q6FWS1	A2XGQ1
Q6FWS1	Q9C923
Q6FWX8	Q6FWX8
Q6FX31	Q6FX31
Q6FYW7	Q6FYW7
Q6GJ42	Q6GJ42
Q6GJ94	Q6GJ94
Q6GM19	Q6GM19
Q6GQI5	Q6GQI5
Q6JB12	Q6JB12
Q6K1L7	Q6K1L7
Q6LA56	Q6LA56
Q6LY59	Q6LY59
Q6LYR0	Q6LYR0
Q6LYR0	A4FXW1
Q6LYR0	A6UNQ9
Q6LYR0	A6VFL9
Q6LYR0	A9AB16
Q6M6W5	Q6M6W5
Q6MDM3	Q6MDM3
Q6ME58	Q6ME58
Q6MEM7	Q6MEM7
Q6MIP0	Q6MIP0
Q6MKB4	Q6MKB4
Q6MLI2	Q6MLI2
Q6MMS6	Q6MMS6
Q6MMY3	Q6MMY3
Q6MNQ3	Q6MNQ3
Q6MS91	Q6MS91
Q6MS93	Q6MS93
Q6NJ04	Q6NJ04
Q6NLD5	Q6NLD5
Q6NPR6	Q6NPR6
Q6NS69	Q6NS69
Q6NVV1	Q6NVV1
Q6PHE8	Q6PHE8
Q6R4B4	Q6R4B4
Q6VAB1	Q6VAB1
Q6W8Q3	Q6W8Q3
Q6ZZF5	Q6ZZF5
Q72JU7	Q72JU7
Q72LB1	Q72LB1
Q72LR3	Q72LR3
Q72QT1	Q72QT1
Q72QT1	Q04SB0
Q72U04	Q72U04
Q72U04	B0SDM7
Q72U04	Q04U62
Q73JJ4	Q73JJ4
Q73LW1	Q73LW1
Q73NE4	Q73NE4
Q746B8	Q746B8
Q74AR8	Q74AR8
Q74M51	Q74M51
Q74M84	Q74M84
Q74NJ4	Q74NJ4
Q74ZJ6	Q74ZJ6
Q750A5	Q750A5
Q750T7	Q750T7
Q753M9	Q753M9
Q754G7	Q754G7
Q754J4	Q754J4
Q754J8	Q754J8
Q755E7	Q755E7
Q755Q0	Q755Q0
Q755V9	Q755V9
Q756Q5	Q756Q5
Q758H6	Q758H6
Q759K3	Q759K3
Q75A59	Q75A59
Q75AD3	Q75AD3
Q75BU2	Q75BU2
Q75BW4	Q75BW4
Q75EW5	Q75EW5
Q795M6	Q795M6
Q796S4	Q796S4
Q79G04	Q79G04
Q7DKW4	Q7DKW4
Q7F9W2	Q7F9W2
Q7LKV3	Q7LKV3
Q7M7V3	Q7M7V3
Q7M877	Q7M877
O28044	O28044
O28078	O28078
O28118	O28118
O28146	O28146
O28183	O28183
O28406	O28406
O28535	O28535
O28556	O28556
O28726	O28726
O28839	O28839
O28921	O28921
O28921	O29984
O28974	O28974
O29147	O29147
O29159	O29159
O29190	O29190
O29486	O29486
O29568	O29568
O29590	O29590
O29591	O29591
O29643	O29643
O29651	O29651
O29655	O29655
O29658	O29658
O29695	O29695
O29796	O29796
O29816	O29816
O29839	O29839
O29947	O29947
O30213	O30213
O30279	O30279
O31437	O31437
O31453	O31453
O31578	O31578
O31802	O31802
O31829	O31829
O31837	O31837
O31863	O31863
O31867	O31867
O31885	O31885
O31891	O31891
O31899	O31899
O31907	O31907
O31924	O31924
O32097	O32097
O32166	O32166
O33024	O33024
O33611	O33611
O33611	P9WGJ0
O33684	O33684
O34446	O34446
O34743	O34743
O34883	O34883
O54290	O54290
O54290	P75916
O57589	O57589
O59961	O59961
O59961	P07390
O60083	O60083
O66545	O66545
O66643	O66643
O66783	O66783
O66822	O66822
O66848	O66848
O69833	O69833
O74917	O74917
O80573	O80573
O83098	O83098
O83105	O83105
O83148	O83148
O83206	O83206
O83358	O83358
O83516	O83516
O83593	O83593
O83671	O83671
O83682	O83682
O83705	O83705
O83760	O83760
O83823	O83823
O83830	O83830
O83839	O83839
O83880	O83880
O83921	O83921
O83992	O83992
O84311	O84311
O84640	O84640
O86243	O86243
O87663	O87663
O94249	O94249
P03850	P03850
P07791	P07791
P07935	P07935
P08076	P08076
P0A598	P0A598
P0AAL9	P0AAL9
P0AB61	P0AB61
P0ACW2	P0ACW2
P0C0H4	P0C0H4
P0C0V6	P0C0V6
P0C5M3	P0C5M3
P0C5M5	P0C5M5
P0C5M8	P0C5M8
marts_E00109	marts_E00109
marts_E00109	marts_E00108
marts_E00109	marts_E00369
marts_E00118	marts_E00118
marts_E00118	marts_E00117
marts_E00118	marts_E00180
marts_E00120	marts_E00120
marts_E00120	marts_E00119
marts_E00120	marts_E00199
marts_E00120	marts_E00264
marts_E00120	marts_E00406
marts_E00120	marts_E00024
marts_E00120	marts_E00752
marts_E00120	marts_E00753
marts_E00120	marts_E00832
marts_E00120	marts_E01247
marts_E00120	marts_E00182
marts_E00120	marts_E00201
marts_E00120	marts_E00950
marts_E00120	marts_E00025
marts_E00120	marts_E00189
marts_E00120	marts_E00197
marts_E00120	marts_E00198
marts_E00120	marts_E00306
marts_E00120	marts_E00407
marts_E00120	marts_E00532
marts_E00120	marts_E00560
marts_E00120	marts_E00955
marts_E00120	marts_E00956
marts_E00120	marts_E01229
marts_E00120	marts_E00944
marts_E00120	marts_E01230
marts_E00120	marts_E00530
marts_E00120	marts_E00116
marts_E00120	marts_E00203
marts_E00120	marts_E00404
marts_E00120	marts_E00419
marts_E00120	marts_E00420
marts_E00120	marts_E00487
marts_E00120	marts_E00408
marts_E00120	marts_E00610
marts_E00120	marts_E00307
marts_E00120	marts_E00779
marts_E00120	marts_E00660
marts_E00120	marts_E00204
marts_E00120	marts_E00275
marts_E00120	marts_E00883
marts_E00120	marts_E00712
marts_E00120	marts_E00521
marts_E00120	marts_E00165
marts_E00120	marts_E00210
marts_E00120	marts_E00899
marts_E00120	marts_E00948
marts_E00120	marts_E00403
marts_E00120	marts_E00531
marts_E00120	marts_E00783
marts_E00120	marts_E00128
marts_E00120	marts_E00140
marts_E00120	marts_E00141
marts_E00120	marts_E00149
marts_E00120	marts_E00200
marts_E00120	marts_E00231
marts_E00120	marts_E00238
marts_E00120	marts_E00239
marts_E00120	marts_E00386
marts_E00120	marts_E00405
marts_E00120	marts_E00780
marts_E00120	marts_E00781
marts_E00120	marts_E00782
marts_E00120	marts_E00949
marts_E00120	marts_E00951
marts_E00120	marts_E01243
marts_E00120	marts_E01462
marts_E00120	marts_E01231
marts_E00120	marts_E01490
marts_E00120	marts_E01489
marts_E00120	marts_E00431
marts_E00120	marts_E00962
marts_E00148	marts_E00148
marts_E00148	marts_E00500
marts_E00148	marts_E00538
marts_E00148	marts_E00099
marts_E00148	marts_E01195
marts_E00161	marts_E00161
marts_E00161	marts_E00110
marts_E00161	marts_E00156
marts_E00161	marts_E00132
marts_E00161	marts_E00160
marts_E00161	marts_E00561
marts_E00171	marts_E00171
marts_E00172	marts_E00172
marts_E00175	marts_E00175
marts_E00177	marts_E00177
marts_E00183	marts_E00183
marts_E00183	marts_E00036
marts_E00183	marts_E00580
marts_E00183	marts_E00312
marts_E00183	marts_E00313
marts_E00183	marts_E00356
marts_E00183	marts_E00396
marts_E00183	marts_E00581
marts_E00183	marts_E00582
marts_E00183	marts_E00583
marts_E00183	marts_E00584
marts_E00183	marts_E00585
marts_E00183	marts_E00586
marts_E00183	marts_E00653
marts_E00183	marts_E00654
marts_E00183	marts_E00655
marts_E00183	marts_E00719
marts_E00183	marts_E00734
marts_E00186	marts_E00186
marts_E00192	marts_E00192
marts_E00192	marts_E00502
marts_E00192	marts_E01123
marts_E00192	marts_E00921
marts_E00195	marts_E00195
marts_E00195	marts_E00918
marts_E00207	marts_E00207
marts_E00211	marts_E00211
marts_E01036	marts_E01036
marts_E01037	marts_E01037
marts_E01045	marts_E01045
marts_E01050	marts_E01050
marts_E01052	marts_E01052
marts_E01053	marts_E01053
marts_E01054	marts_E01054
marts_E01059	marts_E01059
marts_E01059	marts_E00894
marts_E01059	marts_E00893
marts_E01059	marts_E01148
marts_E01059	marts_E01057
marts_E01059	marts_E01149
marts_E01059	marts_E01150
marts_E01059	marts_E01151
marts_E01059	marts_E01389
marts_E01059	marts_E01392
marts_E01064	marts_E01064
marts_E01064	marts_E01065
marts_E01066	marts_E01066
marts_E01066	marts_E01000
marts_E01066	marts_E01111
marts_E01076	marts_E01076
marts_E01076	marts_E01134
marts_E01076	marts_E01137
marts_E01076	marts_E00063
marts_E01076	marts_E00101
marts_E01076	marts_E00102
marts_E01076	marts_E00151
marts_E01076	marts_E00125
marts_E01076	marts_E00394
marts_E01076	marts_E01444
marts_E01076	marts_E00683
marts_E01076	marts_E01122
marts_E01076	marts_E00884
marts_E01076	marts_E00062
marts_E01076	marts_E01251
marts_E01076	marts_E01297
marts_E01076	marts_E01135
marts_E01076	marts_E01240
marts_E01076	marts_E00657
marts_E01080	marts_E01080
marts_E01081	marts_E01081
marts_E01082	marts_E01082
marts_E01083	marts_E01083
marts_E01084	marts_E01084
marts_E01084	marts_E01086
marts_E01084	marts_E01085
marts_E01084	marts_E00741
marts_E01084	marts_E01212
marts_E01084	marts_E01306
marts_E01087	marts_E01087
marts_E01089	marts_E01089
marts_E01094	marts_E01094
marts_E01105	marts_E01105
marts_E01106	marts_E01106
marts_E01107	marts_E01107
marts_E01112	marts_E01112
marts_E01115	marts_E01115
marts_E01115	marts_E01022
marts_E01124	marts_E01124
marts_E01131	marts_E01131
marts_E01133	marts_E01133
marts_E01136	marts_E01136
A0A0K0IP23	A0A0K0IP23
A0A0P1A8B0	A0A0P1A8B0
A0A0P1B8W9	A0A0P1B8W9
A0A0Q3NN41	A0A0Q3NN41
A0A0Q9K529	A0A0Q9K529
A0A140H545	A0A140H545
A0A142I736	A0A142I736
A0A172M477	A0A172M477
A0A178VBJ0	A0A178VBJ0
A0A182C2Z2	A0A182C2Z2
A0A1B2CTB2	A0A1B2CTB2
A0A1B4XBH6	A0A1B4XBH6
C1P607	C1P607
C2M262	C2M262
C2M741	C2M741
C3SBU5	C3SBU5
C3U0S3	C3U0S3
C3YZ59	C3YZ59
C4JF79	C4JF79
C4K4P3	C4K4P3
C4L432	C4L432
C4LTM1	C4LTM1
C4M244	C4M244
C4M244	C4M6T2
C4QXE9	C4QXE9
C4R159	C4R159
C4R3R8	C4R3R8
C5BU56	C5BU56
C5CEY9	C5CEY9
C5CIU9	C5CIU9
C5DA20	C5DA20
C5DIR2	C5DIR2
C5P6D1	C5P6D1
C6DYJ5	C6DYJ5
C6DYJ5	A1ARE5
C6DYJ5	Q3A4P3
C6DYJ5	Q74D04
C6DYJ5	A5FRB3
C6DYJ5	A7GVZ2
C6DYJ5	A7I107
C6DYJ5	A7ZAZ7
C6DYJ5	B9L5U7
C6DYJ5	B2URV1
C6DYJ5	A1VXT5
C6DYJ5	A6QD00
C6DYJ5	B9KEB1
C6DYJ5	Q7VJ09
C6DZK9	C6DZK9
C6KT40	C6KT40
C6Y4B3	C6Y4B3
C6ZH27	C6ZH27
C7LZP1	C7LZP1
C7TC36	C7TC36
C8V4J5	C8V4J5
C8VP82	C8VP82
C8VQ72	C8VQ72
C9RLJ9	C9RLJ9
D0P0D8	D0P0D8
D0VWQ1	D0VWQ1
D1FNK4	D1FNK4
D2NT93	D2NT93
D2PPM8	D2PPM8
D4AX63	D4AX63
D4B5N0	D4B5N0
D4GYH2	D4GYH2
D5BDP9	D5BDP9
D5RFM4	D5RFM4
D5SXM0	D5SXM0
D6JLP0	D6JLP0
E0D7H5	E0D7H5
P84269	P84269
P84886	P84886
P85156	P85156
P85173	P85173
P85277	P85277
P85512	P85512
P85982	P85982
P86209	P86209
P86211	P86211
P86234	P86234
P86388	P86388
P86717	P86717
P87242	P87242
P87309	P87309
P90795	P90795
P90795	A7DZP8
P90795	P43304
P90795	P35571
P91797	P91797
P93329	P93329
P93779	P93779
P96771	P96771
P96886	P96886
P97776	P97776
P9WEH3	P9WEH3
P9WEP1	P9WEP1
P9WER2	P9WER2
P9WES1	P9WES1
P9WES1	P9WES2
P9WFQ9	P9WFQ9
P9WJF7	P9WJF7
P9WL37	P9WL37
P9WLG1	P9WLG1
P9WQ38	P9WQ38
P9WQ40	P9WQ40
Q00276	Q00276
Q00319	Q00319
Q00727	Q00727
Q00727	Q00049
Q00868	Q00868
Q01240	Q01240
Q01670	Q01670
Q01670	P17058
Q01QV9	Q01QV9
Q01QV9	A4SCL4
Q01QV9	A1BJA1
Q01QV9	Q3AQ09
Q01QV9	Q3B6K8
Q01QV9	Q8KAP2
Q01QV9	Q1IQ32
Q01VL4	Q01VL4
Q02001	Q02001
Q02378	Q02378
Q02508	Q02508
Q027B2	Q027B2
Q02861	Q02861
Q02875	Q02875
Q02926	Q02926
Q02MM0	Q02MM0
Q02PD2	Q02PD2
Q03104	Q03104
Q03LG8	Q03LG8
Q03LG8	A4VTX6
Q03LG8	A8AXY8
Q03LG8	B4U247
Q03LG8	Q1JB44
Q03S19	Q03S19
Q03S19	Q038V3
Q03S19	Q38X74
Q03S19	Q837E2
Q03S19	Q88WB6
Q04212	Q04212
Q04456	Q04456
Q04615	Q04615
Q04672	Q04672
Q04FB0	Q04FB0
Q04S66	Q04S66
Q04S66	Q72Q66
Q04SV2	Q04SV2
Q04SV2	B0S8M8
Q05097	Q05097
Q05332	Q05332
Q05404	Q05404
Q05672	Q05672
Q05867	Q05867
Q06304	Q06304
Q06537	Q06537
Q06712	Q06712
Q06881	Q06881
Q06AU9	Q06AU9
Q06AU9	P10937
Q06AU9	P10938
Q06AU9	P40935
Q06AU9	A0A5F8AH41
Q07291	Q07291
Q07904	Q07904
Q5ADP9	Q5ADP9
Q5ADP9	Q6BNW4
Q5AUW6	Q5AUW6
Q5AVZ1	Q5AVZ1
Q5B7I8	Q5B7I8
Q5BBP8	Q5BBP8
Q5BGP0	Q5BGP0
Q5BU09	Q5BU09
Q5F3V0	Q5F3V0
Q5F788	Q5F788
Q5FB23	Q5FB23
Q5FUJ5	Q5FUJ5
Q5FWU5	Q5FWU5
Q5H8B9	Q5H8B9
Q5H9R4	Q5H9R4
Q5HB92	Q5HB92
Q5HB92	B3CNB0
Q5HB92	C0R3P3
Q5HB92	Q5GS00
Q5HB92	Q73GV7
Q5HB92	Q3YS11
Q5HB92	Q2GGN4
Q5HX00	Q5HX00
Q5HX00	A0RMI8
Q5HX00	A7GW99
Q5HX00	A7ZB92
Q5HX00	A7I444
Q5HX00	B9KDV7
Q5I0K7	Q5I0K7
Q5JET4	Q5JET4
Q5JGN9	Q5JGN9
Q5JIB3	Q5JIB3
Q5JPB2	Q5JPB2
Q5KC16	Q5KC16
Q5KVB2	Q5KVB2
Q5KWD2	Q5KWD2
Q5KWI3	Q5KWI3
Q5KXU5	Q5KXU5
Q5L1H7	Q5L1H7
Q5L530	Q5L530
Q5L530	B0B8Z2
Q5L530	Q255V8
Q5L530	Q820E1
Q5L530	Q9PLF7
Q5L530	Q9Z6Z6
Q5L530	Q6MBT2
Q5L5D3	Q5L5D3
Q5L5D3	B0B991
Q5L5D3	Q255J4
Q5L5D3	Q822D9
Q5L5D3	Q9PL59
Q5L5D3	Q9Z6P2
Q5L5D3	Q6MC97
Q5L5D3	Q7W9B4
Q5L5D3	A1AXS1
Q5L5D3	P58677
Q5L5D3	Q47BK8
Q5L5D3	Q5P224
Q5L5D3	Q62HM8
Q5L5D3	Q7NS59
Q5L5D3	A0LD71
Q5L5D3	A5CVK1
Q5L5D3	A8G9L7
Q5L5D3	P58680
Q5L5D3	B2VH04
Q5L5D3	B4F2T8
Q5L5D3	C4K4R2
Q5L5D3	C5B7M7
Q5L5D3	Q493S1
Q5L5D3	Q7ULU1
Q5L5D3	Q82WM1
Q5L5D3	C4LD10
Q5L5D3	Q3IE99
Q5L5D3	Q5QZR7
Q5L5D3	Q8G4L8
Q5L5D3	A4QCY9
Q5L5D3	Q8FQP0
Q5L5D3	B0U064
Q5L5D3	A7NA22
Q5L5D3	Q1R0B2
Q5L5D3	A1JJE4
Q5L5D3	A3M9H2
Q5L5D3	Q4FQY8
Q5L5D3	Q9RBJ0
Q5L5D3	P9WKF9
Q5L5D3	Q2S9U2
Q5L5D3	A1TYZ2
Q5L5D3	A4XQV8
Q5L5D3	A5VY55
Q5L5D3	C1DPH8
Q5L5D3	Q0VSD8
Q5L5D3	Q1I4S8
Q5L5D3	Q21HK6
Q5L5D3	Q48NK3
Q5L5D3	Q7N8W9
Q5L5D3	Q9HVM7
Q5L5D3	Q3BW40
Q5L5D3	B2I6V0
Q5L5D3	B4SP20
Q5L5D3	Q7MNM5
Q5L5D3	Q87S87
Q5L5D3	Q9KU44
Q5L5D3	A3N2G8
Q5L5D3	A7MIM0
Q5L5D3	Q7VPK4
Q5L5D3	A6VQH8
Q5L5D3	A1SZP0
Q5L5D3	A5UD69
Q5L5D3	B0UV08
Q5L5D3	P57960
Q5L5D3	Q5E7N1
Q5L5D3	Q65RQ4
Q5L5D3	A8H1H6
Q5L5D3	B0TJB2
Q5L5D3	B5ERJ7
Q5L5D3	B8F6E6
Q5L5D3	Q15R07
Q5L5D3	B8GQR4
Q5L5D3	A5WCZ2
Q5L5D3	Q12EY5
Q5L5D3	A1K4R4
Q5L5D3	A2SJA8
Q5L5D3	Q5NP61
Q5L5D3	I1WW99
Q5L5D3	Q6N3G0
Q5L5D3	Q89QW7
Q5L5D3	Q6LUK8
Q5L5D3	B6ENC7
Q5L5D3	Q8EBI7
Q5L5D3	P62623
Q5L5D3	A4W6E4
Q5L5D3	A6T4G3
Q5L5D3	A9MYG8
Q5L5D3	Q2NVY3
Q5L5D3	Q486R1
Q5L5D3	Q607E5
Q5L5D3	Q5FUH7
Q5L5D3	A1B842
Q5L5D3	A1KS64
Q5L5D3	A9IQQ9
Q5L5D3	A1URX2
Q5L5D3	A6WWG6
Q5L5D3	B2S9W9
Q5L5D3	B9JAQ2
Q5L5D3	P58673
Q5L5D3	Q11KC7
Q5L5D3	Q1MKH8
Q5L5D3	Q6G0C9
Q5L5D3	Q6G4C5
Q5L5D3	Q92RG2
Q5L5D3	Q985W3
Q5L5D3	B2IED0
Q5L5D3	B8EQB9
Q5L5D3	Q6N1Y1
Q5L5D3	Q3J5X0
Q5L5D3	A4WVQ4
Q5L5D3	Q5PAE7
Q5L5D3	Q5HB13
Q5L5D3	Q6AL80
Q5L5D3	Q6NI36
Q5L5D3	Q82IE8
Q5L5D3	P9WKG1
Q5L5D3	A0LW20
Q5L5D3	A0PKQ3
Q5L5D3	A1TE06
Q5L5D3	A3Q4N0
Q5L5D3	A4T986
Q5L5D3	B1W2D7
Q5L5D3	C1A2V7
Q5L5D3	Q0S489
Q5L5D3	Q5YQ94
Q5L5D3	Q6AA89
Q5L5D3	Q6ADV0
Q5L5D3	Q73WH6
Q5L5D3	Q83NB2
Q5L5D3	Q9FBM1
Q5L5D3	Q9X781
Q5L5D3	Q89UU5
Q5L5D3	Q1GDG5
Q5L5D3	A8LLC7
Q5L5D3	Q16AJ6
Q5L5D3	Q5LNJ7
Q5L5D3	Q9A345
Q5L5D3	B4R8T7
Q5L5D3	Q0BYQ0
Q5LIC7	Q5LIC7
Q5LQ08	Q5LQ08
Q5LQK6	Q5LQK6
Q5M9B3	Q5M9B3
Q5NG54	Q5NG54
Q5NN91	Q5NN91
Q5NNR3	Q5NNR3
Q5NNR3	A0KBJ0
Q5NNR3	A1TIG3
Q5NNR3	A1WSR5
Q5NNR3	A2SCE3
Q5NNR3	A4G964
Q5NNR3	A4YUN8
Q5NNR3	A5EJ03
Q5NNR3	A6T2X9
Q5NNR3	A8IMX7
Q5NNR3	B0SX50
Q5NNR3	B1Y8J4
Q5NNR3	B2JJV1
Q5NNR3	B7KR63
Q5NNR3	B8H3X3
Q5NNR3	Q07ML3
Q5NNR3	Q0ARS7
Q5NNR3	Q0C4T2
Q5NNR3	Q136L0
Q5NNR3	Q146Z6
Q5NNR3	Q1GPS4
Q5NNR3	Q1QM87
Q5NNR3	Q213Y7
Q5NNR3	Q2IWJ9
Q5NNR3	Q2KZT1
Q5NNR3	Q2T2A4
Q5NNR3	Q3SSM7
Q5NNR3	Q6N608
Q5NNR3	Q7WCA8
Q5NNR3	Q89LP8
Q5NNR3	Q98AM3
Q5NNR3	A1W9G0
Q5NNR3	A7HXX1
Q5NNR3	Q0BQ87
Q5NNR3	Q1MQ73
Q5NNR3	Q220R7
Q5NNR3	A1VJX7
Q5NNR3	Q0A550
Q5NNR3	Q12FK2
Q5NPS5	Q5NPS5
Q5NQQ7	Q5NQQ7
Q5P011	Q5P011
Q5P011	Q5NWG5
Q5P011	A9AST0
Q5P011	Q7N0A6
Q5P011	A8GDW2
Q8MUP7	Q8MUP7
Q8N2E2	Q8N2E2
Q8N967	Q8N967
Q8NFZ6	Q8NFZ6
Q8NG92	Q8NG92
Q8NGU4	Q8NGU4
Q8NHC5	Q8NHC5
Q8PD65	Q8PD65
Q8PYC9	Q8PYC9
Q8QZX0	Q8QZX0
Q8R2S1	Q8R2S1
Q8R2S1	Q5RA67
Q8R5Z6	Q8R5Z6
Q8R619	Q8R619
Q8R6C9	Q8R6C9
Q8RA76	Q8RA76
Q8RA76	B0K197
Q8RE57	Q8RE57
Q8REH4	Q8REH4
Q8RFE6	Q8RFE6
Q8RFY9	Q8RFY9
Q8RG42	Q8RG42
Q8RGW9	Q8RGW9
Q8RGX3	Q8RGX3
Q8RPP4	Q8RPP4
Q8S8N1	Q8S8N1
Q8SL92	Q8SL92
Q8SQY7	Q8SQY7
Q8SR11	Q8SR11
Q8SR40	Q8SR40
Q8SR56	Q8SR56
Q8SRV0	Q8SRV0
Q8SS11	Q8SS11
Q8T0W4	Q8T0W4
Q8T130	Q8T130
Q8TA83	Q8TA83
Q8TKX5	Q8TKX5
Q8TPA6	Q8TPA6
Q8TPT3	Q8TPT3
Q8TSR7	Q8TSR7
Q8TVJ1	Q8TVJ1
Q8TWY8	Q8TWY8
Q8TX99	Q8TX99
Q8TXW1	Q8TXW1
Q8TY71	Q8TY71
Q8TZ11	Q8TZ11
Q8VCR7	Q8VCR7
Q8VE62	Q8VE62
Q8VE94	Q8VE94
Q8VPC3	Q8VPC3
Q8VYR4	Q8VYR4
Q8VZI7	Q8VZI7
Q8WQK0	Q8WQK0
Q8WUT9	Q8WUT9
Q8WVC6	Q8WVC6
Q8WYK1	Q8WYK1
Q8X732	Q8X732
Q8X732	P57907
Q8X732	Q5E2E5
Q8X732	Q6DAR1
Q8X732	Q7MYD6
Q8X732	Q8ZA86
Q8X732	Q8ZKL8
Q8X732	A0KFV0
Q8X732	A4SIM2
Q8X732	C4L7S5
Q8X732	B4S0H8
Q8X732	Q15X80
Q8X732	B0TL88
Q8X732	A3DA26
Q8X732	A3Q9C6
Q8X732	A8G1A7
Q8X732	A8GZ18
Q8X732	B1KND3
Q8X732	B8CNH7
Q8X732	Q089L1
Q8X732	Q12SN0
Q8X732	Q9K4Z6
Q8X732	Q9KNT6
Q8X732	Q7MH70
Q8X732	Q87L55
Q8X732	Q8KA61
Q8X732	B8D8K6
Q8X732	Q5QX02
Q8X844	Q8X844
Q8XKQ7	Q8XKQ7
Q8XKQ8	Q8XKQ8
A6H7D1	A6H7D1
A6L8E9	A6L8E9
A6LJZ1	A6LJZ1
A6NE01	A6NE01
A6NFF2	A6NFF2
A6NGU7	A6NGU7
A6NJ88	A6NJ88
A6NM62	A6NM62
A6Q232	A6Q232
A6Q544	A6Q544
A6Q687	A6Q687
A6QB63	A6QB63
A6QPF4	A6QPF4
A6QQ14	A6QQ14
A6QQM4	A6QQM4
A6TNN7	A6TNN7
A6U6I2	A6U6I2
A6UUL7	A6UUL7
A6VKA3	A6VKA3
A6VT98	A6VT98
A6VVZ9	A6VVZ9
A6W3T1	A6W3T1
A6YRN9	A6YRN9
A6YRN9	O75003
A7A0L6	A7A0L6
A7AT07	A7AT07
A7E2S9	A7E2S9
A7EMM3	A7EMM3
A7GXU2	A7GXU2
A7GZM1	A7GZM1
A7HDC9	A7HDC9
A7HJZ9	A7HJZ9
A7HKS0	A7HKS0
A7HL71	A7HL71
A7HMG4	A7HMG4
A7HQY4	A7HQY4
A7I3U8	A7I3U8
A7MFJ6	A7MFJ6
A7MGG4	A7MGG4
A7S6A5	A7S6A5
A7S7F2	A7S7F2
A7THM1	A7THM1
A7X3W6	A7X3W6
A7ZE50	A7ZE50
A8ABF5	A8ABF5
A8AW99	A8AW99
A8AW99	P0DC99
A8AW99	Q8DV10
A8AW99	Q03LA9
A8AW99	A4VTQ4
A8AW99	Q1GBD4
A8AW99	Q5FK38
A8AW99	A8YVD9
A8AW99	Q8E0H2
A8AW99	Q97QX6
A8BW14	A8BW14
A8ERN6	A8ERN6
A8F0P5	A8F0P5
A8F4S2	A8F4S2
A8F7S2	A8F7S2
A8FR96	A8FR96
A8G797	A8G797
A8GU26	A8GU26
A8GXS3	A8GXS3
A8GYD9	A8GYD9
A8IC48	A8IC48
A8ILK1	A8ILK1
A8MR00	A8MR00
P22190	P22190
P22426	P22426
P23078	P23078
P23186	P23186
P23319	P23319
P24162	P24162
P24520	P24520
P24575	P24575
P24701	P24701
P25394	P25394
P25510	P25510
P25510	P25509
P25770	P25770
P26172	P26172
P26910	P26910
P26944	P26944
P26945	P26945
P26946	P26946
P26950	P26950
P26983	P26983
P26983	P0AFX0
P26983	P17161
P26983	P0A147
P26983	P17160
P27516	P27516
P27751	P27751
P28157	P28157
P28194	P28194
P28735	P28735
P29438	P29438
P29481	P29481
P29940	P29940
P30652	P30652
P31433	P31433
P31435	P31435
P31447	P31447
P31475	P31475
P32703	P32703
P32734	P32734
P33115	P33115
P33345	P33345
P33997	P33997
P34442	P34442
P34504	P34504
P34554	P34554
P34679	P34679
P35158	P35158
P35161	P35161
P35693	P35693
P35872	P35872
P36025	P36025
P36379	P36379
P37556	P37556
P37609	P37609
P37785	P37785
P37836	P37836
P37931	P37931
P37937	P37937
P38055	P38055
P38192	P38192
P38387	P38387
P38441	P38441
P38453	P38453
P38943	P38943
P39361	P39361
P39696	P39696
P39759	P39759
P39774	P39774
P39862	P39862
P39887	P39887
P40206	P40206
P40449	P40449
P40608	P40608
P41069	P41069
P41178	P41178
P41854	P41854
P41991	P41991
P42103	P42103
P42186	P42186
P42670	P42670
P42832	P42832
P43051	P43051
P43129	P43129
P43129	P0AEN1
P43129	Q9L6L9
P43129	P43126
P43129	P43127
P43420	P43420
P43498	P43498
P44447	P44447
P44500	P44500
P44661	P44661
P44792	P44792
P44945	P44945
P45018	P45018
P45023	P45023
P45075	P45075
Q5ZIG0	Q5ZIG0
Q5ZK17	Q5ZK17
Q5ZXE5	Q5ZXE5
Q608F1	Q608F1
Q608P4	Q608P4
Q608P4	B4EHL5
Q608P4	Q50436
Q608P4	P27532
Q608P4	A6V6I4
Q608P4	B1JDZ6
Q608P4	B3R8D5
Q608P4	C5CPT7
Q608P4	Q9F9U1
Q61199	Q61199
Q61AP6	Q61AP6
Q61JI9	Q61JI9
Q65LA0	Q65LA0
Q65RK3	Q65RK3
Q65UE9	Q65UE9
Q661E0	Q661E0
Q661I0	Q661I0
Q66EQ6	Q66EQ6
Q66EQ6	A1JJF7
Q66EQ6	P31554
Q66EQ6	Q8Z9J6
Q66EQ6	Q7N8V4
Q66EQ6	Q2NVX3
Q66EQ6	Q6D0E3
Q67KI2	Q67KI2
Q67SE9	Q67SE9
Q67ZB3	Q67ZB3
Q680H3	Q680H3
Q68WW0	Q68WW0
Q68WW0	Q1RIS7
Q68WW0	Q92I37
Q68WW0	Q9ZDB3
Q68XV2	Q68XV2
Q69QJ7	Q69QJ7
Q6A8B2	Q6A8B2
Q6AB49	Q6AB49
Q6AE97	Q6AE97
Q6AE97	Q0SEQ7
Q6AE97	A0PNK6
Q6AE97	A0QQQ2
Q6AE97	A1KFQ5
Q6AE97	A1T324
Q6AE97	A3PTZ8
Q6AE97	Q73T00
Q6AE97	A1SN17
Q6AE97	Q5YNU2
Q6AE97	B0REM7
Q6AE97	A1R8M8
Q6AE97	A0JZ00
Q6AE97	C5CC09
Q6AF77	Q6AF77
Q6ALU4	Q6ALU4
Q6AP71	Q6AP71
Q6AZT4	Q6AZT4
Q6B8W6	Q6B8W6
Q6BGR9	Q6BGR9
Q6BIE4	Q6BIE4
Q6BMK7	Q6BMK7
Q6BML3	Q6BML3
Q6BT37	Q6BT37
Q6BU51	Q6BU51
Q6BVH1	Q6BVH1
Q6BW57	Q6BW57
Q6BZG3	Q6BZG3
Q6C022	Q6C022
Q6C0K1	Q6C0K1
Q6C0L6	Q6C0L6
Q6C239	Q6C239
Q6C5K1	Q6C5K1
Q6C705	Q6C705
Q6C8U1	Q6C8U1
Q6CAD1	Q6CAD1
Q6CAQ9	Q6CAQ9
Q6CDJ8	Q6CDJ8
Q6CEA4	Q6CEA4
Q6CJJ1	Q6CJJ1
Q6CK33	Q6CK33
Q6CKH1	Q6CKH1
Q6CL23	Q6CL23
Q6CLJ7	Q6CLJ7
Q6CLP4	Q6CLP4
Q6CQ91	Q6CQ91
Q6CQV4	Q6CQV4
Q6CWI2	Q6CWI2
Q6D1S9	Q6D1S9
Q6D553	Q6D553
Q6D553	P61320
Q6D553	A4WBC8
Q6D553	A9MW01
Q6D553	B5XW49
Q6D553	Q2NRS2
Q6D553	A1JRU9
Q6D553	A7FIG3
Q6D553	A8GDA1
Q6D553	B2VEI1
Q6D553	Q7N588
Q6DD51	Q6DD51
Q6DDW7	Q6DDW7
Q6DHJ1	Q6DHJ1
Q6DHJ1	Q641F8
Q6DHJ1	Q19QT9
Q6DHJ1	Q5E9U4
Q6DHJ1	Q8BSA9
Q6DHJ1	Q5R5S9
Q6DYE5	Q6DYE5
Q6ET49	Q6ET49
Q6F0Q4	Q6F0Q4
Q6F1R8	Q6F1R8
Q6F856	Q6F856
Q6F985	Q6F985
Q6FEY7	Q6FEY7
Q6FEZ6	Q6FEZ6
Q6FKA3	Q6FKA3
Q6FKH3	Q6FKH3
Q6FLZ3	Q6FLZ3
Q6FMA9	Q6FMA9
P0C5P4	P0C5P4
P0C5P7	P0C5P7
P0C8Q9	P0C8Q9
P0CI10	P0CI10
P0CJ08	P0CJ08
P0CJ16	P0CJ16
P0CL23	P0CL23
P0DPO3	P0DPO3
P0DPO7	P0DPO7
P0DSG4	P0DSG4
P10024	P10024
P10027	P10027
P10579	P10579
P13566	P13566
P13733	P13733
P14501	P14501
P14592	P14592
P15255	P15255
P15482	P15482
P15608	P15608
P15974	P15974
P17492	P17492
P22566	P22566
P22991	P22991
P25602	P25602
P26159	P26159
P27096	P27096
P28153	P28153
P29087	P29087
P29577	P29577
P29578	P29578
P29581	P29581
P30267	P30267
P30643	P30643
P31050	P31050
P31525	P31525
P31910	P31910
P32181	P32181
P33660	P33660
P34293	P34293
P34320	P34320
P34412	P34412
P34594	P34594
P34606	P34606
P34627	P34627
P35664	P35664
P35838	P35838
P36042	P36042
P36092	P36092
P36128	P36128
P36140	P36140
P37501	P37501
P38467	P38467
P38900	P38900
P39390	P39390
P39559	P39559
P39606	P39606
P39622	P39622
P39626	P39626
P39737	P39737
P40523	P40523
P40588	P40588
P40896	P40896
P41072	P41072
P41998	P41998
P42298	P42298
P42300	P42300
P43018	P43018
P43951	P43951
P43963	P43963
P43991	P43991
P44023	P44023
P44125	P44125
P44159	P44159
P44191	P44191
P44204	P44204
P44208	P44208
P44213	P44213
P44215	P44215
P44243	P44243
P44744	P44744
P44993	P44993
P45026	P45026
P45421	P45421
P45807	P45807
P45909	P45909
P45932	P45932
P45938	P45938
P46325	P46325
P46326	P46326
P46855	P46855
P47053	P47053
P47378	P47378
P47609	P47609
P47629	P47629
P47667	P47667
P48324	P48324
P49780	P49780
P49833	P49833
P49855	P49855
marts_E00605	marts_E00605
marts_E00613	marts_E00613
marts_E00614	marts_E00614
marts_E00619	marts_E00619
marts_E00620	marts_E00620
marts_E00620	marts_E00617
marts_E00631	marts_E00631
marts_E00632	marts_E00632
marts_E00638	marts_E00638
marts_E00639	marts_E00639
marts_E00639	marts_E00640
marts_E00639	marts_E00641
marts_E00639	marts_E00682
marts_E00639	marts_E00692
marts_E00639	marts_E00846
marts_E00639	marts_E00695
marts_E00643	marts_E00643
marts_E00643	marts_E01031
marts_E00645	marts_E00645
marts_E00648	marts_E00648
marts_E00648	marts_E00440
marts_E00649	marts_E00649
marts_E00650	marts_E00650
marts_E00663	marts_E00663
marts_E00666	marts_E00666
marts_E00666	marts_E00428
marts_E00666	marts_E00427
marts_E00666	marts_E00320
marts_E00666	marts_E00436
marts_E00666	marts_E00429
marts_E00666	marts_E00664
marts_E00666	marts_E01417
marts_E00666	marts_E00317
marts_E00666	marts_E01418
marts_E00666	marts_E01483
marts_E00666	marts_E01511
marts_E00666	marts_E00667
marts_E00680	marts_E00680
marts_E00680	marts_E00669
marts_E00680	marts_E00671
marts_E00680	marts_E00689
marts_E00680	marts_E00543
marts_E00680	marts_E00158
marts_E00680	marts_E00159
marts_E00680	marts_E00672
marts_E00680	marts_E00673
marts_E00680	marts_E00679
marts_E00680	marts_E00808
marts_E00680	marts_E00799
marts_E00680	marts_E00797
marts_E00680	marts_E00798
marts_E00684	marts_E00684
marts_E00697	marts_E00697
marts_E00697	marts_E01125
marts_E00701	marts_E00701
marts_E01152	marts_E01152
marts_E01154	marts_E01154
marts_E01154	marts_E01153
marts_E01156	marts_E01156
marts_E01157	marts_E01157
marts_E01169	marts_E01169
marts_E01170	marts_E01170
marts_E01173	marts_E01173
marts_E01173	marts_E01172
marts_E01178	marts_E01178
marts_E01179	marts_E01179
marts_E01182	marts_E01182
marts_E01182	marts_E00286
marts_E01182	marts_E00397
marts_E01182	marts_E00755
marts_E01182	marts_E00764
marts_E01182	marts_E00964
marts_E01182	marts_E01062
marts_E01182	marts_E01184
marts_E01182	marts_E01293
marts_E01182	marts_E01517
marts_E01182	marts_E00600
marts_E01182	marts_E00599
marts_E01182	marts_E00651
marts_E01182	marts_E01074
marts_E01182	marts_E00885
marts_E01182	marts_E00980
marts_E01182	marts_E01130
marts_E01182	marts_E01127
marts_E01182	marts_E01291
marts_E01182	marts_E00030
marts_E01182	marts_E00609
marts_E01182	marts_E00321
marts_E01182	marts_E00458
marts_E01182	marts_E00112
marts_E01182	marts_E00143
marts_E01182	marts_E00378
marts_E01182	marts_E00392
marts_E01182	marts_E00393
marts_E01182	marts_E00559
marts_E01182	marts_E00602
marts_E01182	marts_E00601
marts_E01182	marts_E00615
marts_E01182	marts_E00616
marts_E01182	marts_E00612
marts_E01182	marts_E00611
marts_E01182	marts_E00668
marts_E01182	marts_E00681
marts_E01182	marts_E00670
marts_E01182	marts_E00758
marts_E01182	marts_E00760
marts_E01182	marts_E00287
marts_E01182	marts_E00759
marts_E01182	marts_E00761
marts_E01182	marts_E00763
marts_E01182	marts_E00765
marts_E01182	marts_E00963
marts_E01182	marts_E00762
marts_E01182	marts_E00771
marts_E01182	marts_E00772
marts_E01182	marts_E00906
marts_E01182	marts_E00908
marts_E01182	marts_E00981
marts_E01182	marts_E01013
marts_E01182	marts_E01015
marts_E01182	marts_E01014
marts_E01182	marts_E01129
marts_E01182	marts_E01128
marts_E01182	marts_E01487
marts_E01182	marts_E01283
marts_E01182	marts_E01379
marts_E01182	marts_E00917
marts_E01182	marts_E01073
marts_E01182	marts_E01072
marts_E01182	marts_E01181
marts_E01182	marts_E01381
marts_E01182	marts_E00629
marts_E01182	marts_E01011
marts_E01182	marts_E01427
marts_E01182	marts_E01443
marts_E01185	marts_E01185
marts_E01186	marts_E01186
marts_E01187	marts_E01187
marts_E01189	marts_E01189
marts_E01189	marts_E01441
marts_E01190	marts_E01190
marts_E01190	marts_E01188
marts_E01192	marts_E01192
marts_E01193	marts_E01193
marts_E01194	marts_E01194
marts_E01194	marts_E00019
marts_E01194	marts_E01088
marts_E01194	marts_E00897
marts_E01201	marts_E01201
marts_E01201	marts_E01126
marts_E01204	marts_E01204
marts_E01205	marts_E01205
marts_E01206	marts_E01206
marts_E01207	marts_E01207
marts_E01211	marts_E01211
marts_E01211	marts_E00986
marts_E01211	marts_E01003
marts_E01215	marts_E01215
marts_E01215	marts_E01216
marts_E01215	marts_E01217
marts_E01215	marts_E01183
marts_E01215	marts_E00823
marts_E01215	marts_E00821
marts_E01215	marts_E00822
marts_E01215	marts_E01304
marts_E01215	marts_E01109
marts_E01215	marts_E01394
marts_E01225	marts_E01225
marts_E01225	marts_E01224
marts_E01226	marts_E01226
marts_E01227	marts_E01227
marts_E01228	marts_E01228
marts_E01234	marts_E01234
marts_E01235	marts_E01235
marts_E01236	marts_E01236
marts_E01242	marts_E01242
marts_E01242	marts_E00123
marts_E01242	marts_E00574
marts_E01242	marts_E00497
marts_E01242	marts_E00097
marts_E01242	marts_E00144
marts_E01242	marts_E00145
marts_E01242	marts_E00135
marts_E01242	marts_E00137
marts_E01242	marts_E00146
marts_E01242	marts_E00380
marts_E01242	marts_E00381
marts_E01242	marts_E00461
marts_E01242	marts_E00179
marts_E01242	marts_E00563
marts_E01242	marts_E00930
marts_E01249	marts_E01249
marts_E01249	marts_E00996
marts_E01249	marts_E01171
marts_E01254	marts_E01254
marts_E01254	marts_E01255
marts_E01256	marts_E01256
marts_E01260	marts_E01260
marts_E01261	marts_E01261
marts_E01261	marts_E00790
marts_E01261	marts_E00033
marts_E01261	marts_E00791
marts_E01261	marts_E00034
marts_E01261	marts_E00327
marts_E01261	marts_E00328
marts_E01261	marts_E00788
marts_E01261	marts_E00624
marts_E01261	marts_E00323
marts_E01261	marts_E00715
marts_E01261	marts_E00789
P48168	P48168
P48607	P48607
P49182	P49182
P49455	P49455
P49573	P49573
P49710	P49710
P49762	P49762
P49905	P49905
P50457	P50457
P50488	P50488
P50575	P50575
P51172	P51172
P51569	P51569
P51569	P06280
P52074	P52074
P52126	P52126
P52181	P52181
P52483	P52483
P52704	P52704
P52704	P52705
P52927	P52927
P53011	P53011
P53109	P53109
P53141	P53141
P53193	P53193
P53208	P53208
P53230	P53230
P53292	P53292
P53314	P53314
P53324	P53324
P53540	P53540
P53604	P53604
P53615	P53615
P53624	P53624
P53624	O18498
P53901	P53901
P53915	P53915
P53915	P62511
P53940	P53940
P53968	P53968
P53983	P53983
P54070	P54070
P54296	P54296
P54631	P54631
P54802	P54802
P54830	P54830
P54873	P54873
P56485	P56485
P56974	P56974
P58334	P58334
P58753	P58753
P61642	P61642
P61922	P61922
P62651	P62651
P69791	P69791
P74313	P74313
P76113	P76113
P77806	P77806
P78753	P78753
P78753	P22106
P78753	P49090
P78753	P49089
P78753	Q10MX3
P78753	P49078
P78753	Q9LV77
P78753	Q9LFU1
P78753	O24338
P78753	O24661
P78753	P19252
P78753	P31752
P78753	P49091
P78753	P49092
P78753	P49093
P78753	P49094
P78753	Q43011
P78753	P19251
P78753	Q54MB4
P78955	P78955
P79749	P79749
P80299	P80299
P80299	P34914
P80299	Q6Q2C2
P80299	P34913
P83103	P83103
P83288	P83288
P86383	P86383
P87117	P87117
P87498	P87498
P94248	P94248
P97953	P97953
P98205	P98205
P9WF43	P9WF43
P9WF43	Q8G5J9
P9WGT7	P9WGT7
P9WJ63	P9WJ63
P9WJA7	P9WJA7
P9WM39	P9WM39
P9WNB9	P9WNB9
Q9Z336	Q9Z336
Q9ZH99	Q9ZH99
Q9ZQH3	Q9ZQH3
Q9ZSK3	Q9ZSK3
Q9ZUL3	Q9ZUL3
Q9ZUX7	Q9ZUX7
Q9ZVJ3	Q9ZVJ3
R0IGL9	R0IGL9
R0IGL9	A0A0C3HJL3
R0IGL9	G7XMT1
R0IGL9	A2QLV1
R0IGL9	A0A0G4P2K0
R0IGL9	A0A101MN42
R0IGL9	Q0D1W9
R0IGL9	A0A0A2J1Z6
R0IGL9	G9MLG2
V9M2S5	V9M2S5
X2JDY8	X2JDY8
A0A061B0Q2	A0A061B0Q2
A0A0A2JWD0	A0A0A2JWD0
A0A0A2JWD0	D4D449
A0A0A2JWD0	W6QIM8
A0A0A2JWD0	Q12594
A0A0A2JWD0	Q6X2E2
A0A0A2JWD0	Q9C141
A0A0A2JWD0	P0CT20
A0A0A2JWD0	Q6X1E1
A0A0B4ZTQ2	A0A0B4ZTQ2
A0A0G4IRM5	A0A0G4IRM5
A0A0H2XEK8	A0A0H2XEK8
A0A0P0E482	A0A0P0E482
A0A0P0UTQ7	A0A0P0UTQ7
A0A0R4IM31	A0A0R4IM31
A0A0U5GRB4	A0A0U5GRB4
A0A120KVR5	A0A120KVR5
A0A126P745	A0A126P745
A0A140C435	A0A140C435
A0A140LIJ0	A0A140LIJ0
A0A142C799	A0A142C799
A0A1B0GTQ4	A0A1B0GTQ4
A0A1D8PHR5	A0A1D8PHR5
A0A1D8PL89	A0A1D8PL89
A0A1D8PTW6	A0A1D8PTW6
A0A1D8PTW6	P54839
A0A1D8PTW6	P54874
A0A1D8PTW6	I1RY35
A0A1D8PTW6	Q4WXT8
A0A1D8PTW6	A0A6S5ZZ88
A0A1D8PTW6	V5XYR2
A0A1D8PTW6	F9X3D9
A0A1I1NU16	A0A1I1NU16
A0A1I9R3Y5	A0A1I9R3Y5
A0A1J0HSL6	A0A1J0HSL6
A0A1L9WVI3	A0A1L9WVI3
A0A1P8B9P9	A0A1P8B9P9
A0A1U8CC89	A0A1U8CC89
A0A1W6BT53	A0A1W6BT53
A0A2W0EVE0	A0A2W0EVE0
A0A2Z5U507	A0A2Z5U507
A0A345BJP0	A0A345BJP0
A0A384KG77	A0A384KG77
A0A391NTR7	A0A391NTR7
A0A3A4NVY7	A0A3A4NVY7
A0A3G9GNK2	A0A3G9GNK2
A0A455R5P9	A0A455R5P9
A0A455ZJC3	A0A455ZJC3
A0A509AT60	A0A509AT60
A0A516RTC5	A0A516RTC5
A0A517FND1	A0A517FND1
A0A6G9KIR5	A0A6G9KIR5
A0A6I8RMG7	A0A6I8RMG7
A0A6M3Z554	A0A6M3Z554
A0B7V2	A0B7V2
A0KYQ6	A0KYQ6
A1ADJ6	A1ADJ6
A1DN10	A1DN10
A2R6G9	A2R6G9
A3KFU9	A3KFU9
A3MUS8	A3MUS8
A3PBY5	A3PBY5
A3PXU1	A3PXU1
A4IFA7	A4IFA7
A4YGR1	A4YGR1
A5DCV3	A5DCV3
A5K6G1	A5K6G1
A6NAF9	A6NAF9
A6NND4	A6NND4
A6ZKU1	A6ZKU1
A7HFW2	A7HFW2
A7KAL3	A7KAL3
A7LXT8	A7LXT8
A7TT88	A7TT88
A8B672	A8B672
A8BJ15	A8BJ15
A8BS40	A8BS40
A8HMZ4	A8HMZ4
A8MS31	A8MS31
A8NF97	A8NF97
A8PZM4	A8PZM4
A8WHP8	A8WHP8
A8XEH1	A8XEH1
A9LLI8	A9LLI8
A9X4T1	A9X4T1
B0KBM4	B0KBM4
B0UXL7	B0UXL7
B0XPE7	B0XPE7
B1AI94	B1AI94
B1B5I8	B1B5I8
A0A1D8PG41	A0A1D8PG41
A0A1D8PLT8	A0A1D8PLT8
A0A1H0NKS3	A0A1H0NKS3
A0A1I1P2K9	A0A1I1P2K9
A0A1J0KJK5	A0A1J0KJK5
A0A1L7TZY0	A0A1L7TZY0
A0A1L9WUI4	A0A1L9WUI4
A0A1P8AVP6	A0A1P8AVP6
A0A1P8BH03	A0A1P8BH03
A0A1S6EK92	A0A1S6EK92
A0A1U8QXK4	A0A1U8QXK4
A0A1V6NVX3	A0A1V6NVX3
A0A1V6PAA5	A0A1V6PAA5
A0A218P055	A0A218P055
A0A2B7YEY0	A0A2B7YEY0
A0A2I2F2L0	A0A2I2F2L0
A0A2P1DP75	A0A2P1DP75
A0A2P1DP90	A0A2P1DP90
A0A2P1DP90	G3Y417
A0A2V5GRB0	A0A2V5GRB0
A0A318FEA4	A0A318FEA4
A0A348HAZ0	A0A348HAZ0
A0A381HBN1	A0A381HBN1
A0A384LP51	A0A384LP51
A0A3G1DJF7	A0A3G1DJF7
A0A3G9GNJ4	A0A3G9GNJ4
A0A3T0ZHL4	A0A3T0ZHL4
A0A3T0ZHL4	Q4WBI5
A0A411KUU5	A0A411KUU5
A0A411PQN2	A0A411PQN2
A0A484FXR4	A0A484FXR4
A0A5N6TQN5	A0A5N6TQN5
A0A6M3Z9I6	A0A6M3Z9I6
A0A7J6K7N5	A0A7J6K7N5
A0A7M6UNN1	A0A7M6UNN1
A0A8B0M9R9	A0A8B0M9R9
A0A8F4NVX8	A0A8F4NVX8
A0A8J9R8Y7	A0A8J9R8Y7
A0AUV4	A0AUV4
A0B6E1	A0B6E1
A0B8Q8	A0B8Q8
A0BKG2	A0BKG2
A0BKG2	A0E2L1
A0CC46	A0CC46
A0CIS3	A0CIS3
A0KKE6	A0KKE6
A0KKE6	A4SMM2
A0KKE6	A1S1Z4
A0KKE6	A1WIC3
A0KKE6	Q089T3
A0KKE6	Q12SQ2
A0KKE6	Q0KEU1
A0KKE6	B2AGP0
A0KKE6	Q476K0
A0KKE6	Q3K9R2
A0KKE6	A4XV44
A0KKE6	A9I3Z9
A0KKE6	B0KPF4
A0KKE6	B1JDU1
A0KKE6	C1DNN5
A0KKE6	Q02KC8
A0KKE6	Q7WE96
A0KKE6	Q88PM7
A0KKE6	Q1IEL0
A0KKE6	Q4KEE7
A0KKE6	Q4ZYK5
A0KKE6	Q889F6
A0L3I7	A0L3I7
A0L4B0	A0L4B0
A0L4W0	A0L4W0
A0LFR2	A0LFR2
A0LFR2	Q1IVF1
A0LFR2	A8ZRX7
A0LFR2	A9AW42
A0LFR2	A4J541
A0LFR2	A5D3G6
A0LFR2	Q2RHU3
A0LFR2	B5EK08
A0LFR2	Q21KW1
A0LFR2	A1TZN7
A0LFR2	A4IYF8
A0LFR2	B0TYY3
A0LFR2	B7UVU4
A0LFR2	B8GTQ4
A0LFR2	C1DE76
A0LFR2	Q1QTM9
A0LFR2	Q88PL7
A0LFR2	Q5QVL2
A0LFR2	Q15WI4
A0LFR2	Q31FZ5
A0LFR2	Q3ILB8
A0LFR2	Q887B0
A0LFR2	Q67Q92
A0LFR2	B1I4K8
A0LFR2	Q8RAM9
A0LFR2	Q7UWK9
A0LFR2	Q8RDN0
A0LFR2	B0RRR1
A0LFR2	B2I6T4
A0LFR2	B4SSS1
A0LFR2	Q2Y6A3
A0LFR2	B8F3W0
A0LFR2	P0A847
A0LFR2	A1SWU0
A0LFR2	A4SP26
A0LFR2	A5UAP3
A0LFR2	A8FXC6
A0LFR2	A8GAM5
A0LFR2	B0BP03
A0LFR2	B2VHQ1
A0LFR2	B4EU13
A0LFR2	B6EK65
A0LFR2	B7VJR8
A0LFR2	B8D738
A0LFR2	C4K8M3
A0LFR2	C4L7L3
A0LFR2	C5BCF7
A0LFR2	Q0I4R8
A0LFR2	Q12PD9
A0LFR2	Q1LSP0
A0LFR2	Q2NVA4
A0LFR2	Q65S94
A0LFR2	Q6D855
A0LFR2	Q6LU69
A0LFR2	Q7MB01
A0LFR2	Q7VLQ4
A0LFR2	Q87S36
A0LFR2	Q82VF0
A0LFR2	Q0AG55
A0LFR2	Q3SH61
A0LFR2	C4XSI9
A0LFR2	Q8XJ16
A0LFR2	A5I6E9
A0LFR2	A5N204
A0LFR2	A9KHU4
A0LFR2	C4Z563
A0LFR2	Q892A0
A0LFR2	Q97GT3
A0LFR2	Q72E53
A0LFR2	C0QKY2
A0LFR2	Q1MPU5
A0LFR2	Q30XF7
A0LFR2	Q7NYC7
A0LFR2	A1KSY1
A0LFR2	C1DDA7
A0LFR2	B3R6J4
A0LFR2	A6SUU4
A0LFR2	Q1LJ59
A0LMI3	A0LMI3
A0LSL2	A0LSL2
A0LZ43	A0LZ43
A0LZ43	A5FE96
A0LZ43	A6H0V8
A0LZ43	B3ES47
A0M6M4	A0M6M4
A0PCY0	A0PCY0
A0Q1F1	A0Q1F1
A0Q1F1	Q97GH8
A0Q4G6	A0Q4G6
A0Q4G6	B0U106
A0Q4G6	A1AWC3
A0Q4G6	A5CWX9
A0Q4G6	A7MY61
A0Q4G6	A5F649
A0Q4G6	B5FGU2
A0Q4G6	Q6LTT8
A0Q4G6	Q87RL6
A0Q4G6	Q8DFH5
A0Q4G6	A5UG92
A0Q4G6	A0KV33
A0Q4G6	A1S7Q6
A0Q4G6	A1SVA7
A0Q4G6	A3QCW8
A0Q4G6	A4SJD4
A0Q4G6	A4WD15
A0Q4G6	A5ID69
A0Q4G6	A6VLT3
A0Q4G6	A8FXE0
A0Q4G6	A8GHC5
A0Q4G6	A8H2J4
A0Q4G6	B0BQK7
A0Q4G6	B2VDY5
A0Q4G6	B5XVT8
A0Q4G6	P57906
A0Q4G6	Q07ZL0
A0Q4G6	Q0I297
A0Q4G6	Q12L63
A0Q4G6	Q15RR1
A0Q4G6	Q5QX98
A0Q4G6	Q65VB3
A0Q4G6	Q6D206
A0Q4G6	Q7VNZ3
A0Q4G6	A9KD63
A0Q4G6	B2K913
A0Q4G6	A8ADJ2
A0Q4G6	B4EZQ7
A0Q4G6	Q2NSC4
A0Q4G6	Q7N6Y2
A0Q4G6	B5EEE6
A0Q4G6	Q74DU6
A0Q4G6	A5G3W1
A0Q4G6	Q39UV7
A0Q4G6	Q31GB2
A0Q4G6	Q3JEF2
A0Q4G6	Q47Z58
A0Q4G6	Q8PIP8
A0Q4G6	B0U4X9
A0Q4G6	B4SPM7
A0QNJ5	A0QNJ5
A0QSK6	A0QSK6
A0QST8	A0QST8
A0QYB3	A0QYB3
B6K4Z5	B6K4Z5
B6VH79	B6VH79
B6YQI6	B6YQI6
B6YQT8	B6YQT8
B6YQT8	A6L683
B6YQT8	A6L8Q7
B6YQT8	Q5LGQ7
B6YQT8	Q7MAW6
B6YQT8	Q89ZQ3
B7G267	B7G267
B7G5J1	B7G5J1
B7HPD4	B7HPD4
B7IDS3	B7IDS3
B7IDS3	A6LMU4
B7IDS3	A9BHW9
B7IDS3	C5CD61
B7IDS3	Q9WYZ5
B7IDS3	A8F5B3
B7IDS3	B9KBC5
B7IDS3	A7HJQ9
B7QDG3	B7QDG3
B7QDG3	A7RPT4
B7QDG3	B4JJQ3
B7QDG3	B3N0Q8
B7QDG3	B3NW64
B7QDG3	B4L8C7
B7QDG3	B4M2R8
B7QDG3	Q7Q0G5
B7QDG3	Q29FV5
B7QDG3	B4NEH6
B7QDG3	E0V9D8
B7QDG3	Q17GW6
B7QDG3	E3XA68
B7QDG3	C3YDS7
B7QDG3	E9HCD7
B7QDG3	F7DL67
B7QDG3	E2QRY6
B7QDG3	F7FIH8
B7QDG3	Q8K4Z3
B7QDG3	Q8NCW5
B7QDG3	Q0PIT9
B7QDG3	Q6QRN6
B7QDG3	Q6DHK1
B8CVY1	B8CVY1
B8CVY1	P30537
B8CVY1	A7GUA1
B8CVY1	B7HBC7
B8CVY1	P30538
B8CVY1	P39118
B8CVY1	Q65FS4
B8CVY1	Q24VW3
B8CVY1	Q8CZE8
B8CVY1	Q8RF62
B8DCW3	B8DCW3
B8DNS7	B8DNS7
B8DNS7	A1VDU9
B8DNS7	B8J3C2
B8DNS7	C6BXG0
B8DNS7	Q310R5
B8DZW2	B8DZW2
B8DZX8	B8DZX8
B8E281	B8E281
B8E281	B5YE43
B8E2T7	B8E2T7
B8E2T7	B5YEC2
B8FBE8	B8FBE8
B8FIX5	B8FIX5
B8FP03	B8FP03
B8FP03	A0LA23
B8FP03	Q6AK63
B8FP03	A1A0R8
B8FP03	B7GU81
B8FP03	B8DTT6
B8FP03	Q93MM7
B8FP03	A7GKI0
B8FP03	A7Z251
B8FP03	A8FAM9
B8FP03	A9VRF3
B8FP03	C0ZKC8
B8FP03	Q5WJ84
B8FP03	Q9KF55
B8FP03	B9MS91
B8FP03	A4XKZ4
B8FP03	A7HDB7
B8FP03	B4UGX9
B8FP03	A8LNB8
B8FP03	Q215Q6
B8FP03	Q1QLI2
B8FP03	Q3SS83
B8FP03	Q6N5C8
B8FP03	B1HTV6
B8FP03	A2RBZ5
B8FP03	Q1JP36
B8FP03	Q3K400
B8FP03	A3CJZ4
B8FP03	B1I7V5
B8FP03	B9DSR4
B8FP03	Q5M203
B8FP03	Q8DWL1
B8FP03	Q9F1T6
B8FP03	A3DEV1
B8FP03	A8MLI7
B8FP03	A6TLS5
B8FP03	B5YKG0
B8FP03	C5D4I2
B8FP03	B8I492
B8FP03	Q4L580
B8FP03	A5IRV8
B8FP03	B9DQ40
B8FP03	B9EAZ0
B8FP03	Q49WJ5
B8FP03	Q5HQ99
B8FP03	Q5FIV3
B8FP03	A8YW83
B8FP03	Q833Z1
B8FP03	Q8Y6C3
B8FP03	Q65MS6
B8FP03	Q92AP1
B8FP03	Q97J93
B8FP03	Q8XMK4
B8FP03	Q9CFF4
B8FP03	B8FJY6
B8FP03	Q311C7
B8FP03	B8DNV5
B8FP03	Q1MRM4
B8FP03	B8HPV7
B8FP03	B7KJK8
B8FP03	B0JTF5
B8FP03	B1WPZ0
B8FP03	Q31PY7
B8FP03	Q2JQY9
B8FP03	Q2JL07
B8FP03	Q46IM4
B8FP03	Q55422
B8FP03	B1XNH7
B8FP03	B7K0I0
B8FP03	Q7NMP5
B8FP03	C4K4D1
B8FP03	P52424
B8FP03	Q05728
B8FP03	Q0VP77
B8FP03	Q3JBW2
B8FP03	A8H5R0
B8FP03	B8F5E6
B8FP03	Q0ABB7
B8FP03	Q31GT2
B8FP03	Q47Z78
B8FP03	Q60BU2
B8FP03	Q9I513
B8FP03	A0KYA3
B8FP03	A1S7E6
B8FP03	A1TZ73
B8FP03	A3N1A1
B8FP03	A4SL28
B8FP03	A4WD72
B8FP03	A4XWN5
B8FP03	A5W7R7
B8FP03	A7ML12
B8FP03	A7ZPU2
B8FP03	B2VE71
B8FP03	B4EY89
B8FP03	B4TD75
B8FP03	B5XNQ0
B8FP03	B7LKE3
B8FP03	C1DRW0
B8FP03	C3K102
B8FP03	C4LC65
B8FP03	C5BHQ4
B8FP03	Q084L1
B8FP03	Q0I5D1
B8FP03	Q12MF0
B8FP03	Q15SY3
B8FP03	Q1QVP5
B8FP03	Q21MC3
B8FP03	Q2NS68
B8FP03	Q2SKT3
B8FP03	Q6D7S1
B8FP03	Q7N3F7
B8FP03	Q9CPL6
B8FP03	Q167K4
B8FP03	A3PHH4
B8FP03	Q1GGK7
B8FP03	Q28RA9
B8FP03	Q5LRF9
B8FP03	Q0AW29
B8FP03	Q1D8V5
B8FP03	Q8ES94
B8FP03	Q1G9G0
B8FP03	A5VHU0
B8FP03	B2GF76
B8FP03	Q1WU57
B8FP03	Q67KG0
B8FP03	Q1GSA2
B8FP03	A5G3H3
B8FP03	B3E3K3
B8FP03	Q2G9X9
B8FP03	Q2N8X9
B8FP03	Q2RSC8
B8FP03	A7HYF2
B8FP03	B2JGD2
B8FP03	A0K4T7
B8FP03	A1KA97
B8FP03	A1V0V7
B8FP03	A8FUD3
B8FP03	A9I602
B8FP03	B3R6D1
B8FP03	C1DC84
B8FP03	Q0ADT8
B8FP03	Q126R8
B8FP03	Q145C6
B8FP03	Q1H4W1
B8FP03	Q21VH4
B8FP03	Q2Y5R7
B8FP03	Q7NS12
B8FP03	Q82Y02
B8FP03	Q8XW52
B8FP03	Q9JZ80
B8FP03	Q47B77
B8FP03	Q8RC57
B8FP03	B0KBQ3
B8FP03	Q2LTT5
B8FP03	Q3A515
B8FP03	A4IJX5
B8FP03	B9M1P4
B8FP03	C6E6M9
B8FP03	P12043
B8FP03	Q2RGU7
B8FP03	Q39UK1
B8FP03	Q5L3D0
B8FP03	Q74CB6
B8FP03	B0S0R2
B8FP03	C4L2A1
B8FP03	B1YJ07
B8FP03	C4ZH75
B8FP03	A9KHX3
B8FP03	C4Z478
B8FP03	Q3AD62
B8FP03	Q4FR86
B8FP03	Q8REV3
B8FP03	A5N0Q2
B8FP03	A7FXD5
B8FP03	Q892X1
B8FP03	A0Q1J2
B8FP03	Q984K6
B8FP03	A6X235
B8FP03	A9IVF6
B8FP03	B0UKC4
B8FP03	B2IJR2
B8FP03	B5ZX12
B8FP03	B8EJY5
B8FP03	B8IP71
B8FP03	B9JCV0
B8FP03	B9JUY3
B8FP03	C0RI52
B8FP03	Q11GW6
B8FP03	Q2KA45
B8FP03	Q6FZK1
B8FP03	Q6G5R9
B8FP03	Q8UG98
B8FP03	Q92QW2
B8FP03	Q9XAT2
B8FP03	A6VMA4
B8FP03	B1JSF4
B8FP03	Q65UX7
B8FP03	A8F8I1
B8FP03	B4SN29
B8FP03	Q4UX30
B8FP03	B5FGY5
B8FP03	A3QD32
B8FP03	A5F643
B8FP03	A5UC39
B8FP03	A9NA98
B8FP03	B1KIG9
B8FP03	B7VIN4
B8FP03	C5BP01
B8FP03	Q3IIQ2
B8FP03	Q5QUP9
B8FP03	Q6F973
B8FP03	Q6LN73
B8FP03	Q7MIK1
B8FP03	Q87MH0
B8FP03	Q9PFS0
B8FP03	Q2KX26
B8FP03	Q5NXR0
B8FP03	Q7W4N4
B8FP03	Q8DHY2
B8FTY8	B8FTY8
B8FTY8	Q030P1
B8FTY8	Q9CHK0
B8G2Z2	B8G2Z2
B8G5X7	B8G5X7
B8GCS2	B8GCS2
B8GCS2	A9WB97
B8GCS2	A7NI09
B8GCS2	A5UZX0
P19369	P19369
P19615	P19615
P19887	P19887
P19952	P19952
P20161	P20161
P20590	P20590
P21598	P21598
P21634	P21634
P21864	P21864
P21933	P21933
P21955	P21955
P22297	P22297
P22661	P22661
P22669	P22669
P22698	P22698
P22753	P22753
P22871	P22871
P22871	P21685
P22871	P54978
P23621	P23621
P24075	P24075
P24582	P24582
P24686	P24686
P25014	P25014
P25055	P25055
P25055	P41762
P25055	P07378
P25055	P08891
P25055	P08893
P25055	P08966
P25055	P41760
P25055	Q27683
P25055	Q27684
P25068	P25068
P25240	P25240
P26799	P26799
P26926	P26926
P26967	P26967
P26989	P26989
P26994	P26994
P27058	P27058
P27237	P27237
P27237	P44573
P27561	P27561
P27802	P27802
P28644	P28644
P28767	P28767
P29040	P29040
P29228	P29228
P29399	P29399
P29523	P29523
P29686	P29686
P29686	P48848
P29686	P48992
P29686	P73411
P30309	P30309
P30820	P30820
P30886	P30886
P31074	P31074
P31165	P31165
P31686	P31686
P31967	P31967
P32388	P32388
P32572	P32572
P32813	P32813
P33216	P33216
P33217	P33217
P33558	P33558
P33693	P33693
P34704	P34704
P34819	P34819
P34860	P34860
P35130	P35130
P35136	P35136
P35538	P35538
P35851	P35851
P35855	P35855
P36215	P36215
P36573	P36573
P37118	P37118
P37619	P37619
P37749	P37749
P37958	P37958
P38124	P38124
P38172	P38172
P38330	P38330
P38330	Q6FML6
P38343	P38343
P38675	P38675
P38790	P38790
P39646	P39646
P39650	P39650
P39871	P39871
P40002	P40002
Q4URB7	Q4URB7
Q4V7E8	Q4V7E8
Q4V7T9	Q4V7T9
Q4WF30	Q4WF30
Q4WJX5	Q4WJX5
Q4WJX5	Q9Y8A8
Q4WJX5	Q4IPZ1
Q4WJX5	P0CR98
Q4WJX5	Q9C0N3
Q4WJX5	P87108
Q4WJX5	Q759W7
Q4WJX5	Q6BHJ3
Q4WJX5	Q6CIK7
Q4WJX5	Q9P335
Q4WLD0	Q4WLD0
Q4WP38	Q4WP38
Q4WQZ0	Q4WQZ0
Q4WRP2	Q4WRP2
Q4X055	Q4X055
Q50249	Q50249
Q504N0	Q504N0
Q504N7	Q504N7
Q50LG2	Q50LG2
Q51974	Q51974
Q54DY0	Q54DY0
Q54EQ1	Q54EQ1
Q54F40	Q54F40
Q54GN2	Q54GN2
Q54GV0	Q54GV0
Q54HY8	Q54HY8
Q54IV3	Q54IV3
Q54J35	Q54J35
Q54K56	Q54K56
Q54KD9	Q54KD9
Q54LM2	Q54LM2
Q54MB5	Q54MB5
Q54MR1	Q54MR1
Q54NK8	Q54NK8
Q54P59	Q54P59
Q54P63	Q54P63
Q54PQ8	Q54PQ8
Q54R84	Q54R84
Q54SN4	Q54SN4
Q54SV3	Q54SV3
Q54SW3	Q54SW3
Q54TS4	Q54TS4
Q54WT9	Q54WT9
Q54XL6	Q54XL6
Q54Y06	Q54Y06
Q54YZ9	Q54YZ9
Q552L5	Q552L5
Q55369	Q55369
Q55515	Q55515
Q556J4	Q556J4
Q55750	Q55750
Q55798	Q55798
Q55971	Q55971
Q55ED1	Q55ED1
Q55EY8	Q55EY8
Q55F69	Q55F69
Q55FN1	Q55FN1
Q55G93	Q55G93
Q56206	Q56206
Q56301	Q56301
Q57168	Q57168
Q571E5	Q571E5
Q571E5	Q2L4Q9
Q571H0	Q571H0
Q571H0	O60287
Q57739	Q57739
Q57926	Q57926
Q57926	O27667
Q57926	Q8TW28
Q57RD7	Q57RD7
Q57RD7	Q8X7X9
Q58352	Q58352
Q58771	Q58771
Q58929	Q58929
Q59119	Q59119
Q59204	Q59204
Q59509	Q59509
Q59MZ9	Q59MZ9
Q59W44	Q59W44
Q59XY9	Q59XY9
Q59YV0	Q59YV0
Q59ZX6	Q59ZX6
Q59ZX6	Q6BXQ6
Q59ZX6	A3GGS6
Q9I452	Q9I452
Q9I5J6	Q9I5J6
Q9I8P2	Q9I8P2
Q9JHE7	Q9JHE7
Q9JLG4	Q9JLG4
Q9JLG4	Q9NZM6
Q9JRW9	Q9JRW9
Q9JRW9	Q822Q0
Q9JRW9	Q254Z2
Q9JRW9	Q5L5P0
Q9JRW9	Q9PKI3
Q9JRW9	Q3KMF2
Q9JWJ3	Q9JWJ3
Q9JZL5	Q9JZL5
Q9JZL5	Q9JUP6
