Enzyme_marts_ID,Type,SMILES_substrate_canonical_no_stereo,SMILES_product_canonical_no_stereo,canonical_substrates_no_stereo,canonical_products_no_stereo,rhea_ids
marts_E00000,mono,CC(C)=CCCC(C)=CCOP([O-])(=O)OP([O-])([O-])=O,CC(C)C12CCC(=C)C1C2,['CC(C)=CCCC(C)=CCOP([O-])(=O)OP([O-])([O-])=O'],['CC(C)C12CCC(=C)C1C2'],"{68637, 32548, 25509}"
marts_E00000,mono,CC(C)=CCCC(C)=CCOP([O-])(=O)OP([O-])([O-])=O,CC(C)C12CC=C(C)C1C2,['CC(C)=CCCC(C)=CCOP([O-])(=O)OP([O-])([O-])=O'],['CC(C)C12CC=C(C)C1C2'],{68645}
marts_E00000,mono,CC(C)=CCCC(C)=CCOP([O-])(=O)OP([O-])([O-])=O,CC1=CCC2CC1C2(C)C,['CC(C)=CCCC(C)=CCOP([O-])(=O)OP([O-])([O-])=O'],['CC1=CCC2CC1C2(C)C'],"{32576, 25489, 25663}"
marts_E00000,mono,CC(C)=CCCC(C)=CCOP([O-])(=O)OP([O-])([O-])=O,CC1(C)C2CC1CCC2=C,['CC(C)=CCCC(C)=CCOP([O-])(=O)OP([O-])([O-])=O'],['CC1(C)C2CC1CCC2=C'],"{25497, 25667, 32580}"
marts_E00000,mono,CC(C)=CCCC(C)=CCOP([O-])(=O)OP([O-])([O-])=O,CC(C)C1CC=C(C)C=C1,['CC(C)=CCCC(C)=CCOP([O-])(=O)OP([O-])([O-])=O'],['CC(C)C1CC=C(C)C=C1'],set()
marts_E00000,mono,CC(C)=CCCC(C)=CCOP([O-])(=O)OP([O-])([O-])=O,CC1CCC(=CC=1)C(C)C,['CC(C)=CCCC(C)=CCOP([O-])(=O)OP([O-])([O-])=O'],['CC1CCC(=CC=1)C(C)C'],{32564}
marts_E00000,mono,CC(C)=CCCC(C)=CCOP([O-])(=O)OP([O-])([O-])=O,CC(C)C1CCC(=C)C=C1,['CC(C)=CCCC(C)=CCOP([O-])(=O)OP([O-])([O-])=O'],['CC(C)C1CCC(=C)C=C1'],"{25505, 25493, 27831}"
marts_E00000,mono,CC(C)=CCCC(C)=CCOP([O-])(=O)OP([O-])([O-])=O,CC1CC=C(CC=1)C(C)C,['CC(C)=CCCC(C)=CCOP([O-])(=O)OP([O-])([O-])=O'],['CC1CC=C(CC=1)C(C)C'],{32560}
marts_E00000,mono,CC(C)=CCCC(C)=CCOP([O-])(=O)OP([O-])([O-])=O,CC(C)=C1CC=C(C)CC1,['CC(C)=CCCC(C)=CCOP([O-])(=O)OP([O-])([O-])=O'],['CC(C)=C1CC=C(C)CC1'],{25501}
marts_E00000,mono,CC(C)=CCCC(C)=CCOP([O-])(=O)OP([O-])([O-])=O,CC(C)=CCCC(=C)C=C,['CC(C)=CCCC(C)=CCOP([O-])(=O)OP([O-])([O-])=O'],['CC(C)=CCCC(=C)C=C'],{16966}
marts_E00001,di,CC(C)=CCCC(C)=CCCC(C)=CCCC(C)=CCOP([O-])(=O)OP([O-])([O-])=O,CC(C)=CCCC1(C)CC2C1CCC(C)=CCCC2=C,['CC(C)=CCCC(C)=CCCC(C)=CCCC(C)=CCOP([O-])(=O)OP([O-])([O-])=O'],['CC(C)=CCCC1(C)CC2C1CCC(C)=CCCC2=C'],set()
marts_E00001,sesq,CC(C)=CCCC(C)=CCCC(C)=CCOP([O-])(=O)OP([O-])([O-])=O,CC1CCC2C(CC2(C)C)C(=C)CCC=1,['CC(C)=CCCC(C)=CCCC(C)=CCOP([O-])(=O)OP([O-])([O-])=O'],['CC1CCC2C(CC2(C)C)C(=C)CCC=1'],"{31816, 34704, 28295}"
marts_E00001,sesq,CC(C)=CCCC(C)=CCCC(C)=CCOP([O-])(=O)OP([O-])([O-])=O,CC1CCC(CC=C(C)CCC=1)C(C)(C)O,['CC(C)=CCCC(C)=CCCC(C)=CCOP([O-])(=O)OP([O-])([O-])=O'],['CC1CCC(CC=C(C)CCC=1)C(C)(C)O'],"{54057, 54061}"
marts_E00002,di,CC(C)=CCCC(C)=CCCC(C)=CCCC(C)=CCOP([O-])(=O)OP([O-])([O-])=O,CC1(C)CCCC2(C)C1CCC(=C)C2CCC(C)=CCOP([O-])(=O)OP([O-])([O-])=O,['CC(C)=CCCC(C)=CCCC(C)=CCCC(C)=CCOP([O-])(=O)OP([O-])([O-])=O'],['CC1(C)CCCC2(C)C1CCC(=C)C2CCC(C)=CCOP([O-])(=O)OP([O-])([O-])=O'],"{14842, 24317, 25525}"
marts_E00003,di,CC1(C)CCCC2(C)C1CCC(=C)C2CCC(C)=CCOP([O-])(=O)OP([O-])([O-])=O,CC1(C)CCCC2(C)C1CCC1CC(=CCC2=1)C(C)C,['CC1(C)CCCC2(C)C1CCC(=C)C2CCC(C)=CCOP([O-])(=O)OP([O-])([O-])=O'],['CC1(C)CCCC2(C)C1CCC1CC(=CCC2=1)C(C)C'],{33984}
marts_E00004,di,CC(C)=CCCC(C)=CCCC(C)=CCCC(C)=CCOP([O-])(=O)OP([O-])([O-])=O,CC1(C)CCCC2(C)C1CCC(=C)C2CCC(C)=CCOP([O-])(=O)OP([O-])([O-])=O,['CC(C)=CCCC(C)=CCCC(C)=CCCC(C)=CCOP([O-])(=O)OP([O-])([O-])=O'],['CC1(C)CCCC2(C)C1CCC(=C)C2CCC(C)=CCOP([O-])(=O)OP([O-])([O-])=O'],"{14842, 24317, 25525}"
marts_E00005,di,CC1(C)CCCC2(C)C1CCC(C)(O)C2CCC(C)=CCOP([O-])(=O)OP([O-])([O-])=O,CC1(C)CCCC2(C)C1CCC1(C)OC(C)(CCC12)C=C,['CC1(C)CCCC2(C)C1CCC(C)(O)C2CCC(C)=CCOP([O-])(=O)OP([O-])([O-])=O'],['CC1(C)CCCC2(C)C1CCC1(C)OC(C)(CCC12)C=C'],"{18722, 54517}"
marts_E00006,di,CC(C)=CCCC(C)=CCCC(C)=CCCC(C)=CCOP([O-])(=O)OP([O-])([O-])=O,CC1(C)CCCC2(C)C1CCC(C)(O)C2CCC(C)=CCOP([O-])(=O)OP([O-])([O-])=O,['CC(C)=CCCC(C)=CCCC(C)=CCCC(C)=CCOP([O-])(=O)OP([O-])([O-])=O'],['CC1(C)CCCC2(C)C1CCC(C)(O)C2CCC(C)=CCOP([O-])(=O)OP([O-])([O-])=O'],"{32704, 54650}"
marts_E00007,sesq,CC(C)=CCCC(C)=CCCC(C)=CCOP([O-])(=O)OP([O-])([O-])=O,CC(C)=CCCC(C)=CCCC(=C)C=C,['CC(C)=CCCC(C)=CCCC(C)=CCOP([O-])(=O)OP([O-])([O-])=O'],['CC(C)=CCCC(C)=CCCC(=C)C=C'],"{68545, 27426, 68857, 68505, 68509}"
marts_E00007,mono,CC(C)=CCCC(C)=CCOP([O-])(=O)OP([O-])([O-])=O,CC1=CCC2CC1C2(C)C,['CC(C)=CCCC(C)=CCOP([O-])(=O)OP([O-])([O-])=O'],['CC1=CCC2CC1C2(C)C'],"{32576, 25489, 25663}"
marts_E00007,mono,CC(C)=CCCC(C)=CCOP([O-])(=O)OP([O-])([O-])=O,CC(C)C12CCC(=C)C1C2,['CC(C)=CCCC(C)=CCOP([O-])(=O)OP([O-])([O-])=O'],['CC(C)C12CCC(=C)C1C2'],"{68637, 32548, 25509}"
marts_E00007,mono,CC(C)=CCCC(C)=CCOP([O-])(=O)OP([O-])([O-])=O,CC1(C)C2CC1CCC2=C,['CC(C)=CCCC(C)=CCOP([O-])(=O)OP([O-])([O-])=O'],['CC1(C)C2CC1CCC2=C'],"{25497, 25667, 32580}"
marts_E00007,mono,CC(C)=CCCC(C)=CCOP([O-])(=O)OP([O-])([O-])=O,CC1CCC(CC=1)C(C)=C,['CC(C)=CCCC(C)=CCOP([O-])(=O)OP([O-])([O-])=O'],['CC1CCC(CC=1)C(C)=C'],"{68641, 10941, 12870}"
marts_E00007,mono,CC(C)=CCCC(C)=CCOP([O-])(=O)OP([O-])([O-])=O,CC(C)=C1CC=C(C)CC1,['CC(C)=CCCC(C)=CCOP([O-])(=O)OP([O-])([O-])=O'],['CC(C)=C1CC=C(C)CC1'],{25501}
marts_E00007,mono,CC(C)=CCCC(C)=CCOP([O-])(=O)OP([O-])([O-])=O,CC(C)=CCCC(=C)C=C,['CC(C)=CCCC(C)=CCOP([O-])(=O)OP([O-])([O-])=O'],['CC(C)=CCCC(=C)C=C'],{16966}
marts_E00008,di,CC(C)=CCCC(C)=CCCC(C)=CCCC(C)=CCOP([O-])(=O)OP([O-])([O-])=O,CC1CCC(C2C=C(C)CCC=C(C)CCC12)C(C)=C,['CC(C)=CCCC(C)=CCCC(C)=CCCC(C)=CCOP([O-])(=O)OP([O-])([O-])=O'],['CC1CCC(C2C=C(C)CCC=C(C)CCC12)C(C)=C'],set()
marts_E00008,di,CC(C)=CCCC(C)=CCCC(C)=CCCC(C)=CCOP([O-])(=O)OP([O-])([O-])=O,CC1CCC=C(C)CCC(CC=C(C)CCC=1)C(C)=C,['CC(C)=CCCC(C)=CCCC(C)=CCCC(C)=CCOP([O-])(=O)OP([O-])([O-])=O'],['CC1CCC=C(C)CCC(CC=C(C)CCC=1)C(C)=C'],{42997}
marts_E00009,di,CC(C)=CCCC(C)=CCCC(C)=CCCC(C)=CCOP([O-])(=O)OP([O-])([O-])=O,CC(C)C1CCC(C)=C2CCC(C)C32CCC(C)=CC31,['CC(C)=CCCC(C)=CCCC(C)=CCCC(C)=CCOP([O-])(=O)OP([O-])([O-])=O'],['CC(C)C1CCC(C)=C2CCC(C)C32CCC(C)=CC31'],{78980}
marts_E00009,di,CC(C)=CCCC(C)=CCCC(C)=CCCC(C)=CCOP([O-])(=O)OP([O-])([O-])=O,CC1CC=C2C(C)CCC32C(C=1)C(CCC3C)C(C)C,['CC(C)=CCCC(C)=CCCC(C)=CCCC(C)=CCOP([O-])(=O)OP([O-])([O-])=O'],['CC1CC=C2C(C)CCC32C(C=1)C(CCC3C)C(C)C'],set()
marts_E00010,di,CC(C)=CCCC(C)=CCCC(C)=CCCC(C)=CCOP([O-])(=O)OP([O-])([O-])=O,CC1CCCC2(C)CCC3(C)C(CCC3=CC2=1)C(C)C,['CC(C)=CCCC(C)=CCCC(C)=CCCC(C)=CCOP([O-])(=O)OP([O-])([O-])=O'],['CC1CCCC2(C)CCC3(C)C(CCC3=CC2=1)C(C)C'],set()
marts_E00011,pt,CC(C)=CCCC(C)=CCCC(C)=CCOP([O-])(=O)OP([O-])([O-])=O.CC(=C)CCOP([O-])(=O)OP([O-])([O-])=O,CC(C)=CCCC(C)=CCCC(C)=CCCC(C)=CCOP([O-])(=O)OP([O-])([O-])=O,"['CC(C)=CCCC(C)=CCCC(C)=CCOP([O-])(=O)OP([O-])([O-])=O', 'CC(=C)CCOP([O-])(=O)OP([O-])([O-])=O']",['CC(C)=CCCC(C)=CCCC(C)=CCCC(C)=CCOP([O-])(=O)OP([O-])([O-])=O'],"{31280, 64581, 17654}"
marts_E00012,mono,CC(C)=CCCC(C)=CCOP([O-])(=O)OP([O-])([O-])=O,CC(C)=CCCC(=C)C=C,['CC(C)=CCCC(C)=CCOP([O-])(=O)OP([O-])([O-])=O'],['CC(C)=CCCC(=C)C=C'],{16966}
marts_E00012,mono,CC(C)=CCCC(C)=CCOP([O-])(=O)OP([O-])([O-])=O,CC(C)=CCC=C(C)C=C,['CC(C)=CCCC(C)=CCOP([O-])(=O)OP([O-])([O-])=O'],['CC(C)=CCC=C(C)C=C'],"{68825, 32692}"
marts_E00012,mono,CC(C)=CCCC(C)=CCOP([O-])(=O)OP([O-])([O-])=O,CC(C)=CCC=C(C)C=C,['CC(C)=CCCC(C)=CCOP([O-])(=O)OP([O-])([O-])=O'],['CC(C)=CCC=C(C)C=C'],"{68825, 32692}"
marts_E00013,sesq,CC(C)=CCCC(C)=CCCC(C)=CCOP([O-])(=O)OP([O-])([O-])=O,CC1CCC=C(C)CCC2C(C=1)C2(C)C,['CC(C)=CCCC(C)=CCCC(C)=CCOP([O-])(=O)OP([O-])([O-])=O'],['CC1CCC=C(C)CCC2C(C=1)C2(C)C'],{32000}
marts_E00013,mono,CC(C)=CCCC(C)=CCOP([O-])(=O)OP([O-])([O-])=O,CC(C)=CCCC(=C)C=C,['CC(C)=CCCC(C)=CCOP([O-])(=O)OP([O-])([O-])=O'],['CC(C)=CCCC(=C)C=C'],{16966}
marts_E00013,mono,CC(C)=CCCC(C)=CCOP([O-])(=O)OP([O-])([O-])=O,CC(C)=CCC=C(C)C=C,['CC(C)=CCCC(C)=CCOP([O-])(=O)OP([O-])([O-])=O'],['CC(C)=CCC=C(C)C=C'],"{68825, 32692}"
marts_E00013,mono,CC(C)=CCCC(C)=CCOP([O-])(=O)OP([O-])([O-])=O,CC(C)=CCCC(C)(O)C=C,['CC(C)=CCCC(C)=CCOP([O-])(=O)OP([O-])([O-])=O'],['CC(C)=CCCC(C)(O)C=C'],"{15810, 68709, 24117}"
marts_E00014,sesq,CC(C)=CCCC(C)=CCCC(C)=CCOP([O-])(=O)OP([O-])([O-])=O,CC1CCC(C=CC(=C)CCC=1)C(C)C,['CC(C)=CCCC(C)=CCCC(C)=CCOP([O-])(=O)OP([O-])([O-])=O'],['CC1CCC(C=CC(=C)CCC=1)C(C)C'],"{12017, 30428, 68717}"
marts_E00014,mono,CC(C)=CCCC(C)=CCOP([O-])(=O)OP([O-])([O-])=O,CC(C)=CCCC(=C)C=C,['CC(C)=CCCC(C)=CCOP([O-])(=O)OP([O-])([O-])=O'],['CC(C)=CCCC(=C)C=C'],{16966}
marts_E00014,mono,CC(C)=CCCC(C)=CCOP([O-])(=O)OP([O-])([O-])=O,CC(C)=CCC=C(C)C=C,['CC(C)=CCCC(C)=CCOP([O-])(=O)OP([O-])([O-])=O'],['CC(C)=CCC=C(C)C=C'],"{68825, 32692}"
marts_E00014,mono,CC(C)=CCCC(C)=CCOP([O-])(=O)OP([O-])([O-])=O,CC(C)=CCC=C(C)C=C,['CC(C)=CCCC(C)=CCOP([O-])(=O)OP([O-])([O-])=O'],['CC(C)=CCC=C(C)C=C'],"{68825, 32692}"
marts_E00015,sesq,CC(C)=CCCC(C)=CCCC(C)=CCOP([O-])(=O)OP([O-])([O-])=O,CC1CCC=C(C)CCC2C(C=1)C2(C)C,['CC(C)=CCCC(C)=CCCC(C)=CCOP([O-])(=O)OP([O-])([O-])=O'],['CC1CCC=C(C)CCC2C(C=1)C2(C)C'],{32000}
marts_E00016,di,CC1(C)CCCC2(C)C1CCC(=C)C2CCC(C)=CCOP([O-])(=O)OP([O-])([O-])=O,CC1(C)CCCC2(C)C1CCC1CC(=CCC2=1)C(C)C,['CC1(C)CCCC2(C)C1CCC(=C)C2CCC(C)=CCOP([O-])(=O)OP([O-])([O-])=O'],['CC1(C)CCCC2(C)C1CCC1CC(=CCC2=1)C(C)C'],{33984}
marts_E00017,di,CC1(C)CCCC2(C)C1CCC(=C)C2CCC(C)=CCOP([O-])(=O)OP([O-])([O-])=O,CC1(C)CCCC2(C)C1CCC1CC(=CCC2=1)C(C)C,['CC1(C)CCCC2(C)C1CCC(=C)C2CCC(C)=CCOP([O-])(=O)OP([O-])([O-])=O'],['CC1(C)CCCC2(C)C1CCC1CC(=CCC2=1)C(C)C'],{33984}
marts_E00018,sesq,CC(C)=CCCC(C)=CCCC(C)=CCOP([O-])(=O)OP([O-])([O-])=O,CC1CCC(CC=C(C)CCC=1)C(C)=C,['CC(C)=CCCC(C)=CCCC(C)=CCOP([O-])(=O)OP([O-])([O-])=O'],['CC1CCC(CC=C(C)CCC=1)C(C)=C'],"{68777, 25453, 12517}"
marts_E00018,sesq,CC(C)=CCCC(C)=CCCC(C)=CCOP([O-])(=O)OP([O-])([O-])=O,CC1CCC2C1CC(CCC=2C)C(C)=C,['CC(C)=CCCC(C)=CCCC(C)=CCOP([O-])(=O)OP([O-])([O-])=O'],['CC1CCC2C1CC(CCC=2C)C(C)=C'],{31832}
marts_E00018,sesq,CC(C)=CCCC(C)=CCCC(C)=CCOP([O-])(=O)OP([O-])([O-])=O,CC1(C)C2CC3C(C)CCC1(O)C3(C)CC2,['CC(C)=CCCC(C)=CCCC(C)=CCOP([O-])(=O)OP([O-])([O-])=O'],['CC1(C)C2CC3C(C)CCC1(O)C3(C)CC2'],{29504}
marts_E00018,sesq,CC(C)=CCCC(C)=CCCC(C)=CCOP([O-])(=O)OP([O-])([O-])=O,CC(C)=CCCC(C)=CCCC(C)(O)C=C,['CC(C)=CCCC(C)=CCCC(C)=CCOP([O-])(=O)OP([O-])([O-])=O'],['CC(C)=CCCC(C)=CCCC(C)(O)C=C'],"{68833, 27531, 27535, 68821, 56985}"
marts_E00018,sesq,CC(C)=CCCC(C)=CCCC(C)=CCOP([O-])(=O)OP([O-])([O-])=O,CC(=C)C1CC2C(C)CCC=2C(C)CC1,['CC(C)=CCCC(C)=CCCC(C)=CCOP([O-])(=O)OP([O-])([O-])=O'],['CC(=C)C1CC2C(C)CCC=2C(C)CC1'],{31808}
marts_E00018,sesq,CC(C)=CCCC(C)=CCCC(C)=CCOP([O-])(=O)OP([O-])([O-])=O,CC(C)=CCCC(C)=CCCC(C)=CCO,['CC(C)=CCCC(C)=CCCC(C)=CCOP([O-])(=O)OP([O-])([O-])=O'],['CC(C)=CCCC(C)=CCCC(C)=CCO'],{27527}
marts_E00019,di,CC(C)=CCCC(C)=CCCC(C)=CCCC(C)=CCOP([O-])(=O)OP([O-])([O-])=O,CC1(C)CCC2(C)CC34C(CCC3(C)C(O)CCC4C)C12,['CC(C)=CCCC(C)=CCCC(C)=CCCC(C)=CCOP([O-])(=O)OP([O-])([O-])=O'],['CC1(C)CCC2(C)CC34C(CCC3(C)C(O)CCC4C)C12'],{78404}
marts_E00019,pt,CC(C)=CCCC(C)=CCCC(C)=CCOP([O-])(=O)OP([O-])([O-])=O.CC(=C)CCOP([O-])(=O)OP([O-])([O-])=O,CC(C)=CCCC(C)=CCCC(C)=CCCC(C)=CCOP([O-])(=O)OP([O-])([O-])=O,"['CC(C)=CCCC(C)=CCCC(C)=CCOP([O-])(=O)OP([O-])([O-])=O', 'CC(=C)CCOP([O-])(=O)OP([O-])([O-])=O']",['CC(C)=CCCC(C)=CCCC(C)=CCCC(C)=CCOP([O-])(=O)OP([O-])([O-])=O'],"{31280, 64581, 17654}"
marts_E00020,sesq,CC(C)=CCCC(C)=CCCC(C)=CCOP([O-])(=O)OP([O-])([O-])=O,CC(=C)C1CC=C2CCCC(C)C2(C)C1,['CC(C)=CCCC(C)=CCCC(C)=CCOP([O-])(=O)OP([O-])([O-])=O'],['CC(=C)C1CC=C2CCCC(C)C2(C)C1'],"{19826, 28636}"
marts_E00021,sesq,CC(C)=CCCC(C)=CCCC(C)=CCOP([O-])(=O)OP([O-])([O-])=O,CC1(C)CC2CC(C)=C3CCC3(C)C2C1,['CC(C)=CCCC(C)=CCCC(C)=CCOP([O-])(=O)OP([O-])([O-])=O'],['CC1(C)CC2CC(C)=C3CCC3(C)C2C1'],{34696}
marts_E00022,sesq,CC(C)=CCCC(C)=CCCC(C)=CCOP([O-])(=O)OP([O-])([O-])=O,CC1(C)CCCC2(C)C1CC=C(C)C2CO,['CC(C)=CCCC(C)=CCCC(C)=CCOP([O-])(=O)OP([O-])([O-])=O'],['CC1(C)CCCC2(C)C1CC=C(C)C2CO'],{28291}
marts_E00023,pt,CC(C)=CCCC(C)=CCOP([O-])(=O)OP([O-])([O-])=O.CC(=C)CCOP([O-])(=O)OP([O-])([O-])=O,CC(C)=CCCC(C)=CCCC(C)=CCOP([O-])(=O)OP([O-])([O-])=O,"['CC(C)=CCCC(C)=CCOP([O-])(=O)OP([O-])([O-])=O', 'CC(=C)CCOP([O-])(=O)OP([O-])([O-])=O']",['CC(C)=CCCC(C)=CCCC(C)=CCOP([O-])(=O)OP([O-])([O-])=O'],"{19362, 64573, 23301}"
marts_E00023,pt,CC(C)=CCOP([O-])(=O)OP([O-])([O-])=O.CC(=C)CCOP([O-])(=O)OP([O-])([O-])=O,CC(C)=CCCC(C)=CCOP([O-])(=O)OP([O-])([O-])=O,"['CC(C)=CCOP([O-])(=O)OP([O-])([O-])=O', 'CC(=C)CCOP([O-])(=O)OP([O-])([O-])=O']",['CC(C)=CCCC(C)=CCOP([O-])(=O)OP([O-])([O-])=O'],"{11329, 22409}"
marts_E00024,tri,CC(C)=CCCC(C)=CCCC(C)=CCCC=C(C)CCC=C(C)CCC1OC1(C)C,CC1(C)C(O)CCC2(C)C1CCC1(C)C2CCC2C3C(CCC3(C)CCC12C)C(C)=C,['CC(C)=CCCC(C)=CCCC(C)=CCCC=C(C)CCC=C(C)CCC1OC1(C)C'],['CC1(C)C(O)CCC2(C)C1CCC1(C)C2CCC2C3C(CCC3(C)CCC12C)C(C)=C'],{31384}
marts_E00025,tri,CC(C)=CCCC(C)=CCCC(C)=CCCC=C(C)CCC=C(C)CCC1OC1(C)C,CC1(C)C(O)CCC2(C)C1CC=C1C2CCC2(C)C(CCC21C)C(C)CCC=C(C)C,['CC(C)=CCCC(C)=CCCC(C)=CCCC=C(C)CCC=C(C)CCC1OC1(C)C'],['CC1(C)C(O)CCC2(C)C1CC=C1C2CCC2(C)C(CCC21C)C(C)CCC=C(C)C'],{31888}
marts_E00026,di,CC(C)=CCCC(C)=CCCC(C)=CCCC(C)=CCOP([O-])(=O)OP([O-])([O-])=O,CC(C)=C1CC=C(C)CCC=C(C)CCC=C(C)CC1,['CC(C)=CCCC(C)=CCCC(C)=CCCC(C)=CCOP([O-])(=O)OP([O-])([O-])=O'],['CC(C)=C1CC=C(C)CCC=C(C)CCC=C(C)CC1'],{42989}
marts_E00027,di,CC(C)=CCCC(C)=CCCC(C)=CCCC(C)=CCOP([O-])(=O)OP([O-])([O-])=O,CC(C)C1CCC(C)(O)C2CCC(C)=CCCC(C)=CC21,['CC(C)=CCCC(C)=CCCC(C)=CCCC(C)=CCOP([O-])(=O)OP([O-])([O-])=O'],['CC(C)C1CCC(C)(O)C2CCC(C)=CCCC(C)=CC21'],set()
marts_E00029,mono,CC(C)=CCCC(C)=CCOP([O-])(=O)OP([O-])([O-])=O,CC(C)=CCCC(C)(O)C=C,['CC(C)=CCCC(C)=CCOP([O-])(=O)OP([O-])([O-])=O'],['CC(C)=CCCC(C)(O)C=C'],"{15810, 68709, 24117}"
marts_E00029,mono,CC(C)=CCCC(C)=CCOP([O-])(=O)OP([O-])([O-])=O,CC(C)=CCCC(=C)C=C,['CC(C)=CCCC(C)=CCOP([O-])(=O)OP([O-])([O-])=O'],['CC(C)=CCCC(=C)C=C'],{16966}
marts_E00029,mono,CC(C)=CCCC(C)=CCOP([O-])(=O)OP([O-])([O-])=O,CC1CCC(CC=1)C(C)=C,['CC(C)=CCCC(C)=CCOP([O-])(=O)OP([O-])([O-])=O'],['CC1CCC(CC=1)C(C)=C'],"{68641, 10941, 12870}"
marts_E00029,mono,CC(C)=CCCC(C)=CCOP([O-])(=O)OP([O-])([O-])=O,CC(C)=CCC=C(C)C=C,['CC(C)=CCCC(C)=CCOP([O-])(=O)OP([O-])([O-])=O'],['CC(C)=CCC=C(C)C=C'],"{68825, 32692}"
marts_E00029,sesq,CC(C)=CCCC(C)=CCCC(C)=CCOP([O-])(=O)OP([O-])([O-])=O,CC(C)=CCCC(C)C1CCC(=C)C=C1,['CC(C)=CCCC(C)=CCCC(C)=CCOP([O-])(=O)OP([O-])([O-])=O'],['CC(C)=CCCC(C)C1CCC(=C)C=C1'],{32700}
marts_E00029,sesq,CC(C)=CCCC(C)=CCCC(C)=CCOP([O-])(=O)OP([O-])([O-])=O,CC(C)=CCCC1(C)C2CC1CC=C2C,['CC(C)=CCCC(C)=CCCC(C)=CCOP([O-])(=O)OP([O-])([O-])=O'],['CC(C)=CCCC1(C)C2CC1CC=C2C'],"{30472, 31428}"
marts_E00029,sesq,CC(C)=CCCC(C)=CCCC(C)=CCOP([O-])(=O)OP([O-])([O-])=O,CC(C)=CCC=C(C)C1CC=C(C)CC1,['CC(C)=CCCC(C)=CCCC(C)=CCOP([O-])(=O)OP([O-])([O-])=O'],['CC(C)=CCC=C(C)C1CC=C(C)CC1'],"{68845, 68817, 68533, 68473, 25437}"
marts_E00029,sesq,CC(C)=CCCC(C)=CCCC(C)=CCOP([O-])(=O)OP([O-])([O-])=O,CC(C)=CCCC(C)=CCCC(=C)C=C,['CC(C)=CCCC(C)=CCCC(C)=CCOP([O-])(=O)OP([O-])([O-])=O'],['CC(C)=CCCC(C)=CCCC(=C)C=C'],"{68545, 27426, 68857, 68505, 68509}"
marts_E00029,sesq,CC(C)=CCCC(C)=CCCC(C)=CCOP([O-])(=O)OP([O-])([O-])=O,CC(C)=CCCC(=C)C1CC=C(C)CC1,['CC(C)=CCCC(C)=CCCC(C)=CCOP([O-])(=O)OP([O-])([O-])=O'],['CC(C)=CCCC(=C)C1CC=C(C)CC1'],"{68813, 68529, 28267, 68525}"
marts_E00029,sesq,CC(C)=CCCC(C)=CCCC(C)=CCOP([O-])(=O)OP([O-])([O-])=O,CC1CCC(CC1)C(C)CCC=C(C)C,['CC(C)=CCCC(C)=CCCC(C)=CCOP([O-])(=O)OP([O-])([O-])=O'],['CC1CCC(CC1)C(C)CCC=C(C)C'],set()
marts_E00030,sesq,CC(C)=CCCC(C)=CCCC(C)=CCOP([O-])(=O)OP([O-])([O-])=O,CC1CCC2C1CC(CCC=2C)C(C)=C,['CC(C)=CCCC(C)=CCCC(C)=CCOP([O-])(=O)OP([O-])([O-])=O'],['CC1CCC2C1CC(CCC=2C)C(C)=C'],{31832}
marts_E00030,sesq,CC(C)=CCCC(C)=CCCC(C)=CCOP([O-])(=O)OP([O-])([O-])=O,CC(=C)C1CC2C(C)CCC=2C(C)CC1,['CC(C)=CCCC(C)=CCCC(C)=CCOP([O-])(=O)OP([O-])([O-])=O'],['CC(=C)C1CC2C(C)CCC=2C(C)CC1'],{31808}
marts_E00030,sesq,CC(C)=CCCC(C)=CCCC(C)=CCOP([O-])(=O)OP([O-])([O-])=O,CC1CCC=C(C)CC=CC(C)(C)CC=1,['CC(C)=CCCC(C)=CCCC(C)=CCOP([O-])(=O)OP([O-])([O-])=O'],['CC1CCC=C(C)CC=CC(C)(C)CC=1'],"{31896, 68781}"
marts_E00030,sesq,CC(C)=CCCC(C)=CCCC(C)=CCOP([O-])(=O)OP([O-])([O-])=O,CC1CCC(CC=C(C)CCC=1)C(C)=C,['CC(C)=CCCC(C)=CCCC(C)=CCOP([O-])(=O)OP([O-])([O-])=O'],['CC1CCC(CC=C(C)CCC=1)C(C)=C'],"{68777, 25453, 12517}"
marts_E00030,sesq,CC(C)=CCCC(C)=CCCC(C)=CCOP([O-])(=O)OP([O-])([O-])=O,CC1CCC2C1C1C(CCC2=C)C1(C)C,['CC(C)=CCCC(C)=CCCC(C)=CCOP([O-])(=O)OP([O-])([O-])=O'],['CC1CCC2C1C1C(CCC2=C)C1(C)C'],{67401}
marts_E00030,sesq,CC(C)=CCCC(C)=CCCC(C)=CCOP([O-])(=O)OP([O-])([O-])=O,CC1CCC2C(CC2(C)C)C(=C)CCC=1,['CC(C)=CCCC(C)=CCCC(C)=CCOP([O-])(=O)OP([O-])([O-])=O'],['CC1CCC2C(CC2(C)C)C(=C)CCC=1'],"{31816, 34704, 28295}"
marts_E00031,mono,CC(C)=CCCC(C)=CCOP([O-])(=O)OP([O-])([O-])=O,CC1=CCC2CC1C2(C)C,['CC(C)=CCCC(C)=CCOP([O-])(=O)OP([O-])([O-])=O'],['CC1=CCC2CC1C2(C)C'],"{32576, 25489, 25663}"
marts_E00031,mono,CC(C)=CCCC(C)=CCOP([O-])(=O)OP([O-])([O-])=O,CC1(C)C2CC1CCC2=C,['CC(C)=CCCC(C)=CCOP([O-])(=O)OP([O-])([O-])=O'],['CC1(C)C2CC1CCC2=C'],"{25497, 25667, 32580}"
marts_E00031,mono,CC(C)=CCCC(C)=CCOP([O-])(=O)OP([O-])([O-])=O,CC(C)C1CCC(=C)C=C1,['CC(C)=CCCC(C)=CCOP([O-])(=O)OP([O-])([O-])=O'],['CC(C)C1CCC(=C)C=C1'],"{25505, 25493, 27831}"
marts_E00031,mono,CC(C)=CCCC(C)=CCOP([O-])(=O)OP([O-])([O-])=O,CC1CC=C(CC=1)C(C)C,['CC(C)=CCCC(C)=CCOP([O-])(=O)OP([O-])([O-])=O'],['CC1CC=C(CC=1)C(C)C'],{32560}
marts_E00032,sesq,CC(C)=CCCC(C)=CCCC(C)=CCOP([O-])(=O)OP([O-])([O-])=O,CC(C)C1CCC(C)(O)C2CCC(C)=CC21,['CC(C)=CCCC(C)=CCCC(C)=CCOP([O-])(=O)OP([O-])([O-])=O'],['CC(C)C1CCC(C)(O)C2CCC(C)=CC21'],"{78272, 69449, 32012, 54053}"
marts_E00032,sesq,CC(C)=CCCC(C)=CCCC(C)=CCOP([O-])(=O)OP([O-])([O-])=O,CC1CCC2C(C=1)C(CCC2=C)C(C)C,['CC(C)=CCCC(C)=CCCC(C)=CCOP([O-])(=O)OP([O-])([O-])=O'],['CC1CCC2C(C=1)C(CCC2=C)C(C)C'],"{28640, 68849, 31828, 33108}"
marts_E00033,sesq,CC(C)=CCCC(C)=CCCC(C)=CCOP([O-])(=O)OP([O-])([O-])=O,CC1CCC2C(CC2(C)C)C(=C)CCC=1,['CC(C)=CCCC(C)=CCCC(C)=CCOP([O-])(=O)OP([O-])([O-])=O'],['CC1CCC2C(CC2(C)C)C(=C)CCC=1'],"{31816, 34704, 28295}"
marts_E00033,mono,CC(C)=CCCC(C)=CCOP([O-])(=O)OP([O-])([O-])=O,CC(C)=CCCC(=C)C=C,['CC(C)=CCCC(C)=CCOP([O-])(=O)OP([O-])([O-])=O'],['CC(C)=CCCC(=C)C=C'],{16966}
marts_E00033,mono,CC(C)=CCCC(C)=CCOP([O-])(=O)OP([O-])([O-])=O,CC1CCC(CC=1)C(C)=C,['CC(C)=CCCC(C)=CCOP([O-])(=O)OP([O-])([O-])=O'],['CC1CCC(CC=1)C(C)=C'],"{68641, 10941, 12870}"
marts_E00033,mono,CC(C)=CCCC(C)=CCOP([O-])(=O)OP([O-])([O-])=O,CC1(C)C2CC(CC2)C1=C,['CC(C)=CCCC(C)=CCOP([O-])(=O)OP([O-])([O-])=O'],['CC1(C)C2CC(CC2)C1=C'],"{32568, 80392, 25485}"
marts_E00034,sesq,CC(C)=CCCC(C)=CCCC(C)=CCOP([O-])(=O)OP([O-])([O-])=O,CC1CCC(C=CC(=C)CCC=1)C(C)C,['CC(C)=CCCC(C)=CCCC(C)=CCOP([O-])(=O)OP([O-])([O-])=O'],['CC1CCC(C=CC(=C)CCC=1)C(C)C'],"{12017, 30428, 68717}"
marts_E00034,sesq,CC(C)=CCCC(C)=CCCC(C)=CCOP([O-])(=O)OP([O-])([O-])=O,CC1CCC=C(C)CCC2C(C=1)C2(C)C,['CC(C)=CCCC(C)=CCCC(C)=CCOP([O-])(=O)OP([O-])([O-])=O'],['CC1CCC=C(C)CCC2C(C=1)C2(C)C'],{32000}
marts_E00035,sesq,CC(C)=CCCC(C)=CCCC(C)=CCOP([O-])(=O)OP([O-])([O-])=O,CC1(C)CCCC2(C)C1CC=C(C)C2CO,['CC(C)=CCCC(C)=CCCC(C)=CCOP([O-])(=O)OP([O-])([O-])=O'],['CC1(C)CCCC2(C)C1CC=C(C)C2CO'],{28291}
marts_E00036,di,CC(C)=CCCC(C)=CCCC(C)=CCCC(C)=CCOP([O-])(=O)OP([O-])([O-])=O,CC1(C)CCCC2(C)C1CCC(=C)C2CCC(C)=CCOP([O-])(=O)OP([O-])([O-])=O,['CC(C)=CCCC(C)=CCCC(C)=CCCC(C)=CCOP([O-])(=O)OP([O-])([O-])=O'],['CC1(C)CCCC2(C)C1CCC(=C)C2CCC(C)=CCOP([O-])(=O)OP([O-])([O-])=O'],"{14842, 24317, 25525}"
marts_E00037,di,CC1(C)CCCC2(C)C1CCC(=C)C2CCC(C)=CCOP([O-])(=O)OP([O-])([O-])=O,CC1(C)CCCC2(C)C1CCC1=CC(=CCC21)C(C)C,['CC1(C)CCCC2(C)C1CCC(=C)C2CCC(C)=CCOP([O-])(=O)OP([O-])([O-])=O'],['CC1(C)CCCC2(C)C1CCC1=CC(=CCC21)C(C)C'],{25549}
marts_E00038,di,CC1(C)CCCC2(C)C1CCC(=C)C2CCC(C)=CCOP([O-])(=O)OP([O-])([O-])=O,CC1(C)CCCC2(C)C1CCC1CC3CC21CCC3=C,['CC1(C)CCCC2(C)C1CCC(=C)C2CCC(C)=CCOP([O-])(=O)OP([O-])([O-])=O'],['CC1(C)CCCC2(C)C1CCC1CC3CC21CCC3=C'],{25557}
marts_E00038,di,CC1(C)CCCC2(C)C1CCC(=C)C2CCC(C)=CCOP([O-])(=O)OP([O-])([O-])=O,CC1(C)CCCC2(C)C1CCC1=CC(C)(CCC21)C=C,['CC1(C)CCCC2(C)C1CCC(=C)C2CCC(C)=CCOP([O-])(=O)OP([O-])([O-])=O'],['CC1(C)CCCC2(C)C1CCC1=CC(C)(CCC21)C=C'],"{25537, 32004, 25541, 32008, 42985}"
marts_E00039,sesq,CC(C)=CCCC(C)=CCCC(C)=CCOP([O-])(=O)OP([O-])([O-])=O,CC(C)C1CC=C(C)C2CCC(C)=CC21,['CC(C)=CCCC(C)=CCCC(C)=CCOP([O-])(=O)OP([O-])([O-])=O'],['CC(C)C1CC=C(C)C2CCC(C)=CC21'],"{33104, 53641, 69445}"
marts_E00040,di,CC(C)=CCCC(C)=CCCC(C)=CCCC(C)=CCOP([O-])(=O)OP([O-])([O-])=O,CC1CCC=C(C)CCC(CC=C(C)CCC=1)C(C)=C,['CC(C)=CCCC(C)=CCCC(C)=CCCC(C)=CCOP([O-])(=O)OP([O-])([O-])=O'],['CC1CCC=C(C)CCC(CC=C(C)CCC=1)C(C)=C'],{42997}
marts_E00040,sesq,CC(C)=CCCC(C)=CCCC(C)=CCOP([O-])(=O)OP([O-])([O-])=O,CC(C)=CCCC(C)=CCCC(C)(O)C=C,['CC(C)=CCCC(C)=CCCC(C)=CCOP([O-])(=O)OP([O-])([O-])=O'],['CC(C)=CCCC(C)=CCCC(C)(O)C=C'],"{68833, 27531, 27535, 68821, 56985}"
marts_E00040,mono,CC(C)=CCCC(C)=CCOP([O-])(=O)OP([O-])([O-])=O,CC(C)=CCCC(C)(O)C=C,['CC(C)=CCCC(C)=CCOP([O-])(=O)OP([O-])([O-])=O'],['CC(C)=CCCC(C)(O)C=C'],"{15810, 68709, 24117}"
marts_E00042,sesq,CC(C)=CCCC(C)=CCCC(C)=CCOP([O-])(=O)OP([O-])([O-])=O,CC1CCC2C(CC2(C)C)C(=C)CCC=1,['CC(C)=CCCC(C)=CCCC(C)=CCOP([O-])(=O)OP([O-])([O-])=O'],['CC1CCC2C(CC2(C)C)C(=C)CCC=1'],"{31816, 34704, 28295}"
marts_E00042,mono,CC(C)=CCCC(C)=CCOP([O-])(=O)OP([O-])([O-])=O,CC1CCC(CC=1)C(C)=C,['CC(C)=CCCC(C)=CCOP([O-])(=O)OP([O-])([O-])=O'],['CC1CCC(CC=1)C(C)=C'],"{68641, 10941, 12870}"
marts_E00042,mono,CC(C)=CCCC(C)=CCOP([O-])(=O)OP([O-])([O-])=O,CC(C)C12CC=C(C)C1C2,['CC(C)=CCCC(C)=CCOP([O-])(=O)OP([O-])([O-])=O'],['CC(C)C12CC=C(C)C1C2'],{68645}
marts_E00042,mono,CC(C)=CCCC(C)=CCOP([O-])(=O)OP([O-])([O-])=O,CC(C)=CCCC(=C)C=C,['CC(C)=CCCC(C)=CCOP([O-])(=O)OP([O-])([O-])=O'],['CC(C)=CCCC(=C)C=C'],{16966}
marts_E00042,mono,CC(C)=CCCC(C)=CCOP([O-])(=O)OP([O-])([O-])=O,CC(C)=CCC=C(C)C=C,['CC(C)=CCCC(C)=CCOP([O-])(=O)OP([O-])([O-])=O'],['CC(C)=CCC=C(C)C=C'],"{68825, 32692}"
marts_E00043,sesq,CC(C)=CCCC(C)=CCCC(C)=CCOP([O-])(=O)OP([O-])([O-])=O,CC1CCC(CC=C(C)CCC=1)C(C)=C,['CC(C)=CCCC(C)=CCCC(C)=CCOP([O-])(=O)OP([O-])([O-])=O'],['CC1CCC(CC=C(C)CCC=1)C(C)=C'],"{68777, 25453, 12517}"
marts_E00044,mono,CC(C)=CCCC(C)=CCOP([O-])(=O)OP([O-])([O-])=O,CC1=CCC2CC1C2(C)C,['CC(C)=CCCC(C)=CCOP([O-])(=O)OP([O-])([O-])=O'],['CC1=CCC2CC1C2(C)C'],"{32576, 25489, 25663}"
marts_E00044,mono,CC(C)=CCCC(C)=CCOP([O-])(=O)OP([O-])([O-])=O,CC1CCC(CC=1)C(C)=C,['CC(C)=CCCC(C)=CCOP([O-])(=O)OP([O-])([O-])=O'],['CC1CCC(CC=1)C(C)=C'],"{68641, 10941, 12870}"
marts_E00044,mono,CC(C)=CCCC(C)=CCOP([O-])(=O)OP([O-])([O-])=O,CC(C)=C1CC=C(C)CC1,['CC(C)=CCCC(C)=CCOP([O-])(=O)OP([O-])([O-])=O'],['CC(C)=C1CC=C(C)CC1'],{25501}
marts_E00044,mono,CC(C)=CCCC(C)=CCOP([O-])(=O)OP([O-])([O-])=O,CC(C)=CCCC(=C)C=C,['CC(C)=CCCC(C)=CCOP([O-])(=O)OP([O-])([O-])=O'],['CC(C)=CCCC(=C)C=C'],{16966}
marts_E00044,mono,CC(C)=CCCC(C)=CCOP([O-])(=O)OP([O-])([O-])=O,CC(C)C1CC=C(C)C=C1,['CC(C)=CCCC(C)=CCOP([O-])(=O)OP([O-])([O-])=O'],['CC(C)C1CC=C(C)C=C1'],set()
marts_E00044,mono,CC(C)=CCCC(C)=CCOP([O-])(=O)OP([O-])([O-])=O,CC1(C)C(O)C2(C)CC1CC2,['CC(C)=CCCC(C)=CCOP([O-])(=O)OP([O-])([O-])=O'],['CC1(C)C(O)C2(C)CC1CC2'],{20566}
marts_E00045,sesq,CC(C)=CCCC(C)=CCCC(C)=CCOP([O-])(=O)OP([O-])([O-])=O,CC1CCC(CC=C(C)CCC=1)C(C)=C,['CC(C)=CCCC(C)=CCCC(C)=CCOP([O-])(=O)OP([O-])([O-])=O'],['CC1CCC(CC=C(C)CCC=1)C(C)=C'],"{68777, 25453, 12517}"
marts_E00046,mono,CC(C)=CCCC(C)=CCOP([O-])(=O)OP([O-])([O-])=O,CC1(C)C(O)C2(C)CC1CC2,['CC(C)=CCCC(C)=CCOP([O-])(=O)OP([O-])([O-])=O'],['CC1(C)C(O)C2(C)CC1CC2'],{20566}
marts_E00046,mono,CC(C)=CCCC(C)=CCOP([O-])(=O)OP([O-])([O-])=O,CC1CCC(CC=1)C(C)=C,['CC(C)=CCCC(C)=CCOP([O-])(=O)OP([O-])([O-])=O'],['CC1CCC(CC=1)C(C)=C'],"{68641, 10941, 12870}"
marts_E00046,mono,CC(C)=CCCC(C)=CCOP([O-])(=O)OP([O-])([O-])=O,CC1=CCC2CC1C2(C)C,['CC(C)=CCCC(C)=CCOP([O-])(=O)OP([O-])([O-])=O'],['CC1=CCC2CC1C2(C)C'],"{32576, 25489, 25663}"
marts_E00046,mono,CC(C)=CCCC(C)=CCOP([O-])(=O)OP([O-])([O-])=O,CC(C)=C1CC=C(C)CC1,['CC(C)=CCCC(C)=CCOP([O-])(=O)OP([O-])([O-])=O'],['CC(C)=C1CC=C(C)CC1'],{25501}
marts_E00046,mono,CC(C)=CCCC(C)=CCOP([O-])(=O)OP([O-])([O-])=O,CC(C)C1CC=C(C)C=C1,['CC(C)=CCCC(C)=CCOP([O-])(=O)OP([O-])([O-])=O'],['CC(C)C1CC=C(C)C=C1'],set()
marts_E00047,mono,CC(C)=CCCC(C)=CCOP([O-])(=O)OP([O-])([O-])=O,CC1=CCC2CC1C2(C)C,['CC(C)=CCCC(C)=CCOP([O-])(=O)OP([O-])([O-])=O'],['CC1=CCC2CC1C2(C)C'],"{32576, 25489, 25663}"
marts_E00047,mono,CC(C)=CCCC(C)=CCOP([O-])(=O)OP([O-])([O-])=O,CC1CCC(CC=1)C(C)=C,['CC(C)=CCCC(C)=CCOP([O-])(=O)OP([O-])([O-])=O'],['CC1CCC(CC=1)C(C)=C'],"{68641, 10941, 12870}"
marts_E00047,mono,CC(C)=CCCC(C)=CCOP([O-])(=O)OP([O-])([O-])=O,CC(C)C1CC=C(C)C=C1,['CC(C)=CCCC(C)=CCOP([O-])(=O)OP([O-])([O-])=O'],['CC(C)C1CC=C(C)C=C1'],set()
marts_E00047,mono,CC(C)=CCCC(C)=CCOP([O-])(=O)OP([O-])([O-])=O,CC(C)=C1CC=C(C)CC1,['CC(C)=CCCC(C)=CCOP([O-])(=O)OP([O-])([O-])=O'],['CC(C)=C1CC=C(C)CC1'],{25501}
marts_E00048,sesq,CC(C)=CCCC(C)=CCCC(C)=CCOP([O-])(=O)OP([O-])([O-])=O,CC1CCC(CC=C(C)CCC=1)C(C)=C,['CC(C)=CCCC(C)=CCCC(C)=CCOP([O-])(=O)OP([O-])([O-])=O'],['CC1CCC(CC=C(C)CCC=1)C(C)=C'],"{68777, 25453, 12517}"
marts_E00049,mono,CC(C)=CCCC(C)=CCOP([O-])(=O)OP([O-])([O-])=O,CC1(C)C(O)C2(C)CC1CC2,['CC(C)=CCCC(C)=CCOP([O-])(=O)OP([O-])([O-])=O'],['CC1(C)C(O)C2(C)CC1CC2'],{20566}
marts_E00049,mono,CC(C)=CCCC(C)=CCOP([O-])(=O)OP([O-])([O-])=O,CC1CCC(CC=1)C(C)=C,['CC(C)=CCCC(C)=CCOP([O-])(=O)OP([O-])([O-])=O'],['CC1CCC(CC=1)C(C)=C'],"{68641, 10941, 12870}"
marts_E00049,mono,CC(C)=CCCC(C)=CCOP([O-])(=O)OP([O-])([O-])=O,CC1=CCC2CC1C2(C)C,['CC(C)=CCCC(C)=CCOP([O-])(=O)OP([O-])([O-])=O'],['CC1=CCC2CC1C2(C)C'],"{32576, 25489, 25663}"
marts_E00049,mono,CC(C)=CCCC(C)=CCOP([O-])(=O)OP([O-])([O-])=O,CC(C)=C1CC=C(C)CC1,['CC(C)=CCCC(C)=CCOP([O-])(=O)OP([O-])([O-])=O'],['CC(C)=C1CC=C(C)CC1'],{25501}
marts_E00049,mono,CC(C)=CCCC(C)=CCOP([O-])(=O)OP([O-])([O-])=O,CC(C)C1CC=C(C)C=C1,['CC(C)=CCCC(C)=CCOP([O-])(=O)OP([O-])([O-])=O'],['CC(C)C1CC=C(C)C=C1'],set()
marts_E00050,mono,CC(C)=CCCC(C)=CCOP([O-])(=O)OP([O-])([O-])=O,CC1=CCC2CC1C2(C)C,['CC(C)=CCCC(C)=CCOP([O-])(=O)OP([O-])([O-])=O'],['CC1=CCC2CC1C2(C)C'],"{32576, 25489, 25663}"
marts_E00050,mono,CC(C)=CCCC(C)=CCOP([O-])(=O)OP([O-])([O-])=O,CC1CCC(CC=1)C(C)=C,['CC(C)=CCCC(C)=CCOP([O-])(=O)OP([O-])([O-])=O'],['CC1CCC(CC=1)C(C)=C'],"{68641, 10941, 12870}"
marts_E00050,mono,CC(C)=CCCC(C)=CCOP([O-])(=O)OP([O-])([O-])=O,CC(C)C1CC=C(C)C=C1,['CC(C)=CCCC(C)=CCOP([O-])(=O)OP([O-])([O-])=O'],['CC(C)C1CC=C(C)C=C1'],set()
marts_E00050,mono,CC(C)=CCCC(C)=CCOP([O-])(=O)OP([O-])([O-])=O,CC(C)=C1CC=C(C)CC1,['CC(C)=CCCC(C)=CCOP([O-])(=O)OP([O-])([O-])=O'],['CC(C)=C1CC=C(C)CC1'],{25501}
marts_E00051,sesq,CC(C)=CCCC(C)=CCCC(C)=CCOP([O-])(=O)OP([O-])([O-])=O,CC1CCC2C1C1C(CCC2=C)C1(C)C,['CC(C)=CCCC(C)=CCCC(C)=CCOP([O-])(=O)OP([O-])([O-])=O'],['CC1CCC2C1C1C(CCC2=C)C1(C)C'],{67401}
marts_E00051,mono,CC(C)=CCCC(C)=CCOP([O-])(=O)OP([O-])([O-])=O,CC(C)=CCCC(C)(O)C=C,['CC(C)=CCCC(C)=CCOP([O-])(=O)OP([O-])([O-])=O'],['CC(C)=CCCC(C)(O)C=C'],"{15810, 68709, 24117}"
marts_E00051,di,CC(C)=CCCC(C)=CCCC(C)=CCCC(C)=CCOP([O-])(=O)OP([O-])([O-])=O,CC(C)=CCCC(C)=CCCC(C)=CCCC(C)(O)C=C,['CC(C)=CCCC(C)=CCCC(C)=CCCC(C)=CCOP([O-])(=O)OP([O-])([O-])=O'],['CC(C)=CCCC(C)=CCCC(C)=CCCC(C)(O)C=C'],{38156}
marts_E00051,di,CC(C)=CCCC(C)=CCCC(C)=CCCC(C)=CCOP([O-])(=O)OP([O-])([O-])=O,CC(C)=CCCC(C)=CCCC(C)=CCC=C(C)C=C,['CC(C)=CCCC(C)=CCCC(C)=CCCC(C)=CCOP([O-])(=O)OP([O-])([O-])=O'],['CC(C)=CCCC(C)=CCCC(C)=CCC=C(C)C=C'],{74544}
marts_E00051,di,CC(C)=CCCC(C)=CCCC(C)=CCCC(C)=CCOP([O-])(=O)OP([O-])([O-])=O,CC(C)=CCCC(C)=CCCC(C)=CCCC(=C)C=C,['CC(C)=CCCC(C)=CCCC(C)=CCCC(C)=CCOP([O-])(=O)OP([O-])([O-])=O'],['CC(C)=CCCC(C)=CCCC(C)=CCCC(=C)C=C'],set()
marts_E00052,sesq,CC(C)=CCCC(C)=CCCC(C)=CCOP([O-])(=O)OP([O-])([O-])=O,CC(C)C1CCC(C)C2CCC(C)C=2C=1,['CC(C)=CCCC(C)=CCCC(C)=CCOP([O-])(=O)OP([O-])([O-])=O'],['CC(C)C1CCC(C)C2CCC(C)C=2C=1'],set()
marts_E00053,sesq,CC(C)=CCCC(C)=CCCC(C)=CCOP([O-])(=O)OP([O-])([O-])=O,CC(C)(O)C1CCC(C)C21CC=C(C)CC2,['CC(C)=CCCC(C)=CCCC(C)=CCOP([O-])(=O)OP([O-])([O-])=O'],['CC(C)(O)C1CCC(C)C21CC=C(C)CC2'],{66637}
marts_E00053,sesq,CC(C)=CCCC(C)=CCCC(C)=CCOP([O-])(=O)OP([O-])([O-])=O,CC1CCC(C(C)=C)C21CCC(C)=CC2,['CC(C)=CCCC(C)=CCCC(C)=CCOP([O-])(=O)OP([O-])([O-])=O'],['CC1CCC(C(C)=C)C21CCC(C)=CC2'],"{77072, 68513, 68521, 68517}"
marts_E00053,sesq,CC(C)=CCCC(C)=CCCC(C)=CCOP([O-])(=O)OP([O-])([O-])=O,CC(C)=C1CCC(C)C21CCC(C)=CC2,['CC(C)=CCCC(C)=CCCC(C)=CCOP([O-])(=O)OP([O-])([O-])=O'],['CC(C)=C1CCC(C)C21CCC(C)=CC2'],set()
marts_E00053,sesq,CC(C)=CCCC(C)=CCCC(C)=CCOP([O-])(=O)OP([O-])([O-])=O,CC(C)=CCC=C(C)C1CC=C(C)CC1,['CC(C)=CCCC(C)=CCCC(C)=CCOP([O-])(=O)OP([O-])([O-])=O'],['CC(C)=CCC=C(C)C1CC=C(C)CC1'],"{68845, 68817, 68533, 68473, 25437}"
marts_E00053,sesq,CC(C)=CCCC(C)=CCCC(C)=CCOP([O-])(=O)OP([O-])([O-])=O,CC1(C)C2CC3(CC=C2C)C1CCC3C,['CC(C)=CCCC(C)=CCCC(C)=CCOP([O-])(=O)OP([O-])([O-])=O'],['CC1(C)C2CC3(CC=C2C)C1CCC3C'],"{31424, 68537, 68541}"
marts_E00053,sesq,CC(C)=CCCC(C)=CCCC(C)=CCOP([O-])(=O)OP([O-])([O-])=O,CC1(C)C2CCC(C)C32CC1C(=C)CC3,['CC(C)=CCCC(C)=CCCC(C)=CCOP([O-])(=O)OP([O-])([O-])=O'],['CC1(C)C2CCC(C)C32CC1C(=C)CC3'],set()
marts_E00054,sesq,CC(C)=CCCC(C)=CCCC(C)=CCOP([O-])(=O)OP([O-])([O-])=O,CC1(C)CC2C1CCC(C)(O)C1CCC12C,['CC(C)=CCCC(C)=CCCC(C)=CCOP([O-])(=O)OP([O-])([O-])=O'],['CC1(C)CC2C1CCC(C)(O)C1CCC12C'],{66641}
marts_E00054,sesq,CC(C)=CCCC(C)=CCCC(C)=CCOP([O-])(=O)OP([O-])([O-])=O,CC1CCC2C(CC2(C)C)C(=C)CCC=1,['CC(C)=CCCC(C)=CCCC(C)=CCOP([O-])(=O)OP([O-])([O-])=O'],['CC1CCC2C(CC2(C)C)C(=C)CCC=1'],"{31816, 34704, 28295}"
marts_E00054,sesq,CC(C)=CCCC(C)=CCCC(C)=CCOP([O-])(=O)OP([O-])([O-])=O,CC1CCC2C(CC2(C)C)C(=C)CCC=1,['CC(C)=CCCC(C)=CCCC(C)=CCOP([O-])(=O)OP([O-])([O-])=O'],['CC1CCC2C(CC2(C)C)C(=C)CCC=1'],"{31816, 34704, 28295}"
marts_E00054,sesq,CC(C)=CCCC(C)=CCCC(C)=CCOP([O-])(=O)OP([O-])([O-])=O,CC1CCC=C(C)CC=CC(C)(C)CC=1,['CC(C)=CCCC(C)=CCCC(C)=CCOP([O-])(=O)OP([O-])([O-])=O'],['CC1CCC=C(C)CC=CC(C)(C)CC=1'],"{31896, 68781}"
marts_E00055,di,CC(C)=CCCC(C)=CCCC(C)=CCCC(C)=CCOP([O-])(=O)OP([O-])([O-])=O,CC1(C)CCCC2(C)C1CCC(=C)C2CCC(C)=CCOP([O-])(=O)OP([O-])([O-])=O,['CC(C)=CCCC(C)=CCCC(C)=CCCC(C)=CCOP([O-])(=O)OP([O-])([O-])=O'],['CC1(C)CCCC2(C)C1CCC(=C)C2CCC(C)=CCOP([O-])(=O)OP([O-])([O-])=O'],"{14842, 24317, 25525}"
marts_E00055,di,CC1(C)CCCC2(C)C1CCC(=C)C2CCC(C)=CCOP([O-])(=O)OP([O-])([O-])=O,CC1(C)CCCC2(C)C1CCC13CC(CCC21)C(=C)C3,['CC1(C)CCCC2(C)C1CCC(=C)C2CCC(C)=CCOP([O-])(=O)OP([O-])([O-])=O'],['CC1(C)CCCC2(C)C1CCC13CC(CCC21)C(=C)C3'],{22221}
marts_E00056,pt,CC(C)=CCCC(C)=CCOP([O-])(=O)OP([O-])([O-])=O.CC(=C)CCOP([O-])(=O)OP([O-])([O-])=O,CC(C)=CCCC(C)=CCCC(C)=CCOP([O-])(=O)OP([O-])([O-])=O,"['CC(C)=CCCC(C)=CCOP([O-])(=O)OP([O-])([O-])=O', 'CC(=C)CCOP([O-])(=O)OP([O-])([O-])=O']",['CC(C)=CCCC(C)=CCCC(C)=CCOP([O-])(=O)OP([O-])([O-])=O'],"{19362, 64573, 23301}"
marts_E00056,pt,CC(C)=CCOP([O-])(=O)OP([O-])([O-])=O.CC(=C)CCOP([O-])(=O)OP([O-])([O-])=O,CC(C)=CCCC(C)=CCOP([O-])(=O)OP([O-])([O-])=O,"['CC(C)=CCOP([O-])(=O)OP([O-])([O-])=O', 'CC(=C)CCOP([O-])(=O)OP([O-])([O-])=O']",['CC(C)=CCCC(C)=CCOP([O-])(=O)OP([O-])([O-])=O'],"{11329, 22409}"
marts_E00056,pt,CC(C)=CCCC(C)=CCCC(C)=CCOP([O-])(=O)OP([O-])([O-])=O.CC(=C)CCOP([O-])(=O)OP([O-])([O-])=O,CC(C)=CCCC(C)=CCCC(C)=CCCC(C)=CCOP([O-])(=O)OP([O-])([O-])=O,"['CC(C)=CCCC(C)=CCCC(C)=CCOP([O-])(=O)OP([O-])([O-])=O', 'CC(=C)CCOP([O-])(=O)OP([O-])([O-])=O']",['CC(C)=CCCC(C)=CCCC(C)=CCCC(C)=CCOP([O-])(=O)OP([O-])([O-])=O'],"{31280, 64581, 17654}"
marts_E00057,sesq,CC(C)=CCCC(C)=CCCC(C)=CCOP([O-])(=O)OP([O-])([O-])=O,CC(=C)C1CC2(C)C(C)CCC=C2CC1,['CC(C)=CCCC(C)=CCCC(C)=CCOP([O-])(=O)OP([O-])([O-])=O'],['CC(=C)C1CC2(C)C(C)CCC=C2CC1'],"{29512, 58169, 52805}"
marts_E00058,di,CC(C)=CCCC(C)=CCCC(C)=CCCC(C)=CCOP([O-])(=O)OP([O-])([O-])=O,CC(C)=C1CC=C(C)CCC=C(C)CCC=C(C)CC1,['CC(C)=CCCC(C)=CCCC(C)=CCCC(C)=CCOP([O-])(=O)OP([O-])([O-])=O'],['CC(C)=C1CC=C(C)CCC=C(C)CCC=C(C)CC1'],{42989}
marts_E00058,sesq,CC(C)=CCCC(C)=CCCC(C)=CCOP([O-])(=O)OP([O-])([O-])=O,CC(C)=CCCC(C)=CCCC(C)=CCO,['CC(C)=CCCC(C)=CCCC(C)=CCOP([O-])(=O)OP([O-])([O-])=O'],['CC(C)=CCCC(C)=CCCC(C)=CCO'],{27527}
marts_E00058,mono,CC(C)=CCCC(C)=CCOP([O-])(=O)OP([O-])([O-])=O,CC(C)=CCCC(C)=CCO,['CC(C)=CCCC(C)=CCOP([O-])(=O)OP([O-])([O-])=O'],['CC(C)=CCCC(C)=CCO'],"{32680, 65829}"
marts_E00059,sesq,CC(C)=CCCC(C)=CCCC(C)=CCOP([O-])(=O)OP([O-])([O-])=O,CC1CCC(CC=C(C)CCC=1)C(C)=C,['CC(C)=CCCC(C)=CCCC(C)=CCOP([O-])(=O)OP([O-])([O-])=O'],['CC1CCC(CC=C(C)CCC=1)C(C)=C'],"{68777, 25453, 12517}"
marts_E00060,mono,CC(C)=CCCC(C)=CCOP([O-])(=O)OP([O-])([O-])=O,CC1CCC(CC=1)C(C)=C,['CC(C)=CCCC(C)=CCOP([O-])(=O)OP([O-])([O-])=O'],['CC1CCC(CC=1)C(C)=C'],"{68641, 10941, 12870}"
marts_E00061,di,CC(C)=CCCC(C)=CCCC(C)=CCCC(C)=CCOP([O-])(=O)OP([O-])([O-])=O,CC1(C)CCCC2(C)C1CCC(C)(O)C2CCC(C)=CCOP([O-])(=O)OP([O-])([O-])=O,['CC(C)=CCCC(C)=CCCC(C)=CCCC(C)=CCOP([O-])(=O)OP([O-])([O-])=O'],['CC1(C)CCCC2(C)C1CCC(C)(O)C2CCC(C)=CCOP([O-])(=O)OP([O-])([O-])=O'],"{32704, 54650}"
marts_E00062,di,CC1(C)CCCC2(C)C1CCC(=C)C2CCC(C)=CCOP([O-])(=O)OP([O-])([O-])=O,CC1(C)CCCC2(C)C1CCC13CC(CCC21)C(=C)C3,['CC1(C)CCCC2(C)C1CCC(=C)C2CCC(C)=CCOP([O-])(=O)OP([O-])([O-])=O'],['CC1(C)CCCC2(C)C1CCC13CC(CCC21)C(=C)C3'],{22221}
marts_E00063,di,CC1(C)CCCC2(C)C1CCC(C)(O)C2CCC(C)=CCOP([O-])(=O)OP([O-])([O-])=O,CC1(C)CCCC2(C)C1CCC1(C)OC(C)(CCC12)C=C,['CC1(C)CCCC2(C)C1CCC(C)(O)C2CCC(C)=CCOP([O-])(=O)OP([O-])([O-])=O'],['CC1(C)CCCC2(C)C1CCC1(C)OC(C)(CCC12)C=C'],"{18722, 54517}"
marts_E00064,mono,CC(C)=CCCC(C)=CCOP([O-])(=O)OP([O-])([O-])=O,CC1(C)OC2(C)CCC1CC2,['CC(C)=CCCC(C)=CCOP([O-])(=O)OP([O-])([O-])=O'],['CC1(C)OC2(C)CCC1CC2'],"{32544, 56633}"
marts_E00064,mono,CC(C)=CCCC(C)=CCOP([O-])(=O)OP([O-])([O-])=O,CC1CCC(CC=1)C(C)(C)O,['CC(C)=CCCC(C)=CCOP([O-])(=O)OP([O-])([O-])=O'],['CC1CCC(CC=1)C(C)(C)O'],"{32552, 32556}"
marts_E00064,mono,CC(C)=CCCC(C)=CCOP([O-])(=O)OP([O-])([O-])=O,CC(C)C12CCC(=C)C1C2,['CC(C)=CCCC(C)=CCOP([O-])(=O)OP([O-])([O-])=O'],['CC(C)C12CCC(=C)C1C2'],"{68637, 32548, 25509}"
marts_E00064,mono,CC(C)=CCCC(C)=CCOP([O-])(=O)OP([O-])([O-])=O,CC(C)=CCCC(=C)C=C,['CC(C)=CCCC(C)=CCOP([O-])(=O)OP([O-])([O-])=O'],['CC(C)=CCCC(=C)C=C'],{16966}
marts_E00065,mono,CC(C)=CCCC(C)=CCOP([O-])(=O)OP([O-])([O-])=O,CC1=CCC2CC1C2(C)C,['CC(C)=CCCC(C)=CCOP([O-])(=O)OP([O-])([O-])=O'],['CC1=CCC2CC1C2(C)C'],"{32576, 25489, 25663}"
marts_E00065,mono,CC(C)=CCCC(C)=CCOP([O-])(=O)OP([O-])([O-])=O,CC1(C)C2CC1CCC2=C,['CC(C)=CCCC(C)=CCOP([O-])(=O)OP([O-])([O-])=O'],['CC1(C)C2CC1CCC2=C'],"{25497, 25667, 32580}"
marts_E00066,mono,CC(C)=CCCC(C)=CCOP([O-])(=O)OP([O-])([O-])=O,CC1(C)C2CC(CC2)C1=C,['CC(C)=CCCC(C)=CCOP([O-])(=O)OP([O-])([O-])=O'],['CC1(C)C2CC(CC2)C1=C'],"{32568, 80392, 25485}"
marts_E00066,mono,CC(C)=CCCC(C)=CCOP([O-])(=O)OP([O-])([O-])=O,CC1=CCC2CC1C2(C)C,['CC(C)=CCCC(C)=CCOP([O-])(=O)OP([O-])([O-])=O'],['CC1=CCC2CC1C2(C)C'],"{32576, 25489, 25663}"
marts_E00066,mono,CC(C)=CCCC(C)=CCOP([O-])(=O)OP([O-])([O-])=O,CC1(C)C2CC3C(C2)C13C,['CC(C)=CCCC(C)=CCOP([O-])(=O)OP([O-])([O-])=O'],['CC1(C)C2CC3C(C2)C13C'],{32688}
marts_E00066,mono,CC(C)=CCCC(C)=CCOP([O-])(=O)OP([O-])([O-])=O,CC1=CCC2CC1C2(C)C,['CC(C)=CCCC(C)=CCOP([O-])(=O)OP([O-])([O-])=O'],['CC1=CCC2CC1C2(C)C'],"{32576, 25489, 25663}"
marts_E00066,mono,CC(C)=CCCC(C)=CCOP([O-])(=O)OP([O-])([O-])=O,CC1(C)C2CC1CCC2=C,['CC(C)=CCCC(C)=CCOP([O-])(=O)OP([O-])([O-])=O'],['CC1(C)C2CC1CCC2=C'],"{25497, 25667, 32580}"
marts_E00066,mono,CC(C)=CCCC(C)=CCOP([O-])(=O)OP([O-])([O-])=O,CC(C)=CCCC(=C)C=C,['CC(C)=CCCC(C)=CCOP([O-])(=O)OP([O-])([O-])=O'],['CC(C)=CCCC(=C)C=C'],{16966}
marts_E00067,mono,CC(C)=CCCC(C)=CCOP([O-])(=O)OP([O-])([O-])=O,CC1CC2C(CC=1)C2(C)C,['CC(C)=CCCC(C)=CCOP([O-])(=O)OP([O-])([O-])=O'],['CC1CC2C(CC=1)C2(C)C'],"{32696, 32540}"
marts_E00067,mono,CC(C)=CCCC(C)=CCOP([O-])(=O)OP([O-])([O-])=O,CC(C)=C1CC=C(C)CC1,['CC(C)=CCCC(C)=CCOP([O-])(=O)OP([O-])([O-])=O'],['CC(C)=C1CC=C(C)CC1'],{25501}
marts_E00067,mono,CC(C)=CCCC(C)=CCOP([O-])(=O)OP([O-])([O-])=O,CC1CCC(CC=1)C(C)(C)O,['CC(C)=CCCC(C)=CCOP([O-])(=O)OP([O-])([O-])=O'],['CC1CCC(CC=1)C(C)(C)O'],"{32552, 32556}"
marts_E00068,mono,CC(C)=CCCC(C)=CCOP([O-])(=O)OP([O-])([O-])=O,CC(C)C1CCC(=C)C=C1,['CC(C)=CCCC(C)=CCOP([O-])(=O)OP([O-])([O-])=O'],['CC(C)C1CCC(=C)C=C1'],"{25505, 25493, 27831}"
marts_E00069,mono,CC(C)=CCCC(C)=CCOP([O-])(=O)OP([O-])([O-])=O,CC1(C)C2CC1CCC2=C,['CC(C)=CCCC(C)=CCOP([O-])(=O)OP([O-])([O-])=O'],['CC1(C)C2CC1CCC2=C'],"{25497, 25667, 32580}"
marts_E00069,mono,CC(C)=CCCC(C)=CCOP([O-])(=O)OP([O-])([O-])=O,CC1=CCC2CC1C2(C)C,['CC(C)=CCCC(C)=CCOP([O-])(=O)OP([O-])([O-])=O'],['CC1=CCC2CC1C2(C)C'],"{32576, 25489, 25663}"
marts_E00070,mono,CC(C)=CCCC(C)=CCOP([O-])(=O)OP([O-])([O-])=O,CC1CC2C(CC=1)C2(C)C,['CC(C)=CCCC(C)=CCOP([O-])(=O)OP([O-])([O-])=O'],['CC1CC2C(CC=1)C2(C)C'],"{32696, 32540}"
marts_E00070,mono,CC(C)=CCCC(C)=CCOP([O-])(=O)OP([O-])([O-])=O,CC(C)=C1CC=C(C)CC1,['CC(C)=CCCC(C)=CCOP([O-])(=O)OP([O-])([O-])=O'],['CC(C)=C1CC=C(C)CC1'],{25501}
marts_E00070,mono,CC(C)=CCCC(C)=CCOP([O-])(=O)OP([O-])([O-])=O,CC1CCC(CC=1)C(C)(C)O,['CC(C)=CCCC(C)=CCOP([O-])(=O)OP([O-])([O-])=O'],['CC1CCC(CC=1)C(C)(C)O'],"{32552, 32556}"
marts_E00070,mono,CC(C)=CCCC(C)=CCOP([O-])(=O)OP([O-])([O-])=O,CC1CCC(CC=1)C(C)(C)O,['CC(C)=CCCC(C)=CCOP([O-])(=O)OP([O-])([O-])=O'],['CC1CCC(CC=1)C(C)(C)O'],"{32552, 32556}"
marts_E00071,mono,CC(C)=CCCC(C)=CCOP([O-])(=O)OP([O-])([O-])=O,CC(C)C1CCC(=C)C=C1,['CC(C)=CCCC(C)=CCOP([O-])(=O)OP([O-])([O-])=O'],['CC(C)C1CCC(=C)C=C1'],"{25505, 25493, 27831}"
marts_E00072,mono,CC(C)=CCCC(C)=CCOP([O-])(=O)OP([O-])([O-])=O,CC1=CCC2CC1C2(C)C,['CC(C)=CCCC(C)=CCOP([O-])(=O)OP([O-])([O-])=O'],['CC1=CCC2CC1C2(C)C'],"{32576, 25489, 25663}"
marts_E00073,mono,CC(C)=CCCC(C)=CCOP([O-])(=O)OP([O-])([O-])=O,CC1=CCC2CC1C2(C)C,['CC(C)=CCCC(C)=CCOP([O-])(=O)OP([O-])([O-])=O'],['CC1=CCC2CC1C2(C)C'],"{32576, 25489, 25663}"
marts_E00073,mono,CC(C)=CCCC(C)=CCOP([O-])(=O)OP([O-])([O-])=O,CC1(C)C2CC1CCC2=C,['CC(C)=CCCC(C)=CCOP([O-])(=O)OP([O-])([O-])=O'],['CC1(C)C2CC1CCC2=C'],"{25497, 25667, 32580}"
marts_E00074,mono,CC(C)=CCCC(C)=CCOP([O-])(=O)OP([O-])([O-])=O,CC1CC2C(CC=1)C2(C)C,['CC(C)=CCCC(C)=CCOP([O-])(=O)OP([O-])([O-])=O'],['CC1CC2C(CC=1)C2(C)C'],"{32696, 32540}"
marts_E00074,mono,CC(C)=CCCC(C)=CCOP([O-])(=O)OP([O-])([O-])=O,CC(C)=C1CC=C(C)CC1,['CC(C)=CCCC(C)=CCOP([O-])(=O)OP([O-])([O-])=O'],['CC(C)=C1CC=C(C)CC1'],{25501}
marts_E00074,mono,CC(C)=CCCC(C)=CCOP([O-])(=O)OP([O-])([O-])=O,CC1CCC(CC=1)C(C)(C)O,['CC(C)=CCCC(C)=CCOP([O-])(=O)OP([O-])([O-])=O'],['CC1CCC(CC=1)C(C)(C)O'],"{32552, 32556}"
marts_E00075,mono,CC(C)=CCCC(C)=CCOP([O-])(=O)OP([O-])([O-])=O,CC1CCC(CC=1)C(C)(C)O,['CC(C)=CCCC(C)=CCOP([O-])(=O)OP([O-])([O-])=O'],['CC1CCC(CC=1)C(C)(C)O'],"{32552, 32556}"
marts_E00075,mono,CC(C)=CCCC(C)=CCOP([O-])(=O)OP([O-])([O-])=O,CC1CCC(CC=1)C(C)=C,['CC(C)=CCCC(C)=CCOP([O-])(=O)OP([O-])([O-])=O'],['CC1CCC(CC=1)C(C)=C'],"{68641, 10941, 12870}"
marts_E00075,mono,CC(C)=CCCC(C)=CCOP([O-])(=O)OP([O-])([O-])=O,CC(C)=C1CC=C(C)CC1,['CC(C)=CCCC(C)=CCOP([O-])(=O)OP([O-])([O-])=O'],['CC(C)=C1CC=C(C)CC1'],{25501}
marts_E00075,mono,CC(C)=CCCC(C)=CCOP([O-])(=O)OP([O-])([O-])=O,CC(C)C1(O)CC=C(C)CC1,['CC(C)=CCCC(C)=CCOP([O-])(=O)OP([O-])([O-])=O'],['CC(C)C1(O)CC=C(C)CC1'],{60029}
marts_E00075,mono,CC(C)=CCCC(C)=CCOP([O-])(=O)OP([O-])([O-])=O,CC1CCC(CC=1)C(C)(C)O,['CC(C)=CCCC(C)=CCOP([O-])(=O)OP([O-])([O-])=O'],['CC1CCC(CC=1)C(C)(C)O'],"{32552, 32556}"
marts_E00075,mono,CC(C)=CCCC(C)=CCOP([O-])(=O)OP([O-])([O-])=O,CC(C)=CCCC(C)=CCO,['CC(C)=CCCC(C)=CCOP([O-])(=O)OP([O-])([O-])=O'],['CC(C)=CCCC(C)=CCO'],"{32680, 65829}"
marts_E00076,mono,CC(C)=CCCC(C)=CCOP([O-])(=O)OP([O-])([O-])=O,CC(C)C1CCC(=C)C=C1,['CC(C)=CCCC(C)=CCOP([O-])(=O)OP([O-])([O-])=O'],['CC(C)C1CCC(=C)C=C1'],"{25505, 25493, 27831}"
marts_E00076,mono,CC(C)=CCCC(C)=CCOP([O-])(=O)OP([O-])([O-])=O,CC(C)C1CC=C(C)C=C1,['CC(C)=CCCC(C)=CCOP([O-])(=O)OP([O-])([O-])=O'],['CC(C)C1CC=C(C)C=C1'],set()
marts_E00077,mono,CC(C)=CCCC(C)=CCOP([O-])(=O)OP([O-])([O-])=O,CC1=CCC2CC1C2(C)C,['CC(C)=CCCC(C)=CCOP([O-])(=O)OP([O-])([O-])=O'],['CC1=CCC2CC1C2(C)C'],"{32576, 25489, 25663}"
marts_E00077,mono,CC(C)=CCCC(C)=CCOP([O-])(=O)OP([O-])([O-])=O,CC1(C)C2CC1CCC2=C,['CC(C)=CCCC(C)=CCOP([O-])(=O)OP([O-])([O-])=O'],['CC1(C)C2CC1CCC2=C'],"{25497, 25667, 32580}"
marts_E00078,mono,CC(C)=CCCC(C)=CCOP([O-])(=O)OP([O-])([O-])=O,CC1=CCC2CC1C2(C)C,['CC(C)=CCCC(C)=CCOP([O-])(=O)OP([O-])([O-])=O'],['CC1=CCC2CC1C2(C)C'],"{32576, 25489, 25663}"
marts_E00079,mono,CC(C)=CCCC(C)=CCOP([O-])(=O)OP([O-])([O-])=O,CC1(C)C2CC1CCC2=C,['CC(C)=CCCC(C)=CCOP([O-])(=O)OP([O-])([O-])=O'],['CC1(C)C2CC1CCC2=C'],"{25497, 25667, 32580}"
marts_E00079,mono,CC(C)=CCCC(C)=CCOP([O-])(=O)OP([O-])([O-])=O,CC1=CCC2CC1C2(C)C,['CC(C)=CCCC(C)=CCOP([O-])(=O)OP([O-])([O-])=O'],['CC1=CCC2CC1C2(C)C'],"{32576, 25489, 25663}"
marts_E00080,mono,CC(C)=CCCC(C)=CCOP([O-])(=O)OP([O-])([O-])=O,CC1(C)C2CC1CCC2=C,['CC(C)=CCCC(C)=CCOP([O-])(=O)OP([O-])([O-])=O'],['CC1(C)C2CC1CCC2=C'],"{25497, 25667, 32580}"
marts_E00080,mono,CC(C)=CCCC(C)=CCOP([O-])(=O)OP([O-])([O-])=O,CC1=CCC2CC1C2(C)C,['CC(C)=CCCC(C)=CCOP([O-])(=O)OP([O-])([O-])=O'],['CC1=CCC2CC1C2(C)C'],"{32576, 25489, 25663}"
marts_E00081,mono,CC(C)=CCCC(C)=CCOP([O-])(=O)OP([O-])([O-])=O,CC(C)=CCCC(C)(O)C=C,['CC(C)=CCCC(C)=CCOP([O-])(=O)OP([O-])([O-])=O'],['CC(C)=CCCC(C)(O)C=C'],"{15810, 68709, 24117}"
marts_E00081,mono,CC(C)=CCCC(C)=CCOP([O-])(=O)OP([O-])([O-])=O,CC(C)=CCCC(=C)C=C,['CC(C)=CCCC(C)=CCOP([O-])(=O)OP([O-])([O-])=O'],['CC(C)=CCCC(=C)C=C'],{16966}
marts_E00081,mono,CC(C)=CCCC(C)=CCOP([O-])(=O)OP([O-])([O-])=O,CC(C)=CCC=C(C)C=C,['CC(C)=CCCC(C)=CCOP([O-])(=O)OP([O-])([O-])=O'],['CC(C)=CCC=C(C)C=C'],"{68825, 32692}"
marts_E00081,mono,CC(C)=CCCC(C)=CCOP([O-])(=O)OP([O-])([O-])=O,CC(C)=CCC=C(C)C=C,['CC(C)=CCCC(C)=CCOP([O-])(=O)OP([O-])([O-])=O'],['CC(C)=CCC=C(C)C=C'],"{68825, 32692}"
marts_E00082,mono,CC(C)=CCCC(C)=CCOP([O-])(=O)OP([O-])([O-])=O,CC(C)=CCCC(C)(O)C=C,['CC(C)=CCCC(C)=CCOP([O-])(=O)OP([O-])([O-])=O'],['CC(C)=CCCC(C)(O)C=C'],"{15810, 68709, 24117}"
marts_E00082,mono,CC(C)=CCCC(C)=CCOP([O-])(=O)OP([O-])([O-])=O,CC(C)=CCCC(=C)C=C,['CC(C)=CCCC(C)=CCOP([O-])(=O)OP([O-])([O-])=O'],['CC(C)=CCCC(=C)C=C'],{16966}
marts_E00082,mono,CC(C)=CCCC(C)=CCOP([O-])(=O)OP([O-])([O-])=O,CC(C)=CCC=C(C)C=C,['CC(C)=CCCC(C)=CCOP([O-])(=O)OP([O-])([O-])=O'],['CC(C)=CCC=C(C)C=C'],"{68825, 32692}"
marts_E00082,mono,CC(C)=CCCC(C)=CCOP([O-])(=O)OP([O-])([O-])=O,CC(C)=CCC=C(C)C=C,['CC(C)=CCCC(C)=CCOP([O-])(=O)OP([O-])([O-])=O'],['CC(C)=CCC=C(C)C=C'],"{68825, 32692}"
marts_E00083,mono,CC(C)=CCCC(C)=CCOP([O-])(=O)OP([O-])([O-])=O,CC1CC=C(CC=1)C(C)C,['CC(C)=CCCC(C)=CCOP([O-])(=O)OP([O-])([O-])=O'],['CC1CC=C(CC=1)C(C)C'],{32560}
marts_E00083,mono,CC(C)=CCCC(C)=CCOP([O-])(=O)OP([O-])([O-])=O,CC(C)=CCCC(C)=CCO,['CC(C)=CCCC(C)=CCOP([O-])(=O)OP([O-])([O-])=O'],['CC(C)=CCCC(C)=CCO'],"{32680, 65829}"
marts_E00083,mono,CC(C)=CCCC(C)=CCOP([O-])(=O)OP([O-])([O-])=O,CC1CCC(=CC=1)C(C)C,['CC(C)=CCCC(C)=CCOP([O-])(=O)OP([O-])([O-])=O'],['CC1CCC(=CC=1)C(C)C'],{32564}
marts_E00083,mono,CC(C)=CCCC(C)=CCOP([O-])(=O)OP([O-])([O-])=O,CC(C)C12CC=C(C)C1C2,['CC(C)=CCCC(C)=CCOP([O-])(=O)OP([O-])([O-])=O'],['CC(C)C12CC=C(C)C1C2'],{68645}
marts_E00085,mono,CC(C)=CCCC(C)=CCOP([O-])(=O)OP([O-])([O-])=O,CC1CCC(CC=1)C(C)(C)O,['CC(C)=CCCC(C)=CCOP([O-])(=O)OP([O-])([O-])=O'],['CC1CCC(CC=1)C(C)(C)O'],"{32552, 32556}"
marts_E00085,mono,CC(C)=CCCC(C)=CCOP([O-])(=O)OP([O-])([O-])=O,CC1CCC(CC=1)C(C)=C,['CC(C)=CCCC(C)=CCOP([O-])(=O)OP([O-])([O-])=O'],['CC1CCC(CC=1)C(C)=C'],"{68641, 10941, 12870}"
marts_E00085,mono,CC(C)=CCCC(C)=CCOP([O-])(=O)OP([O-])([O-])=O,CC(C)C12CCC(=C)C1C2,['CC(C)=CCCC(C)=CCOP([O-])(=O)OP([O-])([O-])=O'],['CC(C)C12CCC(=C)C1C2'],"{68637, 32548, 25509}"
marts_E00085,mono,CC(C)=CCCC(C)=CCOP([O-])(=O)OP([O-])([O-])=O,CC(C)=CCCC(=C)C=C,['CC(C)=CCCC(C)=CCOP([O-])(=O)OP([O-])([O-])=O'],['CC(C)=CCCC(=C)C=C'],{16966}
marts_E00086,mono,CC(C)=CCCC(C)=CCOP([O-])(=O)OP([O-])([O-])=O,CC1CC=C(CC=1)C(C)C,['CC(C)=CCCC(C)=CCOP([O-])(=O)OP([O-])([O-])=O'],['CC1CC=C(CC=1)C(C)C'],{32560}
marts_E00086,mono,CC(C)=CCCC(C)=CCOP([O-])(=O)OP([O-])([O-])=O,CC1CCC(=CC=1)C(C)C,['CC(C)=CCCC(C)=CCOP([O-])(=O)OP([O-])([O-])=O'],['CC1CCC(=CC=1)C(C)C'],{32564}
marts_E00086,mono,CC(C)=CCCC(C)=CCOP([O-])(=O)OP([O-])([O-])=O,CC(C)C12CC=C(C)C1C2,['CC(C)=CCCC(C)=CCOP([O-])(=O)OP([O-])([O-])=O'],['CC(C)C12CC=C(C)C1C2'],{68645}
marts_E00089,mono,CC(C)=CCCC(C)=CCOP([O-])(=O)OP([O-])([O-])=O,CC1CCC(CC=1)C(C)(C)O,['CC(C)=CCCC(C)=CCOP([O-])(=O)OP([O-])([O-])=O'],['CC1CCC(CC=1)C(C)(C)O'],"{32552, 32556}"
marts_E00089,mono,CC(C)=CCCC(C)=CCOP([O-])(=O)OP([O-])([O-])=O,CC1CCC(CC=1)C(C)=C,['CC(C)=CCCC(C)=CCOP([O-])(=O)OP([O-])([O-])=O'],['CC1CCC(CC=1)C(C)=C'],"{68641, 10941, 12870}"
marts_E00089,mono,CC(C)=CCCC(C)=CCOP([O-])(=O)OP([O-])([O-])=O,CC(C)C12CCC(=C)C1C2,['CC(C)=CCCC(C)=CCOP([O-])(=O)OP([O-])([O-])=O'],['CC(C)C12CCC(=C)C1C2'],"{68637, 32548, 25509}"
marts_E00089,mono,CC(C)=CCCC(C)=CCOP([O-])(=O)OP([O-])([O-])=O,CC(C)=CCCC(=C)C=C,['CC(C)=CCCC(C)=CCOP([O-])(=O)OP([O-])([O-])=O'],['CC(C)=CCCC(=C)C=C'],{16966}
marts_E00092,mono,CC(C)=CCCC(C)=CCOP([O-])(=O)OP([O-])([O-])=O,CC1CC=C(CC=1)C(C)C,['CC(C)=CCCC(C)=CCOP([O-])(=O)OP([O-])([O-])=O'],['CC1CC=C(CC=1)C(C)C'],{32560}
marts_E00092,mono,CC(C)=CCCC(C)=CCOP([O-])(=O)OP([O-])([O-])=O,CC(C)=CCCC(C)=CCO,['CC(C)=CCCC(C)=CCOP([O-])(=O)OP([O-])([O-])=O'],['CC(C)=CCCC(C)=CCO'],"{32680, 65829}"
marts_E00093,sesq,CC(C)=CCCC(C)=CCCC(C)=CCOP([O-])(=O)OP([O-])([O-])=O,CC(=C)C1CC=C2CCCC(C)C2(C)C1,['CC(C)=CCCC(C)=CCCC(C)=CCOP([O-])(=O)OP([O-])([O-])=O'],['CC(=C)C1CC=C2CCCC(C)C2(C)C1'],"{19826, 28636}"
marts_E00093,sesq,CC(C)=CCCC(C)=CCCC(C)=CCOP([O-])(=O)OP([O-])([O-])=O,CC(=C)C1CC2(C)C(C)CCC=C2CC1,['CC(C)=CCCC(C)=CCCC(C)=CCOP([O-])(=O)OP([O-])([O-])=O'],['CC(=C)C1CC2(C)C(C)CCC=C2CC1'],"{29512, 58169, 52805}"
marts_E00093,sesq,CC(C)=CCCC(C)=CCCC(C)=CCOP([O-])(=O)OP([O-])([O-])=O,CC1CCC(CC=C(C)CCC=1)C(C)=C,['CC(C)=CCCC(C)=CCCC(C)=CCOP([O-])(=O)OP([O-])([O-])=O'],['CC1CCC(CC=C(C)CCC=1)C(C)=C'],"{68777, 25453, 12517}"
marts_E00093,sesq,CC(C)=CCCC(C)=CCCC(C)=CCOP([O-])(=O)OP([O-])([O-])=O,CC(C)=C1CC2C(=C)CCCC2(C)CC1,['CC(C)=CCCC(C)=CCCC(C)=CCOP([O-])(=O)OP([O-])([O-])=O'],['CC(C)=C1CC2C(=C)CCCC2(C)CC1'],{54113}
marts_E00093,sesq,CC(C)=CCCC(C)=CCCC(C)=CCOP([O-])(=O)OP([O-])([O-])=O,CC1(C)C2CCC(C)C32CC(CC3)C1=C,['CC(C)=CCCC(C)=CCCC(C)=CCOP([O-])(=O)OP([O-])([O-])=O'],['CC1(C)C2CCC(C)C32CC(CC3)C1=C'],{31416}
marts_E00093,sesq,CC(C)=CCCC(C)=CCCC(C)=CCOP([O-])(=O)OP([O-])([O-])=O,CC1CCC=C(C)C21CC(CC2)C(C)=C,['CC(C)=CCCC(C)=CCCC(C)=CCOP([O-])(=O)OP([O-])([O-])=O'],['CC1CCC=C(C)C21CC(CC2)C(C)=C'],{10341}
marts_E00093,sesq,CC(C)=CCCC(C)=CCCC(C)=CCOP([O-])(=O)OP([O-])([O-])=O,CC(=C)C1CC2(CCCC2C)C(=C)CC1,['CC(C)=CCCC(C)=CCCC(C)=CCOP([O-])(=O)OP([O-])([O-])=O'],['CC(=C)C1CC2(CCCC2C)C(=C)CC1'],set()
marts_E00093,sesq,CC(C)=CCCC(C)=CCCC(C)=CCOP([O-])(=O)OP([O-])([O-])=O,CC1=CCCC2(C)CCC(CC21)C(C)=C,['CC(C)=CCCC(C)=CCCC(C)=CCOP([O-])(=O)OP([O-])([O-])=O'],['CC1=CCCC2(C)CCC(CC21)C(C)=C'],"{30384, 31820, 47053}"
marts_E00093,sesq,CC(C)=CCCC(C)=CCCC(C)=CCOP([O-])(=O)OP([O-])([O-])=O,CC1(C)C2CC3(CC=C2C)C1CCC3C,['CC(C)=CCCC(C)=CCCC(C)=CCOP([O-])(=O)OP([O-])([O-])=O'],['CC1(C)C2CC3(CC=C2C)C1CCC3C'],"{31424, 68537, 68541}"
marts_E00093,sesq,CC(C)=CCCC(C)=CCCC(C)=CCOP([O-])(=O)OP([O-])([O-])=O,CC(=C)C1CC2C(=C)CCCC2(C)CC1,['CC(C)=CCCC(C)=CCCC(C)=CCOP([O-])(=O)OP([O-])([O-])=O'],['CC(=C)C1CC2C(=C)CCCC2(C)CC1'],{29484}
marts_E00093,sesq,CC(C)=CCCC(C)=CCCC(C)=CCOP([O-])(=O)OP([O-])([O-])=O,CC1CCC(C(C)=C)C21CCC(C)=CC2,['CC(C)=CCCC(C)=CCCC(C)=CCOP([O-])(=O)OP([O-])([O-])=O'],['CC1CCC(C(C)=C)C21CCC(C)=CC2'],"{77072, 68513, 68521, 68517}"
marts_E00095,di,CC(C)=CCCC(C)=CCCC(C)=CCCC(C)=CCOP([O-])(=O)OP([O-])([O-])=O,CC(C)=CCCC(C)C1CCC(C)C2CC=C(C)C=C21,['CC(C)=CCCC(C)=CCCC(C)=CCCC(C)=CCOP([O-])(=O)OP([O-])([O-])=O'],['CC(C)=CCCC(C)C1CCC(C)C2CC=C(C)C=C21'],set()
marts_E00096,mono,CC(C)=CCCC(C)=CCOP([O-])(=O)OP([O-])([O-])=O,CC1(C)C2CC3C(C2)C13C,['CC(C)=CCCC(C)=CCOP([O-])(=O)OP([O-])([O-])=O'],['CC1(C)C2CC3C(C2)C13C'],{32688}
marts_E00096,mono,CC(C)=CCCC(C)=CCOP([O-])(=O)OP([O-])([O-])=O,CC(C)=CCCC(=C)C=C,['CC(C)=CCCC(C)=CCOP([O-])(=O)OP([O-])([O-])=O'],['CC(C)=CCCC(=C)C=C'],{16966}
marts_E00096,mono,CC(C)=CCCC(C)=CCOP([O-])(=O)OP([O-])([O-])=O,CC(C)=CCC=C(C)C=C,['CC(C)=CCCC(C)=CCOP([O-])(=O)OP([O-])([O-])=O'],['CC(C)=CCC=C(C)C=C'],"{68825, 32692}"
marts_E00096,mono,CC(C)=CCCC(C)=CCOP([O-])(=O)OP([O-])([O-])=O,CC1CCC(CC=1)C(C)=C,['CC(C)=CCCC(C)=CCOP([O-])(=O)OP([O-])([O-])=O'],['CC1CCC(CC=1)C(C)=C'],"{68641, 10941, 12870}"
marts_E00096,mono,CC(C)=CCCC(C)=CCOP([O-])(=O)OP([O-])([O-])=O,CC1CCC(CC=1)C(C)=C,['CC(C)=CCCC(C)=CCOP([O-])(=O)OP([O-])([O-])=O'],['CC1CCC(CC=1)C(C)=C'],"{68641, 10941, 12870}"
marts_E00097,pt,CC(C)=CCOP([O-])(=O)OP([O-])([O-])=O.CC(=C)CCOP([O-])(=O)OP([O-])([O-])=O,CC(C)=CCCC(C)=CCCC(C)=CCCC(C)=CCOP([O-])(=O)OP([O-])([O-])=O,"['CC(C)=CCOP([O-])(=O)OP([O-])([O-])=O', 'CC(=C)CCOP([O-])(=O)OP([O-])([O-])=O']",['CC(C)=CCCC(C)=CCCC(C)=CCCC(C)=CCOP([O-])(=O)OP([O-])([O-])=O'],{55521}
marts_E00097,pt,CC(C)=CCCC(C)=CCCC(C)=CCOP([O-])(=O)OP([O-])([O-])=O.CC(=C)CCOP([O-])(=O)OP([O-])([O-])=O,CC(C)=CCCC(C)=CCCC(C)=CCCC(C)=CCOP([O-])(=O)OP([O-])([O-])=O,"['CC(C)=CCCC(C)=CCCC(C)=CCOP([O-])(=O)OP([O-])([O-])=O', 'CC(=C)CCOP([O-])(=O)OP([O-])([O-])=O']",['CC(C)=CCCC(C)=CCCC(C)=CCCC(C)=CCOP([O-])(=O)OP([O-])([O-])=O'],"{31280, 64581, 17654}"
marts_E00098,di,CC(C)=CCCC(C)=CCCC(C)=CCCC(C)=CCOP([O-])(=O)OP([O-])([O-])=O,CC1(C)CCCC2(C)C1CCC(=C)C2CCC(C)=CCOP([O-])(=O)OP([O-])([O-])=O,['CC(C)=CCCC(C)=CCCC(C)=CCCC(C)=CCOP([O-])(=O)OP([O-])([O-])=O'],['CC1(C)CCCC2(C)C1CCC(=C)C2CCC(C)=CCOP([O-])(=O)OP([O-])([O-])=O'],"{14842, 24317, 25525}"
marts_E00099,sqs,CC(C)=CCCC(C)=CCCC(C)=CCOP([O-])(=O)OP([O-])([O-])=O.CC(C)=CCCC(C)=CCCC(C)=CCOP([O-])(=O)OP([O-])([O-])=O,CC(C)=CCCC(C)=CCCC(C)=CCCC=C(C)CCC=C(C)CCC=C(C)C,"['CC(C)=CCCC(C)=CCCC(C)=CCOP([O-])(=O)OP([O-])([O-])=O', 'CC(C)=CCCC(C)=CCCC(C)=CCOP([O-])(=O)OP([O-])([O-])=O']",['CC(C)=CCCC(C)=CCCC(C)=CCCC=C(C)CCC=C(C)CCC=C(C)C'],"{32296, 32300}"
marts_E00101,di,CC1(C)CCCC2(C)C1CCC(=C)C2CCC(C)=CCOP([O-])(=O)OP([O-])([O-])=O,CC1(C)CCCC2(C)C1CCC13CC(CCC21)C(=C)C3,['CC1(C)CCCC2(C)C1CCC(=C)C2CCC(C)=CCOP([O-])(=O)OP([O-])([O-])=O'],['CC1(C)CCCC2(C)C1CCC13CC(CCC21)C(=C)C3'],{22221}
marts_E00102,di,CC1(C)CCCC2(C)C1CCC(=C)C2CCC(C)=CCOP([O-])(=O)OP([O-])([O-])=O,CC1(C)CCCC2(C)C1CCC13CC(CCC21)C(=C)C3,['CC1(C)CCCC2(C)C1CCC(=C)C2CCC(C)=CCOP([O-])(=O)OP([O-])([O-])=O'],['CC1(C)CCCC2(C)C1CCC13CC(CCC21)C(=C)C3'],{22221}
marts_E00103,sesq,CC(C)=CCCC(C)=CCCC(C)=CCOP([O-])(=O)OP([O-])([O-])=O,CC1CCC=C(C)CCC(C=C1)C(C)(C)O,['CC(C)=CCCC(C)=CCCC(C)=CCOP([O-])(=O)OP([O-])([O-])=O'],['CC1CCC=C(C)CCC(C=C1)C(C)(C)O'],{22437}
marts_E00103,sesq,CC(C)=CCCC(C)=CCCC(C)=CCOP([O-])(=O)OP([O-])([O-])=O,CC1CCC(C=CC(=C)CCC=1)C(C)C,['CC(C)=CCCC(C)=CCCC(C)=CCOP([O-])(=O)OP([O-])([O-])=O'],['CC1CCC(C=CC(=C)CCC=1)C(C)C'],"{12017, 30428, 68717}"
marts_E00103,sesq,CC(C)=CCCC(C)=CCCC(C)=CCOP([O-])(=O)OP([O-])([O-])=O,CC12CCCC(C)C1(O)CCCC2,['CC(C)=CCCC(C)=CCCC(C)=CCOP([O-])(=O)OP([O-])([O-])=O'],['CC12CCCC(C)C1(O)CCCC2'],set()
marts_E00104,pt,CC(C)=CCCC(C)=CCOP([O-])(=O)OP([O-])([O-])=O.CC(C)=CCCC(C)=CCCC(C)=CCOP([O-])(=O)OP([O-])([O-])=O,CC(C)=CCCC(C)=CCCC(C)=CCCC(C)=CCOP([O-])(=O)OP([O-])([O-])=O,"['CC(C)=CCCC(C)=CCOP([O-])(=O)OP([O-])([O-])=O', 'CC(C)=CCCC(C)=CCCC(C)=CCOP([O-])(=O)OP([O-])([O-])=O']",['CC(C)=CCCC(C)=CCCC(C)=CCCC(C)=CCOP([O-])(=O)OP([O-])([O-])=O'],set()
marts_E00105,pt,CC(C)=CCCC(C)=CCCC(C)=CCOP([O-])(=O)OP([O-])([O-])=O.CC(C)=CCCC(C)=CCCC(C)=CCCC(C)=CCOP([O-])(=O)OP([O-])([O-])=O,CC(C)=CCCC(C)=CCCC(C)=CCCC(C)=CCCC(C)=CCOP([O-])(=O)OP([O-])([O-])=O,"['CC(C)=CCCC(C)=CCCC(C)=CCOP([O-])(=O)OP([O-])([O-])=O', 'CC(C)=CCCC(C)=CCCC(C)=CCCC(C)=CCOP([O-])(=O)OP([O-])([O-])=O']",['CC(C)=CCCC(C)=CCCC(C)=CCCC(C)=CCCC(C)=CCOP([O-])(=O)OP([O-])([O-])=O'],set()
marts_E00105,pt,CC(C)=CCCC(C)=CCOP([O-])(=O)OP([O-])([O-])=O.CC(C)=CCCC(C)=CCCC(C)=CCOP([O-])(=O)OP([O-])([O-])=O,CC(C)=CCCC(C)=CCCC(C)=CCCC(C)=CCOP([O-])(=O)OP([O-])([O-])=O,"['CC(C)=CCCC(C)=CCOP([O-])(=O)OP([O-])([O-])=O', 'CC(C)=CCCC(C)=CCCC(C)=CCOP([O-])(=O)OP([O-])([O-])=O']",['CC(C)=CCCC(C)=CCCC(C)=CCCC(C)=CCOP([O-])(=O)OP([O-])([O-])=O'],set()
marts_E00105,pt,CC(C)=CCCC(C)=CCOP([O-])(=O)OP([O-])([O-])=O.CC(=C)CCOP([O-])(=O)OP([O-])([O-])=O,CC(C)=CCCC(C)=CCCC(C)=CCOP([O-])(=O)OP([O-])([O-])=O,"['CC(C)=CCCC(C)=CCOP([O-])(=O)OP([O-])([O-])=O', 'CC(=C)CCOP([O-])(=O)OP([O-])([O-])=O']",['CC(C)=CCCC(C)=CCCC(C)=CCOP([O-])(=O)OP([O-])([O-])=O'],"{19362, 64573, 23301}"
marts_E00105,pt,CC(C)=CCOP([O-])(=O)OP([O-])([O-])=O.CC(=C)CCOP([O-])(=O)OP([O-])([O-])=O,CC(C)=CCCC(C)=CCOP([O-])(=O)OP([O-])([O-])=O,"['CC(C)=CCOP([O-])(=O)OP([O-])([O-])=O', 'CC(=C)CCOP([O-])(=O)OP([O-])([O-])=O']",['CC(C)=CCCC(C)=CCOP([O-])(=O)OP([O-])([O-])=O'],"{11329, 22409}"
marts_E00106,di,CC(C)=CCCC(C)=CCCC(C)=CCCC(C)=CCOP([O-])(=O)OP([O-])([O-])=O,CC1(C)CCCC2(C)C1CCC(=C)C2CCC(C)=CCOP([O-])(=O)OP([O-])([O-])=O,['CC(C)=CCCC(C)=CCCC(C)=CCCC(C)=CCOP([O-])(=O)OP([O-])([O-])=O'],['CC1(C)CCCC2(C)C1CCC(=C)C2CCC(C)=CCOP([O-])(=O)OP([O-])([O-])=O'],"{14842, 24317, 25525}"
marts_E00106,di,CC(C)=CCCC(C)=CCCC(C)=CCCC(C)=CCOP([O-])(=O)OP([O-])([O-])=O,CC1(C)CCCC2(C)C1CCC13CC(CCC21)C(=C)C3,['CC(C)=CCCC(C)=CCCC(C)=CCCC(C)=CCOP([O-])(=O)OP([O-])([O-])=O'],['CC1(C)CCCC2(C)C1CCC13CC(CCC21)C(=C)C3'],set()
marts_E00107,sesq,CC(C)=CCCC(C)=CCCC(C)=CCOP([O-])(=O)OP([O-])([O-])=O,CC(=C)C1CC=C2CCCC(C)C2(C)C1,['CC(C)=CCCC(C)=CCCC(C)=CCOP([O-])(=O)OP([O-])([O-])=O'],['CC(=C)C1CC=C2CCCC(C)C2(C)C1'],"{19826, 28636}"
marts_E00108,sesq,CC(C)=CCCC(C)=CCCC(C)=CCOP([O-])(=O)OP([O-])([O-])=O,CC(C)=CCCC(C)=C1CC=C(C)CC1,['CC(C)=CCCC(C)=CCCC(C)=CCOP([O-])(=O)OP([O-])([O-])=O'],['CC(C)=CCCC(C)=C1CC=C(C)CC1'],"{26082, 79464, 28299, 68469, 68789}"
marts_E00108,sesq,CC(C)=CCCC(C)=CCCC(C)=CCOP([O-])(=O)OP([O-])([O-])=O,CC(C)=CCCC(C)(O)C1CC=C(C)CC1,['CC(C)=CCCC(C)=CCCC(C)=CCOP([O-])(=O)OP([O-])([O-])=O'],['CC(C)=CCCC(C)(O)C1CC=C(C)CC1'],{34504}
marts_E00108,sesq,CC(C)=CCCC(C)=CCCC(C)=CCOP([O-])(=O)OP([O-])([O-])=O,CC(C)=CCCC(C)=CCCC(C)(O)C=C,['CC(C)=CCCC(C)=CCCC(C)=CCOP([O-])(=O)OP([O-])([O-])=O'],['CC(C)=CCCC(C)=CCCC(C)(O)C=C'],"{68833, 27531, 27535, 68821, 56985}"
marts_E00109,sesq,CC(C)=CCCC(C)=CCCC(C)=CCOP([O-])(=O)OP([O-])([O-])=O,CC(C)=CCCC(C)=C1CC=C(C)CC1,['CC(C)=CCCC(C)=CCCC(C)=CCOP([O-])(=O)OP([O-])([O-])=O'],['CC(C)=CCCC(C)=C1CC=C(C)CC1'],"{26082, 79464, 28299, 68469, 68789}"
marts_E00109,sesq,CC(C)=CCCC(C)=CCCC(C)=CCOP([O-])(=O)OP([O-])([O-])=O,CC(C)=CCCC(C)(O)C1CC=C(C)CC1,['CC(C)=CCCC(C)=CCCC(C)=CCOP([O-])(=O)OP([O-])([O-])=O'],['CC(C)=CCCC(C)(O)C1CC=C(C)CC1'],{34504}
marts_E00109,sesq,CC(C)=CCCC(C)=CCCC(C)=CCOP([O-])(=O)OP([O-])([O-])=O,CC(C)=CCCC(C)=CCCC(C)(O)C=C,['CC(C)=CCCC(C)=CCCC(C)=CCOP([O-])(=O)OP([O-])([O-])=O'],['CC(C)=CCCC(C)=CCCC(C)(O)C=C'],"{68833, 27531, 27535, 68821, 56985}"
marts_E00110,tri,CC(C)=CCCC(C)=CCCC(C)=CCCC=C(C)CCC=C(C)CCC1OC1(C)C,CC1(C)C(O)CCC2(C)C1CC=C(C)C2CCC1C2C(C)C(C)CCC2(C)CCC=1C,['CC(C)=CCCC(C)=CCCC(C)=CCCC=C(C)CCC=C(C)CCC1OC1(C)C'],['CC1(C)C(O)CCC2(C)C1CC=C(C)C2CCC1C2C(C)C(C)CCC2(C)CCC=1C'],{31872}
marts_E00110,tri,CC(C)=CCCC(C)=CCCC(C)=CCCC=C(C)CCC=C(C)CCC1OC1(C)C,CC1(C)CC2C(CCC3C(C)=CCC4C3(C)CCC(O)C4(C)C)=C(C)CCC2(C)CC1,['CC(C)=CCCC(C)=CCCC(C)=CCCC=C(C)CCC=C(C)CCC1OC1(C)C'],['CC1(C)CC2C(CCC3C(C)=CCC4C3(C)CCC(O)C4(C)C)=C(C)CCC2(C)CC1'],{31880}
marts_E00110,tri,CC(C)=CCCC(C)=CCCC(C)=CCCC=C(C)CCC=C(C)CCC1OC1(C)C,CC1(C)C(O)CCC2(C)C1CCC1(C)C2CCC2C3C(C)C(=C)CCC3(C)CCC12C,['CC(C)=CCCC(C)=CCCC(C)=CCCC=C(C)CCC=C(C)CCC1OC1(C)C'],['CC1(C)C(O)CCC2(C)C1CCC1(C)C2CCC2C3C(C)C(=C)CCC3(C)CCC12C'],set()
marts_E00110,tri,CC(C)=CCCC(C)=CCCC(C)=CCCC=C(C)CCC=C(C)CCC1OC1(C)C,CC1(C)CC2C3(C)CCC4C(=CCC5C4(C)CCC(O)C5(C)C)C3(C)CCC2(C)CC1,['CC(C)=CCCC(C)=CCCC(C)=CCCC=C(C)CCC=C(C)CCC1OC1(C)C'],['CC1(C)CC2C3(C)CCC4C(=CCC5C4(C)CCC(O)C5(C)C)C3(C)CCC2(C)CC1'],set()
marts_E00110,tri,CC(C)=CCCC(C)=CCCC(C)=CCCC=C(C)CCC=C(C)CCC1OC1(C)C,CC1(C)C(O)CCC2(C)C1CCC1(C)C2CCC2C3C(C)C(C)=CCC3(C)CCC12C,['CC(C)=CCCC(C)=CCCC(C)=CCCC=C(C)CCC=C(C)CCC1OC1(C)C'],['CC1(C)C(O)CCC2(C)C1CCC1(C)C2CCC2C3C(C)C(C)=CCC3(C)CCC12C'],set()
marts_E00110,tri,CC(C)=CCCC(C)=CCCC(C)=CCCC=C(C)CCC=C(C)CCC1OC1(C)C,CC1(C)C(O)CCC2(C)C1CCC1(C)C2CCC2C3C(CCC3(C)CCC12C)C(C)=C,['CC(C)=CCCC(C)=CCCC(C)=CCCC=C(C)CCC=C(C)CCC1OC1(C)C'],['CC1(C)C(O)CCC2(C)C1CCC1(C)C2CCC2C3C(CCC3(C)CCC12C)C(C)=C'],{31384}
marts_E00110,tri,CC(C)=CCCC(C)=CCCC(C)=CCCC=C(C)CCC=C(C)CCC1OC1(C)C,CC1(C)C(O)CCC2(C)C1CC=C1C2CCC2(C)C3C(C)C(C)CCC3(C)CCC21C,['CC(C)=CCCC(C)=CCCC(C)=CCCC=C(C)CCC=C(C)CCC1OC1(C)C'],['CC1(C)C(O)CCC2(C)C1CC=C1C2CCC2(C)C3C(C)C(C)CCC3(C)CCC21C'],set()
marts_E00110,tri,CC(C)=CCCC(C)=CCCC(C)=CCCC=C(C)CCC=C(C)CCC1OC1(C)C,CC1(C)C(O)CCC2(C)C1CCC1(C)C2CC=C2C3C(C)C(C)CCC3(C)CCC12C,['CC(C)=CCCC(C)=CCCC(C)=CCCC=C(C)CCC=C(C)CCC1OC1(C)C'],['CC1(C)C(O)CCC2(C)C1CCC1(C)C2CC=C2C3C(C)C(C)CCC3(C)CCC12C'],{31388}
marts_E00112,sesq,CC(C)=CCCC(C)=CCCC(C)=CCOP([O-])(=O)OP([O-])([O-])=O,CC(C)C1CCC(C)=C2CCC(C)=CC21,['CC(C)=CCCC(C)=CCCC(C)=CCOP([O-])(=O)OP([O-])([O-])=O'],['CC(C)C1CCC(C)=C2CCC(C)=CC21'],"{32016, 56557, 19526}"
marts_E00113,mono,CC(C)=CCCC(C)=CCOP([O-])(=O)OP([O-])([O-])=O,CC1CCC(CC=1)C(C)=C,['CC(C)=CCCC(C)=CCOP([O-])(=O)OP([O-])([O-])=O'],['CC1CCC(CC=1)C(C)=C'],"{68641, 10941, 12870}"
marts_E00116,tri,CC(C)=CCCC(C)=CCCC(C)=CCCC=C(C)CCC=C(C)CCC1OC1(C)C,CC1(C)CC2C3=CCC4C5(C)CCC(O)C(C)(C)C5CCC4(C)C3(C)CCC2(C)CC1,['CC(C)=CCCC(C)=CCCC(C)=CCCC=C(C)CCC=C(C)CCC1OC1(C)C'],['CC1(C)CC2C3=CCC4C5(C)CCC(O)C(C)(C)C5CCC4(C)C3(C)CCC2(C)CC1'],{31008}
marts_E00117,mono,CC(C)=CCCC(C)=CCOP([O-])(=O)OP([O-])([O-])=O,CC(C)=CCCC(C)(O)C=C,['CC(C)=CCCC(C)=CCOP([O-])(=O)OP([O-])([O-])=O'],['CC(C)=CCCC(C)(O)C=C'],"{15810, 68709, 24117}"
marts_E00118,mono,CC(C)=CCCC(C)=CCOP([O-])(=O)OP([O-])([O-])=O,CC(C)=CCCC(C)(O)C=C,['CC(C)=CCCC(C)=CCOP([O-])(=O)OP([O-])([O-])=O'],['CC(C)=CCCC(C)(O)C=C'],"{15810, 68709, 24117}"
marts_E00119,tri,CC(C)=CCCC(C)=CCCC(C)=CCCC=C(C)CCC=C(C)CCC1OC1(C)C,CC1(C)CC2C3=CCC4C5(C)CCC(O)C(C)(C)C5CCC4(C)C3(C)CCC2(C)CC1,['CC(C)=CCCC(C)=CCCC(C)=CCCC=C(C)CCC=C(C)CCC1OC1(C)C'],['CC1(C)CC2C3=CCC4C5(C)CCC(O)C(C)(C)C5CCC4(C)C3(C)CCC2(C)CC1'],{31008}
marts_E00119,tri,CC(C)=CCCC(C)=CCCC(C)=CCCC=C(C)CCC=C(C)CCC1OC1(C)C,CC1(C)C(O)CCC2(C)C1CCC1(C)C2CCC2C3C(CCC3(C)CCC12C)C(C)=C,['CC(C)=CCCC(C)=CCCC(C)=CCCC=C(C)CCC=C(C)CCC1OC1(C)C'],['CC1(C)C(O)CCC2(C)C1CCC1(C)C2CCC2C3C(CCC3(C)CCC12C)C(C)=C'],{31384}
marts_E00120,tri,CC(C)=CCCC(C)=CCCC(C)=CCCC=C(C)CCC=C(C)CCC1OC1(C)C,CC1(C)C(O)CCC2(C)C1CCC1(C)C2CCC2C3C(CCC3(C)CCC12C)C(C)=C,['CC(C)=CCCC(C)=CCCC(C)=CCCC=C(C)CCC=C(C)CCC1OC1(C)C'],['CC1(C)C(O)CCC2(C)C1CCC1(C)C2CCC2C3C(CCC3(C)CCC12C)C(C)=C'],{31384}
marts_E00120,tri,CC(C)=CCCC(C)=CCCC(C)=CCCC=C(C)CCC=C(C)CCC1OC1(C)C,CC1(C)CC2C3=CCC4C5(C)CCC(O)C(C)(C)C5CCC4(C)C3(C)CCC2(C)CC1,['CC(C)=CCCC(C)=CCCC(C)=CCCC=C(C)CCC=C(C)CCC1OC1(C)C'],['CC1(C)CC2C3=CCC4C5(C)CCC(O)C(C)(C)C5CCC4(C)C3(C)CCC2(C)CC1'],{31008}
marts_E00120,tri,CC(C)=CCCC(C)=CCCC(C)=CCCC=C(C)CCC=C(C)CCC1OC1(C)C,CC1(C)C(O)CCC2(C)C1CCC1=C2CCC2(C)C(CCC21C)C(C)CCC=C(C)C,['CC(C)=CCCC(C)=CCCC(C)=CCCC=C(C)CCC=C(C)CCC1OC1(C)C'],['CC1(C)C(O)CCC2(C)C1CCC1=C2CCC2(C)C(CCC21C)C(C)CCC=C(C)C'],{14622}
marts_E00123,pt,CC(C)=CCOP([O-])(=O)OP([O-])([O-])=O.CC(=C)CCOP([O-])(=O)OP([O-])([O-])=O,CC(C)=CCCC(C)=CCCC(C)=CCCC(C)=CCOP([O-])(=O)OP([O-])([O-])=O,"['CC(C)=CCOP([O-])(=O)OP([O-])([O-])=O', 'CC(=C)CCOP([O-])(=O)OP([O-])([O-])=O']",['CC(C)=CCCC(C)=CCCC(C)=CCCC(C)=CCOP([O-])(=O)OP([O-])([O-])=O'],{55521}
marts_E00123,pt,CC(C)=CCCC(C)=CCOP([O-])(=O)OP([O-])([O-])=O.CC(C)=CCCC(C)=CCCC(C)=CCOP([O-])(=O)OP([O-])([O-])=O,CC(C)=CCCC(C)=CCCC(C)=CCCC(C)=CCOP([O-])(=O)OP([O-])([O-])=O,"['CC(C)=CCCC(C)=CCOP([O-])(=O)OP([O-])([O-])=O', 'CC(C)=CCCC(C)=CCCC(C)=CCOP([O-])(=O)OP([O-])([O-])=O']",['CC(C)=CCCC(C)=CCCC(C)=CCCC(C)=CCOP([O-])(=O)OP([O-])([O-])=O'],set()
marts_E00124,sqs,CC(C)=CCCC(C)=CCCC(C)=CCOP([O-])(=O)OP([O-])([O-])=O.CC(C)=CCCC(C)=CCCC(C)=CCOP([O-])(=O)OP([O-])([O-])=O,CC(C)=CCCC(C)=CCCC(C)=CCCC=C(C)CCC=C(C)CCC=C(C)C,"['CC(C)=CCCC(C)=CCCC(C)=CCOP([O-])(=O)OP([O-])([O-])=O', 'CC(C)=CCCC(C)=CCCC(C)=CCOP([O-])(=O)OP([O-])([O-])=O']",['CC(C)=CCCC(C)=CCCC(C)=CCCC=C(C)CCC=C(C)CCC=C(C)C'],"{32296, 32300}"
marts_E00125,di,CC1(C)CCCC2(C)C1CCC(=C)C2CCC(C)=CCOP([O-])(=O)OP([O-])([O-])=O,CC1(C)CCCC2(C)C1CCC13CC(CCC21)C(=C)C3,['CC1(C)CCCC2(C)C1CCC(=C)C2CCC(C)=CCOP([O-])(=O)OP([O-])([O-])=O'],['CC1(C)CCCC2(C)C1CCC13CC(CCC21)C(=C)C3'],{22221}
marts_E00126,pt,CC(C)=CCCC(C)=CCOP([O-])(=O)OP([O-])([O-])=O.CC(C)=CCCC(C)=CCCC(C)=CCOP([O-])(=O)OP([O-])([O-])=O,CC(C)=CCCC(C)=CCCC(C)=CCCC(C)=CCOP([O-])(=O)OP([O-])([O-])=O,"['CC(C)=CCCC(C)=CCOP([O-])(=O)OP([O-])([O-])=O', 'CC(C)=CCCC(C)=CCCC(C)=CCOP([O-])(=O)OP([O-])([O-])=O']",['CC(C)=CCCC(C)=CCCC(C)=CCCC(C)=CCOP([O-])(=O)OP([O-])([O-])=O'],set()
marts_E00127,pt,CC(C)=CCCC(C)=CCOP([O-])(=O)OP([O-])([O-])=O.CC(=C)CCOP([O-])(=O)OP([O-])([O-])=O,CC(C)=CCCC(C)=CCCC(C)=CCOP([O-])(=O)OP([O-])([O-])=O,"['CC(C)=CCCC(C)=CCOP([O-])(=O)OP([O-])([O-])=O', 'CC(=C)CCOP([O-])(=O)OP([O-])([O-])=O']",['CC(C)=CCCC(C)=CCCC(C)=CCOP([O-])(=O)OP([O-])([O-])=O'],"{19362, 64573, 23301}"
marts_E00128,tri,CC(C)=CCCC(C)=CCCC(C)=CCCC=C(C)CCC=C(C)CCC1OC1(C)C,CC1(C)CC2C3=CCC4C5(C)CCC(O)C(C)(C)C5CCC4(C)C3(C)CCC2(C)CC1,['CC(C)=CCCC(C)=CCCC(C)=CCCC=C(C)CCC=C(C)CCC1OC1(C)C'],['CC1(C)CC2C3=CCC4C5(C)CCC(O)C(C)(C)C5CCC4(C)C3(C)CCC2(C)CC1'],{31008}
marts_E00129,mono,CC(C)=CCCC(C)=CCOP([O-])(=O)OP([O-])([O-])=O,CC(C)C1CCC(=C)C=C1,['CC(C)=CCCC(C)=CCOP([O-])(=O)OP([O-])([O-])=O'],['CC(C)C1CCC(=C)C=C1'],"{25505, 25493, 27831}"
marts_E00129,mono,CC(C)=CCCC(C)=CCOP([O-])(=O)OP([O-])([O-])=O,CC1(C)C2CC1CCC2=C,['CC(C)=CCCC(C)=CCOP([O-])(=O)OP([O-])([O-])=O'],['CC1(C)C2CC1CCC2=C'],"{25497, 25667, 32580}"
marts_E00129,mono,CC(C)=CCCC(C)=CCOP([O-])(=O)OP([O-])([O-])=O,CC1=CCC2CC1C2(C)C,['CC(C)=CCCC(C)=CCOP([O-])(=O)OP([O-])([O-])=O'],['CC1=CCC2CC1C2(C)C'],"{32576, 25489, 25663}"
marts_E00129,mono,CC(C)=CCCC(C)=CCOP([O-])(=O)OP([O-])([O-])=O,CC1CCC(CC=1)C(C)=C,['CC(C)=CCCC(C)=CCOP([O-])(=O)OP([O-])([O-])=O'],['CC1CCC(CC=1)C(C)=C'],"{68641, 10941, 12870}"
marts_E00130,mono,CC(C)=CCCC(C)=CCOP([O-])(=O)OP([O-])([O-])=O,CC(C)=C1CC=C(C)CC1,['CC(C)=CCCC(C)=CCOP([O-])(=O)OP([O-])([O-])=O'],['CC(C)=C1CC=C(C)CC1'],{25501}
marts_E00130,mono,CC(C)=CCCC(C)=CCOP([O-])(=O)OP([O-])([O-])=O,CC1=CCC2CC1C2(C)C,['CC(C)=CCCC(C)=CCOP([O-])(=O)OP([O-])([O-])=O'],['CC1=CCC2CC1C2(C)C'],"{32576, 25489, 25663}"
marts_E00130,mono,CC(C)=CCCC(C)=CCOP([O-])(=O)OP([O-])([O-])=O,CC1CCC(CC=1)C(C)=C,['CC(C)=CCCC(C)=CCOP([O-])(=O)OP([O-])([O-])=O'],['CC1CCC(CC=1)C(C)=C'],"{68641, 10941, 12870}"
marts_E00130,mono,CC(C)=CCCC(C)=CCOP([O-])(=O)OP([O-])([O-])=O,CC1(C)C2CC1CCC2=C,['CC(C)=CCCC(C)=CCOP([O-])(=O)OP([O-])([O-])=O'],['CC1(C)C2CC1CCC2=C'],"{25497, 25667, 32580}"
marts_E00131,mono,CC(C)=CCCC(C)=CCOP([O-])(=O)OP([O-])([O-])=O,CC1CCC(CC=1)C(C)=C,['CC(C)=CCCC(C)=CCOP([O-])(=O)OP([O-])([O-])=O'],['CC1CCC(CC=1)C(C)=C'],"{68641, 10941, 12870}"
marts_E00131,mono,CC(C)=CCCC(C)=CCOP([O-])(=O)OP([O-])([O-])=O,CC1=CCC2CC1C2(C)C,['CC(C)=CCCC(C)=CCOP([O-])(=O)OP([O-])([O-])=O'],['CC1=CCC2CC1C2(C)C'],"{32576, 25489, 25663}"
marts_E00131,mono,CC(C)=CCCC(C)=CCOP([O-])(=O)OP([O-])([O-])=O,CC(C)C1CCC(=C)C=C1,['CC(C)=CCCC(C)=CCOP([O-])(=O)OP([O-])([O-])=O'],['CC(C)C1CCC(=C)C=C1'],"{25505, 25493, 27831}"
marts_E00131,mono,CC(C)=CCCC(C)=CCOP([O-])(=O)OP([O-])([O-])=O,CC1(C)C2CC1CCC2=C,['CC(C)=CCCC(C)=CCOP([O-])(=O)OP([O-])([O-])=O'],['CC1(C)C2CC1CCC2=C'],"{25497, 25667, 32580}"
marts_E00131,mono,CC(C)=CCCC(C)=CCOP([O-])(=O)OP([O-])([O-])=O,CC(C)C12CCC(=C)C1C2,['CC(C)=CCCC(C)=CCOP([O-])(=O)OP([O-])([O-])=O'],['CC(C)C12CCC(=C)C1C2'],"{68637, 32548, 25509}"
marts_E00132,tri,CC(C)=CCCC(C)=CCCC(C)=CCCC=C(C)CCC=C(C)CCC1OC1(C)C,CC1(C)C(O)CCC2(C)C1CC=C1C2CCC2(C)C(CCC21C)C(C)CCC=C(C)C,['CC(C)=CCCC(C)=CCCC(C)=CCCC=C(C)CCC=C(C)CCC1OC1(C)C'],['CC1(C)C(O)CCC2(C)C1CC=C1C2CCC2(C)C(CCC21C)C(C)CCC=C(C)C'],{31888}
marts_E00132,tri,CC(C)=CCCC(C)=CCCC(C)=CCCC=C(C)CCC=C(C)CCC1OC1(C)C,CC1(C)C(O)CCC2(C)C1CC=C1C2CCC2(C)C(CCC21C)C(C)CCC=C(C)C,['CC(C)=CCCC(C)=CCCC(C)=CCCC=C(C)CCC=C(C)CCC1OC1(C)C'],['CC1(C)C(O)CCC2(C)C1CC=C1C2CCC2(C)C(CCC21C)C(C)CCC=C(C)C'],{31888}
marts_E00132,tri,CC(C)=CCCC(C)=CCCC(C)=CCCC=C(C)CCC=C(C)CCC1OC1(C)C,CC1(C)C(O)CCC2(C)C1CCC1=C2CCC2(C)C(CCC21C)C(C)CCC=C(C)C,['CC(C)=CCCC(C)=CCCC(C)=CCCC=C(C)CCC=C(C)CCC1OC1(C)C'],['CC1(C)C(O)CCC2(C)C1CCC1=C2CCC2(C)C(CCC21C)C(C)CCC=C(C)C'],{14622}
marts_E00132,tri,CC(C)=CCCC(C)=CCCC(C)=CCCC=C(C)CCC=C(C)CCC1OC1(C)C,CC1(C)C2CCC3(C)C(CCC4=C(CCC34C)C(C)CCC=C(C)C)C2(C)CCC1O,['CC(C)=CCCC(C)=CCCC(C)=CCCC=C(C)CCC=C(C)CCC1OC1(C)C'],['CC1(C)C2CCC3(C)C(CCC4=C(CCC34C)C(C)CCC=C(C)C)C2(C)CCC1O'],set()
marts_E00132,tri,CC(C)=CCCC(C)=CCCC(C)=CCCC=C(C)CCC=C(C)CCC1OC1(C)C,CC1(C)C(O)CCC2(C)C1CCC1(C)C(CCC12)C(=C)CCC=C(C)CCC=C(C)C,['CC(C)=CCCC(C)=CCCC(C)=CCCC=C(C)CCC=C(C)CCC1OC1(C)C'],['CC1(C)C(O)CCC2(C)C1CCC1(C)C(CCC12)C(=C)CCC=C(C)CCC=C(C)C'],set()
marts_E00132,tri,CC(C)=CCCC(C)=CCCC(C)=CCCC=C(C)CCC=C(C)CCC1OC1(C)C,CC1(C)C(O)CCC2(C)C1CCC1(C)C2CCC2C(CCC12C)C(=C)CCC=C(C)C,['CC(C)=CCCC(C)=CCCC(C)=CCCC=C(C)CCC=C(C)CCC1OC1(C)C'],['CC1(C)C(O)CCC2(C)C1CCC1(C)C2CCC2C(CCC12C)C(=C)CCC=C(C)C'],set()
marts_E00134,sester,CC(C)=CCCC(C)=CCCC(C)=CCCC(C)=CCCC(C)=CCOP([O-])(=O)OP([O-])([O-])=O,CC(C)C1CCC2(C)CC3C(CC21)C(C)=CCCC(C)=CCCC3=C,['CC(C)=CCCC(C)=CCCC(C)=CCCC(C)=CCCC(C)=CCOP([O-])(=O)OP([O-])([O-])=O'],['CC(C)C1CCC2(C)CC3C(CC21)C(C)=CCCC(C)=CCCC3=C'],set()
marts_E00135,pt,CC(C)=CCOP([O-])(=O)OP([O-])([O-])=O.CC(=C)CCOP([O-])(=O)OP([O-])([O-])=O,CC(C)=CCCC(C)=CCOP([O-])(=O)OP([O-])([O-])=O,"['CC(C)=CCOP([O-])(=O)OP([O-])([O-])=O', 'CC(=C)CCOP([O-])(=O)OP([O-])([O-])=O']",['CC(C)=CCCC(C)=CCOP([O-])(=O)OP([O-])([O-])=O'],"{11329, 22409}"
marts_E00135,pt,CC(C)=CCOP([O-])(=O)OP([O-])([O-])=O.CC(=C)CCOP([O-])(=O)OP([O-])([O-])=O,CC(C)=CCCC(C)=CCCC(C)=CCOP([O-])(=O)OP([O-])([O-])=O,"['CC(C)=CCOP([O-])(=O)OP([O-])([O-])=O', 'CC(=C)CCOP([O-])(=O)OP([O-])([O-])=O']",['CC(C)=CCCC(C)=CCCC(C)=CCOP([O-])(=O)OP([O-])([O-])=O'],{27811}
marts_E00135,pt,CC(C)=CCOP([O-])(=O)OP([O-])([O-])=O.CC(=C)CCOP([O-])(=O)OP([O-])([O-])=O,CC(C)=CCCC(C)=CCCC(C)=CCCC(C)=CCOP([O-])(=O)OP([O-])([O-])=O,"['CC(C)=CCOP([O-])(=O)OP([O-])([O-])=O', 'CC(=C)CCOP([O-])(=O)OP([O-])([O-])=O']",['CC(C)=CCCC(C)=CCCC(C)=CCCC(C)=CCOP([O-])(=O)OP([O-])([O-])=O'],{55521}
marts_E00135,pt,CC(C)=CCOP([O-])(=O)OP([O-])([O-])=O.CC(=C)CCOP([O-])(=O)OP([O-])([O-])=O,CC(C)=CCCC(C)=CCCC(C)=CCCC(C)=CCCC(C)=CCOP([O-])(=O)OP([O-])([O-])=O,"['CC(C)=CCOP([O-])(=O)OP([O-])([O-])=O', 'CC(=C)CCOP([O-])(=O)OP([O-])([O-])=O']",['CC(C)=CCCC(C)=CCCC(C)=CCCC(C)=CCCC(C)=CCOP([O-])(=O)OP([O-])([O-])=O'],{66861}
marts_E00136,sester,CC(C)=CCCC(C)=CCCC(C)=CCCC(C)=CCCC(C)=CCOP([O-])(=O)OP([O-])([O-])=O,CC1=C2CC3C(CCC3(C)CC2C2(C)CCC3C(C)CCC213)C(C)C,['CC(C)=CCCC(C)=CCCC(C)=CCCC(C)=CCCC(C)=CCOP([O-])(=O)OP([O-])([O-])=O'],['CC1=C2CC3C(CCC3(C)CC2C2(C)CCC3C(C)CCC213)C(C)C'],set()
marts_E00136,sester,CC(C)=CCCC(C)=CCCC(C)=CCCC(C)=CCCC(C)=CCOP([O-])(=O)OP([O-])([O-])=O,CC(C)C1CCC2(C)CC3C(CC21)C(C)=CCCC(C)=CCCC3=C,['CC(C)=CCCC(C)=CCCC(C)=CCCC(C)=CCCC(C)=CCOP([O-])(=O)OP([O-])([O-])=O'],['CC(C)C1CCC2(C)CC3C(CC21)C(C)=CCCC(C)=CCCC3=C'],set()
marts_E00136,sester,CC(C)=CCCC(C)=CCCC(C)=CCCC(C)=CCCC(C)=CCOP([O-])(=O)OP([O-])([O-])=O,CC(C)C1CCC2(C)CC=C(C)CCC=C(C)CCCC(=C)C=CC21,['CC(C)=CCCC(C)=CCCC(C)=CCCC(C)=CCCC(C)=CCOP([O-])(=O)OP([O-])([O-])=O'],['CC(C)C1CCC2(C)CC=C(C)CCC=C(C)CCCC(=C)C=CC21'],set()
marts_E00136,sester,CC(C)=CCCC(C)=CCCC(C)=CCCC(C)=CCCC(C)=CCOP([O-])(=O)OP([O-])([O-])=O,CC(C)C1CCC2(C)CC=C(C)CCC3C(C)CCC=3C(C)=CCC21,['CC(C)=CCCC(C)=CCCC(C)=CCCC(C)=CCCC(C)=CCOP([O-])(=O)OP([O-])([O-])=O'],['CC(C)C1CCC2(C)CC=C(C)CCC3C(C)CCC=3C(C)=CCC21'],set()
marts_E00137,pt,CC(C)=CCOP([O-])(=O)OP([O-])([O-])=O.CC(=C)CCOP([O-])(=O)OP([O-])([O-])=O,CC(C)=CCCC(C)=CCCC(C)=CCCC(C)=CCOP([O-])(=O)OP([O-])([O-])=O,"['CC(C)=CCOP([O-])(=O)OP([O-])([O-])=O', 'CC(=C)CCOP([O-])(=O)OP([O-])([O-])=O']",['CC(C)=CCCC(C)=CCCC(C)=CCCC(C)=CCOP([O-])(=O)OP([O-])([O-])=O'],{55521}
marts_E00137,pt,CC(C)=CCCC(C)=CCOP([O-])(=O)OP([O-])([O-])=O.CC(C)=CCCC(C)=CCCC(C)=CCOP([O-])(=O)OP([O-])([O-])=O,CC(C)=CCCC(C)=CCCC(C)=CCCC(C)=CCOP([O-])(=O)OP([O-])([O-])=O,"['CC(C)=CCCC(C)=CCOP([O-])(=O)OP([O-])([O-])=O', 'CC(C)=CCCC(C)=CCCC(C)=CCOP([O-])(=O)OP([O-])([O-])=O']",['CC(C)=CCCC(C)=CCCC(C)=CCCC(C)=CCOP([O-])(=O)OP([O-])([O-])=O'],set()
marts_E00138,mono,CC(C)=CCCC(C)=CCOP([O-])(=O)OP([O-])([O-])=O,CC(C)C12CCC(=C)C1C2,['CC(C)=CCCC(C)=CCOP([O-])(=O)OP([O-])([O-])=O'],['CC(C)C12CCC(=C)C1C2'],"{68637, 32548, 25509}"
marts_E00138,mono,CC(C)=CCCC(C)=CCOP([O-])(=O)OP([O-])([O-])=O,CC1=CCC2CC1C2(C)C,['CC(C)=CCCC(C)=CCOP([O-])(=O)OP([O-])([O-])=O'],['CC1=CCC2CC1C2(C)C'],"{32576, 25489, 25663}"
marts_E00138,mono,CC(C)=CCCC(C)=CCOP([O-])(=O)OP([O-])([O-])=O,CC(C)C12CCC(=C)C1C2,['CC(C)=CCCC(C)=CCOP([O-])(=O)OP([O-])([O-])=O'],['CC(C)C12CCC(=C)C1C2'],"{68637, 32548, 25509}"
marts_E00138,mono,CC(C)=CCCC(C)=CCOP([O-])(=O)OP([O-])([O-])=O,CC1(C)C2CC1CCC2=C,['CC(C)=CCCC(C)=CCOP([O-])(=O)OP([O-])([O-])=O'],['CC1(C)C2CC1CCC2=C'],"{25497, 25667, 32580}"
marts_E00138,mono,CC(C)=CCCC(C)=CCOP([O-])(=O)OP([O-])([O-])=O,CC1CCC(CC=1)C(C)=C,['CC(C)=CCCC(C)=CCOP([O-])(=O)OP([O-])([O-])=O'],['CC1CCC(CC=1)C(C)=C'],"{68641, 10941, 12870}"
marts_E00138,mono,CC(C)=CCCC(C)=CCOP([O-])(=O)OP([O-])([O-])=O,CC1CCC(CC=1)C(C)=C,['CC(C)=CCCC(C)=CCOP([O-])(=O)OP([O-])([O-])=O'],['CC1CCC(CC=1)C(C)=C'],"{68641, 10941, 12870}"
marts_E00138,mono,CC(C)=CCCC(C)=CCOP([O-])(=O)OP([O-])([O-])=O,CC(C)=CCC=C(C)C=C,['CC(C)=CCCC(C)=CCOP([O-])(=O)OP([O-])([O-])=O'],['CC(C)=CCC=C(C)C=C'],"{68825, 32692}"
marts_E00138,mono,CC(C)=CCCC(C)=CCOP([O-])(=O)OP([O-])([O-])=O,CC(C)=CCC=C(C)C=C,['CC(C)=CCCC(C)=CCOP([O-])(=O)OP([O-])([O-])=O'],['CC(C)=CCC=C(C)C=C'],"{68825, 32692}"
marts_E00138,mono,CC(C)=CCCC(C)=CCOP([O-])(=O)OP([O-])([O-])=O,CC(C)=C1CC=C(C)CC1,['CC(C)=CCCC(C)=CCOP([O-])(=O)OP([O-])([O-])=O'],['CC(C)=C1CC=C(C)CC1'],{25501}
marts_E00138,mono,CC(C)=CCCC(C)=CCOP([O-])(=O)OP([O-])([O-])=O,CC(C)=CCCC(C)(O)C=C,['CC(C)=CCCC(C)=CCOP([O-])(=O)OP([O-])([O-])=O'],['CC(C)=CCCC(C)(O)C=C'],"{15810, 68709, 24117}"
marts_E00138,sesq,CC(C)=CCCC(C)=CCCC(C)=CCOP([O-])(=O)OP([O-])([O-])=O,CC(C)=CCCC(C)=CCC=C(C)C=C,['CC(C)=CCCC(C)=CCCC(C)=CCOP([O-])(=O)OP([O-])([O-])=O'],['CC(C)=CCCC(C)=CCC=C(C)C=C'],{27422}
marts_E00138,sesq,CC(C)=CCCC(C)=CCCC(C)=CCOP([O-])(=O)OP([O-])([O-])=O,CC(C)=CCCC(C)=CCCC(=C)C=C,['CC(C)=CCCC(C)=CCCC(C)=CCOP([O-])(=O)OP([O-])([O-])=O'],['CC(C)=CCCC(C)=CCCC(=C)C=C'],"{68545, 27426, 68857, 68505, 68509}"
marts_E00138,sesq,CC(C)=CCCC(C)=CCCC(C)=CCOP([O-])(=O)OP([O-])([O-])=O,CC(C)=CCCC1(C)C2CC1CC=C2C,['CC(C)=CCCC(C)=CCCC(C)=CCOP([O-])(=O)OP([O-])([O-])=O'],['CC(C)=CCCC1(C)C2CC1CC=C2C'],"{30472, 31428}"
marts_E00140,tri,CC(C)=CCCC(C)=CCCC(C)=CCCC=C(C)CCC=C(C)CCC1OC1(C)C,CC1(C)CC2C3=CCC4C5(C)CCC(O)C(C)(C)C5CCC4(C)C3(C)CCC2(C)CC1,['CC(C)=CCCC(C)=CCCC(C)=CCCC=C(C)CCC=C(C)CCC1OC1(C)C'],['CC1(C)CC2C3=CCC4C5(C)CCC(O)C(C)(C)C5CCC4(C)C3(C)CCC2(C)CC1'],{31008}
marts_E00141,tri,CC(C)=CCCC(C)=CCCC(C)=CCCC=C(C)CCC=C(C)CCC1OC1(C)C,CC1(C)CC2C3=CCC4C5(C)CCC(O)C(C)(C)C5CCC4(C)C3(C)CCC2(C)CC1,['CC(C)=CCCC(C)=CCCC(C)=CCCC=C(C)CCC=C(C)CCC1OC1(C)C'],['CC1(C)CC2C3=CCC4C5(C)CCC(O)C(C)(C)C5CCC4(C)C3(C)CCC2(C)CC1'],{31008}
marts_E00141,tri,CC(C)=CCCC(C)=CCCC(C)=CCCC=C(C)CCC=C(C)CCC1OC1(C)C,CC1(C)C(O)CCC2(C)C1CCC1(C)C2CC=C2C3C(C)C(C)CCC3(C)CCC12C,['CC(C)=CCCC(C)=CCCC(C)=CCCC=C(C)CCC=C(C)CCC1OC1(C)C'],['CC1(C)C(O)CCC2(C)C1CCC1(C)C2CC=C2C3C(C)C(C)CCC3(C)CCC12C'],{31388}
marts_E00141,tri,CC(C)=CCCC(C)=CCCC(C)=CCCC=C(C)CCC=C(C)CCC1OC1(C)C,CC1(C)C(O)CCC2(C)C1CC=C1C2CCC2(C)C(CCC21C)C(C)CCC=C(C)C,['CC(C)=CCCC(C)=CCCC(C)=CCCC=C(C)CCC=C(C)CCC1OC1(C)C'],['CC1(C)C(O)CCC2(C)C1CC=C1C2CCC2(C)C(CCC21C)C(C)CCC=C(C)C'],{31888}
marts_E00141,tri,CC(C)=CCCC(C)=CCCC(C)=CCCC=C(C)CCC=C(C)CCC1OC1(C)C,CC1(C)C(O)CCC2(C)C1CCC1(C)C2CCC2C3C(CCC3(C)CCC12C)C(C)=C,['CC(C)=CCCC(C)=CCCC(C)=CCCC=C(C)CCC=C(C)CCC1OC1(C)C'],['CC1(C)C(O)CCC2(C)C1CCC1(C)C2CCC2C3C(CCC3(C)CCC12C)C(C)=C'],{31384}
marts_E00141,tri,CC(C)=CCCC(C)=CCCC(C)=CCCC=C(C)CCC=C(C)CCC1OC1(C)C,CC1(C)CCC2(C)CCC3(C)C(CCC4C5(C)CCC(O)C(C)(C)C5CCC34C)C2=C1,['CC(C)=CCCC(C)=CCCC(C)=CCCC=C(C)CCC=C(C)CCC1OC1(C)C'],['CC1(C)CCC2(C)CCC3(C)C(CCC4C5(C)CCC(O)C(C)(C)C5CCC34C)C2=C1'],{31004}
marts_E00141,tri,CC(C)=CCCC(C)=CCCC(C)=CCCC=C(C)CCC=C(C)CCC1OC1(C)C,CC1(C)C(O)CCC2(C)C1CCC1(C)C2CCC2C3C(C)C(=C)CCC3(C)CCC12C,['CC(C)=CCCC(C)=CCCC(C)=CCCC=C(C)CCC=C(C)CCC1OC1(C)C'],['CC1(C)C(O)CCC2(C)C1CCC1(C)C2CCC2C3C(C)C(=C)CCC3(C)CCC12C'],set()
marts_E00141,tri,CC(C)=CCCC(C)=CCCC(C)=CCCC=C(C)CCC=C(C)CCC1OC1(C)C,CC1(C)C(O)CCC2(C)C1CCC1(C)C2CCC2C3C(C)C(C)=CCC3(C)CCC12C,['CC(C)=CCCC(C)=CCCC(C)=CCCC=C(C)CCC=C(C)CCC1OC1(C)C'],['CC1(C)C(O)CCC2(C)C1CCC1(C)C2CCC2C3C(C)C(C)=CCC3(C)CCC12C'],set()
marts_E00141,tri,CC(C)=CCCC(C)=CCCC(C)=CCCC=C(C)CCC=C(C)CCC1OC1(C)C,CC1(C)CC2=C3CCC4C5(C)CCC(O)C(C)(C)C5CCC4(C)C3(C)CCC2(C)CC1,['CC(C)=CCCC(C)=CCCC(C)=CCCC=C(C)CCC=C(C)CCC1OC1(C)C'],['CC1(C)CC2=C3CCC4C5(C)CCC(O)C(C)(C)C5CCC4(C)C3(C)CCC2(C)CC1'],{31884}
marts_E00142,sesq,CC(C)=CCCC(C)=CCCC(C)=CCOP([O-])(=O)OP([O-])([O-])=O,CC1(C)C2CCC(C)C32CC1C(C)(O)CC3,['CC(C)=CCCC(C)=CCCC(C)=CCOP([O-])(=O)OP([O-])([O-])=O'],['CC1(C)C2CCC(C)C32CC1C(C)(O)CC3'],{26116}
marts_E00142,sesq,CC(C)=CCCC(C)=CCCC(C)=CCOP([O-])(=O)OP([O-])([O-])=O,CC1(C)C2CCC(C)C32CC1C(C)(O)CC3,['CC(C)=CCCC(C)=CCCC(C)=CCOP([O-])(=O)OP([O-])([O-])=O'],['CC1(C)C2CCC(C)C32CC1C(C)(O)CC3'],{26116}
marts_E00143,sesq,CC(C)=CCCC(C)=CCCC(C)=CCOP([O-])(=O)OP([O-])([O-])=O,CC(C)C1CCC(C)=C2CCC(C)=CC21,['CC(C)=CCCC(C)=CCCC(C)=CCOP([O-])(=O)OP([O-])([O-])=O'],['CC(C)C1CCC(C)=C2CCC(C)=CC21'],"{32016, 56557, 19526}"
marts_E00144,pt,CC(C)=CCOP([O-])(=O)OP([O-])([O-])=O.CC(=C)CCOP([O-])(=O)OP([O-])([O-])=O,CC(C)=CCCC(C)=CCCC(C)=CCCC(C)=CCOP([O-])(=O)OP([O-])([O-])=O,"['CC(C)=CCOP([O-])(=O)OP([O-])([O-])=O', 'CC(=C)CCOP([O-])(=O)OP([O-])([O-])=O']",['CC(C)=CCCC(C)=CCCC(C)=CCCC(C)=CCOP([O-])(=O)OP([O-])([O-])=O'],{55521}
marts_E00144,pt,CC(C)=CCCC(C)=CCOP([O-])(=O)OP([O-])([O-])=O.CC(C)=CCCC(C)=CCCC(C)=CCOP([O-])(=O)OP([O-])([O-])=O,CC(C)=CCCC(C)=CCCC(C)=CCCC(C)=CCOP([O-])(=O)OP([O-])([O-])=O,"['CC(C)=CCCC(C)=CCOP([O-])(=O)OP([O-])([O-])=O', 'CC(C)=CCCC(C)=CCCC(C)=CCOP([O-])(=O)OP([O-])([O-])=O']",['CC(C)=CCCC(C)=CCCC(C)=CCCC(C)=CCOP([O-])(=O)OP([O-])([O-])=O'],set()
marts_E00145,pt,CC(C)=CCOP([O-])(=O)OP([O-])([O-])=O.CC(=C)CCOP([O-])(=O)OP([O-])([O-])=O,CC(C)=CCCC(C)=CCCC(C)=CCCC(C)=CCOP([O-])(=O)OP([O-])([O-])=O,"['CC(C)=CCOP([O-])(=O)OP([O-])([O-])=O', 'CC(=C)CCOP([O-])(=O)OP([O-])([O-])=O']",['CC(C)=CCCC(C)=CCCC(C)=CCCC(C)=CCOP([O-])(=O)OP([O-])([O-])=O'],{55521}
marts_E00145,pt,CC(C)=CCCC(C)=CCOP([O-])(=O)OP([O-])([O-])=O.CC(C)=CCCC(C)=CCCC(C)=CCOP([O-])(=O)OP([O-])([O-])=O,CC(C)=CCCC(C)=CCCC(C)=CCCC(C)=CCOP([O-])(=O)OP([O-])([O-])=O,"['CC(C)=CCCC(C)=CCOP([O-])(=O)OP([O-])([O-])=O', 'CC(C)=CCCC(C)=CCCC(C)=CCOP([O-])(=O)OP([O-])([O-])=O']",['CC(C)=CCCC(C)=CCCC(C)=CCCC(C)=CCOP([O-])(=O)OP([O-])([O-])=O'],set()
marts_E00146,pt,CC(C)=CCOP([O-])(=O)OP([O-])([O-])=O.CC(=C)CCOP([O-])(=O)OP([O-])([O-])=O,CC(C)=CCCC(C)=CCCC(C)=CCCC(C)=CCOP([O-])(=O)OP([O-])([O-])=O,"['CC(C)=CCOP([O-])(=O)OP([O-])([O-])=O', 'CC(=C)CCOP([O-])(=O)OP([O-])([O-])=O']",['CC(C)=CCCC(C)=CCCC(C)=CCCC(C)=CCOP([O-])(=O)OP([O-])([O-])=O'],{55521}
marts_E00146,pt,CC(C)=CCCC(C)=CCOP([O-])(=O)OP([O-])([O-])=O.CC(C)=CCCC(C)=CCCC(C)=CCOP([O-])(=O)OP([O-])([O-])=O,CC(C)=CCCC(C)=CCCC(C)=CCCC(C)=CCOP([O-])(=O)OP([O-])([O-])=O,"['CC(C)=CCCC(C)=CCOP([O-])(=O)OP([O-])([O-])=O', 'CC(C)=CCCC(C)=CCCC(C)=CCOP([O-])(=O)OP([O-])([O-])=O']",['CC(C)=CCCC(C)=CCCC(C)=CCCC(C)=CCOP([O-])(=O)OP([O-])([O-])=O'],set()
marts_E00147,sesq,CC(C)=CCCC(C)=CCCC(C)=CCOP([O-])(=O)OP([O-])([O-])=O,CC1(C)C2CC3(CC2)C(C)CCC3=C1C,['CC(C)=CCCC(C)=CCCC(C)=CCOP([O-])(=O)OP([O-])([O-])=O'],['CC1(C)C2CC3(CC2)C(C)CCC3=C1C'],{25993}
marts_E00148,sqs,CC(C)=CCCC(C)=CCCC(C)=CCOP([O-])(=O)OP([O-])([O-])=O.CC(C)=CCCC(C)=CCCC(C)=CCOP([O-])(=O)OP([O-])([O-])=O,CC(C)=CCCC(C)=CCCC(C)=CCCC=C(C)CCC=C(C)CCC=C(C)C,"['CC(C)=CCCC(C)=CCCC(C)=CCOP([O-])(=O)OP([O-])([O-])=O', 'CC(C)=CCCC(C)=CCCC(C)=CCOP([O-])(=O)OP([O-])([O-])=O']",['CC(C)=CCCC(C)=CCCC(C)=CCCC=C(C)CCC=C(C)CCC=C(C)C'],"{32296, 32300}"
marts_E00149,tri,CC(C)=CCCC(C)=CCCC(C)=CCCC=C(C)CCC=C(C)CCC1OC1(C)C,CC1(C)C(O)CCC2(C)C1CC=C1C2CCC2(C)C(CCC21C)C(C)CCC=C(C)C,['CC(C)=CCCC(C)=CCCC(C)=CCCC=C(C)CCC=C(C)CCC1OC1(C)C'],['CC1(C)C(O)CCC2(C)C1CC=C1C2CCC2(C)C(CCC21C)C(C)CCC=C(C)C'],{31888}
marts_E00150,sesq,CC(C)=CCCC(C)=CCCC(C)=CCOP([O-])(=O)OP([O-])([O-])=O,CC(C)=CCCC(C)=CCCC(=C)C=C,['CC(C)=CCCC(C)=CCCC(C)=CCOP([O-])(=O)OP([O-])([O-])=O'],['CC(C)=CCCC(C)=CCCC(=C)C=C'],"{68545, 27426, 68857, 68505, 68509}"
marts_E00151,di,CC1(C)CCCC2(C)C1CCC(=C)C2CCC(C)=CCOP([O-])(=O)OP([O-])([O-])=O,CC1(C)CCCC2(C)C1CCC13CC(CCC21)C(=C)C3,['CC1(C)CCCC2(C)C1CCC(=C)C2CCC(C)=CCOP([O-])(=O)OP([O-])([O-])=O'],['CC1(C)CCCC2(C)C1CCC13CC(CCC21)C(=C)C3'],{22221}
marts_E00153,mono,CC(C)=CCCC(C)=CCOP([O-])(=O)OP([O-])([O-])=O,CC1CCC(CC=1)C(C)=C,['CC(C)=CCCC(C)=CCOP([O-])(=O)OP([O-])([O-])=O'],['CC1CCC(CC=1)C(C)=C'],"{68641, 10941, 12870}"
marts_E00154,mono,CC(C)=CCCC(C)=CCOP([O-])(=O)OP([O-])([O-])=O,CC1CCC(CC=1)C(C)=C,['CC(C)=CCCC(C)=CCOP([O-])(=O)OP([O-])([O-])=O'],['CC1CCC(CC=1)C(C)=C'],"{68641, 10941, 12870}"
marts_E00155,di,CC(C)=CCCC(C)=CCCC(C)=CCCC(C)=CCOP([O-])(=O)OP([O-])([O-])=O,CC1(C)C2CC3C(C)=CCCC3(C)CCC1=C(C)CC2,['CC(C)=CCCC(C)=CCCC(C)=CCCC(C)=CCOP([O-])(=O)OP([O-])([O-])=O'],['CC1(C)C2CC3C(C)=CCCC3(C)CCC1=C(C)CC2'],{20913}
marts_E00155,di,CC(C)=CCCC(C)=CCCC(C)=CCCC(C)=CCOP([O-])(=O)OP([O-])([O-])=O,CC1(C)C2CCC(C)=C1CCC1(C)CCCC(=C)C1C2,['CC(C)=CCCC(C)=CCCC(C)=CCCC(C)=CCOP([O-])(=O)OP([O-])([O-])=O'],['CC1(C)C2CCC(C)=C1CCC1(C)CCCC(=C)C1C2'],set()
marts_E00156,tri,CC(C)=CCCC(C)=CCCC(C)=CCCC=C(C)CCC=C(C)CCC1OC1(C)C,CC1(C)C2CCC3(C)C(CCC3C2(C)CCC1O)C(C)(O)CCC=C(C)CCC=C(C)C,['CC(C)=CCCC(C)=CCCC(C)=CCCC=C(C)CCC=C(C)CCC1OC1(C)C'],['CC1(C)C2CCC3(C)C(CCC3C2(C)CCC1O)C(C)(O)CCC=C(C)CCC=C(C)C'],{31037}
marts_E00158,sesq,CC(C)=CCCC(C)=CCCC(C)=CCOP([O-])(=O)OP([O-])([O-])=O,CC(C)=C1CC=C(C)CCC=C(C)CC1,['CC(C)=CCCC(C)=CCCC(C)=CCOP([O-])(=O)OP([O-])([O-])=O'],['CC(C)=C1CC=C(C)CCC=C(C)CC1'],{25445}
marts_E00159,sesq,CC(C)=CCCC(C)=CCCC(C)=CCOP([O-])(=O)OP([O-])([O-])=O,CC1CCC(C=CC(=C)CCC=1)C(C)C,['CC(C)=CCCC(C)=CCCC(C)=CCOP([O-])(=O)OP([O-])([O-])=O'],['CC1CCC(C=CC(=C)CCC=1)C(C)C'],"{12017, 30428, 68717}"
marts_E00160,tri,CC(C)=CCCC(C)=CCCC(C)=CCCC=C(C)CCC=C(C)CCC1OC1(C)C,CC1CCC(C(CCC=O)C1(C)CCC=C(C)CCC=C(C)CCC=C(C)C)=C(C)C,['CC(C)=CCCC(C)=CCCC(C)=CCCC=C(C)CCC=C(C)CCC1OC1(C)C'],['CC1CCC(C(CCC=O)C1(C)CCC=C(C)CCC=C(C)CCC=C(C)C)=C(C)C'],{31876}
marts_E00160,tri,CC(C)=CCCC(C)=CCCC(C)=CCCC=C(C)CCC=C(C)CCC1OC1(C)C,CC(C)=CCCC(C)=CCCC(C)=CCCC=C(C)CCC1C(C)=CCC(O)C1(C)C,['CC(C)=CCCC(C)=CCCC(C)=CCCC=C(C)CCC=C(C)CCC1OC1(C)C'],['CC(C)=CCCC(C)=CCCC(C)=CCCC=C(C)CCC1C(C)=CCC(O)C1(C)C'],{31012}
marts_E00160,tri,CC(C)=CCCC(C)=CCCC(C)=CCCC=C(C)CCC=C(C)CCC1OC1(C)C,CC(C)=CCCC(C)=CCCC(C)=CCCC=C(C)CCC1C(=C)CCC(O)C1(C)C,['CC(C)=CCCC(C)=CCCC(C)=CCCC=C(C)CCC=C(C)CCC1OC1(C)C'],['CC(C)=CCCC(C)=CCCC(C)=CCCC=C(C)CCC1C(=C)CCC(O)C1(C)C'],set()
marts_E00161,tri,CC(C)=CCCC(C)=CCCC(C)=CCCC=C(C)CCC=C(C)CCC1OC1(C)C,CC1(C)C(O)CCC2(C)C1CCC1=C2CCC1(C)C(C)CCC=C(C)CCC=C(C)C,['CC(C)=CCCC(C)=CCCC(C)=CCCC=C(C)CCC=C(C)CCC1OC1(C)C'],['CC1(C)C(O)CCC2(C)C1CCC1=C2CCC1(C)C(C)CCC=C(C)CCC=C(C)C'],{26161}
marts_E00162,mono,CC(C)=CCCC(C)=C(C)COP([O-])(=O)OP([O-])([O-])=O,CC1(C)C2CC(C)(O)C1(C)CC2,['CC(C)=CCCC(C)=C(C)COP([O-])(=O)OP([O-])([O-])=O'],['CC1(C)C2CC(C)(O)C1(C)CC2'],{32572}
marts_E00165,tri,CC(C)=CCCC(C)=CCCC(C)=CCCC=C(C)CCC=C(C)CCC1OC1(C)C,CC(C)(O)C1CCC2(C)CCC3(C)C(CCC4C3(C)CCC3C4(C)CCC(O)C3(C)C)C21,['CC(C)=CCCC(C)=CCCC(C)=CCCC=C(C)CCC=C(C)CCC1OC1(C)C'],['CC(C)(O)C1CCC2(C)CCC3(C)C(CCC4C3(C)CCC3C4(C)CCC(O)C3(C)C)C21'],{31353}
marts_E00165,tri,CC(C)=CCCC(C)=CCCC(C)=CCCC=C(C)CCC=C(C)CCC1OC1(C)C,CC1(C)C(O)CCC2(C)C1CCC1(C)C2CCC2C3C(CCC3(C)CCC12C)C(C)=C,['CC(C)=CCCC(C)=CCCC(C)=CCCC=C(C)CCC=C(C)CCC1OC1(C)C'],['CC1(C)C(O)CCC2(C)C1CCC1(C)C2CCC2C3C(CCC3(C)CCC12C)C(C)=C'],{31384}
marts_E00165,tri,CC(C)=CCCC(C)=CCCC(C)=CCCC=C(C)CCC=C(C)CCC1OC1(C)C,CC1(C)CC2C3=CCC4C5(C)CCC(O)C(C)(C)C5CCC4(C)C3(C)CCC2(C)CC1,['CC(C)=CCCC(C)=CCCC(C)=CCCC=C(C)CCC=C(C)CCC1OC1(C)C'],['CC1(C)CC2C3=CCC4C5(C)CCC(O)C(C)(C)C5CCC4(C)C3(C)CCC2(C)CC1'],{31008}
marts_E00165,tri,CC(C)=CCCC(C)=CCCC(C)=CCCC=C(C)CCC=C(C)CCC1OC1(C)C,CC1(C)C(O)CCC2(C)C1CCC1(C)C2CCC2C3C(C)C(C)=CCC3(C)CCC12C,['CC(C)=CCCC(C)=CCCC(C)=CCCC=C(C)CCC=C(C)CCC1OC1(C)C'],['CC1(C)C(O)CCC2(C)C1CCC1(C)C2CCC2C3C(C)C(C)=CCC3(C)CCC12C'],set()
marts_E00165,tri,CC(C)=CCCC(C)=CCCC(C)=CCCC=C(C)CCC=C(C)CCC1OC1(C)C,CC1(C)C(O)CCC2(C)C1CCC1(C)C2CCC2C3C(C)C(=C)CCC3(C)CCC12C,['CC(C)=CCCC(C)=CCCC(C)=CCCC=C(C)CCC=C(C)CCC1OC1(C)C'],['CC1(C)C(O)CCC2(C)C1CCC1(C)C2CCC2C3C(C)C(=C)CCC3(C)CCC12C'],set()
marts_E00165,tri,CC(C)=CCCC(C)=CCCC(C)=CCCC=C(C)CCC=C(C)CCC1OC1(C)C,CC1(C)CCC2(C)CCC3(C)C(CCC4C5(C)CCC(O)C(C)(C)C5CCC34C)C2=C1,['CC(C)=CCCC(C)=CCCC(C)=CCCC=C(C)CCC=C(C)CCC1OC1(C)C'],['CC1(C)CCC2(C)CCC3(C)C(CCC4C5(C)CCC(O)C(C)(C)C5CCC34C)C2=C1'],{31004}
marts_E00166,pt,CC(C)=CCCC(C)=CCOP([O-])(=O)OP([O-])([O-])=O.CC(=C)CCOP([O-])(=O)OP([O-])([O-])=O,CC(C)=CCCC(C)=CCCC(C)=CCOP([O-])(=O)OP([O-])([O-])=O,"['CC(C)=CCCC(C)=CCOP([O-])(=O)OP([O-])([O-])=O', 'CC(=C)CCOP([O-])(=O)OP([O-])([O-])=O']",['CC(C)=CCCC(C)=CCCC(C)=CCOP([O-])(=O)OP([O-])([O-])=O'],"{19362, 64573, 23301}"
marts_E00166,pt,CC(C)=CCOP([O-])(=O)OP([O-])([O-])=O.CC(=C)CCOP([O-])(=O)OP([O-])([O-])=O,CC(C)=CCCC(C)=CCCC(C)=CCCC(C)=CCOP([O-])(=O)OP([O-])([O-])=O,"['CC(C)=CCOP([O-])(=O)OP([O-])([O-])=O', 'CC(=C)CCOP([O-])(=O)OP([O-])([O-])=O']",['CC(C)=CCCC(C)=CCCC(C)=CCCC(C)=CCOP([O-])(=O)OP([O-])([O-])=O'],{55521}
marts_E00166,pt,CC(C)=CCCC(C)=CCOP([O-])(=O)OP([O-])([O-])=O.CC(C)=CCCC(C)=CCCC(C)=CCOP([O-])(=O)OP([O-])([O-])=O,CC(C)=CCCC(C)=CCCC(C)=CCCC(C)=CCOP([O-])(=O)OP([O-])([O-])=O,"['CC(C)=CCCC(C)=CCOP([O-])(=O)OP([O-])([O-])=O', 'CC(C)=CCCC(C)=CCCC(C)=CCOP([O-])(=O)OP([O-])([O-])=O']",['CC(C)=CCCC(C)=CCCC(C)=CCCC(C)=CCOP([O-])(=O)OP([O-])([O-])=O'],set()
marts_E00167,mono,CC(C)=CCCC(C)=CCOP([O-])(=O)OP([O-])([O-])=O,CC1CCC(CC=1)C(C)=C,['CC(C)=CCCC(C)=CCOP([O-])(=O)OP([O-])([O-])=O'],['CC1CCC(CC=1)C(C)=C'],"{68641, 10941, 12870}"
marts_E00168,hemi,CC(C)=CCOP([O-])(=O)OP([O-])([O-])=O,CC(=C)C=C,['CC(C)=CCOP([O-])(=O)OP([O-])([O-])=O'],['CC(=C)C=C'],{13370}
marts_E00168,mono,CC(C)=CCCC(C)=CCOP([O-])(=O)OP([O-])([O-])=O,CC1CCC(CC=1)C(C)=C,['CC(C)=CCCC(C)=CCOP([O-])(=O)OP([O-])([O-])=O'],['CC1CCC(CC=1)C(C)=C'],"{68641, 10941, 12870}"
marts_E00169,sesq,CC(C)=CCCC(C)=CCCC(C)=CCOP([O-])(=O)OP([O-])([O-])=O,CC1CCC(CC=C(C)CCC=1)C(C)=C,['CC(C)=CCCC(C)=CCCC(C)=CCOP([O-])(=O)OP([O-])([O-])=O'],['CC1CCC(CC=C(C)CCC=1)C(C)=C'],"{68777, 25453, 12517}"
marts_E00169,sesq,CC(C)=CCCC(C)=CCCC(C)=CCOP([O-])(=O)OP([O-])([O-])=O,CC1CCC=C(C)CC=CC(C)(C)CC=1,['CC(C)=CCCC(C)=CCCC(C)=CCOP([O-])(=O)OP([O-])([O-])=O'],['CC1CCC=C(C)CC=CC(C)(C)CC=1'],"{31896, 68781}"
marts_E00170,sesq,CC(C)=CCCC(C)=CCCC(C)=CCOP([O-])(=O)OP([O-])([O-])=O,CC1CCC(C2C=C(C)CCC12)C(C)=C,['CC(C)=CCCC(C)=CCCC(C)=CCOP([O-])(=O)OP([O-])([O-])=O'],['CC1CCC(C2C=C(C)CCC12)C(C)=C'],{18326}
marts_E00170,sesq,CC(C)=CCCC(C)=CCCC(C)=CCOP([O-])(=O)OP([O-])([O-])=O,CC(C)=C1CCC(C)C2CCC(C)=CC12,['CC(C)=CCCC(C)=CCCC(C)=CCOP([O-])(=O)OP([O-])([O-])=O'],['CC(C)=C1CCC(C)C2CCC(C)=CC12'],set()
marts_E00170,sesq,CC(C)=CCCC(C)=CCCC(C)=CCOP([O-])(=O)OP([O-])([O-])=O,CC(C)C1(O)CCC(C)C2CCC(C)=CC12,['CC(C)=CCCC(C)=CCCC(C)=CCOP([O-])(=O)OP([O-])([O-])=O'],['CC(C)C1(O)CCC(C)C2CCC(C)=CC12'],set()
marts_E00170,sesq,CC(C)=CCCC(C)=CCCC(C)=CCOP([O-])(=O)OP([O-])([O-])=O,CC1CCCC(C)(C)C=CC(=C)CCC=1,['CC(C)=CCCC(C)=CCCC(C)=CCOP([O-])(=O)OP([O-])([O-])=O'],['CC1CCCC(C)(C)C=CC(=C)CCC=1'],{25457}
marts_E00170,sesq,CC(C)=CCCC(C)=CCCC(C)=CCOP([O-])(=O)OP([O-])([O-])=O,CC(C)=CCCC(C)=CCCC(=C)C=C,['CC(C)=CCCC(C)=CCCC(C)=CCOP([O-])(=O)OP([O-])([O-])=O'],['CC(C)=CCCC(C)=CCCC(=C)C=C'],"{68545, 27426, 68857, 68505, 68509}"
marts_E00170,sesq,CC(C)=CCCC(C)=CCCC(C)=CCOP([O-])(=O)OP([O-])([O-])=O,CC(C)=CCCC(C)C1CCC(=C)C=C1,['CC(C)=CCCC(C)=CCCC(C)=CCOP([O-])(=O)OP([O-])([O-])=O'],['CC(C)=CCCC(C)C1CCC(=C)C=C1'],{32700}
marts_E00170,sesq,CC(C)=CCCC(C)=CCCC(C)=CCOP([O-])(=O)OP([O-])([O-])=O,CC(C)=CCCC(C)(O)C1CC=C(C)CC1,['CC(C)=CCCC(C)=CCCC(C)=CCOP([O-])(=O)OP([O-])([O-])=O'],['CC(C)=CCCC(C)(O)C1CC=C(C)CC1'],{34504}
marts_E00170,sesq,CC(C)=CCCC(C)=CCCC(C)=CCOP([O-])(=O)OP([O-])([O-])=O,CC1CCC(C2C=C(C)CCC12)C(C)(C)O,['CC(C)=CCCC(C)=CCCC(C)=CCOP([O-])(=O)OP([O-])([O-])=O'],['CC1CCC(C2C=C(C)CCC12)C(C)(C)O'],set()
marts_E00171,di,CC(C)=CCCC(C)=CCCC(C)=CCCC(C)=CCOP([O-])(=O)OP([O-])([O-])=O,CC1CCC2(C)C(CCC=C2C)C1(C)CCC(C)=CCOP([O-])(=O)OP([O-])([O-])=O,['CC(C)=CCCC(C)=CCCC(C)=CCCC(C)=CCOP([O-])(=O)OP([O-])([O-])=O'],['CC1CCC2(C)C(CCC=C2C)C1(C)CCC(C)=CCOP([O-])(=O)OP([O-])([O-])=O'],"{54685, 54677, 25614}"
marts_E00172,di,CC1CCC2(C)C(CCC=C2C)C1(C)CCC(C)=CCOP([O-])(=O)OP([O-])([O-])=O,CC1=CCCC2C1(C)CCC(C)C2(C)CCC(=C)C=C,['CC1CCC2(C)C(CCC=C2C)C1(C)CCC(C)=CCOP([O-])(=O)OP([O-])([O-])=O'],['CC1=CCCC2C1(C)CCC(C)C2(C)CCC(=C)C=C'],{25618}
marts_E00172,di,CC(C)=CCCC(C)=CCCC(C)=CCCC(C)=CCOP([O-])(=O)OP([O-])([O-])=O,CC(C)=CCCC(C)=CCCC(C)=CCC=C(C)C=C,['CC(C)=CCCC(C)=CCCC(C)=CCCC(C)=CCOP([O-])(=O)OP([O-])([O-])=O'],['CC(C)=CCCC(C)=CCCC(C)=CCC=C(C)C=C'],{74544}
marts_E00172,di,CC(C)=CCCC(C)=CCCC(C)=CCCC(C)=CCOP([O-])(=O)OP([O-])([O-])=O,CC(C)=CCCC(C)=CCCC(C)=CCCC(=C)C=C,['CC(C)=CCCC(C)=CCCC(C)=CCCC(C)=CCOP([O-])(=O)OP([O-])([O-])=O'],['CC(C)=CCCC(C)=CCCC(C)=CCCC(=C)C=C'],set()
marts_E00172,di,CC(C)=CCCC(C)=CCCC(C)=CCCC(C)=CCOP([O-])(=O)OP([O-])([O-])=O,CC(C)=CCCC(C)=CCCC(C)=CCC=C(C)C=C,['CC(C)=CCCC(C)=CCCC(C)=CCCC(C)=CCOP([O-])(=O)OP([O-])([O-])=O'],['CC(C)=CCCC(C)=CCCC(C)=CCC=C(C)C=C'],{74544}
marts_E00172,sesq,CC(C)=CCCC(C)=CCCC(C)=CCOP([O-])(=O)OP([O-])([O-])=O,CC(C)=CCCC(C)=CCCC(=C)C=C,['CC(C)=CCCC(C)=CCCC(C)=CCOP([O-])(=O)OP([O-])([O-])=O'],['CC(C)=CCCC(C)=CCCC(=C)C=C'],"{68545, 27426, 68857, 68505, 68509}"
marts_E00172,sesq,CC(C)=CCCC(C)=CCCC(C)=CCOP([O-])(=O)OP([O-])([O-])=O,CC(C)=CCCC(C)=CCC=C(C)C=C,['CC(C)=CCCC(C)=CCCC(C)=CCOP([O-])(=O)OP([O-])([O-])=O'],['CC(C)=CCCC(C)=CCC=C(C)C=C'],{27422}
marts_E00172,sesq,CC(C)=CCCC(C)=CCCC(C)=CCOP([O-])(=O)OP([O-])([O-])=O,CC(C)=CCCC(C)=CCC=C(C)C=C,['CC(C)=CCCC(C)=CCCC(C)=CCOP([O-])(=O)OP([O-])([O-])=O'],['CC(C)=CCCC(C)=CCC=C(C)C=C'],{27422}
marts_E00175,di,CC(C)=CCCC(C)=CCCC(C)=CCCC(C)=CCOP([O-])(=O)OP([O-])([O-])=O,CC1(C)CCCC2(C)C1CCC(=C)C2CCC(C)=CCOP([O-])(=O)OP([O-])([O-])=O,['CC(C)=CCCC(C)=CCCC(C)=CCCC(C)=CCOP([O-])(=O)OP([O-])([O-])=O'],['CC1(C)CCCC2(C)C1CCC(=C)C2CCC(C)=CCOP([O-])(=O)OP([O-])([O-])=O'],"{14842, 24317, 25525}"
marts_E00175,di,CC1(C)CCCC2(C)C1CCC(=C)C2CCC(C)=CCOP([O-])(=O)OP([O-])([O-])=O,CC1(C)CCCC2(C)C1CCC1CC3CC21CCC3(C)O,['CC1(C)CCCC2(C)C1CCC(=C)C2CCC(C)=CCOP([O-])(=O)OP([O-])([O-])=O'],['CC1(C)CCCC2(C)C1CCC1CC3CC21CCC3(C)O'],{26214}
marts_E00175,di,CC1(C)CCCC2(C)C1CCC(=C)C2CCC(C)=CCOP([O-])(=O)OP([O-])([O-])=O,CC1(C)CCCC2(C)C1CCC1CC3CC21CCC3=C,['CC1(C)CCCC2(C)C1CCC(=C)C2CCC(C)=CCOP([O-])(=O)OP([O-])([O-])=O'],['CC1(C)CCCC2(C)C1CCC1CC3CC21CCC3=C'],{25557}
marts_E00175,di,CC1(C)CCCC2(C)C1CCC(=C)C2CCC(C)=CCOP([O-])(=O)OP([O-])([O-])=O,CC1(C)CCCC2(C)C1CCC1CC3CC21CC=C3C,['CC1(C)CCCC2(C)C1CCC(=C)C2CCC(C)=CCOP([O-])(=O)OP([O-])([O-])=O'],['CC1(C)CCCC2(C)C1CCC1CC3CC21CC=C3C'],set()
marts_E00176,tri,CC(C)=CCCC(C)=CCCC(C)=CCCC=C(C)CCC=C(C)CCC1OC1(C)C,CC1(C)C(O)CCC2(C)C1CCC1=C2CCC2(C)C(CCC21C)C(C)CCC=C(C)C,['CC(C)=CCCC(C)=CCCC(C)=CCCC=C(C)CCC=C(C)CCC1OC1(C)C'],['CC1(C)C(O)CCC2(C)C1CCC1=C2CCC2(C)C(CCC21C)C(C)CCC=C(C)C'],{14622}
marts_E00177,mono,CC(C)=CCCC(C)=CCOP([O-])(=O)OP([O-])([O-])=O,CC(C)=CCCC(C)(O)C=C,['CC(C)=CCCC(C)=CCOP([O-])(=O)OP([O-])([O-])=O'],['CC(C)=CCCC(C)(O)C=C'],"{15810, 68709, 24117}"
marts_E00178,sesq,CC(C)=CCCC(C)=CCCC(C)=CCOP([O-])(=O)OP([O-])([O-])=O,CC(C)=CCCC(C)=CCCC(=C)C=C,['CC(C)=CCCC(C)=CCCC(C)=CCOP([O-])(=O)OP([O-])([O-])=O'],['CC(C)=CCCC(C)=CCCC(=C)C=C'],"{68545, 27426, 68857, 68505, 68509}"
marts_E00179,pt,CC(C)=CCCC(C)=CCOP([O-])(=O)OP([O-])([O-])=O.CC(=C)CCOP([O-])(=O)OP([O-])([O-])=O,CC(C)=CCCC(C)=CCCC(C)=CCOP([O-])(=O)OP([O-])([O-])=O,"['CC(C)=CCCC(C)=CCOP([O-])(=O)OP([O-])([O-])=O', 'CC(=C)CCOP([O-])(=O)OP([O-])([O-])=O']",['CC(C)=CCCC(C)=CCCC(C)=CCOP([O-])(=O)OP([O-])([O-])=O'],"{19362, 64573, 23301}"
marts_E00179,pt,CC(C)=CCOP([O-])(=O)OP([O-])([O-])=O.CC(=C)CCOP([O-])(=O)OP([O-])([O-])=O,CC(C)=CCCC(C)=CCOP([O-])(=O)OP([O-])([O-])=O,"['CC(C)=CCOP([O-])(=O)OP([O-])([O-])=O', 'CC(=C)CCOP([O-])(=O)OP([O-])([O-])=O']",['CC(C)=CCCC(C)=CCOP([O-])(=O)OP([O-])([O-])=O'],"{11329, 22409}"
marts_E00179,pt,CC(C)=CCCC(C)=CCOP([O-])(=O)OP([O-])([O-])=O.CC(C)=CCCC(C)=CCCC(C)=CCOP([O-])(=O)OP([O-])([O-])=O,CC(C)=CCCC(C)=CCCC(C)=CCCC(C)=CCOP([O-])(=O)OP([O-])([O-])=O,"['CC(C)=CCCC(C)=CCOP([O-])(=O)OP([O-])([O-])=O', 'CC(C)=CCCC(C)=CCCC(C)=CCOP([O-])(=O)OP([O-])([O-])=O']",['CC(C)=CCCC(C)=CCCC(C)=CCCC(C)=CCOP([O-])(=O)OP([O-])([O-])=O'],set()
marts_E00180,mono,CC(C)=CCCC(C)=CCOP([O-])(=O)OP([O-])([O-])=O,CC1(C)C2CC1CCC2=C,['CC(C)=CCCC(C)=CCOP([O-])(=O)OP([O-])([O-])=O'],['CC1(C)C2CC1CCC2=C'],"{25497, 25667, 32580}"
marts_E00180,mono,CC(C)=CCCC(C)=CCOP([O-])(=O)OP([O-])([O-])=O,CC1=CCC2CC1C2(C)C,['CC(C)=CCCC(C)=CCOP([O-])(=O)OP([O-])([O-])=O'],['CC1=CCC2CC1C2(C)C'],"{32576, 25489, 25663}"
marts_E00181,mono,CC(C)=CCCC(C)=CCOP([O-])(=O)OP([O-])([O-])=O,CC1(C)C2CC(CC2)C1=C,['CC(C)=CCCC(C)=CCOP([O-])(=O)OP([O-])([O-])=O'],['CC1(C)C2CC(CC2)C1=C'],"{32568, 80392, 25485}"
marts_E00181,mono,CC(C)=CCCC(C)=CCOP([O-])(=O)OP([O-])([O-])=O,CC1=CCC2CC1C2(C)C,['CC(C)=CCCC(C)=CCOP([O-])(=O)OP([O-])([O-])=O'],['CC1=CCC2CC1C2(C)C'],"{32576, 25489, 25663}"
marts_E00181,mono,CC(C)=CCCC(C)=CCOP([O-])(=O)OP([O-])([O-])=O,CC1CCC(CC=1)C(C)=C,['CC(C)=CCCC(C)=CCOP([O-])(=O)OP([O-])([O-])=O'],['CC1CCC(CC=1)C(C)=C'],"{68641, 10941, 12870}"
marts_E00182,tri,CC(C)=CCCC(C)=CCCC(C)=CCCC=C(C)CCC=C(C)CCC1OC1(C)C,CC1(C)CC2C3(C)CCC4=C(CCC5C4(C)CCC(O)C5(C)C)C3(C)CCC2(C)CC1,['CC(C)=CCCC(C)=CCCC(C)=CCCC=C(C)CCC=C(C)CCC1OC1(C)C'],['CC1(C)CC2C3(C)CCC4=C(CCC5C4(C)CCC(O)C5(C)C)C3(C)CCC2(C)CC1'],{30452}
marts_E00183,di,CC(C)=CCCC(C)=CCCC(C)=CCCC(C)=CCOP([O-])(=O)OP([O-])([O-])=O,CC1(C)CCCC2(C)C1CCC(=C)C2CCC(C)=CCOP([O-])(=O)OP([O-])([O-])=O,['CC(C)=CCCC(C)=CCCC(C)=CCCC(C)=CCOP([O-])(=O)OP([O-])([O-])=O'],['CC1(C)CCCC2(C)C1CCC(=C)C2CCC(C)=CCOP([O-])(=O)OP([O-])([O-])=O'],"{14842, 24317, 25525}"
marts_E00183,di,CC1(C)CCCC2(C)C1CCC(=C)C2CCC(C)=CCOP([O-])(=O)OP([O-])([O-])=O,CC1(C)CCCC2(C)C1CCC1=CC(=CCC21)C(C)C,['CC1(C)CCCC2(C)C1CCC(=C)C2CCC(C)=CCOP([O-])(=O)OP([O-])([O-])=O'],['CC1(C)CCCC2(C)C1CCC1=CC(=CCC21)C(C)C'],{25549}
marts_E00185,mono,CC(C)=CCCC(C)=CCOP([O-])(=O)OP([O-])([O-])=O,CC1CCC(CC=1)C(C)=C,['CC(C)=CCCC(C)=CCOP([O-])(=O)OP([O-])([O-])=O'],['CC1CCC(CC=1)C(C)=C'],"{68641, 10941, 12870}"
marts_E00186,di,CC(C)=CCCC(C)=CCCC(C)=CCCC(C)=CCOP([O-])(=O)OP([O-])([O-])=O,CC(C)=CCCC(C)=CCCC(C)=CCCC(C)(O)C=C,['CC(C)=CCCC(C)=CCCC(C)=CCCC(C)=CCOP([O-])(=O)OP([O-])([O-])=O'],['CC(C)=CCCC(C)=CCCC(C)=CCCC(C)(O)C=C'],{38156}
marts_E00188,mono,CC(C)=CCCC(C)=CCOP([O-])(=O)OP([O-])([O-])=O,CC1CCC(CC=1)C(C)=C,['CC(C)=CCCC(C)=CCOP([O-])(=O)OP([O-])([O-])=O'],['CC1CCC(CC=1)C(C)=C'],"{68641, 10941, 12870}"
marts_E00188,mono,CC(C)=CCCC(C)=CCOP([O-])(=O)OP([O-])([O-])=O,CC1=CCC2CC1C2(C)C,['CC(C)=CCCC(C)=CCOP([O-])(=O)OP([O-])([O-])=O'],['CC1=CCC2CC1C2(C)C'],"{32576, 25489, 25663}"
marts_E00188,mono,CC(C)=CCCC(C)=CCOP([O-])(=O)OP([O-])([O-])=O,CC(C)C12CCC(=C)C1C2,['CC(C)=CCCC(C)=CCOP([O-])(=O)OP([O-])([O-])=O'],['CC(C)C12CCC(=C)C1C2'],"{68637, 32548, 25509}"
marts_E00188,mono,CC(C)=CCCC(C)=CCOP([O-])(=O)OP([O-])([O-])=O,CC1(C)C2CC1CCC2=C,['CC(C)=CCCC(C)=CCOP([O-])(=O)OP([O-])([O-])=O'],['CC1(C)C2CC1CCC2=C'],"{25497, 25667, 32580}"
marts_E00188,mono,CC(C)=CCCC(C)=CCOP([O-])(=O)OP([O-])([O-])=O,CC(C)=CCCC(=C)C=C,['CC(C)=CCCC(C)=CCOP([O-])(=O)OP([O-])([O-])=O'],['CC(C)=CCCC(=C)C=C'],{16966}
marts_E00189,tri,CC(C)=CCCC(C)=CCCC(C)=CCCC=C(C)CCC=C(C)CCC1OC1(C)C,CC1(C)CC2C3=CCC4C5(C)CCC(O)C(C)(C)C5CCC4(C)C3(C)CCC2(C)CC1,['CC(C)=CCCC(C)=CCCC(C)=CCCC=C(C)CCC=C(C)CCC1OC1(C)C'],['CC1(C)CC2C3=CCC4C5(C)CCC(O)C(C)(C)C5CCC4(C)C3(C)CCC2(C)CC1'],{31008}
marts_E00191,pt,CC(C)=CCCC(C)=CCOP([O-])(=O)OP([O-])([O-])=O.CC(=C)CCOP([O-])(=O)OP([O-])([O-])=O,CC(C)=CCCC(C)=CCCC(C)=CCOP([O-])(=O)OP([O-])([O-])=O,"['CC(C)=CCCC(C)=CCOP([O-])(=O)OP([O-])([O-])=O', 'CC(=C)CCOP([O-])(=O)OP([O-])([O-])=O']",['CC(C)=CCCC(C)=CCCC(C)=CCOP([O-])(=O)OP([O-])([O-])=O'],"{19362, 64573, 23301}"
marts_E00192,pt,CC(C)=CCCC(C)=CCOP([O-])(=O)OP([O-])([O-])=O.CC(C)=CCCC(C)=CCCC(C)=CCOP([O-])(=O)OP([O-])([O-])=O,CC(C)=CCCC(C)=CCCC(C)=CCCC(C)=CCOP([O-])(=O)OP([O-])([O-])=O,"['CC(C)=CCCC(C)=CCOP([O-])(=O)OP([O-])([O-])=O', 'CC(C)=CCCC(C)=CCCC(C)=CCOP([O-])(=O)OP([O-])([O-])=O']",['CC(C)=CCCC(C)=CCCC(C)=CCCC(C)=CCOP([O-])(=O)OP([O-])([O-])=O'],set()
marts_E00193,pt,CC(C)=CCCC(C)=CCOP([O-])(=O)OP([O-])([O-])=O.CC(=C)CCOP([O-])(=O)OP([O-])([O-])=O,CC(C)=CCCC(C)=CCCC(C)=CCOP([O-])(=O)OP([O-])([O-])=O,"['CC(C)=CCCC(C)=CCOP([O-])(=O)OP([O-])([O-])=O', 'CC(=C)CCOP([O-])(=O)OP([O-])([O-])=O']",['CC(C)=CCCC(C)=CCCC(C)=CCOP([O-])(=O)OP([O-])([O-])=O'],"{19362, 64573, 23301}"
marts_E00194,pt,CC(C)=CCCC(C)=CCOP([O-])(=O)OP([O-])([O-])=O.CC(=C)CCOP([O-])(=O)OP([O-])([O-])=O,CC(C)=CCCC(C)=CCCC(C)=CCOP([O-])(=O)OP([O-])([O-])=O,"['CC(C)=CCCC(C)=CCOP([O-])(=O)OP([O-])([O-])=O', 'CC(=C)CCOP([O-])(=O)OP([O-])([O-])=O']",['CC(C)=CCCC(C)=CCCC(C)=CCOP([O-])(=O)OP([O-])([O-])=O'],"{19362, 64573, 23301}"
marts_E00195,sesq,CC(C)=CCCC(C)=CCCC(C)=CCOP([O-])(=O)OP([O-])([O-])=O,CC1CCC(CC=C(C)CCC=1)C(C)=C,['CC(C)=CCCC(C)=CCCC(C)=CCOP([O-])(=O)OP([O-])([O-])=O'],['CC1CCC(CC=C(C)CCC=1)C(C)=C'],"{68777, 25453, 12517}"
marts_E00196,pt,CC(C)=CCCC(C)=CCOP([O-])(=O)OP([O-])([O-])=O.CC(=C)CCOP([O-])(=O)OP([O-])([O-])=O,CC(C)=CCCC(C)=CCCC(C)=CCOP([O-])(=O)OP([O-])([O-])=O,"['CC(C)=CCCC(C)=CCOP([O-])(=O)OP([O-])([O-])=O', 'CC(=C)CCOP([O-])(=O)OP([O-])([O-])=O']",['CC(C)=CCCC(C)=CCCC(C)=CCOP([O-])(=O)OP([O-])([O-])=O'],"{19362, 64573, 23301}"
marts_E00196,pt,CC(C)=CCOP([O-])(=O)OP([O-])([O-])=O.CC(=C)CCOP([O-])(=O)OP([O-])([O-])=O,CC(C)=CCCC(C)=CCOP([O-])(=O)OP([O-])([O-])=O,"['CC(C)=CCOP([O-])(=O)OP([O-])([O-])=O', 'CC(=C)CCOP([O-])(=O)OP([O-])([O-])=O']",['CC(C)=CCCC(C)=CCOP([O-])(=O)OP([O-])([O-])=O'],"{11329, 22409}"
marts_E00197,tri,CC(C)=CCCC(C)=CCCC(C)=CCCC=C(C)CCC=C(C)CCC1OC1(C)C,CC1(C)C(O)CCC23CC42CCC2(C)C(CCC2(C)C4CCC13)C(C)CCC=C(C)C,['CC(C)=CCCC(C)=CCCC(C)=CCCC=C(C)CCC=C(C)CCC1OC1(C)C'],['CC1(C)C(O)CCC23CC42CCC2(C)C(CCC2(C)C4CCC13)C(C)CCC=C(C)C'],{21309}
marts_E00198,tri,CC(C)=CCCC(C)=CCCC(C)=CCCC=C(C)CCC=C(C)CCC1OC1(C)C,CC1(C)C(O)CCC23CC42CCC2(C)C(CCC2(C)C4CCC13)C(C)CCC=C(C)C,['CC(C)=CCCC(C)=CCCC(C)=CCCC=C(C)CCC=C(C)CCC1OC1(C)C'],['CC1(C)C(O)CCC23CC42CCC2(C)C(CCC2(C)C4CCC13)C(C)CCC=C(C)C'],{21309}
marts_E00199,tri,CC(C)=CCCC(C)=CCCC(C)=CCCC=C(C)CCC=C(C)CCC1OC1(C)C,CC1(C)C(O)CCC2(C)C1CCC1(C)C2CCC2C3C(CCC3(C)CCC12C)C(C)=C,['CC(C)=CCCC(C)=CCCC(C)=CCCC=C(C)CCC=C(C)CCC1OC1(C)C'],['CC1(C)C(O)CCC2(C)C1CCC1(C)C2CCC2C3C(CCC3(C)CCC12C)C(C)=C'],{31384}
marts_E00200,tri,CC(C)=CCCC(C)=CCCC(C)=CCCC=C(C)CCC=C(C)CCC1OC1(C)C,CC1(C)CC2C3=CCC4C5(C)CCC(O)C(C)(C)C5CCC4(C)C3(C)CCC2(C)CC1,['CC(C)=CCCC(C)=CCCC(C)=CCCC=C(C)CCC=C(C)CCC1OC1(C)C'],['CC1(C)CC2C3=CCC4C5(C)CCC(O)C(C)(C)C5CCC4(C)C3(C)CCC2(C)CC1'],{31008}
marts_E00201,tri,CC(C)=CCCC(C)=CCCC(C)=CCCC=C(C)CCC=C(C)CCC1OC1(C)C,CC1(C)CC2C3=CCC4C5(C)CCC(O)C(C)(C)C5CCC4(C)C3(C)CCC2(C)CC1,['CC(C)=CCCC(C)=CCCC(C)=CCCC=C(C)CCC=C(C)CCC1OC1(C)C'],['CC1(C)CC2C3=CCC4C5(C)CCC(O)C(C)(C)C5CCC4(C)C3(C)CCC2(C)CC1'],{31008}
marts_E00202,mono,CC(C)=CCCC(C)=CCOP([O-])(=O)OP([O-])([O-])=O,CC1CCC(CC=1)C(C)(C)O,['CC(C)=CCCC(C)=CCOP([O-])(=O)OP([O-])([O-])=O'],['CC1CCC(CC=1)C(C)(C)O'],"{32552, 32556}"
marts_E00202,mono,CC(C)=CCCC(C)=CCOP([O-])(=O)OP([O-])([O-])=O,CC1CCC(CC=1)C(C)=C,['CC(C)=CCCC(C)=CCOP([O-])(=O)OP([O-])([O-])=O'],['CC1CCC(CC=1)C(C)=C'],"{68641, 10941, 12870}"
marts_E00202,mono,CC(C)=CCCC(C)=CCOP([O-])(=O)OP([O-])([O-])=O,CC1CC=C(CC=1)C(C)C,['CC(C)=CCCC(C)=CCOP([O-])(=O)OP([O-])([O-])=O'],['CC1CC=C(CC=1)C(C)C'],{32560}
marts_E00202,mono,CC(C)=CCCC(C)=CCOP([O-])(=O)OP([O-])([O-])=O,CC(C)=C1CC=C(C)CC1,['CC(C)=CCCC(C)=CCOP([O-])(=O)OP([O-])([O-])=O'],['CC(C)=C1CC=C(C)CC1'],{25501}
marts_E00202,mono,CC(C)=CCCC(C)=CCOP([O-])(=O)OP([O-])([O-])=O,CC(C)=CCCC(=C)C=C,['CC(C)=CCCC(C)=CCOP([O-])(=O)OP([O-])([O-])=O'],['CC(C)=CCCC(=C)C=C'],{16966}
marts_E00203,tri,CC(C)=CCCC(C)=CCCC(C)=CCCC=C(C)CCC=C(C)CCC1OC1(C)C,CC1(C)C(O)CCC23CC42CCC2(C)C(CCC2(C)C4CCC13)C(C)CCC=C(C)C,['CC(C)=CCCC(C)=CCCC(C)=CCCC=C(C)CCC=C(C)CCC1OC1(C)C'],['CC1(C)C(O)CCC23CC42CCC2(C)C(CCC2(C)C4CCC13)C(C)CCC=C(C)C'],{21309}
marts_E00204,tri,CC(C)=CCCC(C)=CCCC(C)=CCCC=C(C)CCC=C(C)CCC1OC1(C)C,CC1(C)C(O)CCC2(C)C1CCC1(C)C2CCC2C3C(CCC3(C)CCC12C)C(C)=C,['CC(C)=CCCC(C)=CCCC(C)=CCCC=C(C)CCC=C(C)CCC1OC1(C)C'],['CC1(C)C(O)CCC2(C)C1CCC1(C)C2CCC2C3C(CCC3(C)CCC12C)C(C)=C'],{31384}
marts_E00204,tri,CC(C)=CCCC(C)=CCCC(C)=CCCC=C(C)CCC=C(C)CCC1OC1(C)C,CC1(C)CCC2(C)CCC3(C)C(CCC4C5(C)CCC(O)C(C)(C)C5CCC34C)C2=C1,['CC(C)=CCCC(C)=CCCC(C)=CCCC=C(C)CCC=C(C)CCC1OC1(C)C'],['CC1(C)CCC2(C)CCC3(C)C(CCC4C5(C)CCC(O)C(C)(C)C5CCC34C)C2=C1'],{31004}
marts_E00204,tri,CC(C)=CCCC(C)=CCCC(C)=CCCC=C(C)CCC=C(C)CCC1OC1(C)C,CC1(C)CC2C3=CCC4C5(C)CCC(O)C(C)(C)C5CCC4(C)C3(C)CCC2(C)CC1,['CC(C)=CCCC(C)=CCCC(C)=CCCC=C(C)CCC=C(C)CCC1OC1(C)C'],['CC1(C)CC2C3=CCC4C5(C)CCC(O)C(C)(C)C5CCC4(C)C3(C)CCC2(C)CC1'],{31008}
marts_E00205,pt,CC(C)=CCCC(C)=CCOP([O-])(=O)OP([O-])([O-])=O.CC(=C)CCOP([O-])(=O)OP([O-])([O-])=O,CC(C)=CCCC(C)=CCCC(C)=CCOP([O-])(=O)OP([O-])([O-])=O,"['CC(C)=CCCC(C)=CCOP([O-])(=O)OP([O-])([O-])=O', 'CC(=C)CCOP([O-])(=O)OP([O-])([O-])=O']",['CC(C)=CCCC(C)=CCCC(C)=CCOP([O-])(=O)OP([O-])([O-])=O'],"{19362, 64573, 23301}"
marts_E00205,pt,CC(C)=CCOP([O-])(=O)OP([O-])([O-])=O.CC(=C)CCOP([O-])(=O)OP([O-])([O-])=O,CC(C)=CCCC(C)=CCOP([O-])(=O)OP([O-])([O-])=O,"['CC(C)=CCOP([O-])(=O)OP([O-])([O-])=O', 'CC(=C)CCOP([O-])(=O)OP([O-])([O-])=O']",['CC(C)=CCCC(C)=CCOP([O-])(=O)OP([O-])([O-])=O'],"{11329, 22409}"
marts_E00205,pt,CC(C)=CCCC(C)=CCCC(C)=CCOP([O-])(=O)OP([O-])([O-])=O.CC(C)=CCCC(C)=CCCC(C)=CCCC(C)=CCOP([O-])(=O)OP([O-])([O-])=O,CC(C)=CCCC(C)=CCCC(C)=CCCC(C)=CCCC(C)=CCOP([O-])(=O)OP([O-])([O-])=O,"['CC(C)=CCCC(C)=CCCC(C)=CCOP([O-])(=O)OP([O-])([O-])=O', 'CC(C)=CCCC(C)=CCCC(C)=CCCC(C)=CCOP([O-])(=O)OP([O-])([O-])=O']",['CC(C)=CCCC(C)=CCCC(C)=CCCC(C)=CCCC(C)=CCOP([O-])(=O)OP([O-])([O-])=O'],set()
marts_E00205,pt,CC(C)=CCCC(C)=CCOP([O-])(=O)OP([O-])([O-])=O.CC(C)=CCCC(C)=CCCC(C)=CCOP([O-])(=O)OP([O-])([O-])=O,CC(C)=CCCC(C)=CCCC(C)=CCCC(C)=CCOP([O-])(=O)OP([O-])([O-])=O,"['CC(C)=CCCC(C)=CCOP([O-])(=O)OP([O-])([O-])=O', 'CC(C)=CCCC(C)=CCCC(C)=CCOP([O-])(=O)OP([O-])([O-])=O']",['CC(C)=CCCC(C)=CCCC(C)=CCCC(C)=CCOP([O-])(=O)OP([O-])([O-])=O'],set()
marts_E00206,sesq,CC(C)=CCCC(C)=CCCC(C)=CCOP([O-])(=O)OP([O-])([O-])=O,CC1CCC2C(CC2(C)C)C(=C)CCC=1,['CC(C)=CCCC(C)=CCCC(C)=CCOP([O-])(=O)OP([O-])([O-])=O'],['CC1CCC2C(CC2(C)C)C(=C)CCC=1'],"{31816, 34704, 28295}"
marts_E00206,sesq,CC(C)=CCCC(C)=CCCC(C)=CCOP([O-])(=O)OP([O-])([O-])=O,CC1CCC=C(C)CC=CC(C)(C)CC=1,['CC(C)=CCCC(C)=CCCC(C)=CCOP([O-])(=O)OP([O-])([O-])=O'],['CC1CCC=C(C)CC=CC(C)(C)CC=1'],"{31896, 68781}"
marts_E00206,mono,CC(C)=CCCC(C)=CCOP([O-])(=O)OP([O-])([O-])=O,CC1CCC(CC=1)C(C)=C,['CC(C)=CCCC(C)=CCOP([O-])(=O)OP([O-])([O-])=O'],['CC1CCC(CC=1)C(C)=C'],"{68641, 10941, 12870}"
marts_E00206,mono,CC(C)=CCCC(C)=CCOP([O-])(=O)OP([O-])([O-])=O,CC(C)=C1CC=C(C)CC1,['CC(C)=CCCC(C)=CCOP([O-])(=O)OP([O-])([O-])=O'],['CC(C)=C1CC=C(C)CC1'],{25501}
marts_E00206,mono,CC(C)=CCCC(C)=CCOP([O-])(=O)OP([O-])([O-])=O,CC1(C)C2CC1CCC2=C,['CC(C)=CCCC(C)=CCOP([O-])(=O)OP([O-])([O-])=O'],['CC1(C)C2CC1CCC2=C'],"{25497, 25667, 32580}"
marts_E00206,mono,CC(C)=CCCC(C)=CCOP([O-])(=O)OP([O-])([O-])=O,CC1CC=C(CC=1)C(C)C,['CC(C)=CCCC(C)=CCOP([O-])(=O)OP([O-])([O-])=O'],['CC1CC=C(CC=1)C(C)C'],{32560}
marts_E00206,mono,CC(C)=CCCC(C)=CCOP([O-])(=O)OP([O-])([O-])=O,CC1CCC(=CC=1)C(C)C,['CC(C)=CCCC(C)=CCOP([O-])(=O)OP([O-])([O-])=O'],['CC1CCC(=CC=1)C(C)C'],{32564}
marts_E00206,mono,CC(C)=CCCC(C)=CCOP([O-])(=O)OP([O-])([O-])=O,CC(C)=CCCC(C)(O)C=C,['CC(C)=CCCC(C)=CCOP([O-])(=O)OP([O-])([O-])=O'],['CC(C)=CCCC(C)(O)C=C'],"{15810, 68709, 24117}"
marts_E00206,mono,CC(C)=CCCC(C)=CCOP([O-])(=O)OP([O-])([O-])=O,CC(C)=CCCC(C)=CCO,['CC(C)=CCCC(C)=CCOP([O-])(=O)OP([O-])([O-])=O'],['CC(C)=CCCC(C)=CCO'],"{32680, 65829}"
marts_E00206,mono,CC(C)=CC1C(COP([O-])(=O)OP([O-])([O-])=O)C1(C)C,CC(C)(C=C)C=CC(C)(C)O,['CC(C)=CC1C(COP([O-])(=O)OP([O-])([O-])=O)C1(C)C'],['CC(C)(C=C)C=CC(C)(C)O'],set()
marts_E00207,pt,CC(C)=CCCC(C)=CCOP([O-])(=O)OP([O-])([O-])=O.CC(C)=CCCC(C)=CCCC(C)=CCOP([O-])(=O)OP([O-])([O-])=O,CC(C)=CCCC(C)=CCCC(C)=CCCC(C)=CCOP([O-])(=O)OP([O-])([O-])=O,"['CC(C)=CCCC(C)=CCOP([O-])(=O)OP([O-])([O-])=O', 'CC(C)=CCCC(C)=CCCC(C)=CCOP([O-])(=O)OP([O-])([O-])=O']",['CC(C)=CCCC(C)=CCCC(C)=CCCC(C)=CCOP([O-])(=O)OP([O-])([O-])=O'],set()
marts_E00208,sesq,CC(C)=CCCC(C)=CCCC(C)=CCOP([O-])(=O)OP([O-])([O-])=O,CC1CCC(CC=C(C)CCC=1)C(C)=C,['CC(C)=CCCC(C)=CCCC(C)=CCOP([O-])(=O)OP([O-])([O-])=O'],['CC1CCC(CC=C(C)CCC=1)C(C)=C'],"{68777, 25453, 12517}"
marts_E00209,sesq,CC(C)=CCCC(C)=CCCC(C)=CCOP([O-])(=O)OP([O-])([O-])=O,CC1CCC(CC=C(C)CCC=1)C(C)=C,['CC(C)=CCCC(C)=CCCC(C)=CCOP([O-])(=O)OP([O-])([O-])=O'],['CC1CCC(CC=C(C)CCC=1)C(C)=C'],"{68777, 25453, 12517}"
marts_E00210,tri,CC(C)=CCCC(C)=CCCC(C)=CCCC=C(C)CCC=C(C)CCC1OC1(C)C,CC1(C)CC2C3=CCC4C5(C)CCC(O)C(C)(C)C5CCC4(C)C3(C)CCC2(C)CC1,['CC(C)=CCCC(C)=CCCC(C)=CCCC=C(C)CCC=C(C)CCC1OC1(C)C'],['CC1(C)CC2C3=CCC4C5(C)CCC(O)C(C)(C)C5CCC4(C)C3(C)CCC2(C)CC1'],{31008}
marts_E00210,tri,CC(C)=CCCC(C)=CCCC(C)=CCCC=C(C)CCC=C(C)CCC1OC1(C)C,CC1(C)C(O)CCC2(C)C1CCC1(C)C2CC=C2C3C(C)C(C)CCC3(C)CCC12C,['CC(C)=CCCC(C)=CCCC(C)=CCCC=C(C)CCC=C(C)CCC1OC1(C)C'],['CC1(C)C(O)CCC2(C)C1CCC1(C)C2CC=C2C3C(C)C(C)CCC3(C)CCC12C'],{31388}
marts_E00210,tri,CC(C)=CCCC(C)=CCCC(C)=CCCC=C(C)CCC=C(C)CCC1OC1(C)C,CC1(C)C(O)CCC2(C)C1CCC1(C)C2CCC2C3C(CCC3(C)CCC12C)C(C)=C,['CC(C)=CCCC(C)=CCCC(C)=CCCC=C(C)CCC=C(C)CCC1OC1(C)C'],['CC1(C)C(O)CCC2(C)C1CCC1(C)C2CCC2C3C(CCC3(C)CCC12C)C(C)=C'],{31384}
marts_E00211,pt,CC(C)=CCCC(C)=CCCC(C)=CCOP([O-])(=O)OP([O-])([O-])=O.CC(C)=CCCC(C)=CCCC(C)=CCCC(C)=CCOP([O-])(=O)OP([O-])([O-])=O,CC(C)=CCCC(C)=CCCC(C)=CCCC(C)=CCCC(C)=CCOP([O-])(=O)OP([O-])([O-])=O,"['CC(C)=CCCC(C)=CCCC(C)=CCOP([O-])(=O)OP([O-])([O-])=O', 'CC(C)=CCCC(C)=CCCC(C)=CCCC(C)=CCOP([O-])(=O)OP([O-])([O-])=O']",['CC(C)=CCCC(C)=CCCC(C)=CCCC(C)=CCCC(C)=CCOP([O-])(=O)OP([O-])([O-])=O'],set()
marts_E00211,pt,CC(C)=CCCC(C)=CCOP([O-])(=O)OP([O-])([O-])=O.CC(C)=CCCC(C)=CCCC(C)=CCOP([O-])(=O)OP([O-])([O-])=O,CC(C)=CCCC(C)=CCCC(C)=CCCC(C)=CCOP([O-])(=O)OP([O-])([O-])=O,"['CC(C)=CCCC(C)=CCOP([O-])(=O)OP([O-])([O-])=O', 'CC(C)=CCCC(C)=CCCC(C)=CCOP([O-])(=O)OP([O-])([O-])=O']",['CC(C)=CCCC(C)=CCCC(C)=CCCC(C)=CCOP([O-])(=O)OP([O-])([O-])=O'],set()
marts_E00212,pt,CC(C)=CCCC(C)=CCCC(C)=CCOP([O-])(=O)OP([O-])([O-])=O.CC(=C)CCOP([O-])(=O)OP([O-])([O-])=O,CC(C)=CCCC(C)=CCCC(C)=CCCC(C)=CCOP([O-])(=O)OP([O-])([O-])=O,"['CC(C)=CCCC(C)=CCCC(C)=CCOP([O-])(=O)OP([O-])([O-])=O', 'CC(=C)CCOP([O-])(=O)OP([O-])([O-])=O']",['CC(C)=CCCC(C)=CCCC(C)=CCCC(C)=CCOP([O-])(=O)OP([O-])([O-])=O'],"{31280, 64581, 17654}"
marts_E00221,sesq,CC(C)=CCCC(C)=CCCC(C)=CCOP([O-])(=O)OP([O-])([O-])=O,CC1CCC(CC=C(C)CCC=1)C(C)=C,['CC(C)=CCCC(C)=CCCC(C)=CCOP([O-])(=O)OP([O-])([O-])=O'],['CC1CCC(CC=C(C)CCC=1)C(C)=C'],"{68777, 25453, 12517}"
marts_E00222,sesq,CC(C)=CCCC(C)=CCCC(C)=CCOP([O-])(=O)OP([O-])([O-])=O,CC1CCC(CC=C(C)CCC=1)C(C)=C,['CC(C)=CCCC(C)=CCCC(C)=CCOP([O-])(=O)OP([O-])([O-])=O'],['CC1CCC(CC=C(C)CCC=1)C(C)=C'],"{68777, 25453, 12517}"
marts_E00223,mono,CC(C)=CCCC(C)=CCOP([O-])(=O)OP([O-])([O-])=O,CC1CC=C(CC=1)C(C)C,['CC(C)=CCCC(C)=CCOP([O-])(=O)OP([O-])([O-])=O'],['CC1CC=C(CC=1)C(C)C'],{32560}
marts_E00223,mono,CC(C)=CCCC(C)=CCOP([O-])(=O)OP([O-])([O-])=O,CC1CCC(CC=1)C(C)=C,['CC(C)=CCCC(C)=CCOP([O-])(=O)OP([O-])([O-])=O'],['CC1CCC(CC=1)C(C)=C'],"{68641, 10941, 12870}"
marts_E00223,mono,CC(C)=CCCC(C)=CCOP([O-])(=O)OP([O-])([O-])=O,CC1=CCC2CC1C2(C)C,['CC(C)=CCCC(C)=CCOP([O-])(=O)OP([O-])([O-])=O'],['CC1=CCC2CC1C2(C)C'],"{32576, 25489, 25663}"
marts_E00223,mono,CC(C)=CCCC(C)=CCOP([O-])(=O)OP([O-])([O-])=O,CC1(C)C2CC1CCC2=C,['CC(C)=CCCC(C)=CCOP([O-])(=O)OP([O-])([O-])=O'],['CC1(C)C2CC1CCC2=C'],"{25497, 25667, 32580}"
marts_E00223,mono,CC(C)=CCCC(C)=CCOP([O-])(=O)OP([O-])([O-])=O,CC(C)=C1CC=C(C)CC1,['CC(C)=CCCC(C)=CCOP([O-])(=O)OP([O-])([O-])=O'],['CC(C)=C1CC=C(C)CC1'],{25501}
marts_E00223,mono,CC(C)=CCCC(C)=CCOP([O-])(=O)OP([O-])([O-])=O,CC(C)C12CC=C(C)C1C2,['CC(C)=CCCC(C)=CCOP([O-])(=O)OP([O-])([O-])=O'],['CC(C)C12CC=C(C)C1C2'],{68645}
marts_E00223,mono,CC(C)=CCCC(C)=CCOP([O-])(=O)OP([O-])([O-])=O,CC1CCC(=CC=1)C(C)C,['CC(C)=CCCC(C)=CCOP([O-])(=O)OP([O-])([O-])=O'],['CC1CCC(=CC=1)C(C)C'],{32564}
marts_E00223,mono,CC(C)=CCCC(C)=CCOP([O-])(=O)OP([O-])([O-])=O,CC(C)=CCCC(=C)C=C,['CC(C)=CCCC(C)=CCOP([O-])(=O)OP([O-])([O-])=O'],['CC(C)=CCCC(=C)C=C'],{16966}
marts_E00223,mono,CC(C)=CCCC(C)=CCOP([O-])(=O)OP([O-])([O-])=O,CC(C)C12CCC(=C)C1C2,['CC(C)=CCCC(C)=CCOP([O-])(=O)OP([O-])([O-])=O'],['CC(C)C12CCC(=C)C1C2'],"{68637, 32548, 25509}"
marts_E00224,mono,CC(C)=CCCC(C)=CCOP([O-])(=O)OP([O-])([O-])=O,CC1CCC(CC=1)C(C)=C,['CC(C)=CCCC(C)=CCOP([O-])(=O)OP([O-])([O-])=O'],['CC1CCC(CC=1)C(C)=C'],"{68641, 10941, 12870}"
marts_E00224,mono,CC(C)=CCCC(C)=CCOP([O-])(=O)OP([O-])([O-])=O,CC1=CCC2CC1C2(C)C,['CC(C)=CCCC(C)=CCOP([O-])(=O)OP([O-])([O-])=O'],['CC1=CCC2CC1C2(C)C'],"{32576, 25489, 25663}"
marts_E00224,mono,CC(C)=CCCC(C)=CCOP([O-])(=O)OP([O-])([O-])=O,CC(C)=CCCC(=C)C=C,['CC(C)=CCCC(C)=CCOP([O-])(=O)OP([O-])([O-])=O'],['CC(C)=CCCC(=C)C=C'],{16966}
marts_E00225,mono,CC(C)=CCCC(C)=CCOP([O-])(=O)OP([O-])([O-])=O,CC1(C)C2CC1CCC2=C,['CC(C)=CCCC(C)=CCOP([O-])(=O)OP([O-])([O-])=O'],['CC1(C)C2CC1CCC2=C'],"{25497, 25667, 32580}"
marts_E00225,mono,CC(C)=CCCC(C)=CCOP([O-])(=O)OP([O-])([O-])=O,CC(C)C12CCC(=C)C1C2,['CC(C)=CCCC(C)=CCOP([O-])(=O)OP([O-])([O-])=O'],['CC(C)C12CCC(=C)C1C2'],"{68637, 32548, 25509}"
marts_E00225,mono,CC(C)=CCCC(C)=CCOP([O-])(=O)OP([O-])([O-])=O,CC1=CCC2CC1C2(C)C,['CC(C)=CCCC(C)=CCOP([O-])(=O)OP([O-])([O-])=O'],['CC1=CCC2CC1C2(C)C'],"{32576, 25489, 25663}"
marts_E00225,mono,CC(C)=CCCC(C)=CCOP([O-])(=O)OP([O-])([O-])=O,CC1CCC(CC=1)C(C)=C,['CC(C)=CCCC(C)=CCOP([O-])(=O)OP([O-])([O-])=O'],['CC1CCC(CC=1)C(C)=C'],"{68641, 10941, 12870}"
marts_E00225,mono,CC(C)=CCCC(C)=CCOP([O-])(=O)OP([O-])([O-])=O,CC1CC=C(CC=1)C(C)C,['CC(C)=CCCC(C)=CCOP([O-])(=O)OP([O-])([O-])=O'],['CC1CC=C(CC=1)C(C)C'],{32560}
marts_E00226,mono,CC(C)=CCCC(C)=CCOP([O-])(=O)OP([O-])([O-])=O,CC1CCC(CC=1)C(C)=C,['CC(C)=CCCC(C)=CCOP([O-])(=O)OP([O-])([O-])=O'],['CC1CCC(CC=1)C(C)=C'],"{68641, 10941, 12870}"
marts_E00226,mono,CC(C)=CCCC(C)=CCOP([O-])(=O)OP([O-])([O-])=O,CC1=CCC2CC1C2(C)C,['CC(C)=CCCC(C)=CCOP([O-])(=O)OP([O-])([O-])=O'],['CC1=CCC2CC1C2(C)C'],"{32576, 25489, 25663}"
marts_E00226,mono,CC(C)=CCCC(C)=CCOP([O-])(=O)OP([O-])([O-])=O,CC(C)=CCCC(=C)C=C,['CC(C)=CCCC(C)=CCOP([O-])(=O)OP([O-])([O-])=O'],['CC(C)=CCCC(=C)C=C'],{16966}
marts_E00227,mono,CC(C)=CCCC(C)=CCOP([O-])(=O)OP([O-])([O-])=O,CC1CC2C(CC=1)C2(C)C,['CC(C)=CCCC(C)=CCOP([O-])(=O)OP([O-])([O-])=O'],['CC1CC2C(CC=1)C2(C)C'],"{32696, 32540}"
marts_E00227,mono,CC(C)=CCCC(C)=CCOP([O-])(=O)OP([O-])([O-])=O,CC1CCC(CC=1)C(C)=C,['CC(C)=CCCC(C)=CCOP([O-])(=O)OP([O-])([O-])=O'],['CC1CCC(CC=1)C(C)=C'],"{68641, 10941, 12870}"
marts_E00227,mono,CC(C)=CCCC(C)=CCOP([O-])(=O)OP([O-])([O-])=O,CC(C)=CCCC(=C)C=C,['CC(C)=CCCC(C)=CCOP([O-])(=O)OP([O-])([O-])=O'],['CC(C)=CCCC(=C)C=C'],{16966}
marts_E00227,mono,CC(C)=CCCC(C)=CCOP([O-])(=O)OP([O-])([O-])=O,CC1CC2C(C=C1)C2(C)C,['CC(C)=CCCC(C)=CCOP([O-])(=O)OP([O-])([O-])=O'],['CC1CC2C(C=C1)C2(C)C'],set()
marts_E00227,mono,CC(C)=CCCC(C)=CCOP([O-])(=O)OP([O-])([O-])=O,CC(C)C1CCC(=C)C=C1,['CC(C)=CCCC(C)=CCOP([O-])(=O)OP([O-])([O-])=O'],['CC(C)C1CCC(=C)C=C1'],"{25505, 25493, 27831}"
marts_E00228,pt,CC(C)=CCCC(C)=CCOP([O-])(=O)OP([O-])([O-])=O.CC(=C)CCOP([O-])(=O)OP([O-])([O-])=O,CC(C)=CCCC(C)=CCCC(C)=CCOP([O-])(=O)OP([O-])([O-])=O,"['CC(C)=CCCC(C)=CCOP([O-])(=O)OP([O-])([O-])=O', 'CC(=C)CCOP([O-])(=O)OP([O-])([O-])=O']",['CC(C)=CCCC(C)=CCCC(C)=CCOP([O-])(=O)OP([O-])([O-])=O'],"{19362, 64573, 23301}"
marts_E00229,mono,CC(C)=CCCC(C)=CCOP([O-])(=O)OP([O-])([O-])=O,CC(C)=CCCC(C)(O)C=C,['CC(C)=CCCC(C)=CCOP([O-])(=O)OP([O-])([O-])=O'],['CC(C)=CCCC(C)(O)C=C'],"{15810, 68709, 24117}"
marts_E00229,mono,CC(C)=CCCC(C)=CCOP([O-])(=O)OP([O-])([O-])=O,CC(C)=CCCC(C)(O)C=C,['CC(C)=CCCC(C)=CCOP([O-])(=O)OP([O-])([O-])=O'],['CC(C)=CCCC(C)(O)C=C'],"{15810, 68709, 24117}"
marts_E00230,mono,CC(C)=CCCC(C)=CCOP([O-])(=O)OP([O-])([O-])=O,CC(C)=CCCC(C)=CCO,['CC(C)=CCCC(C)=CCOP([O-])(=O)OP([O-])([O-])=O'],['CC(C)=CCCC(C)=CCO'],"{32680, 65829}"
marts_E00231,tri,CC(C)=CCCC(C)=CCCC(C)=CCCC=C(C)CCC=C(C)CCC1OC1(C)C,CC1(C)CC2C3=CCC4C5(C)CCC(O)C(C)(C)C5CCC4(C)C3(C)CCC2(C)CC1,['CC(C)=CCCC(C)=CCCC(C)=CCCC=C(C)CCC=C(C)CCC1OC1(C)C'],['CC1(C)CC2C3=CCC4C5(C)CCC(O)C(C)(C)C5CCC4(C)C3(C)CCC2(C)CC1'],{31008}
marts_E00233,sesq,CC(C)=CCCC(C)=CCCC(C)=CCOP([O-])(=O)OP([O-])([O-])=O,CC(C)=CCCC(C)=CCCC(=C)C=C,['CC(C)=CCCC(C)=CCCC(C)=CCOP([O-])(=O)OP([O-])([O-])=O'],['CC(C)=CCCC(C)=CCCC(=C)C=C'],"{68545, 27426, 68857, 68505, 68509}"
marts_E00233,sesq,CC(C)=CCCC(C)=CCCC(C)=CCOP([O-])(=O)OP([O-])([O-])=O,CC(C)=CCCC(C)=CCCC(C)(O)C=C,['CC(C)=CCCC(C)=CCCC(C)=CCOP([O-])(=O)OP([O-])([O-])=O'],['CC(C)=CCCC(C)=CCCC(C)(O)C=C'],"{68833, 27531, 27535, 68821, 56985}"
marts_E00233,sesq,CC(C)=CCCC(C)=CCCC(C)=CCOP([O-])(=O)OP([O-])([O-])=O,CC(C)=CCCC(C)=CCCC(C)=CCO,['CC(C)=CCCC(C)=CCCC(C)=CCOP([O-])(=O)OP([O-])([O-])=O'],['CC(C)=CCCC(C)=CCCC(C)=CCO'],{27527}
marts_E00233,mono,CC(C)=CCCC(C)=CCOP([O-])(=O)OP([O-])([O-])=O,CC(C)=CCCC(C)=CCO,['CC(C)=CCCC(C)=CCOP([O-])(=O)OP([O-])([O-])=O'],['CC(C)=CCCC(C)=CCO'],"{32680, 65829}"
marts_E00233,mono,CC(C)=CCCC(C)=CCOP([O-])(=O)OP([O-])([O-])=O,CC(C)=CCCC(C)(O)C=C,['CC(C)=CCCC(C)=CCOP([O-])(=O)OP([O-])([O-])=O'],['CC(C)=CCCC(C)(O)C=C'],"{15810, 68709, 24117}"
marts_E00233,di,CC1(C)CCCC2(C)C1CCC(=C)C2CCC(C)=CCOP([O-])(=O)OP([O-])([O-])=O,CC1(C)CCCC2(C)C1CCC13CC(CCC21)C(=C)C3,['CC1(C)CCCC2(C)C1CCC(=C)C2CCC(C)=CCOP([O-])(=O)OP([O-])([O-])=O'],['CC1(C)CCCC2(C)C1CCC13CC(CCC21)C(=C)C3'],{22221}
marts_E00234,mono,CC(C)=CCCC(C)=CCOP([O-])(=O)OP([O-])([O-])=O,CC(C)=CCCC(C)(O)C=C,['CC(C)=CCCC(C)=CCOP([O-])(=O)OP([O-])([O-])=O'],['CC(C)=CCCC(C)(O)C=C'],"{15810, 68709, 24117}"
marts_E00235,di,CC(C)=CCCC(C)=CCCC(C)=CCCC(C)=CCOP([O-])(=O)OP([O-])([O-])=O,CC(C)(O)C1CCC2(C)CC=C(C)CCC=C(C)CCC21,['CC(C)=CCCC(C)=CCCC(C)=CCCC(C)=CCOP([O-])(=O)OP([O-])([O-])=O'],['CC(C)(O)C1CCC2(C)CC=C(C)CCC=C(C)CCC21'],{16346}
marts_E00236,sesq,CC(C)=CCCC(C)=CCCC(C)=CCOP([O-])(=O)OP([O-])([O-])=O,CC1CCC=C(C)CC=CC(C)(C)CC=1,['CC(C)=CCCC(C)=CCCC(C)=CCOP([O-])(=O)OP([O-])([O-])=O'],['CC1CCC=C(C)CC=CC(C)(C)CC=1'],"{31896, 68781}"
marts_E00236,sesq,CC(C)=CCCC(C)=CCCC(C)=CCOP([O-])(=O)OP([O-])([O-])=O,CC1CCC2C(CC2(C)C)C(=C)CCC=1,['CC(C)=CCCC(C)=CCCC(C)=CCOP([O-])(=O)OP([O-])([O-])=O'],['CC1CCC2C(CC2(C)C)C(=C)CCC=1'],"{31816, 34704, 28295}"
marts_E00236,sesq,CC(C)=CCCC(C)=CCCC(C)=CCOP([O-])(=O)OP([O-])([O-])=O,CC(C)C1CCC2(C)C3C1C2CC=C3C,['CC(C)=CCCC(C)=CCCC(C)=CCOP([O-])(=O)OP([O-])([O-])=O'],['CC(C)C1CCC2(C)C3C1C2CC=C3C'],{33992}
marts_E00236,sesq,CC(C)=CCCC(C)=CCCC(C)=CCOP([O-])(=O)OP([O-])([O-])=O,CC1CCC(CC=C(C)CCC=1)C(C)=C,['CC(C)=CCCC(C)=CCCC(C)=CCOP([O-])(=O)OP([O-])([O-])=O'],['CC1CCC(CC=C(C)CCC=1)C(C)=C'],"{68777, 25453, 12517}"
marts_E00236,sesq,CC(C)=CCCC(C)=CCCC(C)=CCOP([O-])(=O)OP([O-])([O-])=O,CC(C)=CCCC(C)=CCCC(=C)C=C,['CC(C)=CCCC(C)=CCCC(C)=CCOP([O-])(=O)OP([O-])([O-])=O'],['CC(C)=CCCC(C)=CCCC(=C)C=C'],"{68545, 27426, 68857, 68505, 68509}"
marts_E00237,mono,CC(C)=CCCC(C)=CCOP([O-])(=O)OP([O-])([O-])=O,CC1CC2C(CC=1)C2(C)C,['CC(C)=CCCC(C)=CCOP([O-])(=O)OP([O-])([O-])=O'],['CC1CC2C(CC=1)C2(C)C'],"{32696, 32540}"
marts_E00237,mono,CC(C)=CCCC(C)=CCOP([O-])(=O)OP([O-])([O-])=O,CC(C)C12CCC(=C)C1C2,['CC(C)=CCCC(C)=CCOP([O-])(=O)OP([O-])([O-])=O'],['CC(C)C12CCC(=C)C1C2'],"{68637, 32548, 25509}"
marts_E00237,mono,CC(C)=CCCC(C)=CCOP([O-])(=O)OP([O-])([O-])=O,CC(C)=CCCC(=C)C=C,['CC(C)=CCCC(C)=CCOP([O-])(=O)OP([O-])([O-])=O'],['CC(C)=CCCC(=C)C=C'],{16966}
marts_E00237,mono,CC(C)=CCCC(C)=CCOP([O-])(=O)OP([O-])([O-])=O,CC(C)=C1CC=C(C)CC1,['CC(C)=CCCC(C)=CCOP([O-])(=O)OP([O-])([O-])=O'],['CC(C)=C1CC=C(C)CC1'],{25501}
marts_E00237,mono,CC(C)=CCCC(C)=CCOP([O-])(=O)OP([O-])([O-])=O,CC1=CCC2CC1C2(C)C,['CC(C)=CCCC(C)=CCOP([O-])(=O)OP([O-])([O-])=O'],['CC1=CCC2CC1C2(C)C'],"{32576, 25489, 25663}"
marts_E00237,mono,CC(C)=CCCC(C)=CCOP([O-])(=O)OP([O-])([O-])=O,CC1CCC(=CC=1)C(C)C,['CC(C)=CCCC(C)=CCOP([O-])(=O)OP([O-])([O-])=O'],['CC1CCC(=CC=1)C(C)C'],{32564}
marts_E00237,mono,CC(C)=CCCC(C)=CCOP([O-])(=O)OP([O-])([O-])=O,CC1CCC(CC=1)C(C)=C,['CC(C)=CCCC(C)=CCOP([O-])(=O)OP([O-])([O-])=O'],['CC1CCC(CC=1)C(C)=C'],"{68641, 10941, 12870}"
marts_E00237,mono,CC(C)=CCCC(C)=CCOP([O-])(=O)OP([O-])([O-])=O,CC(C)C1CCC(=C)C=C1,['CC(C)=CCCC(C)=CCOP([O-])(=O)OP([O-])([O-])=O'],['CC(C)C1CCC(=C)C=C1'],"{25505, 25493, 27831}"
marts_E00237,mono,CC(C)=CCCC(C)=CCOP([O-])(=O)OP([O-])([O-])=O,CC1CC=C(CC=1)C(C)C,['CC(C)=CCCC(C)=CCOP([O-])(=O)OP([O-])([O-])=O'],['CC1CC=C(CC=1)C(C)C'],{32560}
marts_E00238,tri,CC(C)=CCCC(C)=CCCC(C)=CCCC=C(C)CCC=C(C)CCC1OC1(C)C,CC1(C)CC2C3=CCC4C5(C)CCC(O)C(C)(C)C5CCC4(C)C3(C)CCC2(C)CC1,['CC(C)=CCCC(C)=CCCC(C)=CCCC=C(C)CCC=C(C)CCC1OC1(C)C'],['CC1(C)CC2C3=CCC4C5(C)CCC(O)C(C)(C)C5CCC4(C)C3(C)CCC2(C)CC1'],{31008}
marts_E00239,tri,CC(C)=CCCC(C)=CCCC(C)=CCCC=C(C)CCC=C(C)CCC1OC1(C)C,CC1(C)CC2C3=CCC4C5(C)CCC(O)C(C)(C)C5CCC4(C)C3(C)CCC2(C)CC1,['CC(C)=CCCC(C)=CCCC(C)=CCCC=C(C)CCC=C(C)CCC1OC1(C)C'],['CC1(C)CC2C3=CCC4C5(C)CCC(O)C(C)(C)C5CCC4(C)C3(C)CCC2(C)CC1'],{31008}
marts_E00239,tri,CC(C)=CCCC(C)=CCCC(C)=CCCC=C(C)CCC=C(C)CCC1OC1(C)C,CC1(C)C(O)CCC2(C)C1CCC1(C)C2CCC2C3C(CCC3(C)CCC12C)C(C)=C,['CC(C)=CCCC(C)=CCCC(C)=CCCC=C(C)CCC=C(C)CCC1OC1(C)C'],['CC1(C)C(O)CCC2(C)C1CCC1(C)C2CCC2C3C(CCC3(C)CCC12C)C(C)=C'],{31384}
marts_E00240,mono,CC(C)=CCCC(C)=CCOP([O-])(=O)OP([O-])([O-])=O,CC(C)=CCCC(=C)C=C,['CC(C)=CCCC(C)=CCOP([O-])(=O)OP([O-])([O-])=O'],['CC(C)=CCCC(=C)C=C'],{16966}
marts_E00241,mono,CC(C)=CCCC(C)=CCOP([O-])(=O)OP([O-])([O-])=O,CC(C)=CCCC(=C)C=C,['CC(C)=CCCC(C)=CCOP([O-])(=O)OP([O-])([O-])=O'],['CC(C)=CCCC(=C)C=C'],{16966}
marts_E00242,mono,CC(C)=CCCC(C)=CCOP([O-])(=O)OP([O-])([O-])=O,CC(C)=CCCC(=C)C=C,['CC(C)=CCCC(C)=CCOP([O-])(=O)OP([O-])([O-])=O'],['CC(C)=CCCC(=C)C=C'],{16966}
marts_E00242,mono,CC(C)=CCCC(C)=CCOP([O-])(=O)OP([O-])([O-])=O,CC(C)=CCC=C(C)C=C,['CC(C)=CCCC(C)=CCOP([O-])(=O)OP([O-])([O-])=O'],['CC(C)=CCC=C(C)C=C'],"{68825, 32692}"
marts_E00242,mono,CC(C)=CCCC(C)=CCOP([O-])(=O)OP([O-])([O-])=O,CC(C)=CCC=C(C)C=C,['CC(C)=CCCC(C)=CCOP([O-])(=O)OP([O-])([O-])=O'],['CC(C)=CCC=C(C)C=C'],"{68825, 32692}"
marts_E00244,sesq,CC(C)=CCCC(C)=CCCC(C)=CCOP([O-])(=O)OP([O-])([O-])=O,CC(=C)C1CC=C2CCCC(C)C2(C)C1,['CC(C)=CCCC(C)=CCCC(C)=CCOP([O-])(=O)OP([O-])([O-])=O'],['CC(=C)C1CC=C2CCCC(C)C2(C)C1'],"{19826, 28636}"
marts_E00245,sesq,CC(C)=CCCC(C)=CCCC(C)=CCOP([O-])(=O)OP([O-])([O-])=O,CC(=C)C1CC=C2CCCC(C)C2(C)C1,['CC(C)=CCCC(C)=CCCC(C)=CCOP([O-])(=O)OP([O-])([O-])=O'],['CC(=C)C1CC=C2CCCC(C)C2(C)C1'],"{19826, 28636}"
marts_E00246,sesq,CC(C)=CCCC(C)=CCCC(C)=CCOP([O-])(=O)OP([O-])([O-])=O,CC(=C)C1CC=C2CCCC(C)C2(C)C1,['CC(C)=CCCC(C)=CCCC(C)=CCOP([O-])(=O)OP([O-])([O-])=O'],['CC(=C)C1CC=C2CCCC(C)C2(C)C1'],"{19826, 28636}"
marts_E00247,sesq,CC(C)=CCCC(C)=CCCC(C)=CCOP([O-])(=O)OP([O-])([O-])=O,CC(C)=CCCC(C)=CCC=C(C)C=C,['CC(C)=CCCC(C)=CCCC(C)=CCOP([O-])(=O)OP([O-])([O-])=O'],['CC(C)=CCCC(C)=CCC=C(C)C=C'],{27422}
marts_E00247,sesq,CC(C)=CCCC(C)=CCCC(C)=CCOP([O-])(=O)OP([O-])([O-])=O,CC(C)=CCCC(C)=CCC=C(C)C=C,['CC(C)=CCCC(C)=CCCC(C)=CCOP([O-])(=O)OP([O-])([O-])=O'],['CC(C)=CCCC(C)=CCC=C(C)C=C'],{27422}
marts_E00247,mono,CC(C)=CCCC(C)=CCOP([O-])(=O)OP([O-])([O-])=O,CC(C)=CCC=C(C)C=C,['CC(C)=CCCC(C)=CCOP([O-])(=O)OP([O-])([O-])=O'],['CC(C)=CCC=C(C)C=C'],"{68825, 32692}"
marts_E00247,mono,CC(C)=CCCC(C)=CCOP([O-])(=O)OP([O-])([O-])=O,CC(C)=CCCC(C)=CCO,['CC(C)=CCCC(C)=CCOP([O-])(=O)OP([O-])([O-])=O'],['CC(C)=CCCC(C)=CCO'],"{32680, 65829}"
marts_E00247,mono,CC(C)=CCCC(C)=CCOP([O-])(=O)OP([O-])([O-])=O,CC(C)=CCCC(C)(O)C=C,['CC(C)=CCCC(C)=CCOP([O-])(=O)OP([O-])([O-])=O'],['CC(C)=CCCC(C)(O)C=C'],"{15810, 68709, 24117}"
marts_E00247,mono,CC(C)=CCCC(C)=CCOP([O-])(=O)OP([O-])([O-])=O,CC(C)=CCCC(C)(O)C=C,['CC(C)=CCCC(C)=CCOP([O-])(=O)OP([O-])([O-])=O'],['CC(C)=CCCC(C)(O)C=C'],"{15810, 68709, 24117}"
marts_E00248,mono,CC(C)=CCCC(C)=CCOP([O-])(=O)OP([O-])([O-])=O,CC1=CCC2CC1C2(C)C,['CC(C)=CCCC(C)=CCOP([O-])(=O)OP([O-])([O-])=O'],['CC1=CCC2CC1C2(C)C'],"{32576, 25489, 25663}"
marts_E00248,mono,CC(C)=CCCC(C)=CCOP([O-])(=O)OP([O-])([O-])=O,CC1(C)C2CC1CCC2=C,['CC(C)=CCCC(C)=CCOP([O-])(=O)OP([O-])([O-])=O'],['CC1(C)C2CC1CCC2=C'],"{25497, 25667, 32580}"
marts_E00248,mono,CC(C)=CCCC(C)=CCOP([O-])(=O)OP([O-])([O-])=O,CC1(C)C2CC(CC2)C1=C,['CC(C)=CCCC(C)=CCOP([O-])(=O)OP([O-])([O-])=O'],['CC1(C)C2CC(CC2)C1=C'],"{32568, 80392, 25485}"
marts_E00248,mono,CC(C)=CCCC(C)=CCOP([O-])(=O)OP([O-])([O-])=O,CC1(C)C2CC(CC2)C1=C,['CC(C)=CCCC(C)=CCOP([O-])(=O)OP([O-])([O-])=O'],['CC1(C)C2CC(CC2)C1=C'],"{32568, 80392, 25485}"
marts_E00248,mono,CC(C)=CCCC(C)=CCOP([O-])(=O)OP([O-])([O-])=O,CC1CCC(CC=1)C(C)=C,['CC(C)=CCCC(C)=CCOP([O-])(=O)OP([O-])([O-])=O'],['CC1CCC(CC=1)C(C)=C'],"{68641, 10941, 12870}"
marts_E00248,mono,CC(C)=CCCC(C)=CCOP([O-])(=O)OP([O-])([O-])=O,CC1CCC(CC=1)C(C)=C,['CC(C)=CCCC(C)=CCOP([O-])(=O)OP([O-])([O-])=O'],['CC1CCC(CC=1)C(C)=C'],"{68641, 10941, 12870}"
marts_E00248,mono,CC(C)=CCCC(C)=CCOP([O-])(=O)OP([O-])([O-])=O,CC1=CCC2CC1C2(C)C,['CC(C)=CCCC(C)=CCOP([O-])(=O)OP([O-])([O-])=O'],['CC1=CCC2CC1C2(C)C'],"{32576, 25489, 25663}"
marts_E00248,mono,CC(C)=CCCC(C)=CCOP([O-])(=O)OP([O-])([O-])=O,CC1(C)C2CC1CCC2=C,['CC(C)=CCCC(C)=CCOP([O-])(=O)OP([O-])([O-])=O'],['CC1(C)C2CC1CCC2=C'],"{25497, 25667, 32580}"
marts_E00249,sesq,CC(C)=CCCC(C)=CCCC(C)=CCOP([O-])(=O)OP([O-])([O-])=O,CC(C)=CCCC(C)=CCC=C(C)C=C,['CC(C)=CCCC(C)=CCCC(C)=CCOP([O-])(=O)OP([O-])([O-])=O'],['CC(C)=CCCC(C)=CCC=C(C)C=C'],{27422}
marts_E00250,mono,CC(C)=CCCC(C)=CCOP([O-])(=O)OP([O-])([O-])=O,CC1CCC(CC=1)C(C)(C)O,['CC(C)=CCCC(C)=CCOP([O-])(=O)OP([O-])([O-])=O'],['CC1CCC(CC=1)C(C)(C)O'],"{32552, 32556}"
marts_E00250,mono,CC(C)=CCCC(C)=CCOP([O-])(=O)OP([O-])([O-])=O,CC1CCC(CC=1)C(C)(C)O,['CC(C)=CCCC(C)=CCOP([O-])(=O)OP([O-])([O-])=O'],['CC1CCC(CC=1)C(C)(C)O'],"{32552, 32556}"
marts_E00250,mono,CC(C)=CCCC(C)=CCOP([O-])(=O)OP([O-])([O-])=O,CC1CCC(CC=1)C(C)=C,['CC(C)=CCCC(C)=CCOP([O-])(=O)OP([O-])([O-])=O'],['CC1CCC(CC=1)C(C)=C'],"{68641, 10941, 12870}"
marts_E00250,mono,CC(C)=CCCC(C)=CCOP([O-])(=O)OP([O-])([O-])=O,CC1CCC(CC=1)C(C)=C,['CC(C)=CCCC(C)=CCOP([O-])(=O)OP([O-])([O-])=O'],['CC1CCC(CC=1)C(C)=C'],"{68641, 10941, 12870}"
marts_E00250,mono,CC(C)=CCCC(C)=CCOP([O-])(=O)OP([O-])([O-])=O,CC(C)=C1CC=C(C)CC1,['CC(C)=CCCC(C)=CCOP([O-])(=O)OP([O-])([O-])=O'],['CC(C)=C1CC=C(C)CC1'],{25501}
marts_E00250,mono,CC(C)=CCCC(C)=CCOP([O-])(=O)OP([O-])([O-])=O,CC1(C)C2CC1CCC2=C,['CC(C)=CCCC(C)=CCOP([O-])(=O)OP([O-])([O-])=O'],['CC1(C)C2CC1CCC2=C'],"{25497, 25667, 32580}"
marts_E00250,mono,CC(C)=CCCC(C)=CCOP([O-])(=O)OP([O-])([O-])=O,CC1(C)C2CC1CCC2=C,['CC(C)=CCCC(C)=CCOP([O-])(=O)OP([O-])([O-])=O'],['CC1(C)C2CC1CCC2=C'],"{25497, 25667, 32580}"
marts_E00250,mono,CC(C)=CCCC(C)=CCOP([O-])(=O)OP([O-])([O-])=O,CC1=CCC2CC1C2(C)C,['CC(C)=CCCC(C)=CCOP([O-])(=O)OP([O-])([O-])=O'],['CC1=CCC2CC1C2(C)C'],"{32576, 25489, 25663}"
marts_E00250,mono,CC(C)=CCCC(C)=CCOP([O-])(=O)OP([O-])([O-])=O,CC(C)=CCCC(=C)C=C,['CC(C)=CCCC(C)=CCOP([O-])(=O)OP([O-])([O-])=O'],['CC(C)=CCCC(=C)C=C'],{16966}
marts_E00251,mono,CC(C)=CCCC(C)=CCOP([O-])(=O)OP([O-])([O-])=O,CC1=CCC2CC1C2(C)C,['CC(C)=CCCC(C)=CCOP([O-])(=O)OP([O-])([O-])=O'],['CC1=CCC2CC1C2(C)C'],"{32576, 25489, 25663}"
marts_E00251,mono,CC(C)=CCCC(C)=CCOP([O-])(=O)OP([O-])([O-])=O,CC1=CCC2CC1C2(C)C,['CC(C)=CCCC(C)=CCOP([O-])(=O)OP([O-])([O-])=O'],['CC1=CCC2CC1C2(C)C'],"{32576, 25489, 25663}"
marts_E00252,sesq,CC(C)=CCCC(C)=CCCC(C)=CCOP([O-])(=O)OP([O-])([O-])=O,CC1(C)C2C1CCC1(C)C(O)CCC(C)C12,['CC(C)=CCCC(C)=CCCC(C)=CCOP([O-])(=O)OP([O-])([O-])=O'],['CC1(C)C2C1CCC1(C)C(O)CCC(C)C12'],{32024}
marts_E00252,sesq,CC(C)=CCCC(C)=CCCC(C)=CCOP([O-])(=O)OP([O-])([O-])=O,CC1CCC(CC=C(C)CCC=1)C(C)=C,['CC(C)=CCCC(C)=CCCC(C)=CCOP([O-])(=O)OP([O-])([O-])=O'],['CC1CCC(CC=C(C)CCC=1)C(C)=C'],"{68777, 25453, 12517}"
marts_E00252,sesq,CC(C)=CCCC(C)=CCCC(C)=CCOP([O-])(=O)OP([O-])([O-])=O,CC(C)=C1CC=C(C)CCC=C(C)CC1,['CC(C)=CCCC(C)=CCCC(C)=CCOP([O-])(=O)OP([O-])([O-])=O'],['CC(C)=C1CC=C(C)CCC=C(C)CC1'],{25445}
marts_E00252,sesq,CC(C)=CCCC(C)=CCCC(C)=CCOP([O-])(=O)OP([O-])([O-])=O,CC1(C)C2C1CCC(C)(O)C1CCC(C)C12,['CC(C)=CCCC(C)=CCCC(C)=CCOP([O-])(=O)OP([O-])([O-])=O'],['CC1(C)C2C1CCC(C)(O)C1CCC(C)C12'],set()
marts_E00253,sesq,CC(C)=CCCC(C)=CCCC(C)=CCOP([O-])(=O)OP([O-])([O-])=O,CC1(C)CC2C=C(C)C3CCC(C)C23C1,['CC(C)=CCCC(C)=CCCC(C)=CCOP([O-])(=O)OP([O-])([O-])=O'],['CC1(C)CC2C=C(C)C3CCC(C)C23C1'],{18082}
marts_E00254,psy,CC(C)=CCCC(C)=CCCC(C)=CCCC(C)=CCOP([O-])(=O)OP([O-])([O-])=O.CC(C)=CCCC(C)=CCCC(C)=CCCC(C)=CCOP([O-])(=O)OP([O-])([O-])=O,CC(C)=CCCC(C)=CCCC(C)=CCCC(C)=CC=CC=C(C)CCC=C(C)CCC=C(C)CCC=C(C)C,"['CC(C)=CCCC(C)=CCCC(C)=CCCC(C)=CCOP([O-])(=O)OP([O-])([O-])=O', 'CC(C)=CCCC(C)=CCCC(C)=CCCC(C)=CCOP([O-])(=O)OP([O-])([O-])=O']",['CC(C)=CCCC(C)=CCCC(C)=CCCC(C)=CC=CC=C(C)CCC=C(C)CCC=C(C)CCC=C(C)C'],{34476}
marts_E00254,tetra,CC(C)=CCCC(C)=CC=CC(C)=CC=CC(C)=CC=CC=C(C)C=CC=C(C)C=CC=C(C)CCC=C(C)C,CC(C)=CCCC(C)=CC=CC(C)=CC=CC(C)=CC=CC=C(C)C=CC=C(C)C=CC1=C(C)CCCC1(C)C,['CC(C)=CCCC(C)=CC=CC(C)=CC=CC(C)=CC=CC=C(C)C=CC=C(C)C=CC=C(C)CCC=C(C)C'],['CC(C)=CCCC(C)=CC=CC(C)=CC=CC(C)=CC=CC=C(C)C=CC=C(C)C=CC1=C(C)CCCC1(C)C'],{32220}
marts_E00254,tetra,CC(C)=CCCC(C)=CC=CC(C)=CC=CC(C)=CC=CC=C(C)C=CC=C(C)C=CC1=C(C)CCCC1(C)C,CC1(C)CCCC(C)=C1C=CC(C)=CC=CC(C)=CC=CC=C(C)C=CC=C(C)C=CC1=C(C)CCCC1(C)C,['CC(C)=CCCC(C)=CC=CC(C)=CC=CC(C)=CC=CC=C(C)C=CC=C(C)C=CC1=C(C)CCCC1(C)C'],['CC1(C)CCCC(C)=C1C=CC(C)=CC=CC(C)=CC=CC=C(C)C=CC=C(C)C=CC1=C(C)CCCC1(C)C'],{32240}
marts_E00254,tetra,CC(CCC=C(C)C)=CCCC(C)=CC=CC(C)=CC=CC=C(C)C=CC=C(C)C=CC=C(C)CCC=C(C)C,CC(C)=CCCC(C)=CCCC(C)=CC=CC(C)=CC=CC=C(C)C=CC=C(C)C=CC1=C(C)CCCC1(C)C,['CC(CCC=C(C)C)=CCCC(C)=CC=CC(C)=CC=CC=C(C)C=CC=C(C)C=CC=C(C)CCC=C(C)C'],['CC(C)=CCCC(C)=CCCC(C)=CC=CC(C)=CC=CC=C(C)C=CC=C(C)C=CC1=C(C)CCCC1(C)C'],{67977}
marts_E00254,tetra,CC(CCC=C(C)C)=CCCC(C)=CC=CC(C)=CC=CC=C(C)C=CC=C(C)C=CC=C(C)CCC=C(C)C,CC1(C)CCCC(C)=C1C=CC(C)=CC=CC(C)=CC=CC=C(C)C=CC=C(C)CCC1=C(C)CCCC1(C)C,['CC(CCC=C(C)C)=CCCC(C)=CC=CC(C)=CC=CC=C(C)C=CC=C(C)C=CC=C(C)CCC=C(C)C'],['CC1(C)CCCC(C)=C1C=CC(C)=CC=CC(C)=CC=CC=C(C)C=CC=C(C)CCC1=C(C)CCCC1(C)C'],set()
marts_E00255,pt,CC(C)=CCCC(C)=CCOP([O-])(=O)OP([O-])([O-])=O.CC(=C)CCOP([O-])(=O)OP([O-])([O-])=O,CC(C)=CCCC(C)=CCCC(C)=CCOP([O-])(=O)OP([O-])([O-])=O,"['CC(C)=CCCC(C)=CCOP([O-])(=O)OP([O-])([O-])=O', 'CC(=C)CCOP([O-])(=O)OP([O-])([O-])=O']",['CC(C)=CCCC(C)=CCCC(C)=CCOP([O-])(=O)OP([O-])([O-])=O'],"{19362, 64573, 23301}"
marts_E00255,pt,CC(C)=CCOP([O-])(=O)OP([O-])([O-])=O.CC(=C)CCOP([O-])(=O)OP([O-])([O-])=O,CC(C)=CCCC(C)=CCOP([O-])(=O)OP([O-])([O-])=O,"['CC(C)=CCOP([O-])(=O)OP([O-])([O-])=O', 'CC(=C)CCOP([O-])(=O)OP([O-])([O-])=O']",['CC(C)=CCCC(C)=CCOP([O-])(=O)OP([O-])([O-])=O'],"{11329, 22409}"
marts_E00255,pt,CC(C)=CCOP([O-])(=O)OP([O-])([O-])=O.CC(=C)CCOP([O-])(=O)OP([O-])([O-])=O,CC(C)=CCCC(C)=CCCC(C)=CCOP([O-])(=O)OP([O-])([O-])=O,"['CC(C)=CCOP([O-])(=O)OP([O-])([O-])=O', 'CC(=C)CCOP([O-])(=O)OP([O-])([O-])=O']",['CC(C)=CCCC(C)=CCCC(C)=CCOP([O-])(=O)OP([O-])([O-])=O'],{27811}
marts_E00256,pt,CC(C)=CCCC(C)=CCOP([O-])(=O)OP([O-])([O-])=O.CC(=C)CCOP([O-])(=O)OP([O-])([O-])=O,CC(C)=CCCC(C)=CCCC(C)=CCOP([O-])(=O)OP([O-])([O-])=O,"['CC(C)=CCCC(C)=CCOP([O-])(=O)OP([O-])([O-])=O', 'CC(=C)CCOP([O-])(=O)OP([O-])([O-])=O']",['CC(C)=CCCC(C)=CCCC(C)=CCOP([O-])(=O)OP([O-])([O-])=O'],"{19362, 64573, 23301}"
marts_E00256,pt,CC(C)=CCOP([O-])(=O)OP([O-])([O-])=O.CC(=C)CCOP([O-])(=O)OP([O-])([O-])=O,CC(C)=CCCC(C)=CCOP([O-])(=O)OP([O-])([O-])=O,"['CC(C)=CCOP([O-])(=O)OP([O-])([O-])=O', 'CC(=C)CCOP([O-])(=O)OP([O-])([O-])=O']",['CC(C)=CCCC(C)=CCOP([O-])(=O)OP([O-])([O-])=O'],"{11329, 22409}"
marts_E00256,pt,CC(C)=CCOP([O-])(=O)OP([O-])([O-])=O.CC(=C)CCOP([O-])(=O)OP([O-])([O-])=O,CC(C)=CCCC(C)=CCCC(C)=CCOP([O-])(=O)OP([O-])([O-])=O,"['CC(C)=CCOP([O-])(=O)OP([O-])([O-])=O', 'CC(=C)CCOP([O-])(=O)OP([O-])([O-])=O']",['CC(C)=CCCC(C)=CCCC(C)=CCOP([O-])(=O)OP([O-])([O-])=O'],{27811}
marts_E00257,pt,CC(C)=CCOP([O-])(=O)OP([O-])([O-])=O.CC(=C)CCOP([O-])(=O)OP([O-])([O-])=O,CC(C)=CC1C(COP([O-])(=O)OP([O-])([O-])=O)C1(C)C,"['CC(C)=CCOP([O-])(=O)OP([O-])([O-])=O', 'CC(=C)CCOP([O-])(=O)OP([O-])([O-])=O']",['CC(C)=CC1C(COP([O-])(=O)OP([O-])([O-])=O)C1(C)C'],set()
marts_E00257,pt,CC(C)=CCOP([O-])(=O)OP([O-])([O-])=O.CC(=C)CCOP([O-])(=O)OP([O-])([O-])=O,CC(C)=CCC(COP([O-])(=O)OP([O-])([O-])=O)C(C)=C,"['CC(C)=CCOP([O-])(=O)OP([O-])([O-])=O', 'CC(=C)CCOP([O-])(=O)OP([O-])([O-])=O']",['CC(C)=CCC(COP([O-])(=O)OP([O-])([O-])=O)C(C)=C'],set()
marts_E00257,pt,CC(C)=CCOP([O-])(=O)OP([O-])([O-])=O.CC(=C)CCOP([O-])(=O)OP([O-])([O-])=O,CC(C)=CCCC(C)=CCOP([O-])(=O)OP([O-])([O-])=O,"['CC(C)=CCOP([O-])(=O)OP([O-])([O-])=O', 'CC(=C)CCOP([O-])(=O)OP([O-])([O-])=O']",['CC(C)=CCCC(C)=CCOP([O-])(=O)OP([O-])([O-])=O'],"{11329, 22409}"
marts_E00258,hemi,CC(C)=CCOP([O-])(=O)OP([O-])([O-])=O,CC(=C)C=C,['CC(C)=CCOP([O-])(=O)OP([O-])([O-])=O'],['CC(=C)C=C'],{13370}
marts_E00259,sesq,CC(C)=CCCC(C)=CCCC(C)=CCOP([O-])(=O)OP([O-])([O-])=O,CC(=C)C1CC=C2CCCC(C)C2(C)C1,['CC(C)=CCCC(C)=CCCC(C)=CCOP([O-])(=O)OP([O-])([O-])=O'],['CC(=C)C1CC=C2CCCC(C)C2(C)C1'],"{19826, 28636}"
marts_E00263,sesquar,CC(C)=CCCC(C)=CCCC(C)=CCCC(C)=CCCC(C)=CCCC(C)C1CC=C(C)CC=1,CC1(C)CCCC2(C)C1CCC1(C)C3CCC(C)(O)C(CCC(C)C4CC=C(C)CC=4)C3(C)CCC12,['CC(C)=CCCC(C)=CCCC(C)=CCCC(C)=CCCC(C)=CCCC(C)C1CC=C(C)CC=1'],['CC1(C)CCCC2(C)C1CCC1(C)C3CCC(C)(O)C(CCC(C)C4CC=C(C)CC=4)C3(C)CCC12'],{34257}
marts_E00264,tri,CC(C)=CCCC(C)=CCCC(C)=CCCC=C(C)CCC=C(C)CCC1OC1(C)C,CC1(C)C(O)CCC2(C)C1CCC1(C)C2CCC2C3C(CCC3(C)CCC12C)C(C)=C,['CC(C)=CCCC(C)=CCCC(C)=CCCC=C(C)CCC=C(C)CCC1OC1(C)C'],['CC1(C)C(O)CCC2(C)C1CCC1(C)C2CCC2C3C(CCC3(C)CCC12C)C(C)=C'],{31384}
marts_E00266,pt,CC(C)=CCCC(C)=CCOP([O-])(=O)OP([O-])([O-])=O.CC(=C)CCOP([O-])(=O)OP([O-])([O-])=O,CC(C)=CCCC(C)=CCCC(C)=CCOP([O-])(=O)OP([O-])([O-])=O,"['CC(C)=CCCC(C)=CCOP([O-])(=O)OP([O-])([O-])=O', 'CC(=C)CCOP([O-])(=O)OP([O-])([O-])=O']",['CC(C)=CCCC(C)=CCCC(C)=CCOP([O-])(=O)OP([O-])([O-])=O'],"{19362, 64573, 23301}"
marts_E00266,pt,CC(C)=CCOP([O-])(=O)OP([O-])([O-])=O.CC(=C)CCOP([O-])(=O)OP([O-])([O-])=O,CC(C)=CCCC(C)=CCOP([O-])(=O)OP([O-])([O-])=O,"['CC(C)=CCOP([O-])(=O)OP([O-])([O-])=O', 'CC(=C)CCOP([O-])(=O)OP([O-])([O-])=O']",['CC(C)=CCCC(C)=CCOP([O-])(=O)OP([O-])([O-])=O'],"{11329, 22409}"
marts_E00266,pt,CC(C)=CCCC(C)=CCOP([O-])(=O)OP([O-])([O-])=O.CC(C)=CCCC(C)=CCCC(C)=CCOP([O-])(=O)OP([O-])([O-])=O,CC(C)=CCCC(C)=CCCC(C)=CCCC(C)=CCOP([O-])(=O)OP([O-])([O-])=O,"['CC(C)=CCCC(C)=CCOP([O-])(=O)OP([O-])([O-])=O', 'CC(C)=CCCC(C)=CCCC(C)=CCOP([O-])(=O)OP([O-])([O-])=O']",['CC(C)=CCCC(C)=CCCC(C)=CCCC(C)=CCOP([O-])(=O)OP([O-])([O-])=O'],set()
marts_E00268,sesq,CC(C)=CCCC(C)=CCCC(C)=CCOP([O-])(=O)OP([O-])([O-])=O,CC(=C)C1CC2(C)C(C)CCC=C2CC1,['CC(C)=CCCC(C)=CCCC(C)=CCOP([O-])(=O)OP([O-])([O-])=O'],['CC(=C)C1CC2(C)C(C)CCC=C2CC1'],"{29512, 58169, 52805}"
marts_E00269,sesq,CC(C)=CCCC(C)=CCCC(C)=CCOP([O-])(=O)OP([O-])([O-])=O,CC1CCC(C=CC(=C)CCC=1)C(C)C,['CC(C)=CCCC(C)=CCCC(C)=CCOP([O-])(=O)OP([O-])([O-])=O'],['CC1CCC(C=CC(=C)CCC=1)C(C)C'],"{12017, 30428, 68717}"
marts_E00269,sesq,CC(C)=CCCC(C)=CCCC(C)=CCOP([O-])(=O)OP([O-])([O-])=O,CC1CCC2C(CC2(C)C)C(=C)CCC=1,['CC(C)=CCCC(C)=CCCC(C)=CCOP([O-])(=O)OP([O-])([O-])=O'],['CC1CCC2C(CC2(C)C)C(=C)CCC=1'],"{31816, 34704, 28295}"
marts_E00269,sesq,CC(C)=CCCC(C)=CCCC(C)=CCOP([O-])(=O)OP([O-])([O-])=O,CC1CCC=C(C)CC=CC(C)(C)CC=1,['CC(C)=CCCC(C)=CCCC(C)=CCOP([O-])(=O)OP([O-])([O-])=O'],['CC1CCC=C(C)CC=CC(C)(C)CC=1'],"{31896, 68781}"
marts_E00270,sesq,CC(C)=CCCC(C)=CCCC(C)=CCOP([O-])(=O)OP([O-])([O-])=O,CC1CCC(C=CC(=C)CCC=1)C(C)C,['CC(C)=CCCC(C)=CCCC(C)=CCOP([O-])(=O)OP([O-])([O-])=O'],['CC1CCC(C=CC(=C)CCC=1)C(C)C'],"{12017, 30428, 68717}"
marts_E00270,sesq,CC(C)=CCCC(C)=CCCC(C)=CCOP([O-])(=O)OP([O-])([O-])=O,CC1CCC2C(CC2(C)C)C(=C)CCC=1,['CC(C)=CCCC(C)=CCCC(C)=CCOP([O-])(=O)OP([O-])([O-])=O'],['CC1CCC2C(CC2(C)C)C(=C)CCC=1'],"{31816, 34704, 28295}"
marts_E00270,sesq,CC(C)=CCCC(C)=CCCC(C)=CCOP([O-])(=O)OP([O-])([O-])=O,CC1CCC=C(C)CC=CC(C)(C)CC=1,['CC(C)=CCCC(C)=CCCC(C)=CCOP([O-])(=O)OP([O-])([O-])=O'],['CC1CCC=C(C)CC=CC(C)(C)CC=1'],"{31896, 68781}"
marts_E00271,sesq,CC(C)=CCCC(C)=CCCC(C)=CCOP([O-])(=O)OP([O-])([O-])=O,CC1CCC2C(CC2(C)C)C(=C)CCC=1,['CC(C)=CCCC(C)=CCCC(C)=CCOP([O-])(=O)OP([O-])([O-])=O'],['CC1CCC2C(CC2(C)C)C(=C)CCC=1'],"{31816, 34704, 28295}"
marts_E00271,sesq,CC(C)=CCCC(C)=CCCC(C)=CCOP([O-])(=O)OP([O-])([O-])=O,CC1CCC(CC=C(C)CCC=1)C(C)=C,['CC(C)=CCCC(C)=CCCC(C)=CCOP([O-])(=O)OP([O-])([O-])=O'],['CC1CCC(CC=C(C)CCC=1)C(C)=C'],"{68777, 25453, 12517}"
marts_E00271,sesq,CC(C)=CCCC(C)=CCCC(C)=CCOP([O-])(=O)OP([O-])([O-])=O,CC1CCC2C(CC2(C)C)C(=C)CCC=1,['CC(C)=CCCC(C)=CCCC(C)=CCOP([O-])(=O)OP([O-])([O-])=O'],['CC1CCC2C(CC2(C)C)C(=C)CCC=1'],"{31816, 34704, 28295}"
marts_E00271,sesq,CC(C)=CCCC(C)=CCCC(C)=CCOP([O-])(=O)OP([O-])([O-])=O,CC1CCC2C1C1C(CCC2=C)C1(C)C,['CC(C)=CCCC(C)=CCCC(C)=CCOP([O-])(=O)OP([O-])([O-])=O'],['CC1CCC2C1C1C(CCC2=C)C1(C)C'],{67401}
marts_E00271,sesq,CC(C)=CCCC(C)=CCCC(C)=CCOP([O-])(=O)OP([O-])([O-])=O,CC(C)=C1CC=C(C)CCC=C(C)CC1,['CC(C)=CCCC(C)=CCCC(C)=CCOP([O-])(=O)OP([O-])([O-])=O'],['CC(C)=C1CC=C(C)CCC=C(C)CC1'],{25445}
marts_E00271,sesq,CC(C)=CCCC(C)=CCCC(C)=CCOP([O-])(=O)OP([O-])([O-])=O,CC1CCC=C(C)CC=CC(C)(C)CC=1,['CC(C)=CCCC(C)=CCCC(C)=CCOP([O-])(=O)OP([O-])([O-])=O'],['CC1CCC=C(C)CC=CC(C)(C)CC=1'],"{31896, 68781}"
marts_E00271,sesq,CC(C)=CCCC(C)=CCCC(C)=CCOP([O-])(=O)OP([O-])([O-])=O,CC1CCC2C(C=1)C(CCC2=C)C(C)C,['CC(C)=CCCC(C)=CCCC(C)=CCOP([O-])(=O)OP([O-])([O-])=O'],['CC1CCC2C(C=1)C(CCC2=C)C(C)C'],"{28640, 68849, 31828, 33108}"
marts_E00271,sesq,CC(C)=CCCC(C)=CCCC(C)=CCOP([O-])(=O)OP([O-])([O-])=O,CC1=CCCC2(C)CCC(CC21)C(C)=C,['CC(C)=CCCC(C)=CCCC(C)=CCOP([O-])(=O)OP([O-])([O-])=O'],['CC1=CCCC2(C)CCC(CC21)C(C)=C'],"{30384, 31820, 47053}"
marts_E00271,sesq,CC(C)=CCCC(C)=CCCC(C)=CCOP([O-])(=O)OP([O-])([O-])=O,CC(=C)C1CC2C(=C)CCCC2(C)CC1,['CC(C)=CCCC(C)=CCCC(C)=CCOP([O-])(=O)OP([O-])([O-])=O'],['CC(=C)C1CC2C(=C)CCCC2(C)CC1'],{29484}
marts_E00271,sesq,CC(C)=CCCC(C)=CCCC(C)=CCOP([O-])(=O)OP([O-])([O-])=O,CC1(C)CC23C1CCC2(C)CCC=C3C,['CC(C)=CCCC(C)=CCCC(C)=CCOP([O-])(=O)OP([O-])([O-])=O'],['CC1(C)CC23C1CCC2(C)CCC=C3C'],set()
marts_E00271,sesq,CC(C)=CCCC(C)=CCCC(C)=CCOP([O-])(=O)OP([O-])([O-])=O,CC1(C)CC23C1CCC2(C)CCCC3=C,['CC(C)=CCCC(C)=CCCC(C)=CCOP([O-])(=O)OP([O-])([O-])=O'],['CC1(C)CC23C1CCC2(C)CCCC3=C'],set()
marts_E00271,sesq,CC(C)=CCCC(C)=CCCC(C)=CCOP([O-])(=O)OP([O-])([O-])=O,CC(C)C1CCC(C)=C2CCC(C)=CC21,['CC(C)=CCCC(C)=CCCC(C)=CCOP([O-])(=O)OP([O-])([O-])=O'],['CC(C)C1CCC(C)=C2CCC(C)=CC21'],"{32016, 56557, 19526}"
marts_E00272,mono,CC(C)=CCCC(C)=CCOP([O-])(=O)OP([O-])([O-])=O,CC(C)=CCCC(C)(O)C=C,['CC(C)=CCCC(C)=CCOP([O-])(=O)OP([O-])([O-])=O'],['CC(C)=CCCC(C)(O)C=C'],"{15810, 68709, 24117}"
marts_E00272,sesq,CC(C)=CCCC(C)=CCCC(C)=CCOP([O-])(=O)OP([O-])([O-])=O,CC(C)=CCCC(C)=CCCC(C)(O)C=C,['CC(C)=CCCC(C)=CCCC(C)=CCOP([O-])(=O)OP([O-])([O-])=O'],['CC(C)=CCCC(C)=CCCC(C)(O)C=C'],"{68833, 27531, 27535, 68821, 56985}"
marts_E00273,di,CC1(C)CCCC2(C)C1CCC(=C)C2CCC(C)=CCOP([O-])(=O)OP([O-])([O-])=O,CC1(C)CCCC2(C)C1CCC1=CC(C)(CCC21)C=C,['CC1(C)CCCC2(C)C1CCC(=C)C2CCC(C)=CCOP([O-])(=O)OP([O-])([O-])=O'],['CC1(C)CCCC2(C)C1CCC1=CC(C)(CCC21)C=C'],"{25537, 32004, 25541, 32008, 42985}"
marts_E00274,di,CC(C)=CCCC(C)=CCCC(C)=CCCC(C)=CCOP([O-])(=O)OP([O-])([O-])=O,CC1(C)CCCC2(C)C1CCC(=C)C2CCC(C)=CCOP([O-])(=O)OP([O-])([O-])=O,['CC(C)=CCCC(C)=CCCC(C)=CCCC(C)=CCOP([O-])(=O)OP([O-])([O-])=O'],['CC1(C)CCCC2(C)C1CCC(=C)C2CCC(C)=CCOP([O-])(=O)OP([O-])([O-])=O'],"{14842, 24317, 25525}"
marts_E00275,tri,CC(C)=CCCC(C)=CCCC(C)=CCCC=C(C)CCC=C(C)CCC1OC1(C)C,CC1(C)C(O)CCC23CC42CCC2(C)C(CCC2(C)C4CCC13)C(C)CCC=C(C)C,['CC(C)=CCCC(C)=CCCC(C)=CCCC=C(C)CCC=C(C)CCC1OC1(C)C'],['CC1(C)C(O)CCC23CC42CCC2(C)C(CCC2(C)C4CCC13)C(C)CCC=C(C)C'],{21309}
marts_E00276,sesq,CC(C)=CCCC(C)=CCCC(C)=CCOP([O-])(=O)OP([O-])([O-])=O,CC1CCC(CC=C(C)CCC=1)C(C)=C,['CC(C)=CCCC(C)=CCCC(C)=CCOP([O-])(=O)OP([O-])([O-])=O'],['CC1CCC(CC=C(C)CCC=1)C(C)=C'],"{68777, 25453, 12517}"
marts_E00277,mono,CC(C)=CCCC(C)=CCOP([O-])(=O)OP([O-])([O-])=O,CC1=CCC2CC1C2(C)C,['CC(C)=CCCC(C)=CCOP([O-])(=O)OP([O-])([O-])=O'],['CC1=CCC2CC1C2(C)C'],"{32576, 25489, 25663}"
marts_E00277,mono,CC(C)=CCCC(C)=CCOP([O-])(=O)OP([O-])([O-])=O,CC1(C)C2CC1CCC2=C,['CC(C)=CCCC(C)=CCOP([O-])(=O)OP([O-])([O-])=O'],['CC1(C)C2CC1CCC2=C'],"{25497, 25667, 32580}"
marts_E00278,sesq,CC(C)=CCCC(C)=CCCC(C)=CCOP([O-])(=O)OP([O-])([O-])=O,CC1(C)CC2(C)CCC3C(C)CCC1C23O,['CC(C)=CCCC(C)=CCCC(C)=CCOP([O-])(=O)OP([O-])([O-])=O'],['CC1(C)CC2(C)CCC3C(C)CCC1C23O'],{27955}
marts_E00279,mono,CC(C)=CCCC(C)=CCOP([O-])(=O)OP([O-])([O-])=O,CC(C)=CCCC(C)=CCO,['CC(C)=CCCC(C)=CCOP([O-])(=O)OP([O-])([O-])=O'],['CC(C)=CCCC(C)=CCO'],"{32680, 65829}"
marts_E00282,di,CC(C)=CCCC(C)=CCCC(C)=CCCC(C)=CCOP([O-])(=O)OP([O-])([O-])=O,CC1(C)C2CC3C(C)=CCCC3(C)CCC1=C(C)CC2,['CC(C)=CCCC(C)=CCCC(C)=CCCC(C)=CCOP([O-])(=O)OP([O-])([O-])=O'],['CC1(C)C2CC3C(C)=CCCC3(C)CCC1=C(C)CC2'],{20913}
marts_E00286,sesq,CC(C)=CCCC(C)=CCCC(C)=CCOP([O-])(=O)OP([O-])([O-])=O,CC1CCC(C=CC(=C)CCC=1)C(C)C,['CC(C)=CCCC(C)=CCCC(C)=CCOP([O-])(=O)OP([O-])([O-])=O'],['CC1CCC(C=CC(=C)CCC=1)C(C)C'],"{12017, 30428, 68717}"
marts_E00286,sesq,CC(C)=CCCC(C)=CCCC(C)=CCOP([O-])(=O)OP([O-])([O-])=O,CC(C)C1CCC(C)=C2CCC(C)=CC21,['CC(C)=CCCC(C)=CCCC(C)=CCOP([O-])(=O)OP([O-])([O-])=O'],['CC(C)C1CCC(C)=C2CCC(C)=CC21'],"{32016, 56557, 19526}"
marts_E00287,sesq,CC(C)=CCCC(C)=CCCC(C)=CCOP([O-])(=O)OP([O-])([O-])=O,CC(=C)C1CC2(C)C(C)CCC=C2CC1,['CC(C)=CCCC(C)=CCCC(C)=CCOP([O-])(=O)OP([O-])([O-])=O'],['CC(=C)C1CC2(C)C(C)CCC=C2CC1'],"{29512, 58169, 52805}"
marts_E00287,sesq,CC(C)=CCCC(C)=CCCC(C)=CCOP([O-])(=O)OP([O-])([O-])=O,CC1=CCCC2(C)CCC(CC21)C(C)=C,['CC(C)=CCCC(C)=CCCC(C)=CCOP([O-])(=O)OP([O-])([O-])=O'],['CC1=CCCC2(C)CCC(CC21)C(C)=C'],"{30384, 31820, 47053}"
marts_E00287,sesq,CC(C)=CCCC(C)=CCCC(C)=CCOP([O-])(=O)OP([O-])([O-])=O,CC1CCC2C(CC2(C)C)C(=C)CCC=1,['CC(C)=CCCC(C)=CCCC(C)=CCOP([O-])(=O)OP([O-])([O-])=O'],['CC1CCC2C(CC2(C)C)C(=C)CCC=1'],"{31816, 34704, 28295}"
marts_E00287,sesq,CC(C)=CCCC(C)=CCCC(C)=CCOP([O-])(=O)OP([O-])([O-])=O,CC1CCC(C=CC(=C)CCC=1)C(C)C,['CC(C)=CCCC(C)=CCCC(C)=CCOP([O-])(=O)OP([O-])([O-])=O'],['CC1CCC(C=CC(=C)CCC=1)C(C)C'],"{12017, 30428, 68717}"
marts_E00287,sesq,CC(C)=CCCC(C)=CCCC(C)=CCOP([O-])(=O)OP([O-])([O-])=O,CC1CCC=C(C)CC=CC(C)(C)CC=1,['CC(C)=CCCC(C)=CCCC(C)=CCOP([O-])(=O)OP([O-])([O-])=O'],['CC1CCC=C(C)CC=CC(C)(C)CC=1'],"{31896, 68781}"
marts_E00287,sesq,CC(C)=CCCC(C)=CCCC(C)=CCOP([O-])(=O)OP([O-])([O-])=O,CC(=C)C1CC=C2CCCC(C)C2(C)C1,['CC(C)=CCCC(C)=CCCC(C)=CCOP([O-])(=O)OP([O-])([O-])=O'],['CC(=C)C1CC=C2CCCC(C)C2(C)C1'],"{19826, 28636}"
marts_E00288,mono,CC(C)=CCCC(C)=CCOP([O-])(=O)OP([O-])([O-])=O,CC1CCC(CC=1)C(C)(C)O,['CC(C)=CCCC(C)=CCOP([O-])(=O)OP([O-])([O-])=O'],['CC1CCC(CC=1)C(C)(C)O'],"{32552, 32556}"
marts_E00288,mono,CC(C)=CCCC(C)=CCOP([O-])(=O)OP([O-])([O-])=O,CC(C)C12CC=C(C)C1C2,['CC(C)=CCCC(C)=CCOP([O-])(=O)OP([O-])([O-])=O'],['CC(C)C12CC=C(C)C1C2'],{68645}
marts_E00288,mono,CC(C)=CCCC(C)=CCOP([O-])(=O)OP([O-])([O-])=O,CC1=CCC2CC1C2(C)C,['CC(C)=CCCC(C)=CCOP([O-])(=O)OP([O-])([O-])=O'],['CC1=CCC2CC1C2(C)C'],"{32576, 25489, 25663}"
marts_E00288,mono,CC(C)=CCCC(C)=CCOP([O-])(=O)OP([O-])([O-])=O,CC(C)=CCCC(=C)C=C,['CC(C)=CCCC(C)=CCOP([O-])(=O)OP([O-])([O-])=O'],['CC(C)=CCCC(=C)C=C'],{16966}
marts_E00288,mono,CC(C)=CCCC(C)=CCOP([O-])(=O)OP([O-])([O-])=O,CC(C)C12CCC(=C)C1C2,['CC(C)=CCCC(C)=CCOP([O-])(=O)OP([O-])([O-])=O'],['CC(C)C12CCC(=C)C1C2'],"{68637, 32548, 25509}"
marts_E00288,mono,CC(C)=CCCC(C)=CCOP([O-])(=O)OP([O-])([O-])=O,CC1(C)C2CC1CCC2=C,['CC(C)=CCCC(C)=CCOP([O-])(=O)OP([O-])([O-])=O'],['CC1(C)C2CC1CCC2=C'],"{25497, 25667, 32580}"
marts_E00288,mono,CC(C)=CCCC(C)=CCOP([O-])(=O)OP([O-])([O-])=O,CC1(C)C2CC1CCC2=C,['CC(C)=CCCC(C)=CCOP([O-])(=O)OP([O-])([O-])=O'],['CC1(C)C2CC1CCC2=C'],"{25497, 25667, 32580}"
marts_E00288,mono,CC(C)=CCCC(C)=CCOP([O-])(=O)OP([O-])([O-])=O,CC1CCC(CC=1)C(C)=C,['CC(C)=CCCC(C)=CCOP([O-])(=O)OP([O-])([O-])=O'],['CC1CCC(CC=1)C(C)=C'],"{68641, 10941, 12870}"
marts_E00288,mono,CC(C)=CCCC(C)=CCOP([O-])(=O)OP([O-])([O-])=O,CC1(C)OC2(C)CCC1CC2,['CC(C)=CCCC(C)=CCOP([O-])(=O)OP([O-])([O-])=O'],['CC1(C)OC2(C)CCC1CC2'],"{32544, 56633}"
marts_E00288,mono,CC(C)=CCCC(C)=CCOP([O-])(=O)OP([O-])([O-])=O,CC(C)=C1CC=C(C)CC1,['CC(C)=CCCC(C)=CCOP([O-])(=O)OP([O-])([O-])=O'],['CC(C)=C1CC=C(C)CC1'],{25501}
marts_E00288,mono,CC(C)=CCCC(C)=CCOP([O-])(=O)OP([O-])([O-])=O,CC1(O)CCC2(CC12)C(C)C,['CC(C)=CCCC(C)=CCOP([O-])(=O)OP([O-])([O-])=O'],['CC1(O)CCC2(CC12)C(C)C'],{19566}
marts_E00288,mono,CC(C)=CCCC(C)=CCOP([O-])(=O)OP([O-])([O-])=O,CC1(O)CCC2(CC12)C(C)C,['CC(C)=CCCC(C)=CCOP([O-])(=O)OP([O-])([O-])=O'],['CC1(O)CCC2(CC12)C(C)C'],{19566}
marts_E00288,mono,CC(C)=CCCC(C)=CCOP([O-])(=O)OP([O-])([O-])=O,CC1CCC(CC=1)C(C)(C)O,['CC(C)=CCCC(C)=CCOP([O-])(=O)OP([O-])([O-])=O'],['CC1CCC(CC=1)C(C)(C)O'],"{32552, 32556}"
marts_E00289,sqs,CC(C)=CCCC(C)=CCCC(C)=CCOP([O-])(=O)OP([O-])([O-])=O.CC(C)=CCCC(C)=CCCC(C)=CCOP([O-])(=O)OP([O-])([O-])=O,CC(CCC=C(C)CCC=C(C)C)=CC1C(COP([O-])(=O)OP([O-])([O-])=O)C1(C)CCC=C(C)CCC=C(C)C,"['CC(C)=CCCC(C)=CCCC(C)=CCOP([O-])(=O)OP([O-])([O-])=O', 'CC(C)=CCCC(C)=CCCC(C)=CCOP([O-])(=O)OP([O-])([O-])=O']",['CC(CCC=C(C)CCC=C(C)C)=CC1C(COP([O-])(=O)OP([O-])([O-])=O)C1(C)CCC=C(C)CCC=C(C)C'],{22673}
marts_E00290,sesq,CC(C)=CCCC(C)=CCCC(C)=CCOP([O-])(=O)OP([O-])([O-])=O,CC(C)=CCCC(C)C12CC=C(C)C1C2,['CC(C)=CCCC(C)=CCCC(C)=CCOP([O-])(=O)OP([O-])([O-])=O'],['CC(C)=CCCC(C)C12CC=C(C)C1C2'],"{31992, 31996}"
marts_E00290,sesq,CC(C)=CCCC(C)=CCCC(C)=CCOP([O-])(=O)OP([O-])([O-])=O,CC(C)=CCCC1(C)C2CC1CC=C2C,['CC(C)=CCCC(C)=CCCC(C)=CCOP([O-])(=O)OP([O-])([O-])=O'],['CC(C)=CCCC1(C)C2CC1CC=C2C'],"{30472, 31428}"
marts_E00290,sesq,CC(C)=CCCC(C)=CCCC(C)=CCOP([O-])(=O)OP([O-])([O-])=O,CC(C)=CCCC(=C)C1CC=C(C)CC1,['CC(C)=CCCC(C)=CCCC(C)=CCOP([O-])(=O)OP([O-])([O-])=O'],['CC(C)=CCCC(=C)C1CC=C(C)CC1'],"{68813, 68529, 28267, 68525}"
marts_E00290,sesq,CC(C)=CCCC(C)=CCCC(C)=CCOP([O-])(=O)OP([O-])([O-])=O,CC(C)=CCCC(C)C1CCC(C)=CC=1,['CC(C)=CCCC(C)=CCCC(C)=CCOP([O-])(=O)OP([O-])([O-])=O'],['CC(C)=CCCC(C)C1CCC(C)=CC=1'],"{32032, 68785}"
marts_E00290,sesq,CC(C)=CCCC(C)=CCCC(C)=CCOP([O-])(=O)OP([O-])([O-])=O,CC(C)=CCCC(C)C12CC1C(=C)CC2,['CC(C)=CCCC(C)=CCCC(C)=CCOP([O-])(=O)OP([O-])([O-])=O'],['CC(C)=CCCC(C)C12CC1C(=C)CC2'],"{60017, 60021}"
marts_E00290,sesq,CC(C)=CCCC(C)=CCCC(C)=CCOP([O-])(=O)OP([O-])([O-])=O,CC(C)=CCCC(C)C1CC=C(C)CC=1,['CC(C)=CCCC(C)=CCCC(C)=CCOP([O-])(=O)OP([O-])([O-])=O'],['CC(C)=CCCC(C)C1CC=C(C)CC=1'],{31420}
marts_E00290,mono,CC(C)=CCCC(C)=CCOP([O-])(=O)OP([O-])([O-])=O,CC1CCC(CC=1)C(C)=C,['CC(C)=CCCC(C)=CCOP([O-])(=O)OP([O-])([O-])=O'],['CC1CCC(CC=1)C(C)=C'],"{68641, 10941, 12870}"
marts_E00290,mono,CC(C)=CCCC(C)=CCOP([O-])(=O)OP([O-])([O-])=O,CC(C)=CCCC(=C)C=C,['CC(C)=CCCC(C)=CCOP([O-])(=O)OP([O-])([O-])=O'],['CC(C)=CCCC(=C)C=C'],{16966}
marts_E00290,sesq,CC(C)=CCCC(C)=CCCC(C)=CCOP([O-])(=O)OP([O-])([O-])=O,CC(C)=CCCC(C)=CCC=C(C)C=C,['CC(C)=CCCC(C)=CCCC(C)=CCOP([O-])(=O)OP([O-])([O-])=O'],['CC(C)=CCCC(C)=CCC=C(C)C=C'],{27422}
marts_E00290,sesq,CC(C)=CCCC(C)=CCCC(C)=CCOP([O-])(=O)OP([O-])([O-])=O,CC(C)=CCCC(C)=C1CC=C(C)CC1,['CC(C)=CCCC(C)=CCCC(C)=CCOP([O-])(=O)OP([O-])([O-])=O'],['CC(C)=CCCC(C)=C1CC=C(C)CC1'],"{26082, 79464, 28299, 68469, 68789}"
marts_E00290,sesq,CC(C)=CCCC(C)=CCCC(C)=CCOP([O-])(=O)OP([O-])([O-])=O,CC(C)=CCCC(C)=CCCC(=C)C=C,['CC(C)=CCCC(C)=CCCC(C)=CCOP([O-])(=O)OP([O-])([O-])=O'],['CC(C)=CCCC(C)=CCCC(=C)C=C'],"{68545, 27426, 68857, 68505, 68509}"
marts_E00290,sesq,CC(C)=CCCC(C)=CCCC(C)=CCOP([O-])(=O)OP([O-])([O-])=O,CC(C)=CCCC(C)C12CC=C(C)C1C2,['CC(C)=CCCC(C)=CCCC(C)=CCOP([O-])(=O)OP([O-])([O-])=O'],['CC(C)=CCCC(C)C12CC=C(C)C1C2'],"{31992, 31996}"
marts_E00290,sesq,CC(C)=CCCC(C)=CCCC(C)=CCOP([O-])(=O)OP([O-])([O-])=O,CC(C)=CCC=C(C)C1CC=C(C)CC1,['CC(C)=CCCC(C)=CCCC(C)=CCOP([O-])(=O)OP([O-])([O-])=O'],['CC(C)=CCC=C(C)C1CC=C(C)CC1'],"{68845, 68817, 68533, 68473, 25437}"
marts_E00290,sesq,CC(C)=CCCC(C)=CCCC(C)=CCOP([O-])(=O)OP([O-])([O-])=O,CC(C)=CCCC(C)=C1CC=C(C)CC1,['CC(C)=CCCC(C)=CCCC(C)=CCOP([O-])(=O)OP([O-])([O-])=O'],['CC(C)=CCCC(C)=C1CC=C(C)CC1'],"{26082, 79464, 28299, 68469, 68789}"
marts_E00290,sesq,CC(C)=CCCC(C)=CCCC(C)=CCOP([O-])(=O)OP([O-])([O-])=O,CC(C)=CCCC(C)C1CC=C(C)C=C1,['CC(C)=CCCC(C)=CCCC(C)=CCOP([O-])(=O)OP([O-])([O-])=O'],['CC(C)=CCCC(C)C1CC=C(C)C=C1'],"{35748, 28644}"
marts_E00290,sesq,CC(C)=CCCC(C)=CCCC(C)=CCOP([O-])(=O)OP([O-])([O-])=O,CC(C)=CCCC(C)C1CCC(=C)C=C1,['CC(C)=CCCC(C)=CCCC(C)=CCOP([O-])(=O)OP([O-])([O-])=O'],['CC(C)=CCCC(C)C1CCC(=C)C=C1'],{32700}
marts_E00290,sesq,CC(C)=CCCC(C)=CCCC(C)=CCOP([O-])(=O)OP([O-])([O-])=O,CC(C)=CCCC(C)C12CC1C(=C)CC2,['CC(C)=CCCC(C)=CCCC(C)=CCOP([O-])(=O)OP([O-])([O-])=O'],['CC(C)=CCCC(C)C12CC1C(=C)CC2'],"{60017, 60021}"
marts_E00290,mono,CC(C)=CCCC(C)=CCOP([O-])(=O)OP([O-])([O-])=O,CC(C)C12CC=C(C)C1C2,['CC(C)=CCCC(C)=CCOP([O-])(=O)OP([O-])([O-])=O'],['CC(C)C12CC=C(C)C1C2'],{68645}
marts_E00290,mono,CC(C)=CCCC(C)=CCOP([O-])(=O)OP([O-])([O-])=O,CC(C)C12CCC(=C)C1C2,['CC(C)=CCCC(C)=CCOP([O-])(=O)OP([O-])([O-])=O'],['CC(C)C12CCC(=C)C1C2'],"{68637, 32548, 25509}"
marts_E00290,mono,CC(C)=CCCC(C)=CCOP([O-])(=O)OP([O-])([O-])=O,CC1CCC(=CC=1)C(C)C,['CC(C)=CCCC(C)=CCOP([O-])(=O)OP([O-])([O-])=O'],['CC1CCC(=CC=1)C(C)C'],{32564}
marts_E00290,mono,CC(C)=CCCC(C)=CCOP([O-])(=O)OP([O-])([O-])=O,CC(C)=CCC=C(C)C=C,['CC(C)=CCCC(C)=CCOP([O-])(=O)OP([O-])([O-])=O'],['CC(C)=CCC=C(C)C=C'],"{68825, 32692}"
marts_E00290,mono,CC(C)=CCCC(C)=CCOP([O-])(=O)OP([O-])([O-])=O,CC(C)C1CCC(=C)C=C1,['CC(C)=CCCC(C)=CCOP([O-])(=O)OP([O-])([O-])=O'],['CC(C)C1CCC(=C)C=C1'],"{25505, 25493, 27831}"
marts_E00290,mono,CC(C)=CCCC(C)=CCOP([O-])(=O)OP([O-])([O-])=O,CC(C)=C1CC=C(C)CC1,['CC(C)=CCCC(C)=CCOP([O-])(=O)OP([O-])([O-])=O'],['CC(C)=C1CC=C(C)CC1'],{25501}
marts_E00290,mono,CC(C)=CCCC(C)=CCOP([O-])(=O)OP([O-])([O-])=O,CC1CC=C(CC=1)C(C)C,['CC(C)=CCCC(C)=CCOP([O-])(=O)OP([O-])([O-])=O'],['CC1CC=C(CC=1)C(C)C'],{32560}
marts_E00290,mono,CC(C)=CCCC(C)=CCOP([O-])(=O)OP([O-])([O-])=O,CC1(O)CCC2(CC12)C(C)C,['CC(C)=CCCC(C)=CCOP([O-])(=O)OP([O-])([O-])=O'],['CC1(O)CCC2(CC12)C(C)C'],{19566}
marts_E00290,mono,CC(C)=CCCC(C)=CCOP([O-])(=O)OP([O-])([O-])=O,CC(C)=CCCC(C)(O)C=C,['CC(C)=CCCC(C)=CCOP([O-])(=O)OP([O-])([O-])=O'],['CC(C)=CCCC(C)(O)C=C'],"{15810, 68709, 24117}"
marts_E00290,mono,CC(C)=CCCC(C)=CCOP([O-])(=O)OP([O-])([O-])=O,CC(C)=CCCC(C)(O)C=C,['CC(C)=CCCC(C)=CCOP([O-])(=O)OP([O-])([O-])=O'],['CC(C)=CCCC(C)(O)C=C'],"{15810, 68709, 24117}"
marts_E00291,sesq,CC(C)=CCCC(C)=CCCC(C)=CCOP([O-])(=O)OP([O-])([O-])=O,CC(C)=CCCC(C)C12CC=C(C)C1C2,['CC(C)=CCCC(C)=CCCC(C)=CCOP([O-])(=O)OP([O-])([O-])=O'],['CC(C)=CCCC(C)C12CC=C(C)C1C2'],"{31992, 31996}"
marts_E00291,sesq,CC(C)=CCCC(C)=CCCC(C)=CCOP([O-])(=O)OP([O-])([O-])=O,CC(C)=CCCC(=C)C1CC=C(C)CC1,['CC(C)=CCCC(C)=CCCC(C)=CCOP([O-])(=O)OP([O-])([O-])=O'],['CC(C)=CCCC(=C)C1CC=C(C)CC1'],"{68813, 68529, 28267, 68525}"
marts_E00291,sesq,CC(C)=CCCC(C)=CCCC(C)=CCOP([O-])(=O)OP([O-])([O-])=O,CC(C)=CCCC1(C)C2CC1CC=C2C,['CC(C)=CCCC(C)=CCCC(C)=CCOP([O-])(=O)OP([O-])([O-])=O'],['CC(C)=CCCC1(C)C2CC1CC=C2C'],"{30472, 31428}"
marts_E00291,sesq,CC(C)=CCCC(C)=CCCC(C)=CCOP([O-])(=O)OP([O-])([O-])=O,CC(C)=CCCC(C)C1CC=C(C)CC=1,['CC(C)=CCCC(C)=CCCC(C)=CCOP([O-])(=O)OP([O-])([O-])=O'],['CC(C)=CCCC(C)C1CC=C(C)CC=1'],{31420}
marts_E00291,sesq,CC(C)=CCCC(C)=CCCC(C)=CCOP([O-])(=O)OP([O-])([O-])=O,CC(C)=CCCC(C)C1CCC(C)=CC=1,['CC(C)=CCCC(C)=CCCC(C)=CCOP([O-])(=O)OP([O-])([O-])=O'],['CC(C)=CCCC(C)C1CCC(C)=CC=1'],"{32032, 68785}"
marts_E00291,sesq,CC(C)=CCCC(C)=CCCC(C)=CCOP([O-])(=O)OP([O-])([O-])=O,CC(C)=CCCC(C)C12CC1C(=C)CC2,['CC(C)=CCCC(C)=CCCC(C)=CCOP([O-])(=O)OP([O-])([O-])=O'],['CC(C)=CCCC(C)C12CC1C(=C)CC2'],"{60017, 60021}"
marts_E00291,mono,CC(C)=CCCC(C)=CCOP([O-])(=O)OP([O-])([O-])=O,CC1CCC(CC=1)C(C)=C,['CC(C)=CCCC(C)=CCOP([O-])(=O)OP([O-])([O-])=O'],['CC1CCC(CC=1)C(C)=C'],"{68641, 10941, 12870}"
marts_E00291,mono,CC(C)=CCCC(C)=CCOP([O-])(=O)OP([O-])([O-])=O,CC(C)=CCCC(=C)C=C,['CC(C)=CCCC(C)=CCOP([O-])(=O)OP([O-])([O-])=O'],['CC(C)=CCCC(=C)C=C'],{16966}
marts_E00291,sesq,CC(C)=CCCC(C)=CCCC(C)=CCOP([O-])(=O)OP([O-])([O-])=O,CC(C)=CCCC(C)=CCC=C(C)C=C,['CC(C)=CCCC(C)=CCCC(C)=CCOP([O-])(=O)OP([O-])([O-])=O'],['CC(C)=CCCC(C)=CCC=C(C)C=C'],{27422}
marts_E00291,sesq,CC(C)=CCCC(C)=CCCC(C)=CCOP([O-])(=O)OP([O-])([O-])=O,CC(C)=CCCC(C)=CCCC(=C)C=C,['CC(C)=CCCC(C)=CCCC(C)=CCOP([O-])(=O)OP([O-])([O-])=O'],['CC(C)=CCCC(C)=CCCC(=C)C=C'],"{68545, 27426, 68857, 68505, 68509}"
marts_E00291,sesq,CC(C)=CCCC(C)=CCCC(C)=CCOP([O-])(=O)OP([O-])([O-])=O,CC(C)=CCCC(C)C12CC=C(C)C1C2,['CC(C)=CCCC(C)=CCCC(C)=CCOP([O-])(=O)OP([O-])([O-])=O'],['CC(C)=CCCC(C)C12CC=C(C)C1C2'],"{31992, 31996}"
marts_E00291,sesq,CC(C)=CCCC(C)=CCCC(C)=CCOP([O-])(=O)OP([O-])([O-])=O,CC(C)=CCCC(C)=C1CC=C(C)CC1,['CC(C)=CCCC(C)=CCCC(C)=CCOP([O-])(=O)OP([O-])([O-])=O'],['CC(C)=CCCC(C)=C1CC=C(C)CC1'],"{26082, 79464, 28299, 68469, 68789}"
marts_E00291,sesq,CC(C)=CCCC(C)=CCCC(C)=CCOP([O-])(=O)OP([O-])([O-])=O,CC(C)=CCCC(C)C12CC1C(=C)CC2,['CC(C)=CCCC(C)=CCCC(C)=CCOP([O-])(=O)OP([O-])([O-])=O'],['CC(C)=CCCC(C)C12CC1C(=C)CC2'],"{60017, 60021}"
marts_E00291,sesq,CC(C)=CCCC(C)=CCCC(C)=CCOP([O-])(=O)OP([O-])([O-])=O,CC(C)=CCC=C(C)C1CC=C(C)CC1,['CC(C)=CCCC(C)=CCCC(C)=CCOP([O-])(=O)OP([O-])([O-])=O'],['CC(C)=CCC=C(C)C1CC=C(C)CC1'],"{68845, 68817, 68533, 68473, 25437}"
marts_E00291,sesq,CC(C)=CCCC(C)=CCCC(C)=CCOP([O-])(=O)OP([O-])([O-])=O,CC(C)=CCCC(C)C1CC=C(C)C=C1,['CC(C)=CCCC(C)=CCCC(C)=CCOP([O-])(=O)OP([O-])([O-])=O'],['CC(C)=CCCC(C)C1CC=C(C)C=C1'],"{35748, 28644}"
marts_E00291,sesq,CC(C)=CCCC(C)=CCCC(C)=CCOP([O-])(=O)OP([O-])([O-])=O,CC(C)=CCCC(C)C1CCC(=C)C=C1,['CC(C)=CCCC(C)=CCCC(C)=CCOP([O-])(=O)OP([O-])([O-])=O'],['CC(C)=CCCC(C)C1CCC(=C)C=C1'],{32700}
marts_E00291,mono,CC(C)=CCCC(C)=CCOP([O-])(=O)OP([O-])([O-])=O,CC(C)C12CC=C(C)C1C2,['CC(C)=CCCC(C)=CCOP([O-])(=O)OP([O-])([O-])=O'],['CC(C)C12CC=C(C)C1C2'],{68645}
marts_E00291,mono,CC(C)=CCCC(C)=CCOP([O-])(=O)OP([O-])([O-])=O,CC(C)C12CCC(=C)C1C2,['CC(C)=CCCC(C)=CCOP([O-])(=O)OP([O-])([O-])=O'],['CC(C)C12CCC(=C)C1C2'],"{68637, 32548, 25509}"
marts_E00291,mono,CC(C)=CCCC(C)=CCOP([O-])(=O)OP([O-])([O-])=O,CC1CCC(=CC=1)C(C)C,['CC(C)=CCCC(C)=CCOP([O-])(=O)OP([O-])([O-])=O'],['CC1CCC(=CC=1)C(C)C'],{32564}
marts_E00291,mono,CC(C)=CCCC(C)=CCOP([O-])(=O)OP([O-])([O-])=O,CC(C)=CCC=C(C)C=C,['CC(C)=CCCC(C)=CCOP([O-])(=O)OP([O-])([O-])=O'],['CC(C)=CCC=C(C)C=C'],"{68825, 32692}"
marts_E00291,mono,CC(C)=CCCC(C)=CCOP([O-])(=O)OP([O-])([O-])=O,CC(C)C1CCC(=C)C=C1,['CC(C)=CCCC(C)=CCOP([O-])(=O)OP([O-])([O-])=O'],['CC(C)C1CCC(=C)C=C1'],"{25505, 25493, 27831}"
marts_E00291,mono,CC(C)=CCCC(C)=CCOP([O-])(=O)OP([O-])([O-])=O,CC(C)=C1CC=C(C)CC1,['CC(C)=CCCC(C)=CCOP([O-])(=O)OP([O-])([O-])=O'],['CC(C)=C1CC=C(C)CC1'],{25501}
marts_E00291,mono,CC(C)=CCCC(C)=CCOP([O-])(=O)OP([O-])([O-])=O,CC1CC=C(CC=1)C(C)C,['CC(C)=CCCC(C)=CCOP([O-])(=O)OP([O-])([O-])=O'],['CC1CC=C(CC=1)C(C)C'],{32560}
marts_E00291,mono,CC(C)=CCCC(C)=CCOP([O-])(=O)OP([O-])([O-])=O,CC1(O)CCC2(CC12)C(C)C,['CC(C)=CCCC(C)=CCOP([O-])(=O)OP([O-])([O-])=O'],['CC1(O)CCC2(CC12)C(C)C'],{19566}
marts_E00291,mono,CC(C)=CCCC(C)=CCOP([O-])(=O)OP([O-])([O-])=O,CC(C)=CCCC(C)(O)C=C,['CC(C)=CCCC(C)=CCOP([O-])(=O)OP([O-])([O-])=O'],['CC(C)=CCCC(C)(O)C=C'],"{15810, 68709, 24117}"
marts_E00291,mono,CC(C)=CCCC(C)=CCOP([O-])(=O)OP([O-])([O-])=O,CC(C)=CCCC(C)(O)C=C,['CC(C)=CCCC(C)=CCOP([O-])(=O)OP([O-])([O-])=O'],['CC(C)=CCCC(C)(O)C=C'],"{15810, 68709, 24117}"
marts_E00300,pt,CC(C)=CCCC(C)=CCCC(C)=CCOP([O-])(=O)OP([O-])([O-])=O.CC(=C)CCOP([O-])(=O)OP([O-])([O-])=O,CC(C)=CCCC(C)=CCCC(C)=CCCC(C)=CCOP([O-])(=O)OP([O-])([O-])=O,"['CC(C)=CCCC(C)=CCCC(C)=CCOP([O-])(=O)OP([O-])([O-])=O', 'CC(=C)CCOP([O-])(=O)OP([O-])([O-])=O']",['CC(C)=CCCC(C)=CCCC(C)=CCCC(C)=CCOP([O-])(=O)OP([O-])([O-])=O'],"{31280, 64581, 17654}"
marts_E00301,pt,CC(C)=CCOP([O-])(=O)OP([O-])([O-])=O.CC(=C)CCOP([O-])(=O)OP([O-])([O-])=O,CC(C)=CCCC(C)=CCCC(C)=CCCC(C)=CCOP([O-])(=O)OP([O-])([O-])=O,"['CC(C)=CCOP([O-])(=O)OP([O-])([O-])=O', 'CC(=C)CCOP([O-])(=O)OP([O-])([O-])=O']",['CC(C)=CCCC(C)=CCCC(C)=CCCC(C)=CCOP([O-])(=O)OP([O-])([O-])=O'],{55521}
marts_E00301,pt,CC(C)=CCCC(C)=CCOP([O-])(=O)OP([O-])([O-])=O.CC(=C)CCOP([O-])(=O)OP([O-])([O-])=O,CC(C)=CCCC(C)=CCCC(C)=CCCC(C)=CCOP([O-])(=O)OP([O-])([O-])=O,"['CC(C)=CCCC(C)=CCOP([O-])(=O)OP([O-])([O-])=O', 'CC(=C)CCOP([O-])(=O)OP([O-])([O-])=O']",['CC(C)=CCCC(C)=CCCC(C)=CCCC(C)=CCOP([O-])(=O)OP([O-])([O-])=O'],set()
marts_E00301,pt,CC(C)=CCCC(C)=CCOP([O-])(=O)OP([O-])([O-])=O.CC(C)=CCCC(C)=CCCC(C)=CCOP([O-])(=O)OP([O-])([O-])=O,CC(C)=CCCC(C)=CCCC(C)=CCCC(C)=CCOP([O-])(=O)OP([O-])([O-])=O,"['CC(C)=CCCC(C)=CCOP([O-])(=O)OP([O-])([O-])=O', 'CC(C)=CCCC(C)=CCCC(C)=CCOP([O-])(=O)OP([O-])([O-])=O']",['CC(C)=CCCC(C)=CCCC(C)=CCCC(C)=CCOP([O-])(=O)OP([O-])([O-])=O'],set()
marts_E00302,di,CC(C)=CCCC(C)=CCCC(C)=CCCC(C)=CCOP([O-])(=O)OP([O-])([O-])=O,CC1(C)CCCC2(C)C1CCC(=C)C2CCC(C)=CCOP([O-])(=O)OP([O-])([O-])=O,['CC(C)=CCCC(C)=CCCC(C)=CCCC(C)=CCOP([O-])(=O)OP([O-])([O-])=O'],['CC1(C)CCCC2(C)C1CCC(=C)C2CCC(C)=CCOP([O-])(=O)OP([O-])([O-])=O'],"{14842, 24317, 25525}"
marts_E00303,hemi,CC(C)=CCOP([O-])(=O)OP([O-])([O-])=O,CC(=C)C=C,['CC(C)=CCOP([O-])(=O)OP([O-])([O-])=O'],['CC(=C)C=C'],{13370}
marts_E00304,psy,CC(C)=CCCC(C)=CCCC(C)=CCCC(C)=CCOP([O-])(=O)OP([O-])([O-])=O.CC(C)=CCCC(C)=CCCC(C)=CCCC(C)=CCOP([O-])(=O)OP([O-])([O-])=O,CC(C)=CCCC(C)=CCCC(C)=CCCC(C)=CC=CC=C(C)CCC=C(C)CCC=C(C)CCC=C(C)C,"['CC(C)=CCCC(C)=CCCC(C)=CCCC(C)=CCOP([O-])(=O)OP([O-])([O-])=O', 'CC(C)=CCCC(C)=CCCC(C)=CCCC(C)=CCOP([O-])(=O)OP([O-])([O-])=O']",['CC(C)=CCCC(C)=CCCC(C)=CCCC(C)=CC=CC=C(C)CCC=C(C)CCC=C(C)CCC=C(C)C'],{34476}
marts_E00305,di,CC(C)=CCCC(C)=CCCC(C)=CCCC(C)=CCOP([O-])(=O)OP([O-])([O-])=O,CC1(C)CCCC2(C)C1CCC(=C)C2CCC(C)=CCOP([O-])(=O)OP([O-])([O-])=O,['CC(C)=CCCC(C)=CCCC(C)=CCCC(C)=CCOP([O-])(=O)OP([O-])([O-])=O'],['CC1(C)CCCC2(C)C1CCC(=C)C2CCC(C)=CCOP([O-])(=O)OP([O-])([O-])=O'],"{14842, 24317, 25525}"
marts_E00306,tri,CC(C)=CCCC(C)=CCCC(C)=CCCC=C(C)CCC=C(C)CCC1OC1(C)C,CC1(C)C(O)CCC23CC42CCC2(C)C(CCC2(C)C4CCC13)C(C)CCC=C(C)C,['CC(C)=CCCC(C)=CCCC(C)=CCCC=C(C)CCC=C(C)CCC1OC1(C)C'],['CC1(C)C(O)CCC23CC42CCC2(C)C(CCC2(C)C4CCC13)C(C)CCC=C(C)C'],{21309}
marts_E00307,tri,CC(C)=CCCC(C)=CCCC(C)=CCCC=C(C)CCC=C(C)CCC1OC1(C)C,CC1(C)C(O)CCC2C1=CCC1C2(C)CCC2(C)C(CCC21C)C(C)CCC=C(C)C,['CC(C)=CCCC(C)=CCCC(C)=CCCC=C(C)CCC=C(C)CCC1OC1(C)C'],['CC1(C)C(O)CCC2C1=CCC1C2(C)CCC2(C)C(CCC21C)C(C)CCC=C(C)C'],{31000}
marts_E00308,di,CC1(C)CCCC2(C)C1CCC(=C)C2CCC(C)=CCOP([O-])(=O)OP([O-])([O-])=O,CC1(C)CCCC2(C)C1CCC1C=C(C)C3CC21CC3,['CC1(C)CCCC2(C)C1CCC(=C)C2CCC(C)=CCOP([O-])(=O)OP([O-])([O-])=O'],['CC1(C)CCCC2(C)C1CCC1C=C(C)C3CC21CC3'],{25553}
marts_E00310,di,CC(C)=CCCC(C)=CCCC(C)=CCCC(C)=CCOP([O-])(=O)OP([O-])([O-])=O,CC1(C)C2CC3C(C)=CCCC3(C)CCC1=C(C)CC2,['CC(C)=CCCC(C)=CCCC(C)=CCCC(C)=CCOP([O-])(=O)OP([O-])([O-])=O'],['CC1(C)C2CC3C(C)=CCCC3(C)CCC1=C(C)CC2'],{20913}
marts_E00311,sesq,CC(C)=CCCC(C)=CCCC(C)=CCOP([O-])(=O)OP([O-])([O-])=O,CC(C)=CCC=C(C)C1CC=C(C)CC1,['CC(C)=CCCC(C)=CCCC(C)=CCOP([O-])(=O)OP([O-])([O-])=O'],['CC(C)=CCC=C(C)C1CC=C(C)CC1'],"{68845, 68817, 68533, 68473, 25437}"
marts_E00312,di,CC(C)=CCCC(C)=CCCC(C)=CCCC(C)=CCOP([O-])(=O)OP([O-])([O-])=O,CC1(C)CCCC2(C)C1CCC(=C)C2CCC(C)=CCOP([O-])(=O)OP([O-])([O-])=O,['CC(C)=CCCC(C)=CCCC(C)=CCCC(C)=CCOP([O-])(=O)OP([O-])([O-])=O'],['CC1(C)CCCC2(C)C1CCC(=C)C2CCC(C)=CCOP([O-])(=O)OP([O-])([O-])=O'],"{14842, 24317, 25525}"
marts_E00312,di,CC1(C)CCCC2(C)C1CCC(=C)C2CCC(C)=CCOP([O-])(=O)OP([O-])([O-])=O,CC1(C)CCCC2(C)C1CC=C1CC(C)(CCC21)C=C,['CC1(C)CCCC2(C)C1CCC(=C)C2CCC(C)=CCOP([O-])(=O)OP([O-])([O-])=O'],['CC1(C)CCCC2(C)C1CC=C1CC(C)(CCC21)C=C'],"{25561, 62189, 26129}"
marts_E00313,di,CC(C)=CCCC(C)=CCCC(C)=CCCC(C)=CCOP([O-])(=O)OP([O-])([O-])=O,CC1(C)CCCC2(C)C1CCC(=C)C2CCC(C)=CCOP([O-])(=O)OP([O-])([O-])=O,['CC(C)=CCCC(C)=CCCC(C)=CCCC(C)=CCOP([O-])(=O)OP([O-])([O-])=O'],['CC1(C)CCCC2(C)C1CCC(=C)C2CCC(C)=CCOP([O-])(=O)OP([O-])([O-])=O'],"{14842, 24317, 25525}"
marts_E00313,di,CC1(C)CCCC2(C)C1CCC(=C)C2CCC(C)=CCOP([O-])(=O)OP([O-])([O-])=O,CC1(C)CCCC2(C)C1CCC1=CC(=CCC21)C(C)C,['CC1(C)CCCC2(C)C1CCC(=C)C2CCC(C)=CCOP([O-])(=O)OP([O-])([O-])=O'],['CC1(C)CCCC2(C)C1CCC1=CC(=CCC21)C(C)C'],{25549}
marts_E00313,di,CC1(C)CCCC2(C)C1CCC(=C)C2CCC(C)=CCOP([O-])(=O)OP([O-])([O-])=O,CC1(C)CCCC2(C)C1CC=C1C=C(CCC21)C(C)C,['CC1(C)CCCC2(C)C1CCC(=C)C2CCC(C)=CCOP([O-])(=O)OP([O-])([O-])=O'],['CC1(C)CCCC2(C)C1CC=C1C=C(CCC21)C(C)C'],{13874}
marts_E00313,di,CC1(C)CCCC2(C)C1CCC(=C)C2CCC(C)=CCOP([O-])(=O)OP([O-])([O-])=O,CC1(C)CCCC2(C)C1CCC1=CC(CCC21)=C(C)C,['CC1(C)CCCC2(C)C1CCC(=C)C2CCC(C)=CCOP([O-])(=O)OP([O-])([O-])=O'],['CC1(C)CCCC2(C)C1CCC1=CC(CCC21)=C(C)C'],{33988}
marts_E00313,di,CC1(C)CCCC2(C)C1CCC(=C)C2CCC(C)=CCOP([O-])(=O)OP([O-])([O-])=O,CC1(C)CCCC2(C)C1CCC1C=C(CCC2=1)C(C)C,['CC1(C)CCCC2(C)C1CCC(=C)C2CCC(C)=CCOP([O-])(=O)OP([O-])([O-])=O'],['CC1(C)CCCC2(C)C1CCC1C=C(CCC2=1)C(C)C'],set()
marts_E00314,mono,CC(C)=CCCC(C)=CCOP([O-])(=O)OP([O-])([O-])=O,CC1=CCC2CC1C2(C)C,['CC(C)=CCCC(C)=CCOP([O-])(=O)OP([O-])([O-])=O'],['CC1=CCC2CC1C2(C)C'],"{32576, 25489, 25663}"
marts_E00314,mono,CC(C)=CCCC(C)=CCOP([O-])(=O)OP([O-])([O-])=O,CC1(C)C2CC1CCC2=C,['CC(C)=CCCC(C)=CCOP([O-])(=O)OP([O-])([O-])=O'],['CC1(C)C2CC1CCC2=C'],"{25497, 25667, 32580}"
marts_E00314,mono,CC(C)=CCCC(C)=CCOP([O-])(=O)OP([O-])([O-])=O,CC(C)C1CCC(=C)C=C1,['CC(C)=CCCC(C)=CCOP([O-])(=O)OP([O-])([O-])=O'],['CC(C)C1CCC(=C)C=C1'],"{25505, 25493, 27831}"
marts_E00314,mono,CC(C)=CCCC(C)=CCOP([O-])(=O)OP([O-])([O-])=O,CC1(C)C2CC1CCC2=C,['CC(C)=CCCC(C)=CCOP([O-])(=O)OP([O-])([O-])=O'],['CC1(C)C2CC1CCC2=C'],"{25497, 25667, 32580}"
marts_E00314,mono,CC(C)=CCCC(C)=CCOP([O-])(=O)OP([O-])([O-])=O,CC(C)=CCCC(=C)C=C,['CC(C)=CCCC(C)=CCOP([O-])(=O)OP([O-])([O-])=O'],['CC(C)=CCCC(=C)C=C'],{16966}
marts_E00314,mono,CC(C)=CCCC(C)=CCOP([O-])(=O)OP([O-])([O-])=O,CC1CCC(CC=1)C(C)=C,['CC(C)=CCCC(C)=CCOP([O-])(=O)OP([O-])([O-])=O'],['CC1CCC(CC=1)C(C)=C'],"{68641, 10941, 12870}"
marts_E00314,mono,CC(C)=CCCC(C)=CCOP([O-])(=O)OP([O-])([O-])=O,CC1CCC(CC=1)C(C)=C,['CC(C)=CCCC(C)=CCOP([O-])(=O)OP([O-])([O-])=O'],['CC1CCC(CC=1)C(C)=C'],"{68641, 10941, 12870}"
marts_E00315,mono,CC(C)=CCCC(C)=CCOP([O-])(=O)OP([O-])([O-])=O,CC1CCC(CC=1)C(C)=C,['CC(C)=CCCC(C)=CCOP([O-])(=O)OP([O-])([O-])=O'],['CC1CCC(CC=1)C(C)=C'],"{68641, 10941, 12870}"
marts_E00315,mono,CC(C)=CCCC(C)=CCOP([O-])(=O)OP([O-])([O-])=O,CC(C)=CCCC(=C)C=C,['CC(C)=CCCC(C)=CCOP([O-])(=O)OP([O-])([O-])=O'],['CC(C)=CCCC(=C)C=C'],{16966}
marts_E00315,mono,CC(C)=CCCC(C)=CCOP([O-])(=O)OP([O-])([O-])=O,CC1=CCC2CC1C2(C)C,['CC(C)=CCCC(C)=CCOP([O-])(=O)OP([O-])([O-])=O'],['CC1=CCC2CC1C2(C)C'],"{32576, 25489, 25663}"
marts_E00315,mono,CC(C)=CCCC(C)=CCOP([O-])(=O)OP([O-])([O-])=O,CC1CCC(CC=1)C(C)=C,['CC(C)=CCCC(C)=CCOP([O-])(=O)OP([O-])([O-])=O'],['CC1CCC(CC=1)C(C)=C'],"{68641, 10941, 12870}"
marts_E00315,mono,CC(C)=CCCC(C)=CCOP([O-])(=O)OP([O-])([O-])=O,CC1(C)C2CC1CCC2=C,['CC(C)=CCCC(C)=CCOP([O-])(=O)OP([O-])([O-])=O'],['CC1(C)C2CC1CCC2=C'],"{25497, 25667, 32580}"
marts_E00316,sesq,CC(C)=CCCC(C)=CCCC(C)=CCOP([O-])(=O)OP([O-])([O-])=O,CC1(C)CCCC2(C)C3CCC(C13)C2=C,['CC(C)=CCCC(C)=CCCC(C)=CCOP([O-])(=O)OP([O-])([O-])=O'],['CC1(C)CCCC2(C)C3CCC(C13)C2=C'],{25465}
marts_E00316,sesq,CC(C)=CCCC(C)=CCCC(C)=CCOP([O-])(=O)OP([O-])([O-])=O,CC1(C)CCCC2(C)C3CC=C(C)C2C13,['CC(C)=CCCC(C)=CCCC(C)=CCOP([O-])(=O)OP([O-])([O-])=O'],['CC1(C)CCCC2(C)C3CC=C(C)C2C13'],{31440}
marts_E00316,sesq,CC(C)=CCCC(C)=CCCC(C)=CCOP([O-])(=O)OP([O-])([O-])=O,CC1(C)CCCC2(C)C3CC4C(C13)C24C,['CC(C)=CCCC(C)=CCCC(C)=CCOP([O-])(=O)OP([O-])([O-])=O'],['CC1(C)CCCC2(C)C3CC4C(C13)C24C'],set()
marts_E00316,sesq,CC(C)=CCCC(C)=CCCC(C)=CCOP([O-])(=O)OP([O-])([O-])=O,CC(C)=CCCC(C)=CCCC(=C)C=C,['CC(C)=CCCC(C)=CCCC(C)=CCOP([O-])(=O)OP([O-])([O-])=O'],['CC(C)=CCCC(C)=CCCC(=C)C=C'],"{68545, 27426, 68857, 68505, 68509}"
marts_E00316,sesq,CC(C)=CCCC(C)=CCCC(C)=CCOP([O-])(=O)OP([O-])([O-])=O,CC1(C)CCCC2(C)C3CCC2(C)C(O)C13,['CC(C)=CCCC(C)=CCCC(C)=CCOP([O-])(=O)OP([O-])([O-])=O'],['CC1(C)CCCC2(C)C3CCC2(C)C(O)C13'],{83908}
marts_E00316,sesq,CC(C)=CCCC(C)=CCCC(C)=CCOP([O-])(=O)OP([O-])([O-])=O,CC(C)C1CCC2(C)C3CC4C(C31)C24C,['CC(C)=CCCC(C)=CCCC(C)=CCOP([O-])(=O)OP([O-])([O-])=O'],['CC(C)C1CCC2(C)C3CC4C(C31)C24C'],set()
marts_E00316,sesq,CC(C)=CCCC(C)=CCCC(C)=CCOP([O-])(=O)OP([O-])([O-])=O,CC1(C)CCCC2(C)C3C1C2CCC3=C,['CC(C)=CCCC(C)=CCCC(C)=CCOP([O-])(=O)OP([O-])([O-])=O'],['CC1(C)CCCC2(C)C3C1C2CCC3=C'],set()
marts_E00317,di,CC1(C)CCCC2(C)C1CCC(=C)C2CCC(C)=CCOP([O-])(=O)OP([O-])([O-])=O,CC1(C)CCCC2(C)C1CCC13CC(CCC21)C(=C)C3,['CC1(C)CCCC2(C)C1CCC(=C)C2CCC(C)=CCOP([O-])(=O)OP([O-])([O-])=O'],['CC1(C)CCCC2(C)C1CCC13CC(CCC21)C(=C)C3'],{22221}
marts_E00318,pt,CC(C)=CCCC(C)=CCOP([O-])(=O)OP([O-])([O-])=O.CC(=C)CCOP([O-])(=O)OP([O-])([O-])=O,CC(C)=CCCC(C)=CCCC(C)=CCOP([O-])(=O)OP([O-])([O-])=O,"['CC(C)=CCCC(C)=CCOP([O-])(=O)OP([O-])([O-])=O', 'CC(=C)CCOP([O-])(=O)OP([O-])([O-])=O']",['CC(C)=CCCC(C)=CCCC(C)=CCOP([O-])(=O)OP([O-])([O-])=O'],"{19362, 64573, 23301}"
marts_E00318,pt,CC(C)=CCOP([O-])(=O)OP([O-])([O-])=O.CC(=C)CCOP([O-])(=O)OP([O-])([O-])=O,CC(C)=CCCC(C)=CCOP([O-])(=O)OP([O-])([O-])=O,"['CC(C)=CCOP([O-])(=O)OP([O-])([O-])=O', 'CC(=C)CCOP([O-])(=O)OP([O-])([O-])=O']",['CC(C)=CCCC(C)=CCOP([O-])(=O)OP([O-])([O-])=O'],"{11329, 22409}"
marts_E00318,pt,CC(C)=CCCC(C)=CCOP([O-])(=O)OP([O-])([O-])=O.CC(C)=CCCC(C)=CCCC(C)=CCOP([O-])(=O)OP([O-])([O-])=O,CC(C)=CCCC(C)=CCCC(C)=CCCC(C)=CCOP([O-])(=O)OP([O-])([O-])=O,"['CC(C)=CCCC(C)=CCOP([O-])(=O)OP([O-])([O-])=O', 'CC(C)=CCCC(C)=CCCC(C)=CCOP([O-])(=O)OP([O-])([O-])=O']",['CC(C)=CCCC(C)=CCCC(C)=CCCC(C)=CCOP([O-])(=O)OP([O-])([O-])=O'],set()
marts_E00319,mono,CC(C)=CCCC(C)=CCOP([O-])(=O)OP([O-])([O-])=O,CC(C)=CCC=C(C)C=C,['CC(C)=CCCC(C)=CCOP([O-])(=O)OP([O-])([O-])=O'],['CC(C)=CCC=C(C)C=C'],"{68825, 32692}"
marts_E00319,mono,CC(C)=CCCC(C)=CCOP([O-])(=O)OP([O-])([O-])=O,CC(C)=CCC=C(C)C=C,['CC(C)=CCCC(C)=CCOP([O-])(=O)OP([O-])([O-])=O'],['CC(C)=CCC=C(C)C=C'],"{68825, 32692}"
marts_E00320,di,CC1(C)CCCC2(C)C1CCC(=C)C2CCC(C)=CCOP([O-])(=O)OP([O-])([O-])=O,CC1(C)CCCC2(C)C1CC=C1CC(C)(CCC21)C=C,['CC1(C)CCCC2(C)C1CCC(=C)C2CCC(C)=CCOP([O-])(=O)OP([O-])([O-])=O'],['CC1(C)CCCC2(C)C1CC=C1CC(C)(CCC21)C=C'],"{25561, 62189, 26129}"
marts_E00321,sesq,CC(C)=CCCC(C)=CCCC(C)=CCOP([O-])(=O)OP([O-])([O-])=O,CC1CCC2C(CC2(C)C)C(=C)CCC=1,['CC(C)=CCCC(C)=CCCC(C)=CCOP([O-])(=O)OP([O-])([O-])=O'],['CC1CCC2C(CC2(C)C)C(=C)CCC=1'],"{31816, 34704, 28295}"
marts_E00322,pt,CC(C)=CCCC(C)=CCOP([O-])(=O)OP([O-])([O-])=O.CC(=C)CCOP([O-])(=O)OP([O-])([O-])=O,CC(C)=CCCC(C)=CCCC(C)=CCOP([O-])(=O)OP([O-])([O-])=O,"['CC(C)=CCCC(C)=CCOP([O-])(=O)OP([O-])([O-])=O', 'CC(=C)CCOP([O-])(=O)OP([O-])([O-])=O']",['CC(C)=CCCC(C)=CCCC(C)=CCOP([O-])(=O)OP([O-])([O-])=O'],"{19362, 64573, 23301}"
marts_E00322,pt,CC(C)=CCCC(C)=CCOP([O-])(=O)OP([O-])([O-])=O.CC(=C)CCOP([O-])(=O)OP([O-])([O-])=O,CC(C)=CCCC(C)=CCCC(C)=CCCC(C)=CCOP([O-])(=O)OP([O-])([O-])=O,"['CC(C)=CCCC(C)=CCOP([O-])(=O)OP([O-])([O-])=O', 'CC(=C)CCOP([O-])(=O)OP([O-])([O-])=O']",['CC(C)=CCCC(C)=CCCC(C)=CCCC(C)=CCOP([O-])(=O)OP([O-])([O-])=O'],set()
marts_E00322,pt,CC(C)=CCCC(C)=CCOP([O-])(=O)OP([O-])([O-])=O.CC(C)=CCCC(C)=CCCC(C)=CCOP([O-])(=O)OP([O-])([O-])=O,CC(C)=CCCC(C)=CCCC(C)=CCCC(C)=CCOP([O-])(=O)OP([O-])([O-])=O,"['CC(C)=CCCC(C)=CCOP([O-])(=O)OP([O-])([O-])=O', 'CC(C)=CCCC(C)=CCCC(C)=CCOP([O-])(=O)OP([O-])([O-])=O']",['CC(C)=CCCC(C)=CCCC(C)=CCCC(C)=CCOP([O-])(=O)OP([O-])([O-])=O'],set()
marts_E00323,sesq,CC(C)=CCCC(C)=CCCC(C)=CCOP([O-])(=O)OP([O-])([O-])=O,CC1CCC(C=CC(=C)CCC=1)C(C)C,['CC(C)=CCCC(C)=CCCC(C)=CCOP([O-])(=O)OP([O-])([O-])=O'],['CC1CCC(C=CC(=C)CCC=1)C(C)C'],"{12017, 30428, 68717}"
marts_E00323,sesq,CC(C)=CCCC(C)=CCCC(C)=CCOP([O-])(=O)OP([O-])([O-])=O,CC1CCC2C(CC2(C)C)C(=C)CCC=1,['CC(C)=CCCC(C)=CCCC(C)=CCOP([O-])(=O)OP([O-])([O-])=O'],['CC1CCC2C(CC2(C)C)C(=C)CCC=1'],"{31816, 34704, 28295}"
marts_E00323,sesq,CC(C)=CCCC(C)=CCCC(C)=CCOP([O-])(=O)OP([O-])([O-])=O,CC1CCC=C(C)CC=CC(C)(C)CC=1,['CC(C)=CCCC(C)=CCCC(C)=CCOP([O-])(=O)OP([O-])([O-])=O'],['CC1CCC=C(C)CC=CC(C)(C)CC=1'],"{31896, 68781}"
marts_E00323,sesq,CC(C)=CCCC(C)=CCCC(C)=CCOP([O-])(=O)OP([O-])([O-])=O,CC1CCC2C1C1C(CCC2=C)C1(C)C,['CC(C)=CCCC(C)=CCCC(C)=CCOP([O-])(=O)OP([O-])([O-])=O'],['CC1CCC2C1C1C(CCC2=C)C1(C)C'],{67401}
marts_E00325,sesq,CC(C)=CCCC(C)=CCCC(C)=CCOP([O-])(=O)OP([O-])([O-])=O,CC1C=C2C(CCC(C)C2CC=1)C(C)C,['CC(C)=CCCC(C)=CCCC(C)=CCOP([O-])(=O)OP([O-])([O-])=O'],['CC1C=C2C(CCC(C)C2CC=1)C(C)C'],{29488}
marts_E00325,sesq,CC(C)=CCCC(C)=CCCC(C)=CCOP([O-])(=O)OP([O-])([O-])=O,CC(C)C1CCC(C)C2CCC(=C)C=C21,['CC(C)=CCCC(C)=CCCC(C)=CCOP([O-])(=O)OP([O-])([O-])=O'],['CC(C)C1CCC(C)C2CCC(=C)C=C21'],{29492}
marts_E00325,sesq,CC(C)=CCCC(C)=CCCC(C)=CCOP([O-])(=O)OP([O-])([O-])=O,CC1CCC2C(C=1)C(CCC2=C)C(C)C,['CC(C)=CCCC(C)=CCCC(C)=CCOP([O-])(=O)OP([O-])([O-])=O'],['CC1CCC2C(C=1)C(CCC2=C)C(C)C'],"{28640, 68849, 31828, 33108}"
marts_E00325,sesq,CC(C)=CCCC(C)=CCCC(C)=CCOP([O-])(=O)OP([O-])([O-])=O,CC(C)C1CC=C(C)C2CCC(C)=CC21,['CC(C)=CCCC(C)=CCCC(C)=CCOP([O-])(=O)OP([O-])([O-])=O'],['CC(C)C1CC=C(C)C2CCC(C)=CC21'],"{33104, 53641, 69445}"
marts_E00326,mono,CC(C)=CCCC(C)=CCOP([O-])(=O)OP([O-])([O-])=O,CC(C)=CCC=C(C)C=C,['CC(C)=CCCC(C)=CCOP([O-])(=O)OP([O-])([O-])=O'],['CC(C)=CCC=C(C)C=C'],"{68825, 32692}"
marts_E00326,mono,CC(C)=CCCC(C)=CCOP([O-])(=O)OP([O-])([O-])=O,CC(C)=CCC=C(C)C=C,['CC(C)=CCCC(C)=CCOP([O-])(=O)OP([O-])([O-])=O'],['CC(C)=CCC=C(C)C=C'],"{68825, 32692}"
marts_E00326,mono,CC(C)=CCCC(C)=CCOP([O-])(=O)OP([O-])([O-])=O,CC(C)=CCCC(=C)C=C,['CC(C)=CCCC(C)=CCOP([O-])(=O)OP([O-])([O-])=O'],['CC(C)=CCCC(=C)C=C'],{16966}
marts_E00327,sesq,CC(C)=CCCC(C)=CCCC(C)=CCOP([O-])(=O)OP([O-])([O-])=O,CC(=C)C1CC2C(=C)CCCC2(C)CC1,['CC(C)=CCCC(C)=CCCC(C)=CCOP([O-])(=O)OP([O-])([O-])=O'],['CC(=C)C1CC2C(=C)CCCC2(C)CC1'],{29484}
marts_E00327,sesq,CC(C)=CCCC(C)=CCCC(C)=CCOP([O-])(=O)OP([O-])([O-])=O,CC1=CCCC2(C)CCC(CC21)C(C)=C,['CC(C)=CCCC(C)=CCCC(C)=CCOP([O-])(=O)OP([O-])([O-])=O'],['CC1=CCCC2(C)CCC(CC21)C(C)=C'],"{30384, 31820, 47053}"
marts_E00327,sesq,CC(C)=CCCC(C)=CCCC(C)=CCOP([O-])(=O)OP([O-])([O-])=O,CC1CCC(CC=C(C)CCC=1)C(C)=C,['CC(C)=CCCC(C)=CCCC(C)=CCOP([O-])(=O)OP([O-])([O-])=O'],['CC1CCC(CC=C(C)CCC=1)C(C)=C'],"{68777, 25453, 12517}"
marts_E00327,sesq,CC(C)=CCCC(C)=CCCC(C)=CCOP([O-])(=O)OP([O-])([O-])=O,CC(C)=CCCC(C)=CCCC(C)(O)C=C,['CC(C)=CCCC(C)=CCCC(C)=CCOP([O-])(=O)OP([O-])([O-])=O'],['CC(C)=CCCC(C)=CCCC(C)(O)C=C'],"{68833, 27531, 27535, 68821, 56985}"
marts_E00328,sesq,CC(C)=CCCC(C)=CCCC(C)=CCOP([O-])(=O)OP([O-])([O-])=O,CC1CCC(C=CC(=C)CCC=1)C(C)C,['CC(C)=CCCC(C)=CCCC(C)=CCOP([O-])(=O)OP([O-])([O-])=O'],['CC1CCC(C=CC(=C)CCC=1)C(C)C'],"{12017, 30428, 68717}"
marts_E00329,sesq,CC(C)=CCCC(C)=CCCC(C)=CCOP([O-])(=O)OP([O-])([O-])=O,CC1CCC2C(C=1)C(CCC2=C)C(C)C,['CC(C)=CCCC(C)=CCCC(C)=CCOP([O-])(=O)OP([O-])([O-])=O'],['CC1CCC2C(C=1)C(CCC2=C)C(C)C'],"{28640, 68849, 31828, 33108}"
marts_E00329,sesq,CC(C)=CCCC(C)=CCCC(C)=CCOP([O-])(=O)OP([O-])([O-])=O,CC(C)C1=CCC(C)C2CCC(C)C=C12,['CC(C)=CCCC(C)=CCCC(C)=CCOP([O-])(=O)OP([O-])([O-])=O'],['CC(C)C1=CCC(C)C2CCC(C)C=C12'],set()
marts_E00330,sesq,CC(C)=CCCC(C)=CCCC(C)=CCOP([O-])(=O)OP([O-])([O-])=O,CC(C)=CCCC(C)C1CC=C(C)C=C1,['CC(C)=CCCC(C)=CCCC(C)=CCOP([O-])(=O)OP([O-])([O-])=O'],['CC(C)=CCCC(C)C1CC=C(C)C=C1'],"{35748, 28644}"
marts_E00330,sesq,CC(C)=CCCC(C)=CCCC(C)=CCOP([O-])(=O)OP([O-])([O-])=O,CC(C)=CCCC1(C)C2CC1CC=C2C,['CC(C)=CCCC(C)=CCCC(C)=CCOP([O-])(=O)OP([O-])([O-])=O'],['CC(C)=CCCC1(C)C2CC1CC=C2C'],"{30472, 31428}"
marts_E00330,sesq,CC(C)=CCCC(C)=CCCC(C)=CCOP([O-])(=O)OP([O-])([O-])=O,CC(C)=CCCC(C)=CCCC(=C)C=C,['CC(C)=CCCC(C)=CCCC(C)=CCOP([O-])(=O)OP([O-])([O-])=O'],['CC(C)=CCCC(C)=CCCC(=C)C=C'],"{68545, 27426, 68857, 68505, 68509}"
marts_E00330,sesq,CC(C)=CCCC(C)=CCCC(C)=CCOP([O-])(=O)OP([O-])([O-])=O,CC(C)=CCCC(C)=CCCC(C)(O)C=C,['CC(C)=CCCC(C)=CCCC(C)=CCOP([O-])(=O)OP([O-])([O-])=O'],['CC(C)=CCCC(C)=CCCC(C)(O)C=C'],"{68833, 27531, 27535, 68821, 56985}"
marts_E00330,sesq,CC(C)=CCCC(C)=CCCC(C)=CCOP([O-])(=O)OP([O-])([O-])=O,CC(C)=CCCC(=C)C1CC=C(C)CC1,['CC(C)=CCCC(C)=CCCC(C)=CCOP([O-])(=O)OP([O-])([O-])=O'],['CC(C)=CCCC(=C)C1CC=C(C)CC1'],"{68813, 68529, 28267, 68525}"
marts_E00331,mono,CC(C)=CCCC(C)=CCOP([O-])(=O)OP([O-])([O-])=O,CC(C)=CCCC(C)(O)C=C,['CC(C)=CCCC(C)=CCOP([O-])(=O)OP([O-])([O-])=O'],['CC(C)=CCCC(C)(O)C=C'],"{15810, 68709, 24117}"
marts_E00332,mono,CC(C)=CCCC(C)=CCOP([O-])(=O)OP([O-])([O-])=O,CC1(C)C(O)C2(C)CC1CC2,['CC(C)=CCCC(C)=CCOP([O-])(=O)OP([O-])([O-])=O'],['CC1(C)C(O)C2(C)CC1CC2'],{20566}
marts_E00332,mono,CC(C)=CCCC(C)=CCOP([O-])(=O)OP([O-])([O-])=O,CC1CCC(CC=1)C(C)=C,['CC(C)=CCCC(C)=CCOP([O-])(=O)OP([O-])([O-])=O'],['CC1CCC(CC=1)C(C)=C'],"{68641, 10941, 12870}"
marts_E00332,mono,CC(C)=CCCC(C)=CCOP([O-])(=O)OP([O-])([O-])=O,CC1=CCC2CC1C2(C)C,['CC(C)=CCCC(C)=CCOP([O-])(=O)OP([O-])([O-])=O'],['CC1=CCC2CC1C2(C)C'],"{32576, 25489, 25663}"
marts_E00333,mono,CC(C)=CCCC(C)=CCOP([O-])(=O)OP([O-])([O-])=O,CC(C)=CCCC(=C)C=C,['CC(C)=CCCC(C)=CCOP([O-])(=O)OP([O-])([O-])=O'],['CC(C)=CCCC(=C)C=C'],{16966}
marts_E00334,mono,CC(C)=CCCC(C)=CCOP([O-])(=O)OP([O-])([O-])=O,CC(C)=C1CC=C(C)CC1,['CC(C)=CCCC(C)=CCOP([O-])(=O)OP([O-])([O-])=O'],['CC(C)=C1CC=C(C)CC1'],{25501}
marts_E00334,mono,CC(C)=CCCC(C)=CCOP([O-])(=O)OP([O-])([O-])=O,CC1CCC(CC=1)C(C)=C,['CC(C)=CCCC(C)=CCOP([O-])(=O)OP([O-])([O-])=O'],['CC1CCC(CC=1)C(C)=C'],"{68641, 10941, 12870}"
marts_E00334,mono,CC(C)=CCCC(C)=CCOP([O-])(=O)OP([O-])([O-])=O,CC1=CCC2CC1C2(C)C,['CC(C)=CCCC(C)=CCOP([O-])(=O)OP([O-])([O-])=O'],['CC1=CCC2CC1C2(C)C'],"{32576, 25489, 25663}"
marts_E00336,di,CC(C)=CCCC(C)=CCCC(C)=CCCC(C)=CCOP([O-])(=O)OP([O-])([O-])=O,CC1(C)CCCC2(C)C1CCC(=C)C2CCC(C)=CCOP([O-])(=O)OP([O-])([O-])=O,['CC(C)=CCCC(C)=CCCC(C)=CCCC(C)=CCOP([O-])(=O)OP([O-])([O-])=O'],['CC1(C)CCCC2(C)C1CCC(=C)C2CCC(C)=CCOP([O-])(=O)OP([O-])([O-])=O'],"{14842, 24317, 25525}"
marts_E00337,di,CC(C)=CCCC(C)=CCCC(C)=CCCC(C)=CCOP([O-])(=O)OP([O-])([O-])=O,CC1(C)CCCC2(C)C1CCC(=C)C2CCC(C)=CCOP([O-])(=O)OP([O-])([O-])=O,['CC(C)=CCCC(C)=CCCC(C)=CCCC(C)=CCOP([O-])(=O)OP([O-])([O-])=O'],['CC1(C)CCCC2(C)C1CCC(=C)C2CCC(C)=CCOP([O-])(=O)OP([O-])([O-])=O'],"{14842, 24317, 25525}"
marts_E00338,di,CC1(C)CCCC2(C)C1CCC(=C)C2CCC(C)=CCOP([O-])(=O)OP([O-])([O-])=O,CC1(C)CCCC2(C)C1CCC1CC(C)(CC=C21)C=C,['CC1(C)CCCC2(C)C1CCC(=C)C2CCC(C)=CCOP([O-])(=O)OP([O-])([O-])=O'],['CC1(C)CCCC2(C)C1CCC1CC(C)(CC=C21)C=C'],{25545}
marts_E00340,sesq,CC(C)=CCCC(C)=CCCC(C)=CCOP([O-])(=O)OP([O-])([O-])=O,CC(C)=CCCC(=C)C1CC=C(C)CC1,['CC(C)=CCCC(C)=CCCC(C)=CCOP([O-])(=O)OP([O-])([O-])=O'],['CC(C)=CCCC(=C)C1CC=C(C)CC1'],"{68813, 68529, 28267, 68525}"
marts_E00340,sesq,CC(C)=CCCC(C)=CCCC(C)=CCOP([O-])(=O)OP([O-])([O-])=O,CC(C)=CCCC(C)=CCCC(=C)C=C,['CC(C)=CCCC(C)=CCCC(C)=CCOP([O-])(=O)OP([O-])([O-])=O'],['CC(C)=CCCC(C)=CCCC(=C)C=C'],"{68545, 27426, 68857, 68505, 68509}"
marts_E00340,sesq,CC(C)=CCCC(C)=CCCC(C)=CCOP([O-])(=O)OP([O-])([O-])=O,CC1CCC(CC=1)C1CC(C)(C)CCC=1,['CC(C)=CCCC(C)=CCCC(C)=CCOP([O-])(=O)OP([O-])([O-])=O'],['CC1CCC(CC=1)C1CC(C)(C)CCC=1'],set()
marts_E00340,mono,CC(C)=CCCC(C)=CCOP([O-])(=O)OP([O-])([O-])=O,CC(C)=C1CC=C(C)CC1,['CC(C)=CCCC(C)=CCOP([O-])(=O)OP([O-])([O-])=O'],['CC(C)=C1CC=C(C)CC1'],{25501}
marts_E00340,mono,CC(C)=CCCC(C)=CCOP([O-])(=O)OP([O-])([O-])=O,CC1CCC(CC=1)C(C)=C,['CC(C)=CCCC(C)=CCOP([O-])(=O)OP([O-])([O-])=O'],['CC1CCC(CC=1)C(C)=C'],"{68641, 10941, 12870}"
marts_E00340,mono,CC(C)=CCCC(C)=CCOP([O-])(=O)OP([O-])([O-])=O,CC(C)=CCCC(=C)C=C,['CC(C)=CCCC(C)=CCOP([O-])(=O)OP([O-])([O-])=O'],['CC(C)=CCCC(=C)C=C'],{16966}
marts_E00340,mono,CC(C)=CCCC(C)=CCOP([O-])(=O)OP([O-])([O-])=O,CC(C)=CCCC(C)(O)C=C,['CC(C)=CCCC(C)=CCOP([O-])(=O)OP([O-])([O-])=O'],['CC(C)=CCCC(C)(O)C=C'],"{15810, 68709, 24117}"
marts_E00340,mono,CC(C)=CCCC(C)=CCOP([O-])(=O)OP([O-])([O-])=O,CC(C)C1CCC(=C)C=C1,['CC(C)=CCCC(C)=CCOP([O-])(=O)OP([O-])([O-])=O'],['CC(C)C1CCC(=C)C=C1'],"{25505, 25493, 27831}"
marts_E00341,sesq,CC(C)=CCCC(C)=CCCC(C)=CCOP([O-])(=O)OP([O-])([O-])=O,CC(C)C1CCC(C)(O)C2CCC(C)=CC21,['CC(C)=CCCC(C)=CCCC(C)=CCOP([O-])(=O)OP([O-])([O-])=O'],['CC(C)C1CCC(C)(O)C2CCC(C)=CC21'],"{78272, 69449, 32012, 54053}"
marts_E00341,sesq,CC(C)=CCCC(C)=CCCC(C)=CCOP([O-])(=O)OP([O-])([O-])=O,CC(C)C1CCC(C)(O)C2CCC(C)=CC21,['CC(C)=CCCC(C)=CCCC(C)=CCOP([O-])(=O)OP([O-])([O-])=O'],['CC(C)C1CCC(C)(O)C2CCC(C)=CC21'],"{78272, 69449, 32012, 54053}"
marts_E00341,sesq,CC(C)=CCCC(C)=CCCC(C)=CCOP([O-])(=O)OP([O-])([O-])=O,CC(C)=C1CC2C(C)(O)CCCC2(C)CC1,['CC(C)=CCCC(C)=CCCC(C)=CCOP([O-])(=O)OP([O-])([O-])=O'],['CC(C)=C1CC2C(C)(O)CCCC2(C)CC1'],set()
marts_E00341,sesq,CC(C)=CCCC(C)=CCCC(C)=CCOP([O-])(=O)OP([O-])([O-])=O,CC(C)(O)C1CC2=C(C)CCCC2(C)CC1,['CC(C)=CCCC(C)=CCCC(C)=CCOP([O-])(=O)OP([O-])([O-])=O'],['CC(C)(O)C1CC2=C(C)CCCC2(C)CC1'],"{80408, 30948}"
marts_E00341,sesq,CC(C)=CCCC(C)=CCCC(C)=CCOP([O-])(=O)OP([O-])([O-])=O,CC(C)C1CCC(C)C2(O)CCC(C)=CC21,['CC(C)=CCCC(C)=CCCC(C)=CCOP([O-])(=O)OP([O-])([O-])=O'],['CC(C)C1CCC(C)C2(O)CCC(C)=CC21'],{29480}
marts_E00341,sesq,CC(C)=CCCC(C)=CCCC(C)=CCOP([O-])(=O)OP([O-])([O-])=O,CC1(C)C2C1CCC(C)(O)C1CCC(C)C12,['CC(C)=CCCC(C)=CCCC(C)=CCOP([O-])(=O)OP([O-])([O-])=O'],['CC1(C)C2C1CCC(C)(O)C1CCC(C)C12'],set()
marts_E00341,sesq,CC(C)=CCCC(C)=CCCC(C)=CCOP([O-])(=O)OP([O-])([O-])=O,CC(C)C1CCC(C)C2(CCC(C)=C2)C1O,['CC(C)=CCCC(C)=CCCC(C)=CCOP([O-])(=O)OP([O-])([O-])=O'],['CC(C)C1CCC(C)C2(CCC(C)=C2)C1O'],set()
marts_E00341,sesq,CC(C)=CCCC(C)=CCCC(C)=CCOP([O-])(=O)OP([O-])([O-])=O,CC(C)C1CCC(C)=CCCC(C)(O)C=C1,['CC(C)=CCCC(C)=CCCC(C)=CCOP([O-])(=O)OP([O-])([O-])=O'],['CC(C)C1CCC(C)=CCCC(C)(O)C=C1'],set()
marts_E00341,sesq,CC(C)=CCCC(C)=CCCC(C)=CCOP([O-])(=O)OP([O-])([O-])=O,CC(C)C1CC=C(C)C2CCC(C)=CC21,['CC(C)=CCCC(C)=CCCC(C)=CCOP([O-])(=O)OP([O-])([O-])=O'],['CC(C)C1CC=C(C)C2CCC(C)=CC21'],"{33104, 53641, 69445}"
marts_E00341,sesq,CC(C)=CCCC(C)=CCCC(C)=CCOP([O-])(=O)OP([O-])([O-])=O,CC(C)C1CC=C(C)C2CC=C(C)CC21,['CC(C)=CCCC(C)=CCCC(C)=CCOP([O-])(=O)OP([O-])([O-])=O'],['CC(C)C1CC=C(C)C2CC=C(C)CC21'],{68597}
marts_E00341,sesq,CC(C)=CCCC(C)=CCCC(C)=CCOP([O-])(=O)OP([O-])([O-])=O,CC1CCC2C(C=1)C(CCC2=C)C(C)C,['CC(C)=CCCC(C)=CCCC(C)=CCOP([O-])(=O)OP([O-])([O-])=O'],['CC1CCC2C(C=1)C(CCC2=C)C(C)C'],"{28640, 68849, 31828, 33108}"
marts_E00341,sesq,CC(C)=CCCC(C)=CCCC(C)=CCOP([O-])(=O)OP([O-])([O-])=O,CC(C)=CCCC(C)=CCC=C(C)C=C,['CC(C)=CCCC(C)=CCCC(C)=CCOP([O-])(=O)OP([O-])([O-])=O'],['CC(C)=CCCC(C)=CCC=C(C)C=C'],{27422}
marts_E00341,sesq,CC(C)=CCCC(C)=CCCC(C)=CCOP([O-])(=O)OP([O-])([O-])=O,CC1=CCCC2(C)CCC(CC21)C(C)=C,['CC(C)=CCCC(C)=CCCC(C)=CCOP([O-])(=O)OP([O-])([O-])=O'],['CC1=CCCC2(C)CCC(CC21)C(C)=C'],"{30384, 31820, 47053}"
marts_E00341,sesq,CC(C)=CCCC(C)=CCCC(C)=CCOP([O-])(=O)OP([O-])([O-])=O,CC(C)C1CCC2(C)C3C1C2CCC3=C,['CC(C)=CCCC(C)=CCCC(C)=CCOP([O-])(=O)OP([O-])([O-])=O'],['CC(C)C1CCC2(C)C3C1C2CCC3=C'],"{33112, 69776}"
marts_E00341,sesq,CC(C)=CCCC(C)=CCCC(C)=CCOP([O-])(=O)OP([O-])([O-])=O,CC1CCC2C(C=1)C(CCC2=C)C(C)C,['CC(C)=CCCC(C)=CCCC(C)=CCOP([O-])(=O)OP([O-])([O-])=O'],['CC1CCC2C(C=1)C(CCC2=C)C(C)C'],"{28640, 68849, 31828, 33108}"
marts_E00341,sesq,CC(C)=CCCC(C)=CCCC(C)=CCOP([O-])(=O)OP([O-])([O-])=O,CC(C)C1CCC(C)C23CCC(=C)C2C31,['CC(C)=CCCC(C)=CCCC(C)=CCOP([O-])(=O)OP([O-])([O-])=O'],['CC(C)C1CCC(C)C23CCC(=C)C2C31'],{32020}
marts_E00341,sesq,CC(C)=CCCC(C)=CCCC(C)=CCOP([O-])(=O)OP([O-])([O-])=O,CC(C)=CCCC(C)=CCCC(=C)C=C,['CC(C)=CCCC(C)=CCCC(C)=CCOP([O-])(=O)OP([O-])([O-])=O'],['CC(C)=CCCC(C)=CCCC(=C)C=C'],"{68545, 27426, 68857, 68505, 68509}"
marts_E00343,mono,CC(C)=CCCC(C)=CCOP([O-])(=O)OP([O-])([O-])=O,CC1(C)OC2(C)CCC1CC2,['CC(C)=CCCC(C)=CCOP([O-])(=O)OP([O-])([O-])=O'],['CC1(C)OC2(C)CCC1CC2'],"{32544, 56633}"
marts_E00344,pt,CC(C)=CCOP([O-])(=O)OP([O-])([O-])=O.CC(=C)CCOP([O-])(=O)OP([O-])([O-])=O,CC(C)=CCCC(C)=CCOP([O-])(=O)OP([O-])([O-])=O,"['CC(C)=CCOP([O-])(=O)OP([O-])([O-])=O', 'CC(=C)CCOP([O-])(=O)OP([O-])([O-])=O']",['CC(C)=CCCC(C)=CCOP([O-])(=O)OP([O-])([O-])=O'],"{11329, 22409}"
marts_E00346,pt,CC(C)=CCCC(C)=CCOP([O-])(=O)OP([O-])([O-])=O.CC(=C)CCOP([O-])(=O)OP([O-])([O-])=O,CC(C)=CCCC(C)=CCCC(C)=CCOP([O-])(=O)OP([O-])([O-])=O,"['CC(C)=CCCC(C)=CCOP([O-])(=O)OP([O-])([O-])=O', 'CC(=C)CCOP([O-])(=O)OP([O-])([O-])=O']",['CC(C)=CCCC(C)=CCCC(C)=CCOP([O-])(=O)OP([O-])([O-])=O'],"{19362, 64573, 23301}"
marts_E00346,pt,CC(C)=CCOP([O-])(=O)OP([O-])([O-])=O.CC(=C)CCOP([O-])(=O)OP([O-])([O-])=O,CC(C)=CCCC(C)=CCOP([O-])(=O)OP([O-])([O-])=O,"['CC(C)=CCOP([O-])(=O)OP([O-])([O-])=O', 'CC(=C)CCOP([O-])(=O)OP([O-])([O-])=O']",['CC(C)=CCCC(C)=CCOP([O-])(=O)OP([O-])([O-])=O'],"{11329, 22409}"
marts_E00346,pt,CC(C)=CCCC(C)=CCOP([O-])(=O)OP([O-])([O-])=O.CC(C)=CCCC(C)=CCCC(C)=CCOP([O-])(=O)OP([O-])([O-])=O,CC(C)=CCCC(C)=CCCC(C)=CCCC(C)=CCOP([O-])(=O)OP([O-])([O-])=O,"['CC(C)=CCCC(C)=CCOP([O-])(=O)OP([O-])([O-])=O', 'CC(C)=CCCC(C)=CCCC(C)=CCOP([O-])(=O)OP([O-])([O-])=O']",['CC(C)=CCCC(C)=CCCC(C)=CCCC(C)=CCOP([O-])(=O)OP([O-])([O-])=O'],set()
marts_E00347,pt,CC(C)=CCCC(C)=CCOP([O-])(=O)OP([O-])([O-])=O.CC(=C)CCOP([O-])(=O)OP([O-])([O-])=O,CC(C)=CCCC(C)=CCCC(C)=CCOP([O-])(=O)OP([O-])([O-])=O,"['CC(C)=CCCC(C)=CCOP([O-])(=O)OP([O-])([O-])=O', 'CC(=C)CCOP([O-])(=O)OP([O-])([O-])=O']",['CC(C)=CCCC(C)=CCCC(C)=CCOP([O-])(=O)OP([O-])([O-])=O'],"{19362, 64573, 23301}"
marts_E00347,pt,CC(C)=CCOP([O-])(=O)OP([O-])([O-])=O.CC(=C)CCOP([O-])(=O)OP([O-])([O-])=O,CC(C)=CCCC(C)=CCOP([O-])(=O)OP([O-])([O-])=O,"['CC(C)=CCOP([O-])(=O)OP([O-])([O-])=O', 'CC(=C)CCOP([O-])(=O)OP([O-])([O-])=O']",['CC(C)=CCCC(C)=CCOP([O-])(=O)OP([O-])([O-])=O'],"{11329, 22409}"
marts_E00348,tri,CC(C)=CCCC(C)=CCCC(C)=CCCC=C(C)CCC=C(C)CCC1OC1(C)C,CC1(C)C(O)CCC23CC42CCC2(C)C(CCC2(C)C4CCC13)C(C)CCC=C(C)C,['CC(C)=CCCC(C)=CCCC(C)=CCCC=C(C)CCC=C(C)CCC1OC1(C)C'],['CC1(C)C(O)CCC23CC42CCC2(C)C(CCC2(C)C4CCC13)C(C)CCC=C(C)C'],{21309}
marts_E00348,tri,CC(C)=CCCC(C)=CCCC(C)=CCCC=C(C)CCC=C(C)CCC1OC1(C)C,CC1(C)C(O)CCC2(C)C1CCC1C2=CCC2(C)C(CCC21C)C(C)CCC=C(C)C,['CC(C)=CCCC(C)=CCCC(C)=CCCC=C(C)CCC=C(C)CCC1OC1(C)C'],['CC1(C)C(O)CCC2(C)C1CCC1C2=CCC2(C)C(CCC21C)C(C)CCC=C(C)C'],{31852}
marts_E00349,sesq,CC(C)=CCCC(C)=CCCC(C)=CCOP([O-])(=O)OP([O-])([O-])=O,CC1(C)CC2C=C(C)C3CCC(C)C23C1,['CC(C)=CCCC(C)=CCCC(C)=CCOP([O-])(=O)OP([O-])([O-])=O'],['CC1(C)CC2C=C(C)C3CCC(C)C23C1'],{18082}
marts_E00350,pt,CC(C)=CCCC(C)=CCOP([O-])(=O)OP([O-])([O-])=O.CC(=C)CCOP([O-])(=O)OP([O-])([O-])=O,CC(C)=CCCC(C)=CCCC(C)=CCOP([O-])(=O)OP([O-])([O-])=O,"['CC(C)=CCCC(C)=CCOP([O-])(=O)OP([O-])([O-])=O', 'CC(=C)CCOP([O-])(=O)OP([O-])([O-])=O']",['CC(C)=CCCC(C)=CCCC(C)=CCOP([O-])(=O)OP([O-])([O-])=O'],"{19362, 64573, 23301}"
marts_E00350,pt,CC(C)=CCOP([O-])(=O)OP([O-])([O-])=O.CC(=C)CCOP([O-])(=O)OP([O-])([O-])=O,CC(C)=CCCC(C)=CCOP([O-])(=O)OP([O-])([O-])=O,"['CC(C)=CCOP([O-])(=O)OP([O-])([O-])=O', 'CC(=C)CCOP([O-])(=O)OP([O-])([O-])=O']",['CC(C)=CCCC(C)=CCOP([O-])(=O)OP([O-])([O-])=O'],"{11329, 22409}"
marts_E00352,pt,CC(C)=CCCC(C)=CCOP([O-])(=O)OP([O-])([O-])=O.CC(=C)CCOP([O-])(=O)OP([O-])([O-])=O,CC(C)=CCCC(C)=CCCC(C)=CCOP([O-])(=O)OP([O-])([O-])=O,"['CC(C)=CCCC(C)=CCOP([O-])(=O)OP([O-])([O-])=O', 'CC(=C)CCOP([O-])(=O)OP([O-])([O-])=O']",['CC(C)=CCCC(C)=CCCC(C)=CCOP([O-])(=O)OP([O-])([O-])=O'],"{19362, 64573, 23301}"
marts_E00352,pt,CC(C)=CCOP([O-])(=O)OP([O-])([O-])=O.CC(=C)CCOP([O-])(=O)OP([O-])([O-])=O,CC(C)=CCCC(C)=CCOP([O-])(=O)OP([O-])([O-])=O,"['CC(C)=CCOP([O-])(=O)OP([O-])([O-])=O', 'CC(=C)CCOP([O-])(=O)OP([O-])([O-])=O']",['CC(C)=CCCC(C)=CCOP([O-])(=O)OP([O-])([O-])=O'],"{11329, 22409}"
marts_E00353,sesq,CC(C)=CCCC(C)=CCCC(C)=CCOP([O-])(=O)OP([O-])([O-])=O,CC(C)(O)C1CC=C2CCCC(C)C2(C)C1,['CC(C)=CCCC(C)=CCCC(C)=CCOP([O-])(=O)OP([O-])([O-])=O'],['CC(C)(O)C1CC=C2CCCC(C)C2(C)C1'],{73988}
marts_E00355,hemi,CC(C)=CCOP([O-])(=O)OP([O-])([O-])=O,CC(=C)C=C,['CC(C)=CCOP([O-])(=O)OP([O-])([O-])=O'],['CC(=C)C=C'],{13370}
marts_E00356,di,CC1(C)CCCC2(C)C1CCC(=C)C2CCC(C)=CCOP([O-])(=O)OP([O-])([O-])=O,CC1(C)CCCC2(C)C1CCC1=CC(=CCC21)C(C)C,['CC1(C)CCCC2(C)C1CCC(=C)C2CCC(C)=CCOP([O-])(=O)OP([O-])([O-])=O'],['CC1(C)CCCC2(C)C1CCC1=CC(=CCC21)C(C)C'],{25549}
marts_E00356,di,CC1(C)CCCC2(C)C1CCC(=C)C2CCC(C)=CCOP([O-])(=O)OP([O-])([O-])=O,CC1(C)CCCC2(C)C1CCC1C=C(CCC2=1)C(C)C,['CC1(C)CCCC2(C)C1CCC(=C)C2CCC(C)=CCOP([O-])(=O)OP([O-])([O-])=O'],['CC1(C)CCCC2(C)C1CCC1C=C(CCC2=1)C(C)C'],set()
marts_E00356,di,CC1(C)CCCC2(C)C1CCC(=C)C2CCC(C)=CCOP([O-])(=O)OP([O-])([O-])=O,CC1(C)CCCC2(C)C1CCC1=CC(CCC21)=C(C)C,['CC1(C)CCCC2(C)C1CCC(=C)C2CCC(C)=CCOP([O-])(=O)OP([O-])([O-])=O'],['CC1(C)CCCC2(C)C1CCC1=CC(CCC21)=C(C)C'],{33988}
marts_E00356,di,CC1(C)CCCC2(C)C1CCC(=C)C2CCC(C)=CCOP([O-])(=O)OP([O-])([O-])=O,CC1(C)CCCC2(C)C1C=CC1=CC(CCC21)C(C)C,['CC1(C)CCCC2(C)C1CCC(=C)C2CCC(C)=CCOP([O-])(=O)OP([O-])([O-])=O'],['CC1(C)CCCC2(C)C1C=CC1=CC(CCC21)C(C)C'],set()
marts_E00357,tri,CC(C)=CCCC(C)=CCCC(C)=CCCC=C(C)CCC=C(C)CCC1OC1(C)C,CC1(C)C(O)CCC2(C)C1CCC1(C)C2CCC2C(CCC12C)=C(C)CCC=C(C)C,['CC(C)=CCCC(C)=CCCC(C)=CCCC=C(C)CCC=C(C)CCC1OC1(C)C'],['CC1(C)C(O)CCC2(C)C1CCC1(C)C2CCC2C(CCC12C)=C(C)CCC=C(C)C'],{30988}
marts_E00357,tri,CC(C)=CCCC(C)=CCCC(C)=CCCC=C(C)CCC=C(C)CCC1OC1(C)C,CC1(C)C2CCC3(C)C(CCC4=C(CCC34C)C(C)CCC=C(C)C)C2(C)CCC1O,['CC(C)=CCCC(C)=CCCC(C)=CCCC=C(C)CCC=C(C)CCC1OC1(C)C'],['CC1(C)C2CCC3(C)C(CCC4=C(CCC34C)C(C)CCC=C(C)C)C2(C)CCC1O'],set()
marts_E00360,pt,CC(C)=CCCC(C)=CCOP([O-])(=O)OP([O-])([O-])=O.CC(=C)CCOP([O-])(=O)OP([O-])([O-])=O,CC(C)=CCCC(C)=CCCC(C)=CCOP([O-])(=O)OP([O-])([O-])=O,"['CC(C)=CCCC(C)=CCOP([O-])(=O)OP([O-])([O-])=O', 'CC(=C)CCOP([O-])(=O)OP([O-])([O-])=O']",['CC(C)=CCCC(C)=CCCC(C)=CCOP([O-])(=O)OP([O-])([O-])=O'],"{19362, 64573, 23301}"
marts_E00360,pt,CC(C)=CCOP([O-])(=O)OP([O-])([O-])=O.CC(=C)CCOP([O-])(=O)OP([O-])([O-])=O,CC(C)=CCCC(C)=CCOP([O-])(=O)OP([O-])([O-])=O,"['CC(C)=CCOP([O-])(=O)OP([O-])([O-])=O', 'CC(=C)CCOP([O-])(=O)OP([O-])([O-])=O']",['CC(C)=CCCC(C)=CCOP([O-])(=O)OP([O-])([O-])=O'],"{11329, 22409}"
marts_E00364,sesq,CC(C)=CCCC(C)=CCCC(C)=CCOP([O-])(=O)OP([O-])([O-])=O,CC1CCC(CC=C(C)CCC=1)C(C)=C,['CC(C)=CCCC(C)=CCCC(C)=CCOP([O-])(=O)OP([O-])([O-])=O'],['CC1CCC(CC=C(C)CCC=1)C(C)=C'],"{68777, 25453, 12517}"
marts_E00365,sesq,CC(C)=CCCC(C)=CCCC(C)=CCOP([O-])(=O)OP([O-])([O-])=O,CC(C)C1CCC2(C)C3C1C2CC=C3C,['CC(C)=CCCC(C)=CCCC(C)=CCOP([O-])(=O)OP([O-])([O-])=O'],['CC(C)C1CCC2(C)C3C1C2CC=C3C'],{33992}
marts_E00365,sesq,CC(C)=CCCC(C)=CCCC(C)=CCOP([O-])(=O)OP([O-])([O-])=O,CC(C)C1CC=C(C)C2CCC(C)=CC21,['CC(C)=CCCC(C)=CCCC(C)=CCOP([O-])(=O)OP([O-])([O-])=O'],['CC(C)C1CC=C(C)C2CCC(C)=CC21'],"{33104, 53641, 69445}"
marts_E00365,sesq,CC(C)=CCCC(C)=CCCC(C)=CCOP([O-])(=O)OP([O-])([O-])=O,CC1CCC=C(C)CC=CC(C)(C)CC=1,['CC(C)=CCCC(C)=CCCC(C)=CCOP([O-])(=O)OP([O-])([O-])=O'],['CC1CCC=C(C)CC=CC(C)(C)CC=1'],"{31896, 68781}"
marts_E00365,sesq,CC(C)=CCCC(C)=CCCC(C)=CCOP([O-])(=O)OP([O-])([O-])=O,CC1CCC2C(CC2(C)C)C(=C)CCC=1,['CC(C)=CCCC(C)=CCCC(C)=CCOP([O-])(=O)OP([O-])([O-])=O'],['CC1CCC2C(CC2(C)C)C(=C)CCC=1'],"{31816, 34704, 28295}"
marts_E00365,sesq,CC(C)=CCCC(C)=CCCC(C)=CCOP([O-])(=O)OP([O-])([O-])=O,CC(C)C1CCC(C)=C2CCC(C)=CC21,['CC(C)=CCCC(C)=CCCC(C)=CCOP([O-])(=O)OP([O-])([O-])=O'],['CC(C)C1CCC(C)=C2CCC(C)=CC21'],"{32016, 56557, 19526}"
marts_E00366,mono,CC(C)=CCCC(C)=CCOP([O-])(=O)OP([O-])([O-])=O,CC(C)=C1CC=C(C)CC1,['CC(C)=CCCC(C)=CCOP([O-])(=O)OP([O-])([O-])=O'],['CC(C)=C1CC=C(C)CC1'],{25501}
marts_E00366,mono,CC(C)=CCCC(C)=CCOP([O-])(=O)OP([O-])([O-])=O,CC1=CCC2CC1C2(C)C,['CC(C)=CCCC(C)=CCOP([O-])(=O)OP([O-])([O-])=O'],['CC1=CCC2CC1C2(C)C'],"{32576, 25489, 25663}"
marts_E00366,mono,CC(C)=CCCC(C)=CCOP([O-])(=O)OP([O-])([O-])=O,CC1CC=C(CC=1)C(C)C,['CC(C)=CCCC(C)=CCOP([O-])(=O)OP([O-])([O-])=O'],['CC1CC=C(CC=1)C(C)C'],{32560}
marts_E00366,mono,CC(C)=CCCC(C)=CCOP([O-])(=O)OP([O-])([O-])=O,CC1CCC(=CC=1)C(C)C,['CC(C)=CCCC(C)=CCOP([O-])(=O)OP([O-])([O-])=O'],['CC1CCC(=CC=1)C(C)C'],{32564}
marts_E00366,mono,CC(C)=CCCC(C)=CCOP([O-])(=O)OP([O-])([O-])=O,CC1CCC(CC=1)C(C)=C,['CC(C)=CCCC(C)=CCOP([O-])(=O)OP([O-])([O-])=O'],['CC1CCC(CC=1)C(C)=C'],"{68641, 10941, 12870}"
marts_E00366,mono,CC(C)=CCCC(C)=CCOP([O-])(=O)OP([O-])([O-])=O,CC(C)C12CCC(=C)C1C2,['CC(C)=CCCC(C)=CCOP([O-])(=O)OP([O-])([O-])=O'],['CC(C)C12CCC(=C)C1C2'],"{68637, 32548, 25509}"
marts_E00366,mono,CC(C)=CCCC(C)=CCOP([O-])(=O)OP([O-])([O-])=O,CC1(C)C2CC1CCC2=C,['CC(C)=CCCC(C)=CCOP([O-])(=O)OP([O-])([O-])=O'],['CC1(C)C2CC1CCC2=C'],"{25497, 25667, 32580}"
marts_E00366,mono,CC(C)=CCCC(C)=CCOP([O-])(=O)OP([O-])([O-])=O,CC1CC2C(CC=1)C2(C)C,['CC(C)=CCCC(C)=CCOP([O-])(=O)OP([O-])([O-])=O'],['CC1CC2C(CC=1)C2(C)C'],"{32696, 32540}"
marts_E00367,sesq,CC(C)=CCCC(C)=CCCC(C)=CCOP([O-])(=O)OP([O-])([O-])=O,CC(C)=CCCC(C)=C1CC=C(C)CC1,['CC(C)=CCCC(C)=CCCC(C)=CCOP([O-])(=O)OP([O-])([O-])=O'],['CC(C)=CCCC(C)=C1CC=C(C)CC1'],"{26082, 79464, 28299, 68469, 68789}"
marts_E00368,mono,CC(C)=CCCC(C)=CCOP([O-])(=O)OP([O-])([O-])=O,CC1=CCC2CC1C2(C)C,['CC(C)=CCCC(C)=CCOP([O-])(=O)OP([O-])([O-])=O'],['CC1=CCC2CC1C2(C)C'],"{32576, 25489, 25663}"
marts_E00368,mono,CC(C)=CCCC(C)=CCOP([O-])(=O)OP([O-])([O-])=O,CC1(C)C2CC(CC2)C1=C,['CC(C)=CCCC(C)=CCOP([O-])(=O)OP([O-])([O-])=O'],['CC1(C)C2CC(CC2)C1=C'],"{32568, 80392, 25485}"
marts_E00368,mono,CC(C)=CCCC(C)=CCOP([O-])(=O)OP([O-])([O-])=O,CC1(C)C2CC1CCC2=C,['CC(C)=CCCC(C)=CCOP([O-])(=O)OP([O-])([O-])=O'],['CC1(C)C2CC1CCC2=C'],"{25497, 25667, 32580}"
marts_E00368,mono,CC(C)=CCCC(C)=CCOP([O-])(=O)OP([O-])([O-])=O,CC1CC2C(CC=1)C2(C)C,['CC(C)=CCCC(C)=CCOP([O-])(=O)OP([O-])([O-])=O'],['CC1CC2C(CC=1)C2(C)C'],"{32696, 32540}"
marts_E00368,mono,CC(C)=CCCC(C)=CCOP([O-])(=O)OP([O-])([O-])=O,CC1CCC(CC=1)C(C)=C,['CC(C)=CCCC(C)=CCOP([O-])(=O)OP([O-])([O-])=O'],['CC1CCC(CC=1)C(C)=C'],"{68641, 10941, 12870}"
marts_E00369,sesq,CC(C)=CCCC(C)=CCCC(C)=CCOP([O-])(=O)OP([O-])([O-])=O,CC12CC=C(C)C(C1)C1(C)CCCC21C,['CC(C)=CCCC(C)=CCCC(C)=CCOP([O-])(=O)OP([O-])([O-])=O'],['CC12CC=C(C)C(C1)C1(C)CCCC21C'],{29500}
marts_E00369,sesq,CC(C)=CCCC(C)=CCCC(C)=CCOP([O-])(=O)OP([O-])([O-])=O,CC1(C)CCCC2(C)CC=C(C)C3CC123,['CC(C)=CCCC(C)=CCCC(C)=CCOP([O-])(=O)OP([O-])([O-])=O'],['CC1(C)CCCC2(C)CC=C(C)C3CC123'],{30376}
marts_E00369,sesq,CC(C)=CCCC(C)=CCCC(C)=CCOP([O-])(=O)OP([O-])([O-])=O,CC1(C)CCCC(=C)C21CC=C(C)CC2,['CC(C)=CCCC(C)=CCCC(C)=CCOP([O-])(=O)OP([O-])([O-])=O'],['CC1(C)CCCC(=C)C21CC=C(C)CC2'],{30380}
marts_E00369,sesq,CC(C)=CCCC(C)=CCCC(C)=CCOP([O-])(=O)OP([O-])([O-])=O,CC1(C)CCC=C1C1(C)CC=C(C)CC1,['CC(C)=CCCC(C)=CCCC(C)=CCOP([O-])(=O)OP([O-])([O-])=O'],['CC1(C)CCC=C1C1(C)CC=C(C)CC1'],set()
marts_E00369,sesq,CC(C)=CCCC(C)=CCCC(C)=CCOP([O-])(=O)OP([O-])([O-])=O,CC1CCC(C(C)=C)C21CCC(C)=CC2,['CC(C)=CCCC(C)=CCCC(C)=CCOP([O-])(=O)OP([O-])([O-])=O'],['CC1CCC(C(C)=C)C21CCC(C)=CC2'],"{77072, 68513, 68521, 68517}"
marts_E00369,sesq,CC(C)=CCCC(C)=CCCC(C)=CCOP([O-])(=O)OP([O-])([O-])=O,CC1(C)CCCC1(C)C1CCC(C)=CC=1,['CC(C)=CCCC(C)=CCCC(C)=CCOP([O-])(=O)OP([O-])([O-])=O'],['CC1(C)CCCC1(C)C1CCC(C)=CC=1'],{32028}
marts_E00369,sesq,CC(C)=CCCC(C)=CCCC(C)=CCOP([O-])(=O)OP([O-])([O-])=O,CC1(C)CCCC1(C)C1CCC(=C)C=C1,['CC(C)=CCCC(C)=CCCC(C)=CCOP([O-])(=O)OP([O-])([O-])=O'],['CC1(C)CCCC1(C)C1CCC(=C)C=C1'],set()
marts_E00369,sesq,CC(C)=CCCC(C)=CCCC(C)=CCOP([O-])(=O)OP([O-])([O-])=O,CC(C)=CCCC(C)C1CC=C(C)C=C1,['CC(C)=CCCC(C)=CCCC(C)=CCOP([O-])(=O)OP([O-])([O-])=O'],['CC(C)=CCCC(C)C1CC=C(C)C=C1'],"{35748, 28644}"
marts_E00369,sesq,CC(C)=CCCC(C)=CCCC(C)=CCOP([O-])(=O)OP([O-])([O-])=O,CC(C)=CCCC(C)=CCCC(=C)C=C,['CC(C)=CCCC(C)=CCCC(C)=CCOP([O-])(=O)OP([O-])([O-])=O'],['CC(C)=CCCC(C)=CCCC(=C)C=C'],"{68545, 27426, 68857, 68505, 68509}"
marts_E00369,sesq,CC(C)=CCCC(C)=CCCC(C)=CCOP([O-])(=O)OP([O-])([O-])=O,CC1(C)CCC=C(C)C21CC=C(C)CC2,['CC(C)=CCCC(C)=CCCC(C)=CCOP([O-])(=O)OP([O-])([O-])=O'],['CC1(C)CCC=C(C)C21CC=C(C)CC2'],set()
marts_E00369,sesq,CC(C)=CCCC(C)=CCCC(C)=CCOP([O-])(=O)OP([O-])([O-])=O,CC(C)=CCCC(=C)C1CC=C(C)CC1,['CC(C)=CCCC(C)=CCCC(C)=CCOP([O-])(=O)OP([O-])([O-])=O'],['CC(C)=CCCC(=C)C1CC=C(C)CC1'],"{68813, 68529, 28267, 68525}"
marts_E00369,sesq,CC(C)=CCCC(C)=CCCC(C)=CCOP([O-])(=O)OP([O-])([O-])=O,CC(C)=CCCC(C)C1CCC(=C)C=C1,['CC(C)=CCCC(C)=CCCC(C)=CCOP([O-])(=O)OP([O-])([O-])=O'],['CC(C)=CCCC(C)C1CCC(=C)C=C1'],{32700}
marts_E00369,mono,CC(C)=CCCC(C)=CCOP([O-])(=O)OP([O-])([O-])=O,CC1CCC(CC=1)C(C)=C,['CC(C)=CCCC(C)=CCOP([O-])(=O)OP([O-])([O-])=O'],['CC1CCC(CC=1)C(C)=C'],"{68641, 10941, 12870}"
marts_E00369,mono,CC(C)=CCCC(C)=CCOP([O-])(=O)OP([O-])([O-])=O,CC(C)=CCCC(=C)C=C,['CC(C)=CCCC(C)=CCOP([O-])(=O)OP([O-])([O-])=O'],['CC(C)=CCCC(=C)C=C'],{16966}
marts_E00369,mono,CC(C)=CCCC(C)=CCOP([O-])(=O)OP([O-])([O-])=O,CC(C)=CCC=C(C)C=C,['CC(C)=CCCC(C)=CCOP([O-])(=O)OP([O-])([O-])=O'],['CC(C)=CCC=C(C)C=C'],"{68825, 32692}"
marts_E00369,mono,CC(C)=CCCC(C)=CCOP([O-])(=O)OP([O-])([O-])=O,CC(C)=CCC=C(C)C=C,['CC(C)=CCCC(C)=CCOP([O-])(=O)OP([O-])([O-])=O'],['CC(C)=CCC=C(C)C=C'],"{68825, 32692}"
marts_E00369,mono,CC(C)=CCCC(C)=CCOP([O-])(=O)OP([O-])([O-])=O,CC(C)=C1CC=C(C)CC1,['CC(C)=CCCC(C)=CCOP([O-])(=O)OP([O-])([O-])=O'],['CC(C)=C1CC=C(C)CC1'],{25501}
marts_E00369,mono,CC(C)=CCCC(C)=CCOP([O-])(=O)OP([O-])([O-])=O,CC1CCC(CC=1)C(C)(C)O,['CC(C)=CCCC(C)=CCOP([O-])(=O)OP([O-])([O-])=O'],['CC1CCC(CC=1)C(C)(C)O'],"{32552, 32556}"
marts_E00370,pt,CC(C)=CCCC(C)=CCOP([O-])(=O)OP([O-])([O-])=O.CC(=C)CCOP([O-])(=O)OP([O-])([O-])=O,CC(C)=CCCC(C)=CCCC(C)=CCOP([O-])(=O)OP([O-])([O-])=O,"['CC(C)=CCCC(C)=CCOP([O-])(=O)OP([O-])([O-])=O', 'CC(=C)CCOP([O-])(=O)OP([O-])([O-])=O']",['CC(C)=CCCC(C)=CCCC(C)=CCOP([O-])(=O)OP([O-])([O-])=O'],"{19362, 64573, 23301}"
marts_E00371,mono,CC(C)=CCCC(C)=CCOP([O-])(=O)OP([O-])([O-])=O,CC(C)=CCCC(C)=CCO,['CC(C)=CCCC(C)=CCOP([O-])(=O)OP([O-])([O-])=O'],['CC(C)=CCCC(C)=CCO'],"{32680, 65829}"
marts_E00372,sesq,CC(C)=CCCC(C)=CCCC(C)=CCOP([O-])(=O)OP([O-])([O-])=O,CC(C)=CCCC(C)C1CCC(C)=CC=1,['CC(C)=CCCC(C)=CCCC(C)=CCOP([O-])(=O)OP([O-])([O-])=O'],['CC(C)=CCCC(C)C1CCC(C)=CC=1'],"{32032, 68785}"
marts_E00373,sesq,CC(C)=CCCC(C)=CCCC(C)=CCOP([O-])(=O)OP([O-])([O-])=O,CC1CCC(C=CC(=C)CCC=1)C(C)C,['CC(C)=CCCC(C)=CCCC(C)=CCOP([O-])(=O)OP([O-])([O-])=O'],['CC1CCC(C=CC(=C)CCC=1)C(C)C'],"{12017, 30428, 68717}"
marts_E00374,sesq,CC(C)=CCCC(C)=CCCC(C)=CCOP([O-])(=O)OP([O-])([O-])=O,CC1CCC(CC=C(C)CCC=1)C(C)=C,['CC(C)=CCCC(C)=CCCC(C)=CCOP([O-])(=O)OP([O-])([O-])=O'],['CC1CCC(CC=C(C)CCC=1)C(C)=C'],"{68777, 25453, 12517}"
marts_E00374,sesq,CC(C)=CCCC(C)=CCCC(C)=CCOP([O-])(=O)OP([O-])([O-])=O,CC(=C)C1CC=C2CCCC(C)C2(C)C1,['CC(C)=CCCC(C)=CCCC(C)=CCOP([O-])(=O)OP([O-])([O-])=O'],['CC(=C)C1CC=C2CCCC(C)C2(C)C1'],"{19826, 28636}"
marts_E00374,sesq,CC(C)=CCCC(C)=CCCC(C)=CCOP([O-])(=O)OP([O-])([O-])=O,CC1=CCCC2(C)CCC(CC21)C(C)=C,['CC(C)=CCCC(C)=CCCC(C)=CCOP([O-])(=O)OP([O-])([O-])=O'],['CC1=CCCC2(C)CCC(CC21)C(C)=C'],"{30384, 31820, 47053}"
marts_E00374,sesq,CC(C)=CCCC(C)=CCCC(C)=CCOP([O-])(=O)OP([O-])([O-])=O,CC(=C)C1CC2(C)C(C)CCC=C2CC1,['CC(C)=CCCC(C)=CCCC(C)=CCOP([O-])(=O)OP([O-])([O-])=O'],['CC(=C)C1CC2(C)C(C)CCC=C2CC1'],"{29512, 58169, 52805}"
marts_E00375,sesq,CC(C)=CCCC(C)=CCCC(C)=CCOP([O-])(=O)OP([O-])([O-])=O,CC1CCC(C=CC(=C)CCC=1)C(C)C,['CC(C)=CCCC(C)=CCCC(C)=CCOP([O-])(=O)OP([O-])([O-])=O'],['CC1CCC(C=CC(=C)CCC=1)C(C)C'],"{12017, 30428, 68717}"
marts_E00375,sesq,CC(C)=CCCC(C)=CCCC(C)=CCOP([O-])(=O)OP([O-])([O-])=O,CC1CCC(CC=C(C)CCC=1)C(C)=C,['CC(C)=CCCC(C)=CCCC(C)=CCOP([O-])(=O)OP([O-])([O-])=O'],['CC1CCC(CC=C(C)CCC=1)C(C)=C'],"{68777, 25453, 12517}"
marts_E00375,sesq,CC(C)=CCCC(C)=CCCC(C)=CCOP([O-])(=O)OP([O-])([O-])=O,CC1CCC=C(C)CCC(=CC=1)C(C)C,['CC(C)=CCCC(C)=CCCC(C)=CCOP([O-])(=O)OP([O-])([O-])=O'],['CC1CCC=C(C)CCC(=CC=1)C(C)C'],"{68773, 28303}"
marts_E00375,sesq,CC(C)=CCCC(C)=CCCC(C)=CCOP([O-])(=O)OP([O-])([O-])=O,CC(C)C1CCC2(C)C3C1C2CCC3=C,['CC(C)=CCCC(C)=CCCC(C)=CCOP([O-])(=O)OP([O-])([O-])=O'],['CC(C)C1CCC2(C)C3C1C2CCC3=C'],"{33112, 69776}"
marts_E00375,sesq,CC(C)=CCCC(C)=CCCC(C)=CCOP([O-])(=O)OP([O-])([O-])=O,CC(C)=CCCC(C)=CCCC(=C)C=C,['CC(C)=CCCC(C)=CCCC(C)=CCOP([O-])(=O)OP([O-])([O-])=O'],['CC(C)=CCCC(C)=CCCC(=C)C=C'],"{68545, 27426, 68857, 68505, 68509}"
marts_E00375,sesq,CC(C)=CCCC(C)=CCCC(C)=CCOP([O-])(=O)OP([O-])([O-])=O,CC(C)=CCCC(C)=CCC=C(C)C=C,['CC(C)=CCCC(C)=CCCC(C)=CCOP([O-])(=O)OP([O-])([O-])=O'],['CC(C)=CCCC(C)=CCC=C(C)C=C'],{27422}
marts_E00376,sesq,CC(C)=CCCC(C)=CCCC(C)=CCOP([O-])(=O)OP([O-])([O-])=O,CC1(C)C2CC3C(C)CCC1(O)C3(C)CC2,['CC(C)=CCCC(C)=CCCC(C)=CCOP([O-])(=O)OP([O-])([O-])=O'],['CC1(C)C2CC3C(C)CCC1(O)C3(C)CC2'],{29504}
marts_E00376,sesq,CC(C)=CCCC(C)=CCCC(C)=CCOP([O-])(=O)OP([O-])([O-])=O,CC(=C)C1CC2C(C)CCC=2C(C)CC1,['CC(C)=CCCC(C)=CCCC(C)=CCOP([O-])(=O)OP([O-])([O-])=O'],['CC(=C)C1CC2C(C)CCC=2C(C)CC1'],{31808}
marts_E00376,sesq,CC(C)=CCCC(C)=CCCC(C)=CCOP([O-])(=O)OP([O-])([O-])=O,CC1CCC2C1CC(CCC=2C)C(C)=C,['CC(C)=CCCC(C)=CCCC(C)=CCOP([O-])(=O)OP([O-])([O-])=O'],['CC1CCC2C1CC(CCC=2C)C(C)=C'],{31832}
marts_E00376,sesq,CC(C)=CCCC(C)=CCCC(C)=CCOP([O-])(=O)OP([O-])([O-])=O,CC1(C)C2CC3C(C)CCC13C(C)=CC2,['CC(C)=CCCC(C)=CCCC(C)=CCOP([O-])(=O)OP([O-])([O-])=O'],['CC1(C)C2CC3C(C)CCC13C(C)=CC2'],set()
marts_E00376,sesq,CC(C)=CCCC(C)=CCCC(C)=CCOP([O-])(=O)OP([O-])([O-])=O,CC1(C)C2CC3C(C)CCC=3C1(C)CC2,['CC(C)=CCCC(C)=CCCC(C)=CCOP([O-])(=O)OP([O-])([O-])=O'],['CC1(C)C2CC3C(C)CCC=3C1(C)CC2'],set()
marts_E00376,sesq,CC(C)=CCCC(C)=CCCC(C)=CCOP([O-])(=O)OP([O-])([O-])=O,CC1CCC2(C)C(=C)C3CC1C2(C)CC3,['CC(C)=CCCC(C)=CCCC(C)=CCOP([O-])(=O)OP([O-])([O-])=O'],['CC1CCC2(C)C(=C)C3CC1C2(C)CC3'],set()
marts_E00376,sesq,CC(C)=CCCC(C)=CCCC(C)=CCOP([O-])(=O)OP([O-])([O-])=O,CC1CCC2C1CC(CCC2(C)O)C(C)=C,['CC(C)=CCCC(C)=CCCC(C)=CCOP([O-])(=O)OP([O-])([O-])=O'],['CC1CCC2C1CC(CCC2(C)O)C(C)=C'],set()
marts_E00376,sesq,CC(C)=CCCC(C)=CCCC(C)=CCOP([O-])(=O)OP([O-])([O-])=O,CC1CCC=C(C)CC=CC(C)(C)CC=1,['CC(C)=CCCC(C)=CCCC(C)=CCOP([O-])(=O)OP([O-])([O-])=O'],['CC1CCC=C(C)CC=CC(C)(C)CC=1'],"{31896, 68781}"
marts_E00376,sesq,CC(C)=CCCC(C)=CCCC(C)=CCOP([O-])(=O)OP([O-])([O-])=O,CC1CCC(CC=C(C)CCC=1)C(C)=C,['CC(C)=CCCC(C)=CCCC(C)=CCOP([O-])(=O)OP([O-])([O-])=O'],['CC1CCC(CC=C(C)CCC=1)C(C)=C'],"{68777, 25453, 12517}"
marts_E00376,sesq,CC(C)=CCCC(C)=CCCC(C)=CCOP([O-])(=O)OP([O-])([O-])=O,CC1CCC2C(CC2(C)C)C(=C)CCC=1,['CC(C)=CCCC(C)=CCCC(C)=CCOP([O-])(=O)OP([O-])([O-])=O'],['CC1CCC2C(CC2(C)C)C(=C)CCC=1'],"{31816, 34704, 28295}"
marts_E00377,pt,CC(C)=CCCC(C)=CCOP([O-])(=O)OP([O-])([O-])=O.CC(=C)CCOP([O-])(=O)OP([O-])([O-])=O,CC(C)=CCCC(C)=CCCC(C)=CCOP([O-])(=O)OP([O-])([O-])=O,"['CC(C)=CCCC(C)=CCOP([O-])(=O)OP([O-])([O-])=O', 'CC(=C)CCOP([O-])(=O)OP([O-])([O-])=O']",['CC(C)=CCCC(C)=CCCC(C)=CCOP([O-])(=O)OP([O-])([O-])=O'],"{19362, 64573, 23301}"
marts_E00378,sesq,CC(C)=CCCC(C)=CCCC(C)=CCOP([O-])(=O)OP([O-])([O-])=O,CC(C)C1CCC(C)=C2CCC(C)=CC21,['CC(C)=CCCC(C)=CCCC(C)=CCOP([O-])(=O)OP([O-])([O-])=O'],['CC(C)C1CCC(C)=C2CCC(C)=CC21'],"{32016, 56557, 19526}"
marts_E00379,pt,CC(C)=CCCC(C)=CCOP([O-])(=O)OP([O-])([O-])=O.CC(=C)CCOP([O-])(=O)OP([O-])([O-])=O,CC(C)=CCCC(C)=CCCC(C)=CCOP([O-])(=O)OP([O-])([O-])=O,"['CC(C)=CCCC(C)=CCOP([O-])(=O)OP([O-])([O-])=O', 'CC(=C)CCOP([O-])(=O)OP([O-])([O-])=O']",['CC(C)=CCCC(C)=CCCC(C)=CCOP([O-])(=O)OP([O-])([O-])=O'],"{19362, 64573, 23301}"
marts_E00379,pt,CC(C)=CCOP([O-])(=O)OP([O-])([O-])=O.CC(=C)CCOP([O-])(=O)OP([O-])([O-])=O,CC(C)=CCCC(C)=CCOP([O-])(=O)OP([O-])([O-])=O,"['CC(C)=CCOP([O-])(=O)OP([O-])([O-])=O', 'CC(=C)CCOP([O-])(=O)OP([O-])([O-])=O']",['CC(C)=CCCC(C)=CCOP([O-])(=O)OP([O-])([O-])=O'],"{11329, 22409}"
marts_E00380,pt,CC(C)=CCCC(C)=CCOP([O-])(=O)OP([O-])([O-])=O.CC(=C)CCOP([O-])(=O)OP([O-])([O-])=O,CC(C)=CCCC(C)=CCCC(C)=CCOP([O-])(=O)OP([O-])([O-])=O,"['CC(C)=CCCC(C)=CCOP([O-])(=O)OP([O-])([O-])=O', 'CC(=C)CCOP([O-])(=O)OP([O-])([O-])=O']",['CC(C)=CCCC(C)=CCCC(C)=CCOP([O-])(=O)OP([O-])([O-])=O'],"{19362, 64573, 23301}"
marts_E00380,pt,CC(C)=CCOP([O-])(=O)OP([O-])([O-])=O.CC(=C)CCOP([O-])(=O)OP([O-])([O-])=O,CC(C)=CCCC(C)=CCOP([O-])(=O)OP([O-])([O-])=O,"['CC(C)=CCOP([O-])(=O)OP([O-])([O-])=O', 'CC(=C)CCOP([O-])(=O)OP([O-])([O-])=O']",['CC(C)=CCCC(C)=CCOP([O-])(=O)OP([O-])([O-])=O'],"{11329, 22409}"
marts_E00380,pt,CC(C)=CCCC(C)=CCOP([O-])(=O)OP([O-])([O-])=O.CC(C)=CCCC(C)=CCCC(C)=CCOP([O-])(=O)OP([O-])([O-])=O,CC(C)=CCCC(C)=CCCC(C)=CCCC(C)=CCOP([O-])(=O)OP([O-])([O-])=O,"['CC(C)=CCCC(C)=CCOP([O-])(=O)OP([O-])([O-])=O', 'CC(C)=CCCC(C)=CCCC(C)=CCOP([O-])(=O)OP([O-])([O-])=O']",['CC(C)=CCCC(C)=CCCC(C)=CCCC(C)=CCOP([O-])(=O)OP([O-])([O-])=O'],set()
marts_E00381,pt,CC(C)=CCCC(C)=CCOP([O-])(=O)OP([O-])([O-])=O.CC(=C)CCOP([O-])(=O)OP([O-])([O-])=O,CC(C)=CCCC(C)=CCCC(C)=CCOP([O-])(=O)OP([O-])([O-])=O,"['CC(C)=CCCC(C)=CCOP([O-])(=O)OP([O-])([O-])=O', 'CC(=C)CCOP([O-])(=O)OP([O-])([O-])=O']",['CC(C)=CCCC(C)=CCCC(C)=CCOP([O-])(=O)OP([O-])([O-])=O'],"{19362, 64573, 23301}"
marts_E00381,pt,CC(C)=CCOP([O-])(=O)OP([O-])([O-])=O.CC(=C)CCOP([O-])(=O)OP([O-])([O-])=O,CC(C)=CCCC(C)=CCOP([O-])(=O)OP([O-])([O-])=O,"['CC(C)=CCOP([O-])(=O)OP([O-])([O-])=O', 'CC(=C)CCOP([O-])(=O)OP([O-])([O-])=O']",['CC(C)=CCCC(C)=CCOP([O-])(=O)OP([O-])([O-])=O'],"{11329, 22409}"
marts_E00381,pt,CC(C)=CCCC(C)=CCOP([O-])(=O)OP([O-])([O-])=O.CC(C)=CCCC(C)=CCCC(C)=CCOP([O-])(=O)OP([O-])([O-])=O,CC(C)=CCCC(C)=CCCC(C)=CCCC(C)=CCOP([O-])(=O)OP([O-])([O-])=O,"['CC(C)=CCCC(C)=CCOP([O-])(=O)OP([O-])([O-])=O', 'CC(C)=CCCC(C)=CCCC(C)=CCOP([O-])(=O)OP([O-])([O-])=O']",['CC(C)=CCCC(C)=CCCC(C)=CCCC(C)=CCOP([O-])(=O)OP([O-])([O-])=O'],set()
marts_E00382,di,CC(C)=CCCC(C)=CCCC(C)=CCCC(C)=CCOP([O-])(=O)OP([O-])([O-])=O,CC1(C)CCCC2(C)C1CCC(=C)C2CCC(C)=CCOP([O-])(=O)OP([O-])([O-])=O,['CC(C)=CCCC(C)=CCCC(C)=CCCC(C)=CCOP([O-])(=O)OP([O-])([O-])=O'],['CC1(C)CCCC2(C)C1CCC(=C)C2CCC(C)=CCOP([O-])(=O)OP([O-])([O-])=O'],"{14842, 24317, 25525}"
marts_E00383,di,CC(C)=CCCC(C)=CCCC(C)=CCCC(C)=CCOP([O-])(=O)OP([O-])([O-])=O,CC1(C)C2CC3C(C)=CCCC3(C)CCC1=C(C)CC2,['CC(C)=CCCC(C)=CCCC(C)=CCCC(C)=CCOP([O-])(=O)OP([O-])([O-])=O'],['CC1(C)C2CC3C(C)=CCCC3(C)CCC1=C(C)CC2'],{20913}
marts_E00384,sesq,CC(C)=CCCC(C)=CCCC(C)=CCOP([O-])(=O)OP([O-])([O-])=O,CC(=C)C1CC=C2CCCC(C)C2(C)C1,['CC(C)=CCCC(C)=CCCC(C)=CCOP([O-])(=O)OP([O-])([O-])=O'],['CC(=C)C1CC=C2CCCC(C)C2(C)C1'],"{19826, 28636}"
marts_E00385,mono,CC(C)=CCCC(C)=CCOP([O-])(=O)OP([O-])([O-])=O,CC1CCC(CC=1)C(C)=C,['CC(C)=CCCC(C)=CCOP([O-])(=O)OP([O-])([O-])=O'],['CC1CCC(CC=1)C(C)=C'],"{68641, 10941, 12870}"
marts_E00385,mono,CC(C)=CCCC(C)=CCOP([O-])(=O)OP([O-])([O-])=O,CC1=CCC2CC1C2(C)C,['CC(C)=CCCC(C)=CCOP([O-])(=O)OP([O-])([O-])=O'],['CC1=CCC2CC1C2(C)C'],"{32576, 25489, 25663}"
marts_E00385,mono,CC(C)=CCCC(C)=CCOP([O-])(=O)OP([O-])([O-])=O,CC1(C)C2CC1CCC2=C,['CC(C)=CCCC(C)=CCOP([O-])(=O)OP([O-])([O-])=O'],['CC1(C)C2CC1CCC2=C'],"{25497, 25667, 32580}"
marts_E00385,mono,CC(C)=CCCC(C)=CCOP([O-])(=O)OP([O-])([O-])=O,CC(C)=CCCC(=C)C=C,['CC(C)=CCCC(C)=CCOP([O-])(=O)OP([O-])([O-])=O'],['CC(C)=CCCC(=C)C=C'],{16966}
marts_E00386,tri,CC(C)=CCCC(C)=CCCC(C)=CCCC=C(C)CCC=C(C)CCC1OC1(C)C,CC1(C)CC2C3=CCC4C5(C)CCC(O)C(C)(C)C5CCC4(C)C3(C)CCC2(C)CC1,['CC(C)=CCCC(C)=CCCC(C)=CCCC=C(C)CCC=C(C)CCC1OC1(C)C'],['CC1(C)CC2C3=CCC4C5(C)CCC(O)C(C)(C)C5CCC4(C)C3(C)CCC2(C)CC1'],{31008}
marts_E00388,pt,CC(C)=CCCC(C)=CCCC(C)=CCOP([O-])(=O)OP([O-])([O-])=O.CC(C)=CCCC(C)=CCCC(C)=CCCC(C)=CCOP([O-])(=O)OP([O-])([O-])=O,CC(C)=CCCC(C)=CCCC(C)=CCCC(C)=CCCC(C)=CCOP([O-])(=O)OP([O-])([O-])=O,"['CC(C)=CCCC(C)=CCCC(C)=CCOP([O-])(=O)OP([O-])([O-])=O', 'CC(C)=CCCC(C)=CCCC(C)=CCCC(C)=CCOP([O-])(=O)OP([O-])([O-])=O']",['CC(C)=CCCC(C)=CCCC(C)=CCCC(C)=CCCC(C)=CCOP([O-])(=O)OP([O-])([O-])=O'],set()
marts_E00388,pt,CC(C)=CCCC(C)=CCOP([O-])(=O)OP([O-])([O-])=O.CC(C)=CCCC(C)=CCCC(C)=CCOP([O-])(=O)OP([O-])([O-])=O,CC(C)=CCCC(C)=CCCC(C)=CCCC(C)=CCOP([O-])(=O)OP([O-])([O-])=O,"['CC(C)=CCCC(C)=CCOP([O-])(=O)OP([O-])([O-])=O', 'CC(C)=CCCC(C)=CCCC(C)=CCOP([O-])(=O)OP([O-])([O-])=O']",['CC(C)=CCCC(C)=CCCC(C)=CCCC(C)=CCOP([O-])(=O)OP([O-])([O-])=O'],set()
marts_E00388,pt,CC(C)=CCCC(C)=CCOP([O-])(=O)OP([O-])([O-])=O.CC(=C)CCOP([O-])(=O)OP([O-])([O-])=O,CC(C)=CCCC(C)=CCCC(C)=CCOP([O-])(=O)OP([O-])([O-])=O,"['CC(C)=CCCC(C)=CCOP([O-])(=O)OP([O-])([O-])=O', 'CC(=C)CCOP([O-])(=O)OP([O-])([O-])=O']",['CC(C)=CCCC(C)=CCCC(C)=CCOP([O-])(=O)OP([O-])([O-])=O'],"{19362, 64573, 23301}"
marts_E00388,pt,CC(C)=CCOP([O-])(=O)OP([O-])([O-])=O.CC(=C)CCOP([O-])(=O)OP([O-])([O-])=O,CC(C)=CCCC(C)=CCOP([O-])(=O)OP([O-])([O-])=O,"['CC(C)=CCOP([O-])(=O)OP([O-])([O-])=O', 'CC(=C)CCOP([O-])(=O)OP([O-])([O-])=O']",['CC(C)=CCCC(C)=CCOP([O-])(=O)OP([O-])([O-])=O'],"{11329, 22409}"
marts_E00391,sesq,CC(C)=CCCC(C)=CCCC(C)=CCOP([O-])(=O)OP([O-])([O-])=O,CC1CCC=C(C)C21CC(CC2)C(C)=C,['CC(C)=CCCC(C)=CCCC(C)=CCOP([O-])(=O)OP([O-])([O-])=O'],['CC1CCC=C(C)C21CC(CC2)C(C)=C'],{10341}
marts_E00392,sesq,CC(C)=CCCC(C)=CCCC(C)=CCOP([O-])(=O)OP([O-])([O-])=O,CC(C)C1CCC(C)=C2CCC(C)=CC21,['CC(C)=CCCC(C)=CCCC(C)=CCOP([O-])(=O)OP([O-])([O-])=O'],['CC(C)C1CCC(C)=C2CCC(C)=CC21'],"{32016, 56557, 19526}"
marts_E00393,sesq,CC(C)=CCCC(C)=CCCC(C)=CCOP([O-])(=O)OP([O-])([O-])=O,CC(C)C1CCC(C)=C2CCC(C)=CC21,['CC(C)=CCCC(C)=CCCC(C)=CCOP([O-])(=O)OP([O-])([O-])=O'],['CC(C)C1CCC(C)=C2CCC(C)=CC21'],"{32016, 56557, 19526}"
marts_E00394,di,CC1(C)CCCC2(C)C1CCC(=C)C2CCC(C)=CCOP([O-])(=O)OP([O-])([O-])=O,CC1(C)CCCC2(C)C1CCC13CC(CCC21)C(=C)C3,['CC1(C)CCCC2(C)C1CCC(=C)C2CCC(C)=CCOP([O-])(=O)OP([O-])([O-])=O'],['CC1(C)CCCC2(C)C1CCC13CC(CCC21)C(=C)C3'],{22221}
marts_E00395,di,CC(C)=CCCC(C)=CCCC(C)=CCCC(C)=CCOP([O-])(=O)OP([O-])([O-])=O,CC1(C)CCCC2(C)C1CCC(=C)C2CCC(C)=CCOP([O-])(=O)OP([O-])([O-])=O,['CC(C)=CCCC(C)=CCCC(C)=CCCC(C)=CCOP([O-])(=O)OP([O-])([O-])=O'],['CC1(C)CCCC2(C)C1CCC(=C)C2CCC(C)=CCOP([O-])(=O)OP([O-])([O-])=O'],"{14842, 24317, 25525}"
marts_E00396,di,CC(C)=CCCC(C)=CCCC(C)=CCCC(C)=CCOP([O-])(=O)OP([O-])([O-])=O,CC1(C)CCCC2(C)C1CCC(=C)C2CCC(C)=CCOP([O-])(=O)OP([O-])([O-])=O,['CC(C)=CCCC(C)=CCCC(C)=CCCC(C)=CCOP([O-])(=O)OP([O-])([O-])=O'],['CC1(C)CCCC2(C)C1CCC(=C)C2CCC(C)=CCOP([O-])(=O)OP([O-])([O-])=O'],"{14842, 24317, 25525}"
marts_E00396,di,CC1(C)CCCC2(C)C1CCC(=C)C2CCC(C)=CCOP([O-])(=O)OP([O-])([O-])=O,CC1(C)CCCC2(C)C1CC=C1C=C(CCC21)C(C)C,['CC1(C)CCCC2(C)C1CCC(=C)C2CCC(C)=CCOP([O-])(=O)OP([O-])([O-])=O'],['CC1(C)CCCC2(C)C1CC=C1C=C(CCC21)C(C)C'],{13874}
marts_E00396,di,CC1(C)CCCC2(C)C1CCC(=C)C2CCC(C)=CCOP([O-])(=O)OP([O-])([O-])=O,CC1(C)CCCC2(C)C1CCC1=CC(CCC21)=C(C)C,['CC1(C)CCCC2(C)C1CCC(=C)C2CCC(C)=CCOP([O-])(=O)OP([O-])([O-])=O'],['CC1(C)CCCC2(C)C1CCC1=CC(CCC21)=C(C)C'],{33988}
marts_E00397,sesq,CC(C)=CCCC(C)=CCCC(C)=CCOP([O-])(=O)OP([O-])([O-])=O,CC1CCC(C=CC(=C)CCC=1)C(C)C,['CC(C)=CCCC(C)=CCCC(C)=CCOP([O-])(=O)OP([O-])([O-])=O'],['CC1CCC(C=CC(=C)CCC=1)C(C)C'],"{12017, 30428, 68717}"
marts_E00399,mono,CC(C)=CCCC(C)=CCOP([O-])(=O)OP([O-])([O-])=O,CC(C)=CCCC(C)=CCO,['CC(C)=CCCC(C)=CCOP([O-])(=O)OP([O-])([O-])=O'],['CC(C)=CCCC(C)=CCO'],"{32680, 65829}"
marts_E00400,mono,CC(C)=CCCC(C)=CCOP([O-])(=O)OP([O-])([O-])=O,CC1CCC(CC=1)C(C)=C,['CC(C)=CCCC(C)=CCOP([O-])(=O)OP([O-])([O-])=O'],['CC1CCC(CC=1)C(C)=C'],"{68641, 10941, 12870}"
marts_E00400,mono,CC(C)=CCCC(C)=CCOP([O-])(=O)OP([O-])([O-])=O,CC(C)=C1CC=C(C)CC1,['CC(C)=CCCC(C)=CCOP([O-])(=O)OP([O-])([O-])=O'],['CC(C)=C1CC=C(C)CC1'],{25501}
marts_E00400,mono,CC(C)=CCCC(C)=CCOP([O-])(=O)OP([O-])([O-])=O,CC1(C)C2CC(CC2)C1=C,['CC(C)=CCCC(C)=CCOP([O-])(=O)OP([O-])([O-])=O'],['CC1(C)C2CC(CC2)C1=C'],"{32568, 80392, 25485}"
marts_E00400,mono,CC(C)=CCCC(C)=CCOP([O-])(=O)OP([O-])([O-])=O,CC1(C)C2CC(CC2)C1=C,['CC(C)=CCCC(C)=CCOP([O-])(=O)OP([O-])([O-])=O'],['CC1(C)C2CC(CC2)C1=C'],"{32568, 80392, 25485}"
marts_E00400,mono,CC(C)=CCCC(C)=CCOP([O-])(=O)OP([O-])([O-])=O,CC1=CCC2CC1C2(C)C,['CC(C)=CCCC(C)=CCOP([O-])(=O)OP([O-])([O-])=O'],['CC1=CCC2CC1C2(C)C'],"{32576, 25489, 25663}"
marts_E00400,mono,CC(C)=CCCC(C)=CCOP([O-])(=O)OP([O-])([O-])=O,CC1=CCC2CC1C2(C)C,['CC(C)=CCCC(C)=CCOP([O-])(=O)OP([O-])([O-])=O'],['CC1=CCC2CC1C2(C)C'],"{32576, 25489, 25663}"
marts_E00400,mono,CC(C)=CCCC(C)=CCOP([O-])(=O)OP([O-])([O-])=O,CC(C)=CCCC(=C)C=C,['CC(C)=CCCC(C)=CCOP([O-])(=O)OP([O-])([O-])=O'],['CC(C)=CCCC(=C)C=C'],{16966}
marts_E00400,mono,CC(C)=CCCC(C)=CCOP([O-])(=O)OP([O-])([O-])=O,CC(C)C1CC=C(C)C=C1,['CC(C)=CCCC(C)=CCOP([O-])(=O)OP([O-])([O-])=O'],['CC(C)C1CC=C(C)C=C1'],set()
marts_E00401,mono,CC(C)=CCCC(C)=CCOP([O-])(=O)OP([O-])([O-])=O,CC(C)=CCCC(C)(O)C=C,['CC(C)=CCCC(C)=CCOP([O-])(=O)OP([O-])([O-])=O'],['CC(C)=CCCC(C)(O)C=C'],"{15810, 68709, 24117}"
marts_E00402,sesq,CC(C)=CCCC(C)=CCCC(C)=CCOP([O-])(=O)OP([O-])([O-])=O,CC(C)=CCCC1(C)C2CC1CC=C2C,['CC(C)=CCCC(C)=CCCC(C)=CCOP([O-])(=O)OP([O-])([O-])=O'],['CC(C)=CCCC1(C)C2CC1CC=C2C'],"{30472, 31428}"
marts_E00402,sesq,CC(C)=CCCC(C)=CCCC(C)=CCOP([O-])(=O)OP([O-])([O-])=O,CC(C)=CCCC(C)=CCCC(C)(O)C=C,['CC(C)=CCCC(C)=CCCC(C)=CCOP([O-])(=O)OP([O-])([O-])=O'],['CC(C)=CCCC(C)=CCCC(C)(O)C=C'],"{68833, 27531, 27535, 68821, 56985}"
marts_E00402,sesq,CC(C)=CCCC(C)=CCCC(C)=CCOP([O-])(=O)OP([O-])([O-])=O,CC(C)=CCC=C(C)C1CC=C(C)CC1,['CC(C)=CCCC(C)=CCCC(C)=CCOP([O-])(=O)OP([O-])([O-])=O'],['CC(C)=CCC=C(C)C1CC=C(C)CC1'],"{68845, 68817, 68533, 68473, 25437}"
marts_E00402,sesq,CC(C)=CCCC(C)=CCCC(C)=CCOP([O-])(=O)OP([O-])([O-])=O,CC(C)=CCCC(C)=CCCC(=C)C=C,['CC(C)=CCCC(C)=CCCC(C)=CCOP([O-])(=O)OP([O-])([O-])=O'],['CC(C)=CCCC(C)=CCCC(=C)C=C'],"{68545, 27426, 68857, 68505, 68509}"
marts_E00402,sesq,CC(C)=CCCC(C)=CCCC(C)=CCOP([O-])(=O)OP([O-])([O-])=O,CC(C)=CCCC(C)C1CCC(=C)C=C1,['CC(C)=CCCC(C)=CCCC(C)=CCOP([O-])(=O)OP([O-])([O-])=O'],['CC(C)=CCCC(C)C1CCC(=C)C=C1'],{32700}
marts_E00402,mono,CC(C)=CCCC(C)=CCOP([O-])(=O)OP([O-])([O-])=O,CC1=CCC2CC1C2(C)C,['CC(C)=CCCC(C)=CCOP([O-])(=O)OP([O-])([O-])=O'],['CC1=CCC2CC1C2(C)C'],"{32576, 25489, 25663}"
marts_E00402,mono,CC(C)=CCCC(C)=CCOP([O-])(=O)OP([O-])([O-])=O,CC1(C)C2CC1CCC2=C,['CC(C)=CCCC(C)=CCOP([O-])(=O)OP([O-])([O-])=O'],['CC1(C)C2CC1CCC2=C'],"{25497, 25667, 32580}"
marts_E00402,mono,CC(C)=CCCC(C)=CCOP([O-])(=O)OP([O-])([O-])=O,CC(C)C12CCC(=C)C1C2,['CC(C)=CCCC(C)=CCOP([O-])(=O)OP([O-])([O-])=O'],['CC(C)C12CCC(=C)C1C2'],"{68637, 32548, 25509}"
marts_E00402,mono,CC(C)=CCCC(C)=CCOP([O-])(=O)OP([O-])([O-])=O,CC1CCC(CC=1)C(C)=C,['CC(C)=CCCC(C)=CCOP([O-])(=O)OP([O-])([O-])=O'],['CC1CCC(CC=1)C(C)=C'],"{68641, 10941, 12870}"
marts_E00402,mono,CC(C)=CCCC(C)=CCOP([O-])(=O)OP([O-])([O-])=O,CC1(C)C2CC(CC2)C1=C,['CC(C)=CCCC(C)=CCOP([O-])(=O)OP([O-])([O-])=O'],['CC1(C)C2CC(CC2)C1=C'],"{32568, 80392, 25485}"
marts_E00402,mono,CC(C)=CCCC(C)=CCOP([O-])(=O)OP([O-])([O-])=O,CC(C)=CCCC(=C)C=C,['CC(C)=CCCC(C)=CCOP([O-])(=O)OP([O-])([O-])=O'],['CC(C)=CCCC(=C)C=C'],{16966}
marts_E00403,tri,CC(C)=CCCC(C)=CCCC(C)=CCCC=C(C)CCC=C(C)CCC1OC1(C)C,CC1(C)C(O)CCC2(C)C1CCC1(C)C2CCC2C3C(CCC3(C)CCC12C)C(C)=C,['CC(C)=CCCC(C)=CCCC(C)=CCCC=C(C)CCC=C(C)CCC1OC1(C)C'],['CC1(C)C(O)CCC2(C)C1CCC1(C)C2CCC2C3C(CCC3(C)CCC12C)C(C)=C'],{31384}
marts_E00404,tri,CC(C)=CCCC(C)=CCCC(C)=CCCC=C(C)CCC=C(C)CCC1OC1(C)C,CC1(C)C(O)CCC23CC42CCC2(C)C(CCC2(C)C4CCC13)C(C)CCC=C(C)C,['CC(C)=CCCC(C)=CCCC(C)=CCCC=C(C)CCC=C(C)CCC1OC1(C)C'],['CC1(C)C(O)CCC23CC42CCC2(C)C(CCC2(C)C4CCC13)C(C)CCC=C(C)C'],{21309}
marts_E00405,tri,CC(C)=CCCC(C)=CCCC(C)=CCCC=C(C)CCC=C(C)CCC1OC1(C)C,CC1(C)CC2C3=CCC4C5(C)CCC(O)C(C)(C)C5CCC4(C)C3(C)CCC2(C)CC1,['CC(C)=CCCC(C)=CCCC(C)=CCCC=C(C)CCC=C(C)CCC1OC1(C)C'],['CC1(C)CC2C3=CCC4C5(C)CCC(O)C(C)(C)C5CCC4(C)C3(C)CCC2(C)CC1'],{31008}
marts_E00406,tri,CC(C)=CCCC(C)=CCCC(C)=CCCC=C(C)CCC=C(C)CCC1OC1(C)C,CC1(C)C(O)CCC2(C)C1CCC1(C)C2CCC2C3C(CCC3(C)CCC12C)C(C)=C,['CC(C)=CCCC(C)=CCCC(C)=CCCC=C(C)CCC=C(C)CCC1OC1(C)C'],['CC1(C)C(O)CCC2(C)C1CCC1(C)C2CCC2C3C(CCC3(C)CCC12C)C(C)=C'],{31384}
marts_E00407,tri,CC(C)=CCCC(C)=CCCC(C)=CCCC=C(C)CCC=C(C)CCC1OC1(C)C,CC1(C)C(O)CCC23CC42CCC2(C)C(CCC2(C)C4CCC13)C(C)CCC=C(C)C,['CC(C)=CCCC(C)=CCCC(C)=CCCC=C(C)CCC=C(C)CCC1OC1(C)C'],['CC1(C)C(O)CCC23CC42CCC2(C)C(CCC2(C)C4CCC13)C(C)CCC=C(C)C'],{21309}
marts_E00408,tri,CC(C)=CCCC(C)=CCCC(C)=CCCC=C(C)CCC=C(C)CCC1OC1(C)C,CC(CCC1C(=C)CCC(O)C1(C)C)=CCCC1C2CC(C)(C)CCC2(C)CCC=1C,['CC(C)=CCCC(C)=CCCC(C)=CCCC=C(C)CCC=C(C)CCC1OC1(C)C'],['CC(CCC1C(=C)CCC(O)C1(C)C)=CCCC1C2CC(C)(C)CCC2(C)CCC=1C'],{31856}
marts_E00408,tri,CC(C)=CCCC(C)=CCCC(C)=CCCC=C(C)CCC=C(C)CCC1OC1(C)C,CC1(C)C(O)CCC2(C)C1CC=C1C2CCC2(C)C(CCC21C)C(C)CCC=C(C)C,['CC(C)=CCCC(C)=CCCC(C)=CCCC=C(C)CCC=C(C)CCC1OC1(C)C'],['CC1(C)C(O)CCC2(C)C1CC=C1C2CCC2(C)C(CCC21C)C(C)CCC=C(C)C'],{31888}
marts_E00408,tri,CC(C)=CCCC(C)=CCCC(C)=CCCC=C(C)CCC=C(C)CCC1OC1(C)C,CC1(C)C(O)CCC2(C)C1CCC1(C)C2CCC2C(CCC12C)C(=C)CCC=C(C)C,['CC(C)=CCCC(C)=CCCC(C)=CCCC=C(C)CCC=C(C)CCC1OC1(C)C'],['CC1(C)C(O)CCC2(C)C1CCC1(C)C2CCC2C(CCC12C)C(=C)CCC=C(C)C'],set()
marts_E00408,tri,CC(C)=CCCC(C)=CCCC(C)=CCCC=C(C)CCC=C(C)CCC1OC1(C)C,CC1(C)CC2C3=CCC4C5(C)CCC(O)C(C)(C)C5CCC4(C)C3(C)CCC2(C)CC1,['CC(C)=CCCC(C)=CCCC(C)=CCCC=C(C)CCC=C(C)CCC1OC1(C)C'],['CC1(C)CC2C3=CCC4C5(C)CCC(O)C(C)(C)C5CCC4(C)C3(C)CCC2(C)CC1'],{31008}
marts_E00408,tri,CC(C)=CCCC(C)=CCCC(C)=CCCC=C(C)CCC=C(C)CCC1OC1(C)C,CC1(C)C(O)CCC2(C)C1CC=C1C2CCC2(C)C(CCC21C)C(C)CCC=C(C)C,['CC(C)=CCCC(C)=CCCC(C)=CCCC=C(C)CCC=C(C)CCC1OC1(C)C'],['CC1(C)C(O)CCC2(C)C1CC=C1C2CCC2(C)C(CCC21C)C(C)CCC=C(C)C'],{31888}
marts_E00408,tri,CC(C)=CCCC(C)=CCCC(C)=CCCC=C(C)CCC=C(C)CCC1OC1(C)C,CC1(C)C(O)CCC2(C)C1CCC1(C)C2CCC2C3C(C)C(C)=CCC3(C)CCC12C,['CC(C)=CCCC(C)=CCCC(C)=CCCC=C(C)CCC=C(C)CCC1OC1(C)C'],['CC1(C)C(O)CCC2(C)C1CCC1(C)C2CCC2C3C(C)C(C)=CCC3(C)CCC12C'],set()
marts_E00408,tri,CC(C)=CCCC(C)=CCCC(C)=CCCC=C(C)CCC=C(C)CCC1OC1(C)C,CC1(C)C(O)CCC2(C)C1CCC1(C)C2CC=C2C3C(C)C(C)CCC3(C)CCC12C,['CC(C)=CCCC(C)=CCCC(C)=CCCC=C(C)CCC=C(C)CCC1OC1(C)C'],['CC1(C)C(O)CCC2(C)C1CCC1(C)C2CC=C2C3C(C)C(C)CCC3(C)CCC12C'],{31388}
marts_E00409,di,CC1(C)CCCC2(C)C1CCC(=C)C2CCC(C)=CCOP([O-])(=O)OP([O-])([O-])=O,CC1(C)CCCC2(C)C1CCC1=CC(C)(CCC21)C=C,['CC1(C)CCCC2(C)C1CCC(=C)C2CCC(C)=CCOP([O-])(=O)OP([O-])([O-])=O'],['CC1(C)CCCC2(C)C1CCC1=CC(C)(CCC21)C=C'],"{25537, 32004, 25541, 32008, 42985}"
marts_E00409,di,CC1(C)CCCC2(C)C1CCC(=C)C2CCC(C)=CCOP([O-])(=O)OP([O-])([O-])=O,CC1(C)CCCC2(C)C1CCC1=CC(C)(CCC21)C=C,['CC1(C)CCCC2(C)C1CCC(=C)C2CCC(C)=CCOP([O-])(=O)OP([O-])([O-])=O'],['CC1(C)CCCC2(C)C1CCC1=CC(C)(CCC21)C=C'],"{25537, 32004, 25541, 32008, 42985}"
marts_E00410,psy,CC(C)=CCCC(C)=CCCC(C)=CCCC(C)=CCOP([O-])(=O)OP([O-])([O-])=O.CC(C)=CCCC(C)=CCCC(C)=CCCC(C)=CCOP([O-])(=O)OP([O-])([O-])=O,CC(C)=CCCC(C)=CCCC(C)=CCCC(C)=CC=CC=C(C)CCC=C(C)CCC=C(C)CCC=C(C)C,"['CC(C)=CCCC(C)=CCCC(C)=CCCC(C)=CCOP([O-])(=O)OP([O-])([O-])=O', 'CC(C)=CCCC(C)=CCCC(C)=CCCC(C)=CCOP([O-])(=O)OP([O-])([O-])=O']",['CC(C)=CCCC(C)=CCCC(C)=CCCC(C)=CC=CC=C(C)CCC=C(C)CCC=C(C)CCC=C(C)C'],{34476}
marts_E00411,sesq,CC(C)=CCCC(C)=CCCC(C)=CCOP([O-])(=O)OP([O-])([O-])=O,CC(C)=CCCC(C)=CCCC(=C)C=C,['CC(C)=CCCC(C)=CCCC(C)=CCOP([O-])(=O)OP([O-])([O-])=O'],['CC(C)=CCCC(C)=CCCC(=C)C=C'],"{68545, 27426, 68857, 68505, 68509}"
marts_E00411,sesq,CC(C)=CCCC(C)=CCCC(C)=CCOP([O-])(=O)OP([O-])([O-])=O,CC(C)=CCCC1(C)C2CC1CC=C2C,['CC(C)=CCCC(C)=CCCC(C)=CCOP([O-])(=O)OP([O-])([O-])=O'],['CC(C)=CCCC1(C)C2CC1CC=C2C'],"{30472, 31428}"
marts_E00411,sesq,CC(C)=CCCC(C)=CCCC(C)=CCOP([O-])(=O)OP([O-])([O-])=O,CC(C)=CCCC(C)C1CC=C(C)C=C1,['CC(C)=CCCC(C)=CCCC(C)=CCOP([O-])(=O)OP([O-])([O-])=O'],['CC(C)=CCCC(C)C1CC=C(C)C=C1'],"{35748, 28644}"
marts_E00411,sesq,CC(C)=CCCC(C)=CCCC(C)=CCOP([O-])(=O)OP([O-])([O-])=O,CC(C)=CCCC(=C)C1CC=C(C)CC1,['CC(C)=CCCC(C)=CCCC(C)=CCOP([O-])(=O)OP([O-])([O-])=O'],['CC(C)=CCCC(=C)C1CC=C(C)CC1'],"{68813, 68529, 28267, 68525}"
marts_E00411,sesq,CC(C)=CCCC(C)=CCCC(C)=CCOP([O-])(=O)OP([O-])([O-])=O,CC(C)=CCCC(C)C1CCC(=C)C=C1,['CC(C)=CCCC(C)=CCCC(C)=CCOP([O-])(=O)OP([O-])([O-])=O'],['CC(C)=CCCC(C)C1CCC(=C)C=C1'],{32700}
marts_E00411,sesq,CC(C)=CCCC(C)=CCCC(C)=CCOP([O-])(=O)OP([O-])([O-])=O,CC(C)=CCCC(C)C12CC1C(=C)CC2,['CC(C)=CCCC(C)=CCCC(C)=CCOP([O-])(=O)OP([O-])([O-])=O'],['CC(C)=CCCC(C)C12CC1C(=C)CC2'],"{60017, 60021}"
marts_E00412,sqs,CC(C)=CCCC(C)=CCCC(C)=CCOP([O-])(=O)OP([O-])([O-])=O.CC(C)=CCCC(C)=CCCC(C)=CCOP([O-])(=O)OP([O-])([O-])=O,CC(C)=CCCC(C)=CCCC(C)=CC=CC=C(C)CCC=C(C)CCC=C(C)C,"['CC(C)=CCCC(C)=CCCC(C)=CCOP([O-])(=O)OP([O-])([O-])=O', 'CC(C)=CCCC(C)=CCCC(C)=CCOP([O-])(=O)OP([O-])([O-])=O']",['CC(C)=CCCC(C)=CCCC(C)=CC=CC=C(C)CCC=C(C)CCC=C(C)C'],{31548}
marts_E00413,sesq,CC(C)=CCCC(C)=CCCC(C)=CCOP([O-])(=O)OP([O-])([O-])=O,CC(C)C1CCC2(C)C3C1C2CC=C3C,['CC(C)=CCCC(C)=CCCC(C)=CCOP([O-])(=O)OP([O-])([O-])=O'],['CC(C)C1CCC2(C)C3C1C2CC=C3C'],{33992}
marts_E00413,sesq,CC(C)=CCCC(C)=CCCC(C)=CCOP([O-])(=O)OP([O-])([O-])=O,CC1CCC(C=CC(=C)CCC=1)C(C)C,['CC(C)=CCCC(C)=CCCC(C)=CCOP([O-])(=O)OP([O-])([O-])=O'],['CC1CCC(C=CC(=C)CCC=1)C(C)C'],"{12017, 30428, 68717}"
marts_E00413,sesq,CC(C)=CCCC(C)=CCCC(C)=CCOP([O-])(=O)OP([O-])([O-])=O,CC1CCC2C(CC2(C)C)C(=C)CCC=1,['CC(C)=CCCC(C)=CCCC(C)=CCOP([O-])(=O)OP([O-])([O-])=O'],['CC1CCC2C(CC2(C)C)C(=C)CCC=1'],"{31816, 34704, 28295}"
marts_E00413,sesq,CC(C)=CCCC(C)=CCCC(C)=CCOP([O-])(=O)OP([O-])([O-])=O,CC(C)C1CCC(C)=C2CCC(C)=CC21,['CC(C)=CCCC(C)=CCCC(C)=CCOP([O-])(=O)OP([O-])([O-])=O'],['CC(C)C1CCC(C)=C2CCC(C)=CC21'],"{32016, 56557, 19526}"
marts_E00414,sesq,CC(C)=CCCC(C)=CCCC(C)=CCOP([O-])(=O)OP([O-])([O-])=O,CC(C)=CCCC(C)=CCCC(C)(O)C=C,['CC(C)=CCCC(C)=CCCC(C)=CCOP([O-])(=O)OP([O-])([O-])=O'],['CC(C)=CCCC(C)=CCCC(C)(O)C=C'],"{68833, 27531, 27535, 68821, 56985}"
marts_E00414,di,CC(C)=CCCC(C)=CCCC(C)=CCCC(C)=CCOP([O-])(=O)OP([O-])([O-])=O,CC(C)=CCCC(C)=CCCC(C)=CCCC(C)(O)C=C,['CC(C)=CCCC(C)=CCCC(C)=CCCC(C)=CCOP([O-])(=O)OP([O-])([O-])=O'],['CC(C)=CCCC(C)=CCCC(C)=CCCC(C)(O)C=C'],{38156}
marts_E00414,mono,CC(C)=CCCC(C)=CCOP([O-])(=O)OP([O-])([O-])=O,CC(C)=CCCC(C)(O)C=C,['CC(C)=CCCC(C)=CCOP([O-])(=O)OP([O-])([O-])=O'],['CC(C)=CCCC(C)(O)C=C'],"{15810, 68709, 24117}"
marts_E00415,mono,CC(C)=CCCC(C)=CCOP([O-])(=O)OP([O-])([O-])=O,CC1CCC(CC=1)C(C)=C,['CC(C)=CCCC(C)=CCOP([O-])(=O)OP([O-])([O-])=O'],['CC1CCC(CC=1)C(C)=C'],"{68641, 10941, 12870}"
marts_E00416,mono,CC(C)=CCCC(C)=CCOP([O-])(=O)OP([O-])([O-])=O,CC(C)=CCCC(C)(O)C=C,['CC(C)=CCCC(C)=CCOP([O-])(=O)OP([O-])([O-])=O'],['CC(C)=CCCC(C)(O)C=C'],"{15810, 68709, 24117}"
marts_E00416,sesq,CC(C)=CCCC(C)=CCCC(C)=CCOP([O-])(=O)OP([O-])([O-])=O,CC(C)=CCCC(C)=CCCC(C)(O)C=C,['CC(C)=CCCC(C)=CCCC(C)=CCOP([O-])(=O)OP([O-])([O-])=O'],['CC(C)=CCCC(C)=CCCC(C)(O)C=C'],"{68833, 27531, 27535, 68821, 56985}"
marts_E00417,mono,CC(C)=CCCC(C)=CCOP([O-])(=O)OP([O-])([O-])=O,CC(C)C1CCC(=C)C=C1,['CC(C)=CCCC(C)=CCOP([O-])(=O)OP([O-])([O-])=O'],['CC(C)C1CCC(=C)C=C1'],"{25505, 25493, 27831}"
marts_E00417,mono,CC(C)=CCCC(C)=CCOP([O-])(=O)OP([O-])([O-])=O,CC(C)=CCCC(=C)C=C,['CC(C)=CCCC(C)=CCOP([O-])(=O)OP([O-])([O-])=O'],['CC(C)=CCCC(=C)C=C'],{16966}
marts_E00417,mono,CC(C)=CCCC(C)=CCOP([O-])(=O)OP([O-])([O-])=O,CC(C)C12CCC(=C)C1C2,['CC(C)=CCCC(C)=CCOP([O-])(=O)OP([O-])([O-])=O'],['CC(C)C12CCC(=C)C1C2'],"{68637, 32548, 25509}"
marts_E00418,sesq,CC(C)=CCCC(C)=CCCC(C)=CCOP([O-])(=O)OP([O-])([O-])=O,CC1CCC(CC=C(C)CCC=1)C(C)=C,['CC(C)=CCCC(C)=CCCC(C)=CCOP([O-])(=O)OP([O-])([O-])=O'],['CC1CCC(CC=C(C)CCC=1)C(C)=C'],"{68777, 25453, 12517}"
marts_E00419,tri,CC(C)=CCCC(C)=CCCC(C)=CCCC=C(C)CCC=C(C)CCC1OC1(C)C,CC1(C)C(O)CCC2(C)C1CCC1=C2CCC2(C)C(CCC21C)C(C)CCC=C(C)C,['CC(C)=CCCC(C)=CCCC(C)=CCCC=C(C)CCC=C(C)CCC1OC1(C)C'],['CC1(C)C(O)CCC2(C)C1CCC1=C2CCC2(C)C(CCC21C)C(C)CCC=C(C)C'],{14622}
marts_E00420,tri,CC(C)=CCCC(C)=CCCC(C)=CCCC=C(C)CCC=C(C)CCC1OC1(C)C,CC1(C)C(O)CCC2(C)C1CCC1=C2CCC2(C)C(CCC21C)C(C)CCC=C(C)C,['CC(C)=CCCC(C)=CCCC(C)=CCCC=C(C)CCC=C(C)CCC1OC1(C)C'],['CC1(C)C(O)CCC2(C)C1CCC1=C2CCC2(C)C(CCC21C)C(C)CCC=C(C)C'],{14622}
marts_E00421,sesq,CC(C)=CCCC(C)=CCCC(C)=CCOP([O-])(=O)OP([O-])([O-])=O,CC(C)=CCCC(=C)C1CC=C(C)CC1,['CC(C)=CCCC(C)=CCCC(C)=CCOP([O-])(=O)OP([O-])([O-])=O'],['CC(C)=CCCC(=C)C1CC=C(C)CC1'],"{68813, 68529, 28267, 68525}"
marts_E00421,sesq,CC(C)=CCCC(C)=CCCC(C)=CCOP([O-])(=O)OP([O-])([O-])=O,CC1CCC(CC=1)C1CC(C)(C)CCC=1,['CC(C)=CCCC(C)=CCCC(C)=CCOP([O-])(=O)OP([O-])([O-])=O'],['CC1CCC(CC=1)C1CC(C)(C)CCC=1'],set()
marts_E00421,sesq,CC(C)=CCCC(C)=CCCC(C)=CCOP([O-])(=O)OP([O-])([O-])=O,CC(C)=CCCC(C)=CCCC(=C)C=C,['CC(C)=CCCC(C)=CCCC(C)=CCOP([O-])(=O)OP([O-])([O-])=O'],['CC(C)=CCCC(C)=CCCC(=C)C=C'],"{68545, 27426, 68857, 68505, 68509}"
marts_E00421,mono,CC(C)=CCCC(C)=CCOP([O-])(=O)OP([O-])([O-])=O,CC1CCC(CC=1)C(C)=C,['CC(C)=CCCC(C)=CCOP([O-])(=O)OP([O-])([O-])=O'],['CC1CCC(CC=1)C(C)=C'],"{68641, 10941, 12870}"
marts_E00421,mono,CC(C)=CCCC(C)=CCOP([O-])(=O)OP([O-])([O-])=O,CC(C)=CCCC(=C)C=C,['CC(C)=CCCC(C)=CCOP([O-])(=O)OP([O-])([O-])=O'],['CC(C)=CCCC(=C)C=C'],{16966}
marts_E00421,mono,CC(C)=CCCC(C)=CCOP([O-])(=O)OP([O-])([O-])=O,CC(C)=C1CC=C(C)CC1,['CC(C)=CCCC(C)=CCOP([O-])(=O)OP([O-])([O-])=O'],['CC(C)=C1CC=C(C)CC1'],{25501}
marts_E00421,mono,CC(C)=CCCC(C)=CCOP([O-])(=O)OP([O-])([O-])=O,CC(C)=CCCC(C)(O)C=C,['CC(C)=CCCC(C)=CCOP([O-])(=O)OP([O-])([O-])=O'],['CC(C)=CCCC(C)(O)C=C'],"{15810, 68709, 24117}"
marts_E00421,mono,CC(C)=CCCC(C)=CCOP([O-])(=O)OP([O-])([O-])=O,CC(C)C1CCC(=C)C=C1,['CC(C)=CCCC(C)=CCOP([O-])(=O)OP([O-])([O-])=O'],['CC(C)C1CCC(=C)C=C1'],"{25505, 25493, 27831}"
marts_E00422,di,CC1(C)CCCC2(C)C1CCC(=C)C2CCC(C)=CCOP([O-])(=O)OP([O-])([O-])=O,CC1(C)CCCC2(C)C1CCC1CC3CC21CCC3=C,['CC1(C)CCCC2(C)C1CCC(=C)C2CCC(C)=CCOP([O-])(=O)OP([O-])([O-])=O'],['CC1(C)CCCC2(C)C1CCC1CC3CC21CCC3=C'],{25557}
marts_E00422,di,CC1(C)CCCC2(C)C1CCC(=C)C2CCC(C)=CCOP([O-])(=O)OP([O-])([O-])=O,CC1(C)CCCC2(C)C1CCC1C=C(C)C3CC21CC3,['CC1(C)CCCC2(C)C1CCC(=C)C2CCC(C)=CCOP([O-])(=O)OP([O-])([O-])=O'],['CC1(C)CCCC2(C)C1CCC1C=C(C)C3CC21CC3'],{25553}
marts_E00423,pt,CC(C)=CCCC(C)=CCOP([O-])(=O)OP([O-])([O-])=O.CC(C)=CCCC(C)=CCCC(C)=CCOP([O-])(=O)OP([O-])([O-])=O,CC(C)=CCCC(C)=CCCC(C)=CCCC(C)=CCOP([O-])(=O)OP([O-])([O-])=O,"['CC(C)=CCCC(C)=CCOP([O-])(=O)OP([O-])([O-])=O', 'CC(C)=CCCC(C)=CCCC(C)=CCOP([O-])(=O)OP([O-])([O-])=O']",['CC(C)=CCCC(C)=CCCC(C)=CCCC(C)=CCOP([O-])(=O)OP([O-])([O-])=O'],set()
marts_E00424,tri,CC(C)=CCCC(C)=CCCC(C)=CCCC=C(C)CCC=C(C)CCC1OC1(C)C,CC1(C)C(O)CCC2(C)C1CCC1=C2CCC2(C)C(CCC21C)C(C)CCC=C(C)C,['CC(C)=CCCC(C)=CCCC(C)=CCCC=C(C)CCC=C(C)CCC1OC1(C)C'],['CC1(C)C(O)CCC2(C)C1CCC1=C2CCC2(C)C(CCC21C)C(C)CCC=C(C)C'],{14622}
marts_E00425,sesq,CC(C)=CCCC(C)=CCCC(C)=CCOP([O-])(=O)OP([O-])([O-])=O,CC1CCC(C=CC(=C)CCC=1)C(C)C,['CC(C)=CCCC(C)=CCCC(C)=CCOP([O-])(=O)OP([O-])([O-])=O'],['CC1CCC(C=CC(=C)CCC=1)C(C)C'],"{12017, 30428, 68717}"
marts_E00425,sesq,CC(C)=CCCC(C)=CCCC(C)=CCOP([O-])(=O)OP([O-])([O-])=O,CC(C)=C1CC=C(C)CCC=C(C)CC1,['CC(C)=CCCC(C)=CCCC(C)=CCOP([O-])(=O)OP([O-])([O-])=O'],['CC(C)=C1CC=C(C)CCC=C(C)CC1'],{25445}
marts_E00425,sesq,CC(C)=CCCC(C)=CCCC(C)=CCOP([O-])(=O)OP([O-])([O-])=O,CC(C)=CCCC(C)=CCCC(C)(O)C=C,['CC(C)=CCCC(C)=CCCC(C)=CCOP([O-])(=O)OP([O-])([O-])=O'],['CC(C)=CCCC(C)=CCCC(C)(O)C=C'],"{68833, 27531, 27535, 68821, 56985}"
marts_E00425,sesq,CC(C)=CCCC(C)=CCCC(C)=CCOP([O-])(=O)OP([O-])([O-])=O,CC(C)=CCCC(C)=CCCC(=C)C=C,['CC(C)=CCCC(C)=CCCC(C)=CCOP([O-])(=O)OP([O-])([O-])=O'],['CC(C)=CCCC(C)=CCCC(=C)C=C'],"{68545, 27426, 68857, 68505, 68509}"
marts_E00425,sesq,CC(C)=CCCC(C)=CCCC(C)=CCOP([O-])(=O)OP([O-])([O-])=O,CC1CCC=C(C)CCC2C(C=1)C2(C)C,['CC(C)=CCCC(C)=CCCC(C)=CCOP([O-])(=O)OP([O-])([O-])=O'],['CC1CCC=C(C)CCC2C(C=1)C2(C)C'],{32000}
marts_E00425,sesq,CC(C)=CCCC(C)=CCCC(C)=CCOP([O-])(=O)OP([O-])([O-])=O,CC1CCC=C(C)CCC(=CC=1)C(C)C,['CC(C)=CCCC(C)=CCCC(C)=CCOP([O-])(=O)OP([O-])([O-])=O'],['CC1CCC=C(C)CCC(=CC=1)C(C)C'],"{68773, 28303}"
marts_E00425,sesq,CC(C)=CCCC(C)=CCCC(C)=CCOP([O-])(=O)OP([O-])([O-])=O,CC(C)C1CCC(C)=CCCC(C)(O)C=C1,['CC(C)=CCCC(C)=CCCC(C)=CCOP([O-])(=O)OP([O-])([O-])=O'],['CC(C)C1CCC(C)=CCCC(C)(O)C=C1'],set()
marts_E00425,sesq,CC(C)=CCCC(C)=CCCC(C)=CCOP([O-])(=O)OP([O-])([O-])=O,CC1CCC2C(CC2(C)C)C(=C)CCC=1,['CC(C)=CCCC(C)=CCCC(C)=CCOP([O-])(=O)OP([O-])([O-])=O'],['CC1CCC2C(CC2(C)C)C(=C)CCC=1'],"{31816, 34704, 28295}"
marts_E00425,sesq,CC(C)=CCCC(C)=CCCC(C)=CCOP([O-])(=O)OP([O-])([O-])=O,CC1CCC=C(C)CC=CC(C)(C)CC=1,['CC(C)=CCCC(C)=CCCC(C)=CCOP([O-])(=O)OP([O-])([O-])=O'],['CC1CCC=C(C)CC=CC(C)(C)CC=1'],"{31896, 68781}"
marts_E00426,di,CC(C)=CCCC(C)=CCCC(C)=CCCC(C)=CCOP([O-])(=O)OP([O-])([O-])=O,CC1(C)CCCC2(C)C1CCC(=C)C2CCC(C)=CCOP([O-])(=O)OP([O-])([O-])=O,['CC(C)=CCCC(C)=CCCC(C)=CCCC(C)=CCOP([O-])(=O)OP([O-])([O-])=O'],['CC1(C)CCCC2(C)C1CCC(=C)C2CCC(C)=CCOP([O-])(=O)OP([O-])([O-])=O'],"{14842, 24317, 25525}"
marts_E00427,di,CC1(C)CCCC2(C)C1CCC(=C)C2CCC(C)=CCOP([O-])(=O)OP([O-])([O-])=O,CC1(C)CCCC2(C)C1CC=C1CC(C)(CCC21)C=C,['CC1(C)CCCC2(C)C1CCC(=C)C2CCC(C)=CCOP([O-])(=O)OP([O-])([O-])=O'],['CC1(C)CCCC2(C)C1CC=C1CC(C)(CCC21)C=C'],"{25561, 62189, 26129}"
marts_E00428,di,CC1(C)CCCC2(C)C1CCC(=C)C2CCC(C)=CCOP([O-])(=O)OP([O-])([O-])=O,CC1(C)CCCC2(C)C1CCC13CC(CCC21)C(=C)C3,['CC1(C)CCCC2(C)C1CCC(=C)C2CCC(C)=CCOP([O-])(=O)OP([O-])([O-])=O'],['CC1(C)CCCC2(C)C1CCC13CC(CCC21)C(=C)C3'],{22221}
marts_E00429,di,CC1(C)CCCC2(C)C1CCC(=C)C2CCC(C)=CCOP([O-])(=O)OP([O-])([O-])=O,CC1(C)CCCC2(C)C1CCC1C2CC=C(C=C)C1C,['CC1(C)CCCC2(C)C1CCC(=C)C2CCC(C)=CCOP([O-])(=O)OP([O-])([O-])=O'],['CC1(C)CCCC2(C)C1CCC1C2CC=C(C=C)C1C'],{25533}
marts_E00429,di,CC1(C)CCCC2(C)C1CCC(=C)C2CCC(C)=CCOP([O-])(=O)OP([O-])([O-])=O,CC1(C)CCCC2(C)C1CCC1=CC(C)(CCC21)C=C,['CC1(C)CCCC2(C)C1CCC(=C)C2CCC(C)=CCOP([O-])(=O)OP([O-])([O-])=O'],['CC1(C)CCCC2(C)C1CCC1=CC(C)(CCC21)C=C'],"{25537, 32004, 25541, 32008, 42985}"
marts_E00429,di,CC1(C)CCCC2(C)C1CCC(=C)C2CCC(C)=CCOP([O-])(=O)OP([O-])([O-])=O,CC1(C)CCCC2(C)C1CCC1CC3CC21CC=C3C,['CC1(C)CCCC2(C)C1CCC(=C)C2CCC(C)=CCOP([O-])(=O)OP([O-])([O-])=O'],['CC1(C)CCCC2(C)C1CCC1CC3CC21CC=C3C'],set()
marts_E00430,pt,CC(C)=CCCC(C)=CCOP([O-])(=O)OP([O-])([O-])=O.CC(=C)CCOP([O-])(=O)OP([O-])([O-])=O,CC(C)=CCCC(C)=CCCC(C)=CCOP([O-])(=O)OP([O-])([O-])=O,"['CC(C)=CCCC(C)=CCOP([O-])(=O)OP([O-])([O-])=O', 'CC(=C)CCOP([O-])(=O)OP([O-])([O-])=O']",['CC(C)=CCCC(C)=CCCC(C)=CCOP([O-])(=O)OP([O-])([O-])=O'],"{19362, 64573, 23301}"
marts_E00430,pt,CC(C)=CCOP([O-])(=O)OP([O-])([O-])=O.CC(=C)CCOP([O-])(=O)OP([O-])([O-])=O,CC(C)=CCCC(C)=CCOP([O-])(=O)OP([O-])([O-])=O,"['CC(C)=CCOP([O-])(=O)OP([O-])([O-])=O', 'CC(=C)CCOP([O-])(=O)OP([O-])([O-])=O']",['CC(C)=CCCC(C)=CCOP([O-])(=O)OP([O-])([O-])=O'],"{11329, 22409}"
marts_E00431,tri,CC(C)=CCCC(C)=CCCC(C)=CCCC=C(C)CCC=C(C)CCC1OC1(C)C,CC1(C)C2CCC3(C)C(CCC4C(CCC34C)C(C)(O)CCC=C(C)C)C2(C)CCC1O,['CC(C)=CCCC(C)=CCCC(C)=CCCC=C(C)CCC=C(C)CCC1OC1(C)C'],['CC1(C)C2CCC3(C)C(CCC4C(CCC34C)C(C)(O)CCC=C(C)C)C2(C)CCC1O'],{30857}
marts_E00432,pt,CC(C)=CCCC(C)=CCOP([O-])(=O)OP([O-])([O-])=O.CC(=C)CCOP([O-])(=O)OP([O-])([O-])=O,CC(C)=CCCC(C)=CCCC(C)=CCOP([O-])(=O)OP([O-])([O-])=O,"['CC(C)=CCCC(C)=CCOP([O-])(=O)OP([O-])([O-])=O', 'CC(=C)CCOP([O-])(=O)OP([O-])([O-])=O']",['CC(C)=CCCC(C)=CCCC(C)=CCOP([O-])(=O)OP([O-])([O-])=O'],"{19362, 64573, 23301}"
marts_E00433,tri,CC(C)=CCCC(C)=CCCC(C)=CCCC=C(C)CCC=C(C)CCC1OC1(C)C,CC1(C)C(O)CCC2(C)C1CCC1=C2CCC2(C)C(CCC21C)C(C)CCC=C(C)C,['CC(C)=CCCC(C)=CCCC(C)=CCCC=C(C)CCC=C(C)CCC1OC1(C)C'],['CC1(C)C(O)CCC2(C)C1CCC1=C2CCC2(C)C(CCC21C)C(C)CCC=C(C)C'],{14622}
marts_E00436,di,CC1(C)CCCC2(C)C1CCC(=C)C2CCC(C)=CCOP([O-])(=O)OP([O-])([O-])=O,CC1(C)CCCC2(C)C1CCC1C2CC=C(C=C)C1C,['CC1(C)CCCC2(C)C1CCC(=C)C2CCC(C)=CCOP([O-])(=O)OP([O-])([O-])=O'],['CC1(C)CCCC2(C)C1CCC1C2CC=C(C=C)C1C'],{25533}
marts_E00436,di,CC1(C)CCCC2(C)C1CCC(=C)C2CCC(C)=CCOP([O-])(=O)OP([O-])([O-])=O,CC1(C)CCCC2(C)C1CCC1=CC(C)(CCC21)C=C,['CC1(C)CCCC2(C)C1CCC(=C)C2CCC(C)=CCOP([O-])(=O)OP([O-])([O-])=O'],['CC1(C)CCCC2(C)C1CCC1=CC(C)(CCC21)C=C'],"{25537, 32004, 25541, 32008, 42985}"
marts_E00436,di,CC1(C)CCCC2(C)C1CCC(=C)C2CCC(C)=CCOP([O-])(=O)OP([O-])([O-])=O,CC1(C)CCCC2(C)C1CCC1CC3CC21CC=C3C,['CC1(C)CCCC2(C)C1CCC(=C)C2CCC(C)=CCOP([O-])(=O)OP([O-])([O-])=O'],['CC1(C)CCCC2(C)C1CCC1CC3CC21CC=C3C'],set()
marts_E00439,sesq,CC(C)=CCCC(C)=CCCC(C)=CCOP([O-])(=O)OP([O-])([O-])=O,CC1CCC(C=CC(=C)CCC=1)C(C)C,['CC(C)=CCCC(C)=CCCC(C)=CCOP([O-])(=O)OP([O-])([O-])=O'],['CC1CCC(C=CC(=C)CCC=1)C(C)C'],"{12017, 30428, 68717}"
marts_E00439,mono,CC(C)=CCCC(C)=CCOP([O-])(=O)OP([O-])([O-])=O,CC(C)=CCCC(=C)C=C,['CC(C)=CCCC(C)=CCOP([O-])(=O)OP([O-])([O-])=O'],['CC(C)=CCCC(=C)C=C'],{16966}
marts_E00439,mono,CC(C)=CCCC(C)=CCOP([O-])(=O)OP([O-])([O-])=O,CC(C)=CCC=C(C)C=C,['CC(C)=CCCC(C)=CCOP([O-])(=O)OP([O-])([O-])=O'],['CC(C)=CCC=C(C)C=C'],"{68825, 32692}"
marts_E00439,mono,CC(C)=CCCC(C)=CCOP([O-])(=O)OP([O-])([O-])=O,CC(C)C1CC=C(C)C=C1,['CC(C)=CCCC(C)=CCOP([O-])(=O)OP([O-])([O-])=O'],['CC(C)C1CC=C(C)C=C1'],set()
marts_E00439,mono,CC(C)=CCCC(C)=CCOP([O-])(=O)OP([O-])([O-])=O,CC(C)C1CCC(=C)CC=1,['CC(C)=CCCC(C)=CCOP([O-])(=O)OP([O-])([O-])=O'],['CC(C)C1CCC(=C)CC=1'],set()
marts_E00439,mono,CC(C)=CCCC(C)=CCOP([O-])(=O)OP([O-])([O-])=O,CC1CC(CCC=1)C(C)=C,['CC(C)=CCCC(C)=CCOP([O-])(=O)OP([O-])([O-])=O'],['CC1CC(CCC=1)C(C)=C'],set()
marts_E00439,di,CC(C)=CCCC(C)=CCCC(C)=CCCC(C)=CCOP([O-])(=O)OP([O-])([O-])=O,CC(C)=CCCC(C)=CCCC(C)=CCC=C(C)C=C,['CC(C)=CCCC(C)=CCCC(C)=CCCC(C)=CCOP([O-])(=O)OP([O-])([O-])=O'],['CC(C)=CCCC(C)=CCCC(C)=CCC=C(C)C=C'],{74544}
marts_E00439,sester,CC(C)=CCCC(C)=CCCC(C)=CCCC(C)=CCCC(C)=CCOP([O-])(=O)OP([O-])([O-])=O,CC(C)=CCCC(C)=CCCC(C)=CCCC(C)=CCCC(=C)C=C,['CC(C)=CCCC(C)=CCCC(C)=CCCC(C)=CCCC(C)=CCOP([O-])(=O)OP([O-])([O-])=O'],['CC(C)=CCCC(C)=CCCC(C)=CCCC(C)=CCCC(=C)C=C'],{54501}
marts_E00440,di,CC(C)=CCCC(C)=CCCC(C)=CCCC(C)=CCOP([O-])(=O)OP([O-])([O-])=O,CC(C)=CCCC(C)C1CCC(C)C2CCC(=C)C=C12,['CC(C)=CCCC(C)=CCCC(C)=CCCC(C)=CCOP([O-])(=O)OP([O-])([O-])=O'],['CC(C)=CCCC(C)C1CCC(C)C2CCC(=C)C=C12'],{26242}
marts_E00440,sesq,CC(C)=CCCC(C)=CCCC(C)=CCOP([O-])(=O)OP([O-])([O-])=O,CC(C)C1CCC(C)C2CCC(=C)C=C21,['CC(C)=CCCC(C)=CCCC(C)=CCOP([O-])(=O)OP([O-])([O-])=O'],['CC(C)C1CCC(C)C2CCC(=C)C=C21'],{29492}
marts_E00440,mono,CC(C)=CCCC(C)=CCOP([O-])(=O)OP([O-])([O-])=O,CC(C)=CCCC(C)=CCO,['CC(C)=CCCC(C)=CCOP([O-])(=O)OP([O-])([O-])=O'],['CC(C)=CCCC(C)=CCO'],"{32680, 65829}"
marts_E00441,pt,CC(C)=CCCC(C)=CCOP([O-])(=O)OP([O-])([O-])=O.CC(=C)CCOP([O-])(=O)OP([O-])([O-])=O,CC(C)=CCCC(C)=CCCC(C)=CCOP([O-])(=O)OP([O-])([O-])=O,"['CC(C)=CCCC(C)=CCOP([O-])(=O)OP([O-])([O-])=O', 'CC(=C)CCOP([O-])(=O)OP([O-])([O-])=O']",['CC(C)=CCCC(C)=CCCC(C)=CCOP([O-])(=O)OP([O-])([O-])=O'],"{19362, 64573, 23301}"
marts_E00444,sesq,CC(C)=CCCC(C)=CCCC(C)=CCOP([O-])(=O)OP([O-])([O-])=O,CC1CCC2C(C=1)C(CCC2=C)C(C)C,['CC(C)=CCCC(C)=CCCC(C)=CCOP([O-])(=O)OP([O-])([O-])=O'],['CC1CCC2C(C=1)C(CCC2=C)C(C)C'],"{28640, 68849, 31828, 33108}"
marts_E00444,sesq,CC(C)=CCCC(C)=CCCC(C)=CCOP([O-])(=O)OP([O-])([O-])=O,CC(C)C1CC=C(C)C2CCC(C)=CC21,['CC(C)=CCCC(C)=CCCC(C)=CCOP([O-])(=O)OP([O-])([O-])=O'],['CC(C)C1CC=C(C)C2CCC(C)=CC21'],"{33104, 53641, 69445}"
marts_E00444,sesq,CC(C)=CCCC(C)=CCCC(C)=CCOP([O-])(=O)OP([O-])([O-])=O,CC1CCC2C(CC2(C)C)C(=C)CCC=1,['CC(C)=CCCC(C)=CCCC(C)=CCOP([O-])(=O)OP([O-])([O-])=O'],['CC1CCC2C(CC2(C)C)C(=C)CCC=1'],"{31816, 34704, 28295}"
marts_E00444,mono,CC(C)=CCCC(C)=CCOP([O-])(=O)OP([O-])([O-])=O,CC(C)=CCCC(=C)C=C,['CC(C)=CCCC(C)=CCOP([O-])(=O)OP([O-])([O-])=O'],['CC(C)=CCCC(=C)C=C'],{16966}
marts_E00444,mono,CC(C)=CCCC(C)=CCOP([O-])(=O)OP([O-])([O-])=O,CC(C)=CCCC(C)(O)C=C,['CC(C)=CCCC(C)=CCOP([O-])(=O)OP([O-])([O-])=O'],['CC(C)=CCCC(C)(O)C=C'],"{15810, 68709, 24117}"
marts_E00444,mono,CC(C)=CCCC(C)=CCOP([O-])(=O)OP([O-])([O-])=O,CC(C)=CCC=C(C)C=C,['CC(C)=CCCC(C)=CCOP([O-])(=O)OP([O-])([O-])=O'],['CC(C)=CCC=C(C)C=C'],"{68825, 32692}"
marts_E00444,mono,CC(C)=CCCC(C)=CCOP([O-])(=O)OP([O-])([O-])=O,CC(C)=CCC=C(C)C=C,['CC(C)=CCCC(C)=CCOP([O-])(=O)OP([O-])([O-])=O'],['CC(C)=CCC=C(C)C=C'],"{68825, 32692}"
marts_E00444,mono,CC(C)=CCCC(C)=CCOP([O-])(=O)OP([O-])([O-])=O,CC1CCC(CC=1)C(C)=C,['CC(C)=CCCC(C)=CCOP([O-])(=O)OP([O-])([O-])=O'],['CC1CCC(CC=1)C(C)=C'],"{68641, 10941, 12870}"
marts_E00445,mono,CC(C)=CCCC(C)=CCOP([O-])(=O)OP([O-])([O-])=O,CC(C)=CCCC(=C)C=C,['CC(C)=CCCC(C)=CCOP([O-])(=O)OP([O-])([O-])=O'],['CC(C)=CCCC(=C)C=C'],{16966}
marts_E00445,sesq,CC(C)=CCCC(C)=CCCC(C)=CCOP([O-])(=O)OP([O-])([O-])=O,CC(C)C1CC=C(C)C2CCC(C)=CC21,['CC(C)=CCCC(C)=CCCC(C)=CCOP([O-])(=O)OP([O-])([O-])=O'],['CC(C)C1CC=C(C)C2CCC(C)=CC21'],"{33104, 53641, 69445}"
marts_E00445,sesq,CC(C)=CCCC(C)=CCCC(C)=CCOP([O-])(=O)OP([O-])([O-])=O,CC1CCC2C(CC2(C)C)C(=C)CCC=1,['CC(C)=CCCC(C)=CCCC(C)=CCOP([O-])(=O)OP([O-])([O-])=O'],['CC1CCC2C(CC2(C)C)C(=C)CCC=1'],"{31816, 34704, 28295}"
marts_E00446,pt,CC(C)=CCCC(C)=CCOP([O-])(=O)OP([O-])([O-])=O.CC(=C)CCOP([O-])(=O)OP([O-])([O-])=O,CC(C)=CCCC(C)=CCCC(C)=CCOP([O-])(=O)OP([O-])([O-])=O,"['CC(C)=CCCC(C)=CCOP([O-])(=O)OP([O-])([O-])=O', 'CC(=C)CCOP([O-])(=O)OP([O-])([O-])=O']",['CC(C)=CCCC(C)=CCCC(C)=CCOP([O-])(=O)OP([O-])([O-])=O'],"{19362, 64573, 23301}"
marts_E00446,pt,CC(C)=CCOP([O-])(=O)OP([O-])([O-])=O.CC(=C)CCOP([O-])(=O)OP([O-])([O-])=O,CC(C)=CCCC(C)=CCOP([O-])(=O)OP([O-])([O-])=O,"['CC(C)=CCOP([O-])(=O)OP([O-])([O-])=O', 'CC(=C)CCOP([O-])(=O)OP([O-])([O-])=O']",['CC(C)=CCCC(C)=CCOP([O-])(=O)OP([O-])([O-])=O'],"{11329, 22409}"
marts_E00446,pt,CC(C)=CCCC(C)=CCOP([O-])(=O)OP([O-])([O-])=O.CC(C)=CCCC(C)=CCCC(C)=CCOP([O-])(=O)OP([O-])([O-])=O,CC(C)=CCCC(C)=CCCC(C)=CCCC(C)=CCOP([O-])(=O)OP([O-])([O-])=O,"['CC(C)=CCCC(C)=CCOP([O-])(=O)OP([O-])([O-])=O', 'CC(C)=CCCC(C)=CCCC(C)=CCOP([O-])(=O)OP([O-])([O-])=O']",['CC(C)=CCCC(C)=CCCC(C)=CCCC(C)=CCOP([O-])(=O)OP([O-])([O-])=O'],set()
marts_E00447,pt,CC(C)=CCCC(C)=CCOP([O-])(=O)OP([O-])([O-])=O.CC(=C)CCOP([O-])(=O)OP([O-])([O-])=O,CC(C)=CCCC(C)=CCCC(C)=CCOP([O-])(=O)OP([O-])([O-])=O,"['CC(C)=CCCC(C)=CCOP([O-])(=O)OP([O-])([O-])=O', 'CC(=C)CCOP([O-])(=O)OP([O-])([O-])=O']",['CC(C)=CCCC(C)=CCCC(C)=CCOP([O-])(=O)OP([O-])([O-])=O'],"{19362, 64573, 23301}"
marts_E00447,pt,CC(C)=CCOP([O-])(=O)OP([O-])([O-])=O.CC(=C)CCOP([O-])(=O)OP([O-])([O-])=O,CC(C)=CCCC(C)=CCCC(C)=CCCC(C)=CCOP([O-])(=O)OP([O-])([O-])=O,"['CC(C)=CCOP([O-])(=O)OP([O-])([O-])=O', 'CC(=C)CCOP([O-])(=O)OP([O-])([O-])=O']",['CC(C)=CCCC(C)=CCCC(C)=CCCC(C)=CCOP([O-])(=O)OP([O-])([O-])=O'],{55521}
marts_E00447,pt,CC(C)=CCCC(C)=CCOP([O-])(=O)OP([O-])([O-])=O.CC(C)=CCCC(C)=CCCC(C)=CCOP([O-])(=O)OP([O-])([O-])=O,CC(C)=CCCC(C)=CCCC(C)=CCCC(C)=CCOP([O-])(=O)OP([O-])([O-])=O,"['CC(C)=CCCC(C)=CCOP([O-])(=O)OP([O-])([O-])=O', 'CC(C)=CCCC(C)=CCCC(C)=CCOP([O-])(=O)OP([O-])([O-])=O']",['CC(C)=CCCC(C)=CCCC(C)=CCCC(C)=CCOP([O-])(=O)OP([O-])([O-])=O'],set()
marts_E00448,pt,CC(C)=CCCC(C)=CCOP([O-])(=O)OP([O-])([O-])=O.CC(=C)CCOP([O-])(=O)OP([O-])([O-])=O,CC(C)=CCCC(C)=CCCC(C)=CCOP([O-])(=O)OP([O-])([O-])=O,"['CC(C)=CCCC(C)=CCOP([O-])(=O)OP([O-])([O-])=O', 'CC(=C)CCOP([O-])(=O)OP([O-])([O-])=O']",['CC(C)=CCCC(C)=CCCC(C)=CCOP([O-])(=O)OP([O-])([O-])=O'],"{19362, 64573, 23301}"
marts_E00448,pt,CC(C)=CCOP([O-])(=O)OP([O-])([O-])=O.CC(=C)CCOP([O-])(=O)OP([O-])([O-])=O,CC(C)=CCCC(C)=CCOP([O-])(=O)OP([O-])([O-])=O,"['CC(C)=CCOP([O-])(=O)OP([O-])([O-])=O', 'CC(=C)CCOP([O-])(=O)OP([O-])([O-])=O']",['CC(C)=CCCC(C)=CCOP([O-])(=O)OP([O-])([O-])=O'],"{11329, 22409}"
marts_E00448,pt,CC(C)=CCCC(C)=CCOP([O-])(=O)OP([O-])([O-])=O.CC(C)=CCCC(C)=CCCC(C)=CCOP([O-])(=O)OP([O-])([O-])=O,CC(C)=CCCC(C)=CCCC(C)=CCCC(C)=CCOP([O-])(=O)OP([O-])([O-])=O,"['CC(C)=CCCC(C)=CCOP([O-])(=O)OP([O-])([O-])=O', 'CC(C)=CCCC(C)=CCCC(C)=CCOP([O-])(=O)OP([O-])([O-])=O']",['CC(C)=CCCC(C)=CCCC(C)=CCCC(C)=CCOP([O-])(=O)OP([O-])([O-])=O'],set()
marts_E00449,sesq,CC(C)=CCCC(C)=CCCC(C)=CCOP([O-])(=O)OP([O-])([O-])=O,CC1(C)CC2CC(C)=C3CCC3(C)C2C1,['CC(C)=CCCC(C)=CCCC(C)=CCOP([O-])(=O)OP([O-])([O-])=O'],['CC1(C)CC2CC(C)=C3CCC3(C)C2C1'],{34696}
marts_E00449,sesq,CC(C)=CCCC(C)=CCCC(C)=CCOP([O-])(=O)OP([O-])([O-])=O,CC1CCC(CC=C(C)CCC=1)C(C)=C,['CC(C)=CCCC(C)=CCCC(C)=CCOP([O-])(=O)OP([O-])([O-])=O'],['CC1CCC(CC=C(C)CCC=1)C(C)=C'],"{68777, 25453, 12517}"
marts_E00450,sesq,CC(C)=CCCC(C)=CCCC(C)=CCOP([O-])(=O)OP([O-])([O-])=O,CC1(C)CC2CC(C)=C3CCC3(C)C2C1,['CC(C)=CCCC(C)=CCCC(C)=CCOP([O-])(=O)OP([O-])([O-])=O'],['CC1(C)CC2CC(C)=C3CCC3(C)C2C1'],{34696}
marts_E00450,sesq,CC(C)=CCCC(C)=CCCC(C)=CCOP([O-])(=O)OP([O-])([O-])=O,CC1CCC(CC=C(C)CCC=1)C(C)=C,['CC(C)=CCCC(C)=CCCC(C)=CCOP([O-])(=O)OP([O-])([O-])=O'],['CC1CCC(CC=C(C)CCC=1)C(C)=C'],"{68777, 25453, 12517}"
marts_E00451,sesq,CC(C)=CCCC(C)=CCCC(C)=CCOP([O-])(=O)OP([O-])([O-])=O,CC1(C)CC2CC(C)=C3CCC3(C)C2C1,['CC(C)=CCCC(C)=CCCC(C)=CCOP([O-])(=O)OP([O-])([O-])=O'],['CC1(C)CC2CC(C)=C3CCC3(C)C2C1'],{34696}
marts_E00452,di,CC(C)=CCCC(C)=CCCC(C)=CCCC(C)=CCOP([O-])(=O)OP([O-])([O-])=O,CC(C)C1CCC2(C)CC3C(=C)CCCC3(C)CCC2=1,['CC(C)=CCCC(C)=CCCC(C)=CCCC(C)=CCOP([O-])(=O)OP([O-])([O-])=O'],['CC(C)C1CCC2(C)CC3C(=C)CCCC3(C)CCC2=1'],{77964}
marts_E00452,di,CC(C)=CCCC(C)=CCCC(C)=CCCC(C)=CCOP([O-])(=O)OP([O-])([O-])=O,CC1CCC2=C(CCC2(C)CC=C(C)CCC=1)C(C)C,['CC(C)=CCCC(C)=CCCC(C)=CCCC(C)=CCOP([O-])(=O)OP([O-])([O-])=O'],['CC1CCC2=C(CCC2(C)CC=C(C)CCC=1)C(C)C'],{78276}
marts_E00452,pt,CC(C)=CCOP([O-])(=O)OP([O-])([O-])=O.CC(=C)CCOP([O-])(=O)OP([O-])([O-])=O,CC(C)=CCCC(C)=CCCC(C)=CCCC(C)=CCOP([O-])(=O)OP([O-])([O-])=O,"['CC(C)=CCOP([O-])(=O)OP([O-])([O-])=O', 'CC(=C)CCOP([O-])(=O)OP([O-])([O-])=O']",['CC(C)=CCCC(C)=CCCC(C)=CCCC(C)=CCOP([O-])(=O)OP([O-])([O-])=O'],{55521}
marts_E00453,di,CC(C)=CCCC(C)=CCCC(C)=CCCC(C)=CCOP([O-])(=O)OP([O-])([O-])=O,CC1(C)CCC2(C)CC34C(CCC(C)=C3CCC4C)C12,['CC(C)=CCCC(C)=CCCC(C)=CCCC(C)=CCOP([O-])(=O)OP([O-])([O-])=O'],['CC1(C)CCC2(C)CC34C(CCC(C)=C3CCC4C)C12'],{64857}
marts_E00453,pt,CC(C)=CCCC(C)=CCCC(C)=CCOP([O-])(=O)OP([O-])([O-])=O.CC(=C)CCOP([O-])(=O)OP([O-])([O-])=O,CC(C)=CCCC(C)=CCCC(C)=CCCC(C)=CCOP([O-])(=O)OP([O-])([O-])=O,"['CC(C)=CCCC(C)=CCCC(C)=CCOP([O-])(=O)OP([O-])([O-])=O', 'CC(=C)CCOP([O-])(=O)OP([O-])([O-])=O']",['CC(C)=CCCC(C)=CCCC(C)=CCCC(C)=CCOP([O-])(=O)OP([O-])([O-])=O'],"{31280, 64581, 17654}"
marts_E00454,pt,CC(C)=CCOP([O-])(=O)OP([O-])([O-])=O.CC(=C)CCOP([O-])(=O)OP([O-])([O-])=O,CC(C)=CCCC(C)=CCCC(C)=CCCC(C)=CCCC(C)=CCOP([O-])(=O)OP([O-])([O-])=O,"['CC(C)=CCOP([O-])(=O)OP([O-])([O-])=O', 'CC(=C)CCOP([O-])(=O)OP([O-])([O-])=O']",['CC(C)=CCCC(C)=CCCC(C)=CCCC(C)=CCCC(C)=CCOP([O-])(=O)OP([O-])([O-])=O'],{66861}
marts_E00454,sester,CC(C)=CCCC(C)=CCCC(C)=CCCC(C)=CCCC(C)=CCOP([O-])(=O)OP([O-])([O-])=O,CC(C)C1CCC2(C)CC3C(C)CCC45C(CCC4C)C5(C)C3(O)CC21,['CC(C)=CCCC(C)=CCCC(C)=CCCC(C)=CCCC(C)=CCOP([O-])(=O)OP([O-])([O-])=O'],['CC(C)C1CCC2(C)CC3C(C)CCC45C(CCC4C)C5(C)C3(O)CC21'],{71996}
marts_E00455,pt,CC(C)=CCCC(C)=CCOP([O-])(=O)OP([O-])([O-])=O.CC(=C)CCOP([O-])(=O)OP([O-])([O-])=O,CC(C)=CCCC(C)=CCCC(C)=CCOP([O-])(=O)OP([O-])([O-])=O,"['CC(C)=CCCC(C)=CCOP([O-])(=O)OP([O-])([O-])=O', 'CC(=C)CCOP([O-])(=O)OP([O-])([O-])=O']",['CC(C)=CCCC(C)=CCCC(C)=CCOP([O-])(=O)OP([O-])([O-])=O'],"{19362, 64573, 23301}"
marts_E00455,pt,CC(C)=CCOP([O-])(=O)OP([O-])([O-])=O.CC(=C)CCOP([O-])(=O)OP([O-])([O-])=O,CC(C)=CCCC(C)=CCOP([O-])(=O)OP([O-])([O-])=O,"['CC(C)=CCOP([O-])(=O)OP([O-])([O-])=O', 'CC(=C)CCOP([O-])(=O)OP([O-])([O-])=O']",['CC(C)=CCCC(C)=CCOP([O-])(=O)OP([O-])([O-])=O'],"{11329, 22409}"
marts_E00455,pt,CC(C)=CCCC(C)=CCOP([O-])(=O)OP([O-])([O-])=O.CC(C)=CCCC(C)=CCCC(C)=CCOP([O-])(=O)OP([O-])([O-])=O,CC(C)=CCCC(C)=CCCC(C)=CCCC(C)=CCOP([O-])(=O)OP([O-])([O-])=O,"['CC(C)=CCCC(C)=CCOP([O-])(=O)OP([O-])([O-])=O', 'CC(C)=CCCC(C)=CCCC(C)=CCOP([O-])(=O)OP([O-])([O-])=O']",['CC(C)=CCCC(C)=CCCC(C)=CCCC(C)=CCOP([O-])(=O)OP([O-])([O-])=O'],set()
marts_E00456,sester,CC(C)=CCCC(C)=CCCC(C)=CCCC(C)=CCCC(C)=CCOP([O-])(=O)OP([O-])([O-])=O,CC(C)C1CCC2(C)CC=C(C)CCC3C(CCC=3C)C(C)=CCC21,['CC(C)=CCCC(C)=CCCC(C)=CCCC(C)=CCCC(C)=CCOP([O-])(=O)OP([O-])([O-])=O'],['CC(C)C1CCC2(C)CC=C(C)CCC3C(CCC=3C)C(C)=CCC21'],set()
marts_E00456,sester,CC(C)=CCCC(C)=CCCC(C)=CCCC(C)=CCCC(C)=CCOP([O-])(=O)OP([O-])([O-])=O,CC(C)C1CCC2(C)CC3C(CC21)C(C)=C1CCC(C)C1CC=C3C,['CC(C)=CCCC(C)=CCCC(C)=CCCC(C)=CCCC(C)=CCOP([O-])(=O)OP([O-])([O-])=O'],['CC(C)C1CCC2(C)CC3C(CC21)C(C)=C1CCC(C)C1CC=C3C'],set()
marts_E00456,sester,CC(C)=CCCC(C)=CCCC(C)=CCCC(C)=CCCC(C)=CCOP([O-])(=O)OP([O-])([O-])=O,CC1C2CC3C(CCC3(C)CC2C(=C)CCC2C(C)CCC=12)C(C)C,['CC(C)=CCCC(C)=CCCC(C)=CCCC(C)=CCCC(C)=CCOP([O-])(=O)OP([O-])([O-])=O'],['CC1C2CC3C(CCC3(C)CC2C(=C)CCC2C(C)CCC=12)C(C)C'],set()
marts_E00456,sester,CC(C)=CCCC(C)=CCCC(C)=CCCC(C)=CCCC(C)=CCOP([O-])(=O)OP([O-])([O-])=O,CC1C2CC3C(CCC3(C)C=C2C(C)CCC2C(C)CCC=12)C(C)C,['CC(C)=CCCC(C)=CCCC(C)=CCCC(C)=CCCC(C)=CCOP([O-])(=O)OP([O-])([O-])=O'],['CC1C2CC3C(CCC3(C)C=C2C(C)CCC2C(C)CCC=12)C(C)C'],set()
marts_E00456,sester,CC(C)=CCCC(C)=CCCC(C)=CCCC(C)=CCCC(C)=CCOP([O-])(=O)OP([O-])([O-])=O,CC(C)C1CCC2(C)CC3C(C)CCC4C(CCC4C)C(=C)C=3CC21,['CC(C)=CCCC(C)=CCCC(C)=CCCC(C)=CCCC(C)=CCOP([O-])(=O)OP([O-])([O-])=O'],['CC(C)C1CCC2(C)CC3C(C)CCC4C(CCC4C)C(=C)C=3CC21'],set()
marts_E00456,pt,CC(C)=CCCC(C)=CCCC(C)=CCOP([O-])(=O)OP([O-])([O-])=O.CC(C)=CCCC(C)=CCCC(C)=CCCC(C)=CCOP([O-])(=O)OP([O-])([O-])=O,CC(C)=CCCC(C)=CCCC(C)=CCCC(C)=CCCC(C)=CCOP([O-])(=O)OP([O-])([O-])=O,"['CC(C)=CCCC(C)=CCCC(C)=CCOP([O-])(=O)OP([O-])([O-])=O', 'CC(C)=CCCC(C)=CCCC(C)=CCCC(C)=CCOP([O-])(=O)OP([O-])([O-])=O']",['CC(C)=CCCC(C)=CCCC(C)=CCCC(C)=CCCC(C)=CCOP([O-])(=O)OP([O-])([O-])=O'],set()
marts_E00456,pt,CC(C)=CCCC(C)=CCOP([O-])(=O)OP([O-])([O-])=O.CC(C)=CCCC(C)=CCCC(C)=CCOP([O-])(=O)OP([O-])([O-])=O,CC(C)=CCCC(C)=CCCC(C)=CCCC(C)=CCOP([O-])(=O)OP([O-])([O-])=O,"['CC(C)=CCCC(C)=CCOP([O-])(=O)OP([O-])([O-])=O', 'CC(C)=CCCC(C)=CCCC(C)=CCOP([O-])(=O)OP([O-])([O-])=O']",['CC(C)=CCCC(C)=CCCC(C)=CCCC(C)=CCOP([O-])(=O)OP([O-])([O-])=O'],set()
marts_E00457,pt,CC(C)=CCCC(C)=CCCC(C)=CCOP([O-])(=O)OP([O-])([O-])=O.CC(=C)CCOP([O-])(=O)OP([O-])([O-])=O,CC(C)=CCCC(C)=CCCC(C)=CCCC(C)=CCOP([O-])(=O)OP([O-])([O-])=O,"['CC(C)=CCCC(C)=CCCC(C)=CCOP([O-])(=O)OP([O-])([O-])=O', 'CC(=C)CCOP([O-])(=O)OP([O-])([O-])=O']",['CC(C)=CCCC(C)=CCCC(C)=CCCC(C)=CCOP([O-])(=O)OP([O-])([O-])=O'],"{31280, 64581, 17654}"
marts_E00458,sesq,CC(C)=CCCC(C)=CCCC(C)=CCOP([O-])(=O)OP([O-])([O-])=O,CC(C)C1CCC(C)=C2CCC(C)=CC21,['CC(C)=CCCC(C)=CCCC(C)=CCOP([O-])(=O)OP([O-])([O-])=O'],['CC(C)C1CCC(C)=C2CCC(C)=CC21'],"{32016, 56557, 19526}"
marts_E00460,tri,CC(C)=CCCC(C)=CCCC(C)=CCCC=C(C)CCC=C(C)CCC1OC1(C)C,CC1(C)C(O)CCC2(C)C1CCC1=C2CCC2(C)C(CCC21C)C(C)CCC=C(C)C,['CC(C)=CCCC(C)=CCCC(C)=CCCC=C(C)CCC=C(C)CCC1OC1(C)C'],['CC1(C)C(O)CCC2(C)C1CCC1=C2CCC2(C)C(CCC21C)C(C)CCC=C(C)C'],{14622}
marts_E00461,pt,CC(C)=CCCC(C)=CCOP([O-])(=O)OP([O-])([O-])=O.CC(=C)CCOP([O-])(=O)OP([O-])([O-])=O,CC(C)=CCCC(C)=CCCC(C)=CCOP([O-])(=O)OP([O-])([O-])=O,"['CC(C)=CCCC(C)=CCOP([O-])(=O)OP([O-])([O-])=O', 'CC(=C)CCOP([O-])(=O)OP([O-])([O-])=O']",['CC(C)=CCCC(C)=CCCC(C)=CCOP([O-])(=O)OP([O-])([O-])=O'],"{19362, 64573, 23301}"
marts_E00461,pt,CC(C)=CCOP([O-])(=O)OP([O-])([O-])=O.CC(=C)CCOP([O-])(=O)OP([O-])([O-])=O,CC(C)=CCCC(C)=CCOP([O-])(=O)OP([O-])([O-])=O,"['CC(C)=CCOP([O-])(=O)OP([O-])([O-])=O', 'CC(=C)CCOP([O-])(=O)OP([O-])([O-])=O']",['CC(C)=CCCC(C)=CCOP([O-])(=O)OP([O-])([O-])=O'],"{11329, 22409}"
marts_E00461,pt,CC(C)=CCCC(C)=CCOP([O-])(=O)OP([O-])([O-])=O.CC(C)=CCCC(C)=CCCC(C)=CCOP([O-])(=O)OP([O-])([O-])=O,CC(C)=CCCC(C)=CCCC(C)=CCCC(C)=CCOP([O-])(=O)OP([O-])([O-])=O,"['CC(C)=CCCC(C)=CCOP([O-])(=O)OP([O-])([O-])=O', 'CC(C)=CCCC(C)=CCCC(C)=CCOP([O-])(=O)OP([O-])([O-])=O']",['CC(C)=CCCC(C)=CCCC(C)=CCCC(C)=CCOP([O-])(=O)OP([O-])([O-])=O'],set()
marts_E00463,di,CC(C)=CCCC(C)=CCCC(C)=CCCC(C)=CCOP([O-])(=O)OP([O-])([O-])=O,CC1CCC=C(C)CCC2C(C=C(C)CCC=1)C2(C)C,['CC(C)=CCCC(C)=CCCC(C)=CCCC(C)=CCOP([O-])(=O)OP([O-])([O-])=O'],['CC1CCC=C(C)CCC2C(C=C(C)CCC=1)C2(C)C'],{14902}
marts_E00464,pt,CC(C)=CCCC(C)=CCOP([O-])(=O)OP([O-])([O-])=O.CC(=C)CCOP([O-])(=O)OP([O-])([O-])=O,CC(C)=CCCC(C)=CCCC(C)=CCOP([O-])(=O)OP([O-])([O-])=O,"['CC(C)=CCCC(C)=CCOP([O-])(=O)OP([O-])([O-])=O', 'CC(=C)CCOP([O-])(=O)OP([O-])([O-])=O']",['CC(C)=CCCC(C)=CCCC(C)=CCOP([O-])(=O)OP([O-])([O-])=O'],"{19362, 64573, 23301}"
marts_E00465,pt,CC(C)=CCCC(C)=CCOP([O-])(=O)OP([O-])([O-])=O.CC(C)=CCCC(C)=CCCC(C)=CCOP([O-])(=O)OP([O-])([O-])=O,CC(C)=CCCC(C)=CCCC(C)=CCCC(C)=CCOP([O-])(=O)OP([O-])([O-])=O,"['CC(C)=CCCC(C)=CCOP([O-])(=O)OP([O-])([O-])=O', 'CC(C)=CCCC(C)=CCCC(C)=CCOP([O-])(=O)OP([O-])([O-])=O']",['CC(C)=CCCC(C)=CCCC(C)=CCCC(C)=CCOP([O-])(=O)OP([O-])([O-])=O'],set()
marts_E00466,pt,CC(C)=CCCC(C)=CCOP([O-])(=O)OP([O-])([O-])=O.CC(=C)CCOP([O-])(=O)OP([O-])([O-])=O,CC(C)=CCCC(C)=CCCC(C)=CCOP([O-])(=O)OP([O-])([O-])=O,"['CC(C)=CCCC(C)=CCOP([O-])(=O)OP([O-])([O-])=O', 'CC(=C)CCOP([O-])(=O)OP([O-])([O-])=O']",['CC(C)=CCCC(C)=CCCC(C)=CCOP([O-])(=O)OP([O-])([O-])=O'],"{19362, 64573, 23301}"
marts_E00469,pt,CC(C)=CCCC(C)=CCCC(C)=CCOP([O-])(=O)OP([O-])([O-])=O.CC(=C)CCOP([O-])(=O)OP([O-])([O-])=O,CC(C)=CCCC(C)=CCCC(C)=CCCC(C)=CCOP([O-])(=O)OP([O-])([O-])=O,"['CC(C)=CCCC(C)=CCCC(C)=CCOP([O-])(=O)OP([O-])([O-])=O', 'CC(=C)CCOP([O-])(=O)OP([O-])([O-])=O']",['CC(C)=CCCC(C)=CCCC(C)=CCCC(C)=CCOP([O-])(=O)OP([O-])([O-])=O'],"{31280, 64581, 17654}"
marts_E00470,psy,CC(C)=CCCC(C)=CCCC(C)=CCCC(C)=CCOP([O-])(=O)OP([O-])([O-])=O.CC(C)=CCCC(C)=CCCC(C)=CCCC(C)=CCOP([O-])(=O)OP([O-])([O-])=O,CC(C)=CCCC(C)=CCCC(C)=CCCC(C)=CC=CC=C(C)CCC=C(C)CCC=C(C)CCC=C(C)C,"['CC(C)=CCCC(C)=CCCC(C)=CCCC(C)=CCOP([O-])(=O)OP([O-])([O-])=O', 'CC(C)=CCCC(C)=CCCC(C)=CCCC(C)=CCOP([O-])(=O)OP([O-])([O-])=O']",['CC(C)=CCCC(C)=CCCC(C)=CCCC(C)=CC=CC=C(C)CCC=C(C)CCC=C(C)CCC=C(C)C'],{34476}
marts_E00472,pt,CC(C)=CCCC(C)=CCOP([O-])(=O)OP([O-])([O-])=O.CC(=C)CCOP([O-])(=O)OP([O-])([O-])=O,CC(C)=CCCC(C)=CCCC(C)=CCOP([O-])(=O)OP([O-])([O-])=O,"['CC(C)=CCCC(C)=CCOP([O-])(=O)OP([O-])([O-])=O', 'CC(=C)CCOP([O-])(=O)OP([O-])([O-])=O']",['CC(C)=CCCC(C)=CCCC(C)=CCOP([O-])(=O)OP([O-])([O-])=O'],"{19362, 64573, 23301}"
marts_E00473,sqs,CC(C)=CCCC(C)=CCCC(C)=CCOP([O-])(=O)OP([O-])([O-])=O.CC(C)=CCCC(C)=CCCC(C)=CCOP([O-])(=O)OP([O-])([O-])=O,CC(C)=CCCC(C)=CCCC(C)=CCCC=C(C)CCC=C(C)CCC=C(C)C,"['CC(C)=CCCC(C)=CCCC(C)=CCOP([O-])(=O)OP([O-])([O-])=O', 'CC(C)=CCCC(C)=CCCC(C)=CCOP([O-])(=O)OP([O-])([O-])=O']",['CC(C)=CCCC(C)=CCCC(C)=CCCC=C(C)CCC=C(C)CCC=C(C)C'],"{32296, 32300}"
marts_E00474,sqs,CC(C)=CCCC(C)=CCCC(C)=CCOP([O-])(=O)OP([O-])([O-])=O.CC(C)=CCCC(C)=CCCC(C)=CCOP([O-])(=O)OP([O-])([O-])=O,CC(C)=CCCC(C)=CCCC(C)=CCCC=C(C)CCC=C(C)CCC=C(C)C,"['CC(C)=CCCC(C)=CCCC(C)=CCOP([O-])(=O)OP([O-])([O-])=O', 'CC(C)=CCCC(C)=CCCC(C)=CCOP([O-])(=O)OP([O-])([O-])=O']",['CC(C)=CCCC(C)=CCCC(C)=CCCC=C(C)CCC=C(C)CCC=C(C)C'],"{32296, 32300}"
marts_E00475,sqs,CC(C)=CCCC(C)=CCCC(C)=CCOP([O-])(=O)OP([O-])([O-])=O.CC(C)=CCCC(C)=CCCC(C)=CCOP([O-])(=O)OP([O-])([O-])=O,CC(C)=CCCC(C)=CCCC(C)=CCCC=C(C)CCC=C(C)CCC=C(C)C,"['CC(C)=CCCC(C)=CCCC(C)=CCOP([O-])(=O)OP([O-])([O-])=O', 'CC(C)=CCCC(C)=CCCC(C)=CCOP([O-])(=O)OP([O-])([O-])=O']",['CC(C)=CCCC(C)=CCCC(C)=CCCC=C(C)CCC=C(C)CCC=C(C)C'],"{32296, 32300}"
marts_E00476,tetra,CC(C)=CCCC(C)=CCCC(C)=CCCC(C)=CCOP([O-])(=O)OP([O-])([O-])=O.CC(C)=CCCC(C)=CCCC(C)=CCCC(C)=CCOP([O-])(=O)OP([O-])([O-])=O,CC(C)=CCCC(C)=CCCC(C)=CCCC(C)=CC=CC=C(C)CCC=C(C)CCC=C(C)CCC=C(C)C,"['CC(C)=CCCC(C)=CCCC(C)=CCCC(C)=CCOP([O-])(=O)OP([O-])([O-])=O', 'CC(C)=CCCC(C)=CCCC(C)=CCCC(C)=CCOP([O-])(=O)OP([O-])([O-])=O']",['CC(C)=CCCC(C)=CCCC(C)=CCCC(C)=CC=CC=C(C)CCC=C(C)CCC=C(C)CCC=C(C)C'],{34476}
marts_E00477,pt,CC(C)=CCCC(C)=CCOP([O-])(=O)OP([O-])([O-])=O.CC(=C)CCOP([O-])(=O)OP([O-])([O-])=O,CC(C)=CCCC(C)=CCCC(C)=CCOP([O-])(=O)OP([O-])([O-])=O,"['CC(C)=CCCC(C)=CCOP([O-])(=O)OP([O-])([O-])=O', 'CC(=C)CCOP([O-])(=O)OP([O-])([O-])=O']",['CC(C)=CCCC(C)=CCCC(C)=CCOP([O-])(=O)OP([O-])([O-])=O'],"{19362, 64573, 23301}"
marts_E00477,pt,CC(C)=CCOP([O-])(=O)OP([O-])([O-])=O.CC(=C)CCOP([O-])(=O)OP([O-])([O-])=O,CC(C)=CCCC(C)=CCOP([O-])(=O)OP([O-])([O-])=O,"['CC(C)=CCOP([O-])(=O)OP([O-])([O-])=O', 'CC(=C)CCOP([O-])(=O)OP([O-])([O-])=O']",['CC(C)=CCCC(C)=CCOP([O-])(=O)OP([O-])([O-])=O'],"{11329, 22409}"
marts_E00478,pt,CC(C)=CCCC(C)=CCOP([O-])(=O)OP([O-])([O-])=O.CC(=C)CCOP([O-])(=O)OP([O-])([O-])=O,CC(C)=CCCC(C)=CCCC(C)=CCOP([O-])(=O)OP([O-])([O-])=O,"['CC(C)=CCCC(C)=CCOP([O-])(=O)OP([O-])([O-])=O', 'CC(=C)CCOP([O-])(=O)OP([O-])([O-])=O']",['CC(C)=CCCC(C)=CCCC(C)=CCOP([O-])(=O)OP([O-])([O-])=O'],"{19362, 64573, 23301}"
marts_E00478,pt,CC(C)=CCOP([O-])(=O)OP([O-])([O-])=O.CC(=C)CCOP([O-])(=O)OP([O-])([O-])=O,CC(C)=CCCC(C)=CCCC(C)=CCOP([O-])(=O)OP([O-])([O-])=O,"['CC(C)=CCOP([O-])(=O)OP([O-])([O-])=O', 'CC(=C)CCOP([O-])(=O)OP([O-])([O-])=O']",['CC(C)=CCCC(C)=CCCC(C)=CCOP([O-])(=O)OP([O-])([O-])=O'],{27811}
marts_E00478,pt,CC(C)=CCOP([O-])(=O)OP([O-])([O-])=O.CC(=C)CCOP([O-])(=O)OP([O-])([O-])=O,CC(C)=CCCC(C)=CCOP([O-])(=O)OP([O-])([O-])=O,"['CC(C)=CCOP([O-])(=O)OP([O-])([O-])=O', 'CC(=C)CCOP([O-])(=O)OP([O-])([O-])=O']",['CC(C)=CCCC(C)=CCOP([O-])(=O)OP([O-])([O-])=O'],"{11329, 22409}"
marts_E00479,pt,CC(C)=CCCC(C)=CCOP([O-])(=O)OP([O-])([O-])=O.CC(=C)CCOP([O-])(=O)OP([O-])([O-])=O,CC(C)=CCCC(C)=CCCC(C)=CCOP([O-])(=O)OP([O-])([O-])=O,"['CC(C)=CCCC(C)=CCOP([O-])(=O)OP([O-])([O-])=O', 'CC(=C)CCOP([O-])(=O)OP([O-])([O-])=O']",['CC(C)=CCCC(C)=CCCC(C)=CCOP([O-])(=O)OP([O-])([O-])=O'],"{19362, 64573, 23301}"
marts_E00479,pt,CC(C)=CCOP([O-])(=O)OP([O-])([O-])=O.CC(=C)CCOP([O-])(=O)OP([O-])([O-])=O,CC(C)=CCCC(C)=CCOP([O-])(=O)OP([O-])([O-])=O,"['CC(C)=CCOP([O-])(=O)OP([O-])([O-])=O', 'CC(=C)CCOP([O-])(=O)OP([O-])([O-])=O']",['CC(C)=CCCC(C)=CCOP([O-])(=O)OP([O-])([O-])=O'],"{11329, 22409}"
marts_E00480,pt,CC(C)=CCCC(C)=CCOP([O-])(=O)OP([O-])([O-])=O.CC(=C)CCOP([O-])(=O)OP([O-])([O-])=O,CC(C)=CCCC(C)=CCCC(C)=CCOP([O-])(=O)OP([O-])([O-])=O,"['CC(C)=CCCC(C)=CCOP([O-])(=O)OP([O-])([O-])=O', 'CC(=C)CCOP([O-])(=O)OP([O-])([O-])=O']",['CC(C)=CCCC(C)=CCCC(C)=CCOP([O-])(=O)OP([O-])([O-])=O'],"{19362, 64573, 23301}"
marts_E00480,pt,CC(C)=CCOP([O-])(=O)OP([O-])([O-])=O.CC(=C)CCOP([O-])(=O)OP([O-])([O-])=O,CC(C)=CCCC(C)=CCCC(C)=CCCC(C)=CCOP([O-])(=O)OP([O-])([O-])=O,"['CC(C)=CCOP([O-])(=O)OP([O-])([O-])=O', 'CC(=C)CCOP([O-])(=O)OP([O-])([O-])=O']",['CC(C)=CCCC(C)=CCCC(C)=CCCC(C)=CCOP([O-])(=O)OP([O-])([O-])=O'],{55521}
marts_E00481,pt,CC(C)=CCCC(C)=CCOP([O-])(=O)OP([O-])([O-])=O.CC(=C)CCOP([O-])(=O)OP([O-])([O-])=O,CC(C)=CCCC(C)=CCCC(C)=CCOP([O-])(=O)OP([O-])([O-])=O,"['CC(C)=CCCC(C)=CCOP([O-])(=O)OP([O-])([O-])=O', 'CC(=C)CCOP([O-])(=O)OP([O-])([O-])=O']",['CC(C)=CCCC(C)=CCCC(C)=CCOP([O-])(=O)OP([O-])([O-])=O'],"{19362, 64573, 23301}"
marts_E00481,pt,CC(C)=CCOP([O-])(=O)OP([O-])([O-])=O.CC(=C)CCOP([O-])(=O)OP([O-])([O-])=O,CC(C)=CCCC(C)=CCOP([O-])(=O)OP([O-])([O-])=O,"['CC(C)=CCOP([O-])(=O)OP([O-])([O-])=O', 'CC(=C)CCOP([O-])(=O)OP([O-])([O-])=O']",['CC(C)=CCCC(C)=CCOP([O-])(=O)OP([O-])([O-])=O'],"{11329, 22409}"
marts_E00482,psy,CC(C)=CCCC(C)=CCCC(C)=CCCC(C)=CCOP([O-])(=O)OP([O-])([O-])=O.CC(C)=CCCC(C)=CCCC(C)=CCCC(C)=CCOP([O-])(=O)OP([O-])([O-])=O,CC(C)=CCCC(C)=CCCC(C)=CCCC(C)=CC=CC=C(C)CCC=C(C)CCC=C(C)CCC=C(C)C,"['CC(C)=CCCC(C)=CCCC(C)=CCCC(C)=CCOP([O-])(=O)OP([O-])([O-])=O', 'CC(C)=CCCC(C)=CCCC(C)=CCCC(C)=CCOP([O-])(=O)OP([O-])([O-])=O']",['CC(C)=CCCC(C)=CCCC(C)=CCCC(C)=CC=CC=C(C)CCC=C(C)CCC=C(C)CCC=C(C)C'],{34476}
marts_E00483,tri,CC(C)=CCCC(C)=CCCC(C)=CCCC=C(C)CCC=C(C)CCC1OC1(C)C,CC1(C)C(O)CCC2(C)C1CCC1=C2CCC2(C)C(CCC21C)C(C)CCC=C(C)C,['CC(C)=CCCC(C)=CCCC(C)=CCCC=C(C)CCC=C(C)CCC1OC1(C)C'],['CC1(C)C(O)CCC2(C)C1CCC1=C2CCC2(C)C(CCC21C)C(C)CCC=C(C)C'],{14622}
marts_E00484,tri,CC(C)=CCCC(C)=CCCC(C)=CCCC=C(C)CCC=C(C)CCC1OC1(C)C,CC1(C)C(O)CCC2(C)C1CCC1=C2CCC2(C)C(CCC21C)C(C)CCC=C(C)C,['CC(C)=CCCC(C)=CCCC(C)=CCCC=C(C)CCC=C(C)CCC1OC1(C)C'],['CC1(C)C(O)CCC2(C)C1CCC1=C2CCC2(C)C(CCC21C)C(C)CCC=C(C)C'],{14622}
marts_E00485,pt,CC(C)=CCCC(C)=CCOP([O-])(=O)OP([O-])([O-])=O.CC(=C)CCOP([O-])(=O)OP([O-])([O-])=O,CC(C)=CCCC(C)=CCCC(C)=CCOP([O-])(=O)OP([O-])([O-])=O,"['CC(C)=CCCC(C)=CCOP([O-])(=O)OP([O-])([O-])=O', 'CC(=C)CCOP([O-])(=O)OP([O-])([O-])=O']",['CC(C)=CCCC(C)=CCCC(C)=CCOP([O-])(=O)OP([O-])([O-])=O'],"{19362, 64573, 23301}"
marts_E00486,pt,CC(C)=CCCC(C)=CCCC(C)=CCOP([O-])(=O)OP([O-])([O-])=O.CC(=C)CCOP([O-])(=O)OP([O-])([O-])=O,CC(C)=CCCC(C)=CCCC(C)=CCCC(C)=CCOP([O-])(=O)OP([O-])([O-])=O,"['CC(C)=CCCC(C)=CCCC(C)=CCOP([O-])(=O)OP([O-])([O-])=O', 'CC(=C)CCOP([O-])(=O)OP([O-])([O-])=O']",['CC(C)=CCCC(C)=CCCC(C)=CCCC(C)=CCOP([O-])(=O)OP([O-])([O-])=O'],"{31280, 64581, 17654}"
marts_E00487,tri,CC(C)=CCCC(C)=CCCC(C)=CCCC=C(C)CCC=C(C)CCC1OC1(C)C,CC1(C)C(O)CCC23CC42CCC2(C)C(CCC2(C)C4CCC13)C(C)CCC=C(C)C,['CC(C)=CCCC(C)=CCCC(C)=CCCC=C(C)CCC=C(C)CCC1OC1(C)C'],['CC1(C)C(O)CCC23CC42CCC2(C)C(CCC2(C)C4CCC13)C(C)CCC=C(C)C'],{21309}
marts_E00488,tri,CC(C)=CCCC(C)=CCCC(C)=CCCC=C(C)CCC=C(C)CCC1OC1(C)C,CC1(C)C(O)CCC2(C)C1CCC1=C2CCC2(C)C(CCC21C)C(C)CCC=C(C)C,['CC(C)=CCCC(C)=CCCC(C)=CCCC=C(C)CCC=C(C)CCC1OC1(C)C'],['CC1(C)C(O)CCC2(C)C1CCC1=C2CCC2(C)C(CCC21C)C(C)CCC=C(C)C'],{14622}
marts_E00489,psy,CC(C)=CCCC(C)=CCCC(C)=CCCC(C)=CCOP([O-])(=O)OP([O-])([O-])=O.CC(C)=CCCC(C)=CCCC(C)=CCCC(C)=CCOP([O-])(=O)OP([O-])([O-])=O,CC(C)=CCCC(C)=CCCC(C)=CCCC(C)=CC=CC=C(C)CCC=C(C)CCC=C(C)CCC=C(C)C,"['CC(C)=CCCC(C)=CCCC(C)=CCCC(C)=CCOP([O-])(=O)OP([O-])([O-])=O', 'CC(C)=CCCC(C)=CCCC(C)=CCCC(C)=CCOP([O-])(=O)OP([O-])([O-])=O']",['CC(C)=CCCC(C)=CCCC(C)=CCCC(C)=CC=CC=C(C)CCC=C(C)CCC=C(C)CCC=C(C)C'],{34476}
marts_E00489,tetra,CC(C)=CCCC(C)=CC=CC(C)=CC=CC(C)=CC=CC=C(C)C=CC=C(C)C=CC=C(C)CCC=C(C)C,CC1(C)CCCC(C)=C1C=CC(C)=CC=CC(C)=CC=CC=C(C)C=CC=C(C)C=CC1=C(C)CCCC1(C)C,['CC(C)=CCCC(C)=CC=CC(C)=CC=CC(C)=CC=CC=C(C)C=CC=C(C)C=CC=C(C)CCC=C(C)C'],['CC1(C)CCCC(C)=C1C=CC(C)=CC=CC(C)=CC=CC=C(C)C=CC=C(C)C=CC1=C(C)CCCC1(C)C'],set()
marts_E00490,psy,CC(C)=CCCC(C)=CCCC(C)=CCCC(C)=CCOP([O-])(=O)OP([O-])([O-])=O.CC(C)=CCCC(C)=CCCC(C)=CCCC(C)=CCOP([O-])(=O)OP([O-])([O-])=O,CC(C)=CCCC(C)=CCCC(C)=CCCC(C)=CC=CC=C(C)CCC=C(C)CCC=C(C)CCC=C(C)C,"['CC(C)=CCCC(C)=CCCC(C)=CCCC(C)=CCOP([O-])(=O)OP([O-])([O-])=O', 'CC(C)=CCCC(C)=CCCC(C)=CCCC(C)=CCOP([O-])(=O)OP([O-])([O-])=O']",['CC(C)=CCCC(C)=CCCC(C)=CCCC(C)=CC=CC=C(C)CCC=C(C)CCC=C(C)CCC=C(C)C'],{34476}
marts_E00491,psy,CC(C)=CCCC(C)=CCCC(C)=CCCC(C)=CCOP([O-])(=O)OP([O-])([O-])=O.CC(C)=CCCC(C)=CCCC(C)=CCCC(C)=CCOP([O-])(=O)OP([O-])([O-])=O,CC(C)=CCCC(C)=CCCC(C)=CCCC(C)=CC=CC=C(C)CCC=C(C)CCC=C(C)CCC=C(C)C,"['CC(C)=CCCC(C)=CCCC(C)=CCCC(C)=CCOP([O-])(=O)OP([O-])([O-])=O', 'CC(C)=CCCC(C)=CCCC(C)=CCCC(C)=CCOP([O-])(=O)OP([O-])([O-])=O']",['CC(C)=CCCC(C)=CCCC(C)=CCCC(C)=CC=CC=C(C)CCC=C(C)CCC=C(C)CCC=C(C)C'],{34476}
marts_E00492,tetra,CC(C)=CCCC(C)=CCCC(C)=CCCC(C)=CCOP([O-])(=O)OP([O-])([O-])=O.CC(C)=CCCC(C)=CCCC(C)=CCCC(C)=CCOP([O-])(=O)OP([O-])([O-])=O,CC(CCC=C(C)CCC=C(C)CCC=C(C)C)=CC1C(COP(O)(=O)OP(O)(O)=O)C1(C)CCC=C(C)CCC=C(C)CCC=C(C)C,"['CC(C)=CCCC(C)=CCCC(C)=CCCC(C)=CCOP([O-])(=O)OP([O-])([O-])=O', 'CC(C)=CCCC(C)=CCCC(C)=CCCC(C)=CCOP([O-])(=O)OP([O-])([O-])=O']",['CC(CCC=C(C)CCC=C(C)CCC=C(C)C)=CC1C(COP(O)(=O)OP(O)(O)=O)C1(C)CCC=C(C)CCC=C(C)CCC=C(C)C'],set()
marts_E00492,psy,CC(CCC=C(C)CCC=C(C)CCC=C(C)C)=CC1C(COP(O)(=O)OP(O)(O)=O)C1(C)CCC=C(C)CCC=C(C)CCC=C(C)C,CC(C)=CCCC(C)=CCCC(C)=CCCC(C)=CC=CC=C(C)CCC=C(C)CCC=C(C)CCC=C(C)C,['CC(CCC=C(C)CCC=C(C)CCC=C(C)C)=CC1C(COP(O)(=O)OP(O)(O)=O)C1(C)CCC=C(C)CCC=C(C)CCC=C(C)C'],['CC(C)=CCCC(C)=CCCC(C)=CCCC(C)=CC=CC=C(C)CCC=C(C)CCC=C(C)CCC=C(C)C'],set()
marts_E00494,tetra,CC(C)=CCCC(C)=CCCC(C)=CCCC(C)=CCOP([O-])(=O)OP([O-])([O-])=O.CC(C)=CCCC(C)=CCCC(C)=CCCC(C)=CCOP([O-])(=O)OP([O-])([O-])=O,CC(CCC=C(C)CCC=C(C)CCC=C(C)C)=CC1C(COP(O)(=O)OP(O)(O)=O)C1(C)CCC=C(C)CCC=C(C)CCC=C(C)C,"['CC(C)=CCCC(C)=CCCC(C)=CCCC(C)=CCOP([O-])(=O)OP([O-])([O-])=O', 'CC(C)=CCCC(C)=CCCC(C)=CCCC(C)=CCOP([O-])(=O)OP([O-])([O-])=O']",['CC(CCC=C(C)CCC=C(C)CCC=C(C)C)=CC1C(COP(O)(=O)OP(O)(O)=O)C1(C)CCC=C(C)CCC=C(C)CCC=C(C)C'],set()
marts_E00494,psy,CC(CCC=C(C)CCC=C(C)CCC=C(C)C)=CC1C(COP(O)(=O)OP(O)(O)=O)C1(C)CCC=C(C)CCC=C(C)CCC=C(C)C,CC(C)=CCCC(C)=CCCC(C)=CCCC(C)=CC=CC=C(C)CCC=C(C)CCC=C(C)CCC=C(C)C,['CC(CCC=C(C)CCC=C(C)CCC=C(C)C)=CC1C(COP(O)(=O)OP(O)(O)=O)C1(C)CCC=C(C)CCC=C(C)CCC=C(C)C'],['CC(C)=CCCC(C)=CCCC(C)=CCCC(C)=CC=CC=C(C)CCC=C(C)CCC=C(C)CCC=C(C)C'],set()
marts_E00496,sqs,CC(C)=CCCC(C)=CCCC(C)=CCOP([O-])(=O)OP([O-])([O-])=O.CC(C)=CCCC(C)=CCCC(C)=CCOP([O-])(=O)OP([O-])([O-])=O,CC(C)=CCCC(C)=CCCC(C)=CCCC=C(C)CCC=C(C)CCC=C(C)C,"['CC(C)=CCCC(C)=CCCC(C)=CCOP([O-])(=O)OP([O-])([O-])=O', 'CC(C)=CCCC(C)=CCCC(C)=CCOP([O-])(=O)OP([O-])([O-])=O']",['CC(C)=CCCC(C)=CCCC(C)=CCCC=C(C)CCC=C(C)CCC=C(C)C'],"{32296, 32300}"
marts_E00497,pt,CC(C)=CCCC(C)=CCOP([O-])(=O)OP([O-])([O-])=O.CC(=C)CCOP([O-])(=O)OP([O-])([O-])=O,CC(C)=CCCC(C)=CCCC(C)=CCOP([O-])(=O)OP([O-])([O-])=O,"['CC(C)=CCCC(C)=CCOP([O-])(=O)OP([O-])([O-])=O', 'CC(=C)CCOP([O-])(=O)OP([O-])([O-])=O']",['CC(C)=CCCC(C)=CCCC(C)=CCOP([O-])(=O)OP([O-])([O-])=O'],"{19362, 64573, 23301}"
marts_E00497,pt,CC(C)=CCOP([O-])(=O)OP([O-])([O-])=O.CC(=C)CCOP([O-])(=O)OP([O-])([O-])=O,CC(C)=CCCC(C)=CCOP([O-])(=O)OP([O-])([O-])=O,"['CC(C)=CCOP([O-])(=O)OP([O-])([O-])=O', 'CC(=C)CCOP([O-])(=O)OP([O-])([O-])=O']",['CC(C)=CCCC(C)=CCOP([O-])(=O)OP([O-])([O-])=O'],"{11329, 22409}"
marts_E00497,pt,CC(C)=CCCC(C)=CCOP([O-])(=O)OP([O-])([O-])=O.CC(C)=CCCC(C)=CCCC(C)=CCOP([O-])(=O)OP([O-])([O-])=O,CC(C)=CCCC(C)=CCCC(C)=CCCC(C)=CCOP([O-])(=O)OP([O-])([O-])=O,"['CC(C)=CCCC(C)=CCOP([O-])(=O)OP([O-])([O-])=O', 'CC(C)=CCCC(C)=CCCC(C)=CCOP([O-])(=O)OP([O-])([O-])=O']",['CC(C)=CCCC(C)=CCCC(C)=CCCC(C)=CCOP([O-])(=O)OP([O-])([O-])=O'],set()
marts_E00498,tri,CC(C)=CCCC(C)=CCCC(C)=CCCC=C(C)CCC=C(C)CCC=C(C)C,CC1(C)CCCC2(C)C1CCC1(C)C2CCC2C1(C)CCC1C(CCC12C)C(C)=C,['CC(C)=CCCC(C)=CCCC(C)=CCCC=C(C)CCC=C(C)CCC=C(C)C'],['CC1(C)CCCC2(C)C1CCC1(C)C2CCC2C1(C)CCC1C(CCC12C)C(C)=C'],{17638}
marts_E00498,tri,CC(C)=CCCC(C)=CCCC(C)=CCCC=C(C)CCC=C(C)CCC=C(C)C,CC1(C)CCCC2(C)C1CCC1(C)C2CCC2C1(C)CCC1C(CCC12C)C(C)(C)O,['CC(C)=CCCC(C)=CCCC(C)=CCCC=C(C)CCC=C(C)CCC=C(C)C'],['CC1(C)CCCC2(C)C1CCC1(C)C2CCC2C1(C)CCC1C(CCC12C)C(C)(C)O'],{16562}
marts_E00499,tri,CC(C)=CCCC(C)=CCCC(C)=CCCC=C(C)CCC=C(C)CCC=C(C)C,CC1(C)CCCC2(C)C1CCC1(C)C2CCC2C1(C)CCC1C(CCC12C)C(C)=C,['CC(C)=CCCC(C)=CCCC(C)=CCCC=C(C)CCC=C(C)CCC=C(C)C'],['CC1(C)CCCC2(C)C1CCC1(C)C2CCC2C1(C)CCC1C(CCC12C)C(C)=C'],{17638}
marts_E00499,tri,CC(C)=CCCC(C)=CCCC(C)=CCCC=C(C)CCC=C(C)CCC=C(C)C,CC1(C)CCCC2(C)C1CCC1(C)C2CCC2C1(C)CCC1C(CCC12C)C(C)(C)O,['CC(C)=CCCC(C)=CCCC(C)=CCCC=C(C)CCC=C(C)CCC=C(C)C'],['CC1(C)CCCC2(C)C1CCC1(C)C2CCC2C1(C)CCC1C(CCC12C)C(C)(C)O'],{16562}
marts_E00500,sqs,CC(C)=CCCC(C)=CCCC(C)=CCOP([O-])(=O)OP([O-])([O-])=O.CC(C)=CCCC(C)=CCCC(C)=CCOP([O-])(=O)OP([O-])([O-])=O,CC(C)=CCCC(C)=CCCC(C)=CCCC=C(C)CCC=C(C)CCC=C(C)C,"['CC(C)=CCCC(C)=CCCC(C)=CCOP([O-])(=O)OP([O-])([O-])=O', 'CC(C)=CCCC(C)=CCCC(C)=CCOP([O-])(=O)OP([O-])([O-])=O']",['CC(C)=CCCC(C)=CCCC(C)=CCCC=C(C)CCC=C(C)CCC=C(C)C'],"{32296, 32300}"
marts_E00501,sesq,CC(C)=CCCC(C)=CCCC(C)=CCOP([O-])(=O)OP([O-])([O-])=O,CC1CCC(C)(CC=1)C1(C)CCCC1=C,['CC(C)=CCCC(C)=CCCC(C)=CCOP([O-])(=O)OP([O-])([O-])=O'],['CC1CCC(C)(CC=1)C1(C)CCCC1=C'],{12053}
marts_E00502,pt,CC(C)=CCCC(C)=CCOP([O-])(=O)OP([O-])([O-])=O.CC(=C)CCOP([O-])(=O)OP([O-])([O-])=O,CC(C)=CCCC(C)=CCCC(C)=CCOP([O-])(=O)OP([O-])([O-])=O,"['CC(C)=CCCC(C)=CCOP([O-])(=O)OP([O-])([O-])=O', 'CC(=C)CCOP([O-])(=O)OP([O-])([O-])=O']",['CC(C)=CCCC(C)=CCCC(C)=CCOP([O-])(=O)OP([O-])([O-])=O'],"{19362, 64573, 23301}"
marts_E00502,pt,CC(C)=CCOP([O-])(=O)OP([O-])([O-])=O.CC(=C)CCOP([O-])(=O)OP([O-])([O-])=O,CC(C)=CCCC(C)=CCCC(C)=CCCC(C)=CCOP([O-])(=O)OP([O-])([O-])=O,"['CC(C)=CCOP([O-])(=O)OP([O-])([O-])=O', 'CC(=C)CCOP([O-])(=O)OP([O-])([O-])=O']",['CC(C)=CCCC(C)=CCCC(C)=CCCC(C)=CCOP([O-])(=O)OP([O-])([O-])=O'],{55521}
marts_E00502,pt,CC(C)=CCCC(C)=CCOP([O-])(=O)OP([O-])([O-])=O.CC(C)=CCCC(C)=CCCC(C)=CCOP([O-])(=O)OP([O-])([O-])=O,CC(C)=CCCC(C)=CCCC(C)=CCCC(C)=CCOP([O-])(=O)OP([O-])([O-])=O,"['CC(C)=CCCC(C)=CCOP([O-])(=O)OP([O-])([O-])=O', 'CC(C)=CCCC(C)=CCCC(C)=CCOP([O-])(=O)OP([O-])([O-])=O']",['CC(C)=CCCC(C)=CCCC(C)=CCCC(C)=CCOP([O-])(=O)OP([O-])([O-])=O'],set()
marts_E00503,pt,CC(C)=CCOP([O-])(=O)OP([O-])([O-])=O.CC(=C)CCOP([O-])(=O)OP([O-])([O-])=O,CC(C)=CCCC(C)=CCCC(C)=CCOP([O-])(=O)OP([O-])([O-])=O,"['CC(C)=CCOP([O-])(=O)OP([O-])([O-])=O', 'CC(=C)CCOP([O-])(=O)OP([O-])([O-])=O']",['CC(C)=CCCC(C)=CCCC(C)=CCOP([O-])(=O)OP([O-])([O-])=O'],{27811}
marts_E00504,pt,CC(C)=CCCC(C)=CCCC(C)=CCOP([O-])(=O)OP([O-])([O-])=O.CC(=C)CCOP([O-])(=O)OP([O-])([O-])=O,CC(C)=CCCC(C)=CCCC(C)=CCCC(C)=CCOP([O-])(=O)OP([O-])([O-])=O,"['CC(C)=CCCC(C)=CCCC(C)=CCOP([O-])(=O)OP([O-])([O-])=O', 'CC(=C)CCOP([O-])(=O)OP([O-])([O-])=O']",['CC(C)=CCCC(C)=CCCC(C)=CCCC(C)=CCOP([O-])(=O)OP([O-])([O-])=O'],"{31280, 64581, 17654}"
marts_E00505,tetra,CC(CCC=C(C)CCC=C(C)CCC=C(C)C)=CC1C(COP(O)(=O)OP(O)(O)=O)C1(C)CCC=C(C)CCC=C(C)CCC=C(C)C,CC(C)=CCCC(C)=CCCC(C)=CCCC(C)=CC=CC=C(C)CCC=C(C)CCC=C(C)CCC=C(C)C,['CC(CCC=C(C)CCC=C(C)CCC=C(C)C)=CC1C(COP(O)(=O)OP(O)(O)=O)C1(C)CCC=C(C)CCC=C(C)CCC=C(C)C'],['CC(C)=CCCC(C)=CCCC(C)=CCCC(C)=CC=CC=C(C)CCC=C(C)CCC=C(C)CCC=C(C)C'],set()
marts_E00506,psy,CC(C)=CCCC(C)=CCCC(C)=CCCC(C)=CCOP([O-])(=O)OP([O-])([O-])=O.CC(C)=CCCC(C)=CCCC(C)=CCCC(C)=CCOP([O-])(=O)OP([O-])([O-])=O,CC(C)=CCCC(C)=CCCC(C)=CCCC(C)=CC=CC=C(C)CCC=C(C)CCC=C(C)CCC=C(C)C,"['CC(C)=CCCC(C)=CCCC(C)=CCCC(C)=CCOP([O-])(=O)OP([O-])([O-])=O', 'CC(C)=CCCC(C)=CCCC(C)=CCCC(C)=CCOP([O-])(=O)OP([O-])([O-])=O']",['CC(C)=CCCC(C)=CCCC(C)=CCCC(C)=CC=CC=C(C)CCC=C(C)CCC=C(C)CCC=C(C)C'],{34476}
marts_E00508,pt,CC(C)=CCCC(C)=CCOP([O-])(=O)OP([O-])([O-])=O.CC(=C)CCOP([O-])(=O)OP([O-])([O-])=O,CC(C)=CCCC(C)=CCCC(C)=CCOP([O-])(=O)OP([O-])([O-])=O,"['CC(C)=CCCC(C)=CCOP([O-])(=O)OP([O-])([O-])=O', 'CC(=C)CCOP([O-])(=O)OP([O-])([O-])=O']",['CC(C)=CCCC(C)=CCCC(C)=CCOP([O-])(=O)OP([O-])([O-])=O'],"{19362, 64573, 23301}"
marts_E00508,pt,CC(C)=CCOP([O-])(=O)OP([O-])([O-])=O.CC(=C)CCOP([O-])(=O)OP([O-])([O-])=O,CC(C)=CCCC(C)=CCOP([O-])(=O)OP([O-])([O-])=O,"['CC(C)=CCOP([O-])(=O)OP([O-])([O-])=O', 'CC(=C)CCOP([O-])(=O)OP([O-])([O-])=O']",['CC(C)=CCCC(C)=CCOP([O-])(=O)OP([O-])([O-])=O'],"{11329, 22409}"
marts_E00509,sesq,CC(C)=CCCC(C)=CCCC(C)=CCOP([O-])(=O)OP([O-])([O-])=O,CC1CCC(C)(CC=1)C1(C)CCCC1=C,['CC(C)=CCCC(C)=CCCC(C)=CCOP([O-])(=O)OP([O-])([O-])=O'],['CC1CCC(C)(CC=1)C1(C)CCCC1=C'],{12053}
marts_E00510,di,CC(C)=CCCC(C)=CCCC(C)=CCCC(C)=CCOP([O-])(=O)OP([O-])([O-])=O,CC1(C)CCC2(C)C=C3C(CCC43C(C)CCC4C)C12,['CC(C)=CCCC(C)=CCCC(C)=CCCC(C)=CCOP([O-])(=O)OP([O-])([O-])=O'],['CC1(C)CCC2(C)C=C3C(CCC43C(C)CCC4C)C12'],{53621}
marts_E00511,sesq,CC(C)=CCCC(C)=CCCC(C)=CCOP([O-])(=O)OP([O-])([O-])=O,CC1(C)CC2CC(C)=C3CCC3(C)C2C1,['CC(C)=CCCC(C)=CCCC(C)=CCOP([O-])(=O)OP([O-])([O-])=O'],['CC1(C)CC2CC(C)=C3CCC3(C)C2C1'],{34696}
marts_E00512,mono,CC(C)=CCCC(C)=CCOP([O-])(=O)OP([O-])([O-])=O,CC1(C)OC2(C)CCC1CC2,['CC(C)=CCCC(C)=CCOP([O-])(=O)OP([O-])([O-])=O'],['CC1(C)OC2(C)CCC1CC2'],"{32544, 56633}"
marts_E00512,mono,CC(C)=CCCC(C)=CCOP([O-])(=O)OP([O-])([O-])=O,CC(C)C12CCC(=C)C1C2,['CC(C)=CCCC(C)=CCOP([O-])(=O)OP([O-])([O-])=O'],['CC(C)C12CCC(=C)C1C2'],"{68637, 32548, 25509}"
marts_E00512,mono,CC(C)=CCCC(C)=CCOP([O-])(=O)OP([O-])([O-])=O,CC(C)=CCCC(=C)C=C,['CC(C)=CCCC(C)=CCOP([O-])(=O)OP([O-])([O-])=O'],['CC(C)=CCCC(=C)C=C'],{16966}
marts_E00512,mono,CC(C)=CCCC(C)=CCOP([O-])(=O)OP([O-])([O-])=O,CC1(C)C2CC1CCC2=C,['CC(C)=CCCC(C)=CCOP([O-])(=O)OP([O-])([O-])=O'],['CC1(C)C2CC1CCC2=C'],"{25497, 25667, 32580}"
marts_E00512,mono,CC(C)=CCCC(C)=CCOP([O-])(=O)OP([O-])([O-])=O,CC1CCC(CC=1)C(C)=C,['CC(C)=CCCC(C)=CCOP([O-])(=O)OP([O-])([O-])=O'],['CC1CCC(CC=1)C(C)=C'],"{68641, 10941, 12870}"
marts_E00512,mono,CC(C)=CCCC(C)=CCOP([O-])(=O)OP([O-])([O-])=O,CC(C)=CCC=C(C)C=C,['CC(C)=CCCC(C)=CCOP([O-])(=O)OP([O-])([O-])=O'],['CC(C)=CCC=C(C)C=C'],"{68825, 32692}"
marts_E00512,mono,CC(C)=CCCC(C)=CCOP([O-])(=O)OP([O-])([O-])=O,CC1CCC(CC=1)C(C)(C)O,['CC(C)=CCCC(C)=CCOP([O-])(=O)OP([O-])([O-])=O'],['CC1CCC(CC=1)C(C)(C)O'],"{32552, 32556}"
marts_E00512,mono,CC(C)=CCCC(C)=CCOP([O-])(=O)OP([O-])([O-])=O,CC1=CCC2CC1C2(C)C,['CC(C)=CCCC(C)=CCOP([O-])(=O)OP([O-])([O-])=O'],['CC1=CCC2CC1C2(C)C'],"{32576, 25489, 25663}"
marts_E00512,mono,CC(C)=CCCC(C)=CCOP([O-])(=O)OP([O-])([O-])=O,CC(C)=C1CC=C(C)CC1,['CC(C)=CCCC(C)=CCOP([O-])(=O)OP([O-])([O-])=O'],['CC(C)=C1CC=C(C)CC1'],{25501}
marts_E00512,mono,CC(C)=CCCC(C)=CCOP([O-])(=O)OP([O-])([O-])=O,CC(C)C12CC=C(C)C1C2,['CC(C)=CCCC(C)=CCOP([O-])(=O)OP([O-])([O-])=O'],['CC(C)C12CC=C(C)C1C2'],{68645}
marts_E00515,sesq,CC(C)=CCCC(C)=CCCC(C)=CCOP([O-])(=O)OP([O-])([O-])=O,CC(C)=CCCC(C)=CCCC(C)(O)C=C,['CC(C)=CCCC(C)=CCCC(C)=CCOP([O-])(=O)OP([O-])([O-])=O'],['CC(C)=CCCC(C)=CCCC(C)(O)C=C'],"{68833, 27531, 27535, 68821, 56985}"
marts_E00515,mono,CC(C)=CCCC(C)=CCOP([O-])(=O)OP([O-])([O-])=O,CC(C)=CCCC(C)(O)C=C,['CC(C)=CCCC(C)=CCOP([O-])(=O)OP([O-])([O-])=O'],['CC(C)=CCCC(C)(O)C=C'],"{15810, 68709, 24117}"
marts_E00516,sesq,CC(C)=CCCC(C)=CCCC(C)=CCOP([O-])(=O)OP([O-])([O-])=O,CC(C)=CCCC(C)=CCCC(C)(O)C=C,['CC(C)=CCCC(C)=CCCC(C)=CCOP([O-])(=O)OP([O-])([O-])=O'],['CC(C)=CCCC(C)=CCCC(C)(O)C=C'],"{68833, 27531, 27535, 68821, 56985}"
marts_E00516,mono,CC(C)=CCCC(C)=CCOP([O-])(=O)OP([O-])([O-])=O,CC(C)=CCCC(C)(O)C=C,['CC(C)=CCCC(C)=CCOP([O-])(=O)OP([O-])([O-])=O'],['CC(C)=CCCC(C)(O)C=C'],"{15810, 68709, 24117}"
marts_E00517,sesq,CC(C)=CCCC(C)=CCCC(C)=CCOP([O-])(=O)OP([O-])([O-])=O,CC(C)=CCCC(C)=CCC=C(C)C=C,['CC(C)=CCCC(C)=CCCC(C)=CCOP([O-])(=O)OP([O-])([O-])=O'],['CC(C)=CCCC(C)=CCC=C(C)C=C'],{27422}
marts_E00517,sesq,CC(C)=CCCC(C)=CCCC(C)=CCOP([O-])(=O)OP([O-])([O-])=O,CC(C)=CCCC(C)=CCC=C(C)C=C,['CC(C)=CCCC(C)=CCCC(C)=CCOP([O-])(=O)OP([O-])([O-])=O'],['CC(C)=CCCC(C)=CCC=C(C)C=C'],{27422}
marts_E00517,sesq,CC(C)=CCCC(C)=CCCC(C)=CCOP([O-])(=O)OP([O-])([O-])=O,CC(C)=CCCC(C)=CCCC(=C)C=C,['CC(C)=CCCC(C)=CCCC(C)=CCOP([O-])(=O)OP([O-])([O-])=O'],['CC(C)=CCCC(C)=CCCC(=C)C=C'],"{68545, 27426, 68857, 68505, 68509}"
marts_E00517,mono,CC(C)=CCCC(C)=CCOP([O-])(=O)OP([O-])([O-])=O,CC(C)=CCCC(=C)C=C,['CC(C)=CCCC(C)=CCOP([O-])(=O)OP([O-])([O-])=O'],['CC(C)=CCCC(=C)C=C'],{16966}
marts_E00517,mono,CC(C)=CCCC(C)=CCOP([O-])(=O)OP([O-])([O-])=O,CC(C)=CCC=C(C)C=C,['CC(C)=CCCC(C)=CCOP([O-])(=O)OP([O-])([O-])=O'],['CC(C)=CCC=C(C)C=C'],"{68825, 32692}"
marts_E00517,mono,CC(C)=CCCC(C)=CCOP([O-])(=O)OP([O-])([O-])=O,CC(C)=CCC=C(C)C=C,['CC(C)=CCCC(C)=CCOP([O-])(=O)OP([O-])([O-])=O'],['CC(C)=CCC=C(C)C=C'],"{68825, 32692}"
marts_E00518,pt,CC(C)=CCCC(C)=CCOP([O-])(=O)OP([O-])([O-])=O.CC(=C)CCOP([O-])(=O)OP([O-])([O-])=O,CC(C)=CCCC(C)=CCCC(C)=CCOP([O-])(=O)OP([O-])([O-])=O,"['CC(C)=CCCC(C)=CCOP([O-])(=O)OP([O-])([O-])=O', 'CC(=C)CCOP([O-])(=O)OP([O-])([O-])=O']",['CC(C)=CCCC(C)=CCCC(C)=CCOP([O-])(=O)OP([O-])([O-])=O'],"{19362, 64573, 23301}"
marts_E00518,pt,CC(C)=CCOP([O-])(=O)OP([O-])([O-])=O.CC(=C)CCOP([O-])(=O)OP([O-])([O-])=O,CC(C)=CCCC(C)=CCOP([O-])(=O)OP([O-])([O-])=O,"['CC(C)=CCOP([O-])(=O)OP([O-])([O-])=O', 'CC(=C)CCOP([O-])(=O)OP([O-])([O-])=O']",['CC(C)=CCCC(C)=CCOP([O-])(=O)OP([O-])([O-])=O'],"{11329, 22409}"
marts_E00518,pt,CC(C)=CCCC(C)=CCCC(C)=CCOP([O-])(=O)OP([O-])([O-])=O.CC(C)=CCCC(C)=CCCC(C)=CCCC(C)=CCOP([O-])(=O)OP([O-])([O-])=O,CC(C)=CCCC(C)=CCCC(C)=CCCC(C)=CCCC(C)=CCOP([O-])(=O)OP([O-])([O-])=O,"['CC(C)=CCCC(C)=CCCC(C)=CCOP([O-])(=O)OP([O-])([O-])=O', 'CC(C)=CCCC(C)=CCCC(C)=CCCC(C)=CCOP([O-])(=O)OP([O-])([O-])=O']",['CC(C)=CCCC(C)=CCCC(C)=CCCC(C)=CCCC(C)=CCOP([O-])(=O)OP([O-])([O-])=O'],set()
marts_E00518,pt,CC(C)=CCCC(C)=CCOP([O-])(=O)OP([O-])([O-])=O.CC(C)=CCCC(C)=CCCC(C)=CCOP([O-])(=O)OP([O-])([O-])=O,CC(C)=CCCC(C)=CCCC(C)=CCCC(C)=CCOP([O-])(=O)OP([O-])([O-])=O,"['CC(C)=CCCC(C)=CCOP([O-])(=O)OP([O-])([O-])=O', 'CC(C)=CCCC(C)=CCCC(C)=CCOP([O-])(=O)OP([O-])([O-])=O']",['CC(C)=CCCC(C)=CCCC(C)=CCCC(C)=CCOP([O-])(=O)OP([O-])([O-])=O'],set()
marts_E00519,pt,CC(C)=CCCC(C)=CCOP([O-])(=O)OP([O-])([O-])=O.CC(=C)CCOP([O-])(=O)OP([O-])([O-])=O,CC(C)=CCCC(C)=CCCC(C)=CCOP([O-])(=O)OP([O-])([O-])=O,"['CC(C)=CCCC(C)=CCOP([O-])(=O)OP([O-])([O-])=O', 'CC(=C)CCOP([O-])(=O)OP([O-])([O-])=O']",['CC(C)=CCCC(C)=CCCC(C)=CCOP([O-])(=O)OP([O-])([O-])=O'],"{19362, 64573, 23301}"
marts_E00519,pt,CC(C)=CCOP([O-])(=O)OP([O-])([O-])=O.CC(=C)CCOP([O-])(=O)OP([O-])([O-])=O,CC(C)=CCCC(C)=CCOP([O-])(=O)OP([O-])([O-])=O,"['CC(C)=CCOP([O-])(=O)OP([O-])([O-])=O', 'CC(=C)CCOP([O-])(=O)OP([O-])([O-])=O']",['CC(C)=CCCC(C)=CCOP([O-])(=O)OP([O-])([O-])=O'],"{11329, 22409}"
marts_E00519,pt,CC(C)=CCCC(C)=CCCC(C)=CCOP([O-])(=O)OP([O-])([O-])=O.CC(C)=CCCC(C)=CCCC(C)=CCCC(C)=CCOP([O-])(=O)OP([O-])([O-])=O,CC(C)=CCCC(C)=CCCC(C)=CCCC(C)=CCCC(C)=CCOP([O-])(=O)OP([O-])([O-])=O,"['CC(C)=CCCC(C)=CCCC(C)=CCOP([O-])(=O)OP([O-])([O-])=O', 'CC(C)=CCCC(C)=CCCC(C)=CCCC(C)=CCOP([O-])(=O)OP([O-])([O-])=O']",['CC(C)=CCCC(C)=CCCC(C)=CCCC(C)=CCCC(C)=CCOP([O-])(=O)OP([O-])([O-])=O'],set()
marts_E00519,pt,CC(C)=CCCC(C)=CCOP([O-])(=O)OP([O-])([O-])=O.CC(C)=CCCC(C)=CCCC(C)=CCOP([O-])(=O)OP([O-])([O-])=O,CC(C)=CCCC(C)=CCCC(C)=CCCC(C)=CCOP([O-])(=O)OP([O-])([O-])=O,"['CC(C)=CCCC(C)=CCOP([O-])(=O)OP([O-])([O-])=O', 'CC(C)=CCCC(C)=CCCC(C)=CCOP([O-])(=O)OP([O-])([O-])=O']",['CC(C)=CCCC(C)=CCCC(C)=CCCC(C)=CCOP([O-])(=O)OP([O-])([O-])=O'],set()
marts_E00520,pt,CC(C)=CCCC(C)=CCOP([O-])(=O)OP([O-])([O-])=O.CC(=C)CCOP([O-])(=O)OP([O-])([O-])=O,CC(C)=CCCC(C)=CCCC(C)=CCOP([O-])(=O)OP([O-])([O-])=O,"['CC(C)=CCCC(C)=CCOP([O-])(=O)OP([O-])([O-])=O', 'CC(=C)CCOP([O-])(=O)OP([O-])([O-])=O']",['CC(C)=CCCC(C)=CCCC(C)=CCOP([O-])(=O)OP([O-])([O-])=O'],"{19362, 64573, 23301}"
marts_E00520,pt,CC(C)=CCOP([O-])(=O)OP([O-])([O-])=O.CC(=C)CCOP([O-])(=O)OP([O-])([O-])=O,CC(C)=CCCC(C)=CCOP([O-])(=O)OP([O-])([O-])=O,"['CC(C)=CCOP([O-])(=O)OP([O-])([O-])=O', 'CC(=C)CCOP([O-])(=O)OP([O-])([O-])=O']",['CC(C)=CCCC(C)=CCOP([O-])(=O)OP([O-])([O-])=O'],"{11329, 22409}"
marts_E00520,pt,CC(C)=CCCC(C)=CCCC(C)=CCOP([O-])(=O)OP([O-])([O-])=O.CC(C)=CCCC(C)=CCCC(C)=CCCC(C)=CCOP([O-])(=O)OP([O-])([O-])=O,CC(C)=CCCC(C)=CCCC(C)=CCCC(C)=CCCC(C)=CCOP([O-])(=O)OP([O-])([O-])=O,"['CC(C)=CCCC(C)=CCCC(C)=CCOP([O-])(=O)OP([O-])([O-])=O', 'CC(C)=CCCC(C)=CCCC(C)=CCCC(C)=CCOP([O-])(=O)OP([O-])([O-])=O']",['CC(C)=CCCC(C)=CCCC(C)=CCCC(C)=CCCC(C)=CCOP([O-])(=O)OP([O-])([O-])=O'],set()
marts_E00520,pt,CC(C)=CCCC(C)=CCOP([O-])(=O)OP([O-])([O-])=O.CC(C)=CCCC(C)=CCCC(C)=CCOP([O-])(=O)OP([O-])([O-])=O,CC(C)=CCCC(C)=CCCC(C)=CCCC(C)=CCOP([O-])(=O)OP([O-])([O-])=O,"['CC(C)=CCCC(C)=CCOP([O-])(=O)OP([O-])([O-])=O', 'CC(C)=CCCC(C)=CCCC(C)=CCOP([O-])(=O)OP([O-])([O-])=O']",['CC(C)=CCCC(C)=CCCC(C)=CCCC(C)=CCOP([O-])(=O)OP([O-])([O-])=O'],set()
marts_E00521,tri,CC(C)=CCCC(C)=CCCC(C)=CCCC=C(C)CCC=C(C)CCC1OC1(C)C,CC(C)=CCCC(C)=CCCC(C)=CCCC=C(C)CCC1C(C)=CCC(O)C1(C)C,['CC(C)=CCCC(C)=CCCC(C)=CCCC=C(C)CCC=C(C)CCC1OC1(C)C'],['CC(C)=CCCC(C)=CCCC(C)=CCCC=C(C)CCC1C(C)=CCC(O)C1(C)C'],{31012}
marts_E00521,tri,CC(C)=CCCC(C)=CCCC(C)=CCCC=C(C)CCC=C(C)CCC1OC1(C)C,CC(C)=CCCC(C)=CCCC(C)=CCCC=C(C)CCC1C(=C)CCC(O)C1(C)C,['CC(C)=CCCC(C)=CCCC(C)=CCCC=C(C)CCC=C(C)CCC1OC1(C)C'],['CC(C)=CCCC(C)=CCCC(C)=CCCC=C(C)CCC1C(=C)CCC(O)C1(C)C'],set()
marts_E00521,tri,CC(C)=CCCC(C)=CCCC(C)=CCCC=C(C)CCC=C(C)CCC1OC1(C)C,CC1(C)CC2C3=CCC4C5(C)CCC(O)C(C)(C)C5CCC4(C)C3(C)CCC2(C)CC1,['CC(C)=CCCC(C)=CCCC(C)=CCCC=C(C)CCC=C(C)CCC1OC1(C)C'],['CC1(C)CC2C3=CCC4C5(C)CCC(O)C(C)(C)C5CCC4(C)C3(C)CCC2(C)CC1'],{31008}
marts_E00522,mono,CC(C)=CC1C(COP([O-])(=O)OP([O-])([O-])=O)C1(C)C,CC(C)=CC1C(CO)C1(C)C,['CC(C)=CC1C(COP([O-])(=O)OP([O-])([O-])=O)C1(C)C'],['CC(C)=CC1C(CO)C1(C)C'],{60025}
marts_E00522,mono,CC(C)=CCC(COP([O-])(=O)OP([O-])([O-])=O)C(C)=C,CC(C)=CCC(CO)C(C)=C,['CC(C)=CCC(COP([O-])(=O)OP([O-])([O-])=O)C(C)=C'],['CC(C)=CCC(CO)C(C)=C'],{60697}
marts_E00524,pt,CC(C)=CCCC(C)=CCOP([O-])(=O)OP([O-])([O-])=O.CC(=C)CCOP([O-])(=O)OP([O-])([O-])=O,CC(C)=CCCC(C)=CCCC(C)=CCOP([O-])(=O)OP([O-])([O-])=O,"['CC(C)=CCCC(C)=CCOP([O-])(=O)OP([O-])([O-])=O', 'CC(=C)CCOP([O-])(=O)OP([O-])([O-])=O']",['CC(C)=CCCC(C)=CCCC(C)=CCOP([O-])(=O)OP([O-])([O-])=O'],"{19362, 64573, 23301}"
marts_E00524,pt,CC(C)=CCOP([O-])(=O)OP([O-])([O-])=O.CC(=C)CCOP([O-])(=O)OP([O-])([O-])=O,CC(C)=CCCC(C)=CCOP([O-])(=O)OP([O-])([O-])=O,"['CC(C)=CCOP([O-])(=O)OP([O-])([O-])=O', 'CC(=C)CCOP([O-])(=O)OP([O-])([O-])=O']",['CC(C)=CCCC(C)=CCOP([O-])(=O)OP([O-])([O-])=O'],"{11329, 22409}"
marts_E00525,pt,CC(C)=CCCC(C)=CCOP([O-])(=O)OP([O-])([O-])=O.CC(=C)CCOP([O-])(=O)OP([O-])([O-])=O,CC(C)=CCCC(C)=CCCC(C)=CCOP([O-])(=O)OP([O-])([O-])=O,"['CC(C)=CCCC(C)=CCOP([O-])(=O)OP([O-])([O-])=O', 'CC(=C)CCOP([O-])(=O)OP([O-])([O-])=O']",['CC(C)=CCCC(C)=CCCC(C)=CCOP([O-])(=O)OP([O-])([O-])=O'],"{19362, 64573, 23301}"
marts_E00525,pt,CC(C)=CCOP([O-])(=O)OP([O-])([O-])=O.CC(=C)CCOP([O-])(=O)OP([O-])([O-])=O,CC(C)=CCCC(C)=CCOP([O-])(=O)OP([O-])([O-])=O,"['CC(C)=CCOP([O-])(=O)OP([O-])([O-])=O', 'CC(=C)CCOP([O-])(=O)OP([O-])([O-])=O']",['CC(C)=CCCC(C)=CCOP([O-])(=O)OP([O-])([O-])=O'],"{11329, 22409}"
marts_E00526,psy,CC(C)=CCCC(C)=CCCC(C)=CCCC(C)=CCOP([O-])(=O)OP([O-])([O-])=O.CC(C)=CCCC(C)=CCCC(C)=CCCC(C)=CCOP([O-])(=O)OP([O-])([O-])=O,CC(C)=CCCC(C)=CCCC(C)=CCCC(C)=CC=CC=C(C)CCC=C(C)CCC=C(C)CCC=C(C)C,"['CC(C)=CCCC(C)=CCCC(C)=CCCC(C)=CCOP([O-])(=O)OP([O-])([O-])=O', 'CC(C)=CCCC(C)=CCCC(C)=CCCC(C)=CCOP([O-])(=O)OP([O-])([O-])=O']",['CC(C)=CCCC(C)=CCCC(C)=CCCC(C)=CC=CC=C(C)CCC=C(C)CCC=C(C)CCC=C(C)C'],{34476}
marts_E00527,pt,CC(C)=CCCC(C)=CCOP([O-])(=O)OP([O-])([O-])=O.CC(=C)CCOP([O-])(=O)OP([O-])([O-])=O,CC(C)=CCCC(C)=CCCC(C)=CCOP([O-])(=O)OP([O-])([O-])=O,"['CC(C)=CCCC(C)=CCOP([O-])(=O)OP([O-])([O-])=O', 'CC(=C)CCOP([O-])(=O)OP([O-])([O-])=O']",['CC(C)=CCCC(C)=CCCC(C)=CCOP([O-])(=O)OP([O-])([O-])=O'],"{19362, 64573, 23301}"
marts_E00527,pt,CC(C)=CCOP([O-])(=O)OP([O-])([O-])=O.CC(=C)CCOP([O-])(=O)OP([O-])([O-])=O,CC(C)=CCCC(C)=CCCC(C)=CCCC(C)=CCOP([O-])(=O)OP([O-])([O-])=O,"['CC(C)=CCOP([O-])(=O)OP([O-])([O-])=O', 'CC(=C)CCOP([O-])(=O)OP([O-])([O-])=O']",['CC(C)=CCCC(C)=CCCC(C)=CCCC(C)=CCOP([O-])(=O)OP([O-])([O-])=O'],{55521}
marts_E00528,pt,CC(C)=CCCC(C)=CCOP([O-])(=O)OP([O-])([O-])=O.CC(C)=CCCC(C)=CCCC(C)=CCOP([O-])(=O)OP([O-])([O-])=O,CC(C)=CCCC(C)=CCCC(C)=CCCC(C)=CCOP([O-])(=O)OP([O-])([O-])=O,"['CC(C)=CCCC(C)=CCOP([O-])(=O)OP([O-])([O-])=O', 'CC(C)=CCCC(C)=CCCC(C)=CCOP([O-])(=O)OP([O-])([O-])=O']",['CC(C)=CCCC(C)=CCCC(C)=CCCC(C)=CCOP([O-])(=O)OP([O-])([O-])=O'],set()
marts_E00530,tri,CC(C)=CCCC(C)=CCCC(C)=CCCC=C(C)CCC=C(C)CCC1OC1(C)C,CC1(C)C(O)CCC2(C)C1CCC1=C2CCC2(C)C(CCC21C)C(C)CCC=C(C)C,['CC(C)=CCCC(C)=CCCC(C)=CCCC=C(C)CCC=C(C)CCC1OC1(C)C'],['CC1(C)C(O)CCC2(C)C1CCC1=C2CCC2(C)C(CCC21C)C(C)CCC=C(C)C'],{14622}
marts_E00531,tri,CC(C)=CCCC(C)=CCCC(C)=CCCC=C(C)CCC=C(C)CCC1OC1(C)C,CC1(C)CC2C3=CCC4C5(C)CCC(O)C(C)(C)C5CCC4(C)C3(C)CCC2(C)CC1,['CC(C)=CCCC(C)=CCCC(C)=CCCC=C(C)CCC=C(C)CCC1OC1(C)C'],['CC1(C)CC2C3=CCC4C5(C)CCC(O)C(C)(C)C5CCC4(C)C3(C)CCC2(C)CC1'],{31008}
marts_E00532,tri,CC(C)=CCCC(C)=CCCC(C)=CCCC=C(C)CCC=C(C)CCC1OC1(C)C,CC1(C)C(O)CCC23CC42CCC2(C)C(CCC2(C)C4CCC13)C(C)CCC=C(C)C,['CC(C)=CCCC(C)=CCCC(C)=CCCC=C(C)CCC=C(C)CCC1OC1(C)C'],['CC1(C)C(O)CCC23CC42CCC2(C)C(CCC2(C)C4CCC13)C(C)CCC=C(C)C'],{21309}
marts_E00534,mono,CC(C)=CCCC(C)=CCOP([O-])(=O)OP([O-])([O-])=O,CC(C)C12CCC(=C)C1C2,['CC(C)=CCCC(C)=CCOP([O-])(=O)OP([O-])([O-])=O'],['CC(C)C12CCC(=C)C1C2'],"{68637, 32548, 25509}"
marts_E00534,mono,CC(C)=CCCC(C)=CCOP([O-])(=O)OP([O-])([O-])=O,CC1CC=C(CC=1)C(C)C,['CC(C)=CCCC(C)=CCOP([O-])(=O)OP([O-])([O-])=O'],['CC1CC=C(CC=1)C(C)C'],{32560}
marts_E00534,mono,CC(C)=CCCC(C)=CCOP([O-])(=O)OP([O-])([O-])=O,CC(C)=C1CC=C(C)CC1,['CC(C)=CCCC(C)=CCOP([O-])(=O)OP([O-])([O-])=O'],['CC(C)=C1CC=C(C)CC1'],{25501}
marts_E00534,mono,CC(C)=CCCC(C)=CCOP([O-])(=O)OP([O-])([O-])=O,CC1CCC(CC=1)C(C)=C,['CC(C)=CCCC(C)=CCOP([O-])(=O)OP([O-])([O-])=O'],['CC1CCC(CC=1)C(C)=C'],"{68641, 10941, 12870}"
marts_E00534,mono,CC(C)=CCCC(C)=CCOP([O-])(=O)OP([O-])([O-])=O,CC(C)=CCCC(=C)C=C,['CC(C)=CCCC(C)=CCOP([O-])(=O)OP([O-])([O-])=O'],['CC(C)=CCCC(=C)C=C'],{16966}
marts_E00535,mono,CC(C)=CCCC(C)=CCOP([O-])(=O)OP([O-])([O-])=O,CC1(C)C2CC(OP(O)(=O)OP(O)(O)=O)C1(C)CC2,['CC(C)=CCCC(C)=CCOP([O-])(=O)OP([O-])([O-])=O'],['CC1(C)C2CC(OP(O)(=O)OP(O)(O)=O)C1(C)CC2'],set()
marts_E00535,mono,CC(C)=CCCC(C)=CCOP([O-])(=O)OP([O-])([O-])=O,CC1(C)C2CC(CC2)C1=C,['CC(C)=CCCC(C)=CCOP([O-])(=O)OP([O-])([O-])=O'],['CC1(C)C2CC(CC2)C1=C'],"{32568, 80392, 25485}"
marts_E00535,mono,CC(C)=CCCC(C)=CCOP([O-])(=O)OP([O-])([O-])=O,CC1=CCC2CC1C2(C)C,['CC(C)=CCCC(C)=CCOP([O-])(=O)OP([O-])([O-])=O'],['CC1=CCC2CC1C2(C)C'],"{32576, 25489, 25663}"
marts_E00535,mono,CC(C)=CCCC(C)=CCOP([O-])(=O)OP([O-])([O-])=O,CC1(C)C2CC(CC2)C1=C,['CC(C)=CCCC(C)=CCOP([O-])(=O)OP([O-])([O-])=O'],['CC1(C)C2CC(CC2)C1=C'],"{32568, 80392, 25485}"
marts_E00535,mono,CC(C)=CCCC(C)=CCOP([O-])(=O)OP([O-])([O-])=O,CC1CCC(CC=1)C(C)=C,['CC(C)=CCCC(C)=CCOP([O-])(=O)OP([O-])([O-])=O'],['CC1CCC(CC=1)C(C)=C'],"{68641, 10941, 12870}"
marts_E00535,mono,CC(C)=CCCC(C)=CCOP([O-])(=O)OP([O-])([O-])=O,CC1CCC(CC=1)C(C)=C,['CC(C)=CCCC(C)=CCOP([O-])(=O)OP([O-])([O-])=O'],['CC1CCC(CC=1)C(C)=C'],"{68641, 10941, 12870}"
marts_E00535,mono,CC(C)=CCCC(C)=CCOP([O-])(=O)OP([O-])([O-])=O,CC(C)=C1CC=C(C)CC1,['CC(C)=CCCC(C)=CCOP([O-])(=O)OP([O-])([O-])=O'],['CC(C)=C1CC=C(C)CC1'],{25501}
marts_E00535,mono,CC(C)=CCCC(C)=CCOP([O-])(=O)OP([O-])([O-])=O,CC(C)=CCCC(=C)C=C,['CC(C)=CCCC(C)=CCOP([O-])(=O)OP([O-])([O-])=O'],['CC(C)=CCCC(=C)C=C'],{16966}
marts_E00536,mono,CC(C)=CCCC(C)=CCOP([O-])(=O)OP([O-])([O-])=O,CC1(C)OC2(C)CCC1CC2,['CC(C)=CCCC(C)=CCOP([O-])(=O)OP([O-])([O-])=O'],['CC1(C)OC2(C)CCC1CC2'],"{32544, 56633}"
marts_E00536,mono,CC(C)=CCCC(C)=CCOP([O-])(=O)OP([O-])([O-])=O,CC1=CCC2CC1C2(C)C,['CC(C)=CCCC(C)=CCOP([O-])(=O)OP([O-])([O-])=O'],['CC1=CCC2CC1C2(C)C'],"{32576, 25489, 25663}"
marts_E00536,mono,CC(C)=CCCC(C)=CCOP([O-])(=O)OP([O-])([O-])=O,CC1=CCC2CC1C2(C)C,['CC(C)=CCCC(C)=CCOP([O-])(=O)OP([O-])([O-])=O'],['CC1=CCC2CC1C2(C)C'],"{32576, 25489, 25663}"
marts_E00536,mono,CC(C)=CCCC(C)=CCOP([O-])(=O)OP([O-])([O-])=O,CC(C)=CCCC(=C)C=C,['CC(C)=CCCC(C)=CCOP([O-])(=O)OP([O-])([O-])=O'],['CC(C)=CCCC(=C)C=C'],{16966}
marts_E00536,mono,CC(C)=CCCC(C)=CCOP([O-])(=O)OP([O-])([O-])=O,CC(C)C12CCC(=C)C1C2,['CC(C)=CCCC(C)=CCOP([O-])(=O)OP([O-])([O-])=O'],['CC(C)C12CCC(=C)C1C2'],"{68637, 32548, 25509}"
marts_E00536,mono,CC(C)=CCCC(C)=CCOP([O-])(=O)OP([O-])([O-])=O,CC1(C)C2CC1CCC2=C,['CC(C)=CCCC(C)=CCOP([O-])(=O)OP([O-])([O-])=O'],['CC1(C)C2CC1CCC2=C'],"{25497, 25667, 32580}"
marts_E00536,mono,CC(C)=CCCC(C)=CCOP([O-])(=O)OP([O-])([O-])=O,CC1(C)C2CC1CCC2=C,['CC(C)=CCCC(C)=CCOP([O-])(=O)OP([O-])([O-])=O'],['CC1(C)C2CC1CCC2=C'],"{25497, 25667, 32580}"
marts_E00536,mono,CC(C)=CCCC(C)=CCOP([O-])(=O)OP([O-])([O-])=O,CC1CCC(CC=1)C(C)=C,['CC(C)=CCCC(C)=CCOP([O-])(=O)OP([O-])([O-])=O'],['CC1CCC(CC=1)C(C)=C'],"{68641, 10941, 12870}"
marts_E00536,mono,CC(C)=CCCC(C)=CCOP([O-])(=O)OP([O-])([O-])=O,CC1CCC(CC=1)C(C)=C,['CC(C)=CCCC(C)=CCOP([O-])(=O)OP([O-])([O-])=O'],['CC1CCC(CC=1)C(C)=C'],"{68641, 10941, 12870}"
marts_E00537,sesq,CC(C)=CCCC(C)=CCCC(C)=CCOP([O-])(=O)OP([O-])([O-])=O,CC(C)=CCC=C(C)C1CC=C(C)CC1,['CC(C)=CCCC(C)=CCCC(C)=CCOP([O-])(=O)OP([O-])([O-])=O'],['CC(C)=CCC=C(C)C1CC=C(C)CC1'],"{68845, 68817, 68533, 68473, 25437}"
marts_E00537,mono,CC(C)=CCCC(C)=CCOP([O-])(=O)OP([O-])([O-])=O,CC1CCC(CC=1)C(C)=C,['CC(C)=CCCC(C)=CCOP([O-])(=O)OP([O-])([O-])=O'],['CC1CCC(CC=1)C(C)=C'],"{68641, 10941, 12870}"
marts_E00538,sqs,CC(C)=CCCC(C)=CCCC(C)=CCOP([O-])(=O)OP([O-])([O-])=O.CC(C)=CCCC(C)=CCCC(C)=CCOP([O-])(=O)OP([O-])([O-])=O,CC(C)=CCCC(C)=CCCC(C)=CCCC=C(C)CCC=C(C)CCC=C(C)C,"['CC(C)=CCCC(C)=CCCC(C)=CCOP([O-])(=O)OP([O-])([O-])=O', 'CC(C)=CCCC(C)=CCCC(C)=CCOP([O-])(=O)OP([O-])([O-])=O']",['CC(C)=CCCC(C)=CCCC(C)=CCCC=C(C)CCC=C(C)CCC=C(C)C'],"{32296, 32300}"
marts_E00539,pt,CC(C)=CCCC(C)=CCOP([O-])(=O)OP([O-])([O-])=O.CC(=C)CCOP([O-])(=O)OP([O-])([O-])=O,CC(C)=CCCC(C)=CCCC(C)=CCOP([O-])(=O)OP([O-])([O-])=O,"['CC(C)=CCCC(C)=CCOP([O-])(=O)OP([O-])([O-])=O', 'CC(=C)CCOP([O-])(=O)OP([O-])([O-])=O']",['CC(C)=CCCC(C)=CCCC(C)=CCOP([O-])(=O)OP([O-])([O-])=O'],"{19362, 64573, 23301}"
marts_E00540,pt,CC(C)=CCCC(C)=CCOP([O-])(=O)OP([O-])([O-])=O.CC(=C)CCOP([O-])(=O)OP([O-])([O-])=O,CC(C)=CCCC(C)=CCCC(C)=CCOP([O-])(=O)OP([O-])([O-])=O,"['CC(C)=CCCC(C)=CCOP([O-])(=O)OP([O-])([O-])=O', 'CC(=C)CCOP([O-])(=O)OP([O-])([O-])=O']",['CC(C)=CCCC(C)=CCCC(C)=CCOP([O-])(=O)OP([O-])([O-])=O'],"{19362, 64573, 23301}"
marts_E00541,di,CC(C)=CCCC(C)=CCCC(C)=CCCC(C)=CCOP([O-])(=O)OP([O-])([O-])=O,CC12CCC(C)C3(CCC(C)=CC3)C1C(CC2)C(C)=C,['CC(C)=CCCC(C)=CCCC(C)=CCCC(C)=CCOP([O-])(=O)OP([O-])([O-])=O'],['CC12CCC(C)C3(CCC(C)=CC3)C1C(CC2)C(C)=C'],{55217}
marts_E00542,sesq,CC(C)=CCCC(C)=CCCC(C)=CCOP([O-])(=O)OP([O-])([O-])=O,CC(=C)C1CC=C2CCCC(C)C2(C)C1,['CC(C)=CCCC(C)=CCCC(C)=CCOP([O-])(=O)OP([O-])([O-])=O'],['CC(=C)C1CC=C2CCCC(C)C2(C)C1'],"{19826, 28636}"
marts_E00543,sesq,CC(C)=CCCC(C)=CCCC(C)=CCOP([O-])(=O)OP([O-])([O-])=O,CC1CCC=C(C)CCC(=CC=1)C(C)C,['CC(C)=CCCC(C)=CCCC(C)=CCOP([O-])(=O)OP([O-])([O-])=O'],['CC1CCC=C(C)CCC(=CC=1)C(C)C'],"{68773, 28303}"
marts_E00543,sesq,CC(C)=CCCC(C)=CCCC(C)=CCOP([O-])(=O)OP([O-])([O-])=O,CC1CCC=C(C)CC=CC(C)(C)CC=1,['CC(C)=CCCC(C)=CCCC(C)=CCOP([O-])(=O)OP([O-])([O-])=O'],['CC1CCC=C(C)CC=CC(C)(C)CC=1'],"{31896, 68781}"
marts_E00543,sesq,CC(C)=CCCC(C)=CCCC(C)=CCOP([O-])(=O)OP([O-])([O-])=O,CC1CCC(CC=C(C)CCC=1)C(C)=C,['CC(C)=CCCC(C)=CCCC(C)=CCOP([O-])(=O)OP([O-])([O-])=O'],['CC1CCC(CC=C(C)CCC=1)C(C)=C'],"{68777, 25453, 12517}"
marts_E00543,sesq,CC(C)=CCCC(C)=CCCC(C)=CCOP([O-])(=O)OP([O-])([O-])=O,CC(C)=CCCC(=C)C1CC=C(C)CC1,['CC(C)=CCCC(C)=CCCC(C)=CCOP([O-])(=O)OP([O-])([O-])=O'],['CC(C)=CCCC(=C)C1CC=C(C)CC1'],"{68813, 68529, 28267, 68525}"
marts_E00543,sesq,CC(C)=CCCC(C)=CCCC(C)=CCOP([O-])(=O)OP([O-])([O-])=O,CC(C)=C1CC=C(C)CCC=C(C)CC1,['CC(C)=CCCC(C)=CCCC(C)=CCOP([O-])(=O)OP([O-])([O-])=O'],['CC(C)=C1CC=C(C)CCC=C(C)CC1'],{25445}
marts_E00543,sesq,CC(C)=CCCC(C)=CCCC(C)=CCOP([O-])(=O)OP([O-])([O-])=O,CC1CCC(C=CC(=C)CCC=1)C(C)C,['CC(C)=CCCC(C)=CCCC(C)=CCOP([O-])(=O)OP([O-])([O-])=O'],['CC1CCC(C=CC(=C)CCC=1)C(C)C'],"{12017, 30428, 68717}"
marts_E00543,mono,CC(C)=CCCC(C)=CCOP([O-])(=O)OP([O-])([O-])=O,CC(C)=CCCC(=C)C=C,['CC(C)=CCCC(C)=CCOP([O-])(=O)OP([O-])([O-])=O'],['CC(C)=CCCC(=C)C=C'],{16966}
marts_E00543,mono,CC(C)=CCCC(C)=CCOP([O-])(=O)OP([O-])([O-])=O,CC1CCC(CC=1)C(C)=C,['CC(C)=CCCC(C)=CCOP([O-])(=O)OP([O-])([O-])=O'],['CC1CCC(CC=1)C(C)=C'],"{68641, 10941, 12870}"
marts_E00543,mono,CC(C)=CCCC(C)=CCOP([O-])(=O)OP([O-])([O-])=O,CC(C)=C1CC=C(C)CC1,['CC(C)=CCCC(C)=CCOP([O-])(=O)OP([O-])([O-])=O'],['CC(C)=C1CC=C(C)CC1'],{25501}
marts_E00543,mono,CC(C)=CCCC(C)=CCOP([O-])(=O)OP([O-])([O-])=O,CC1=CCC2CC1C2(C)C,['CC(C)=CCCC(C)=CCOP([O-])(=O)OP([O-])([O-])=O'],['CC1=CCC2CC1C2(C)C'],"{32576, 25489, 25663}"
marts_E00543,mono,CC(C)=CCCC(C)=CCOP([O-])(=O)OP([O-])([O-])=O,CC1CCC2C(C=1)C2(C)C,['CC(C)=CCCC(C)=CCOP([O-])(=O)OP([O-])([O-])=O'],['CC1CCC2C(C=1)C2(C)C'],set()
marts_E00543,mono,CC(C)=CCCC(C)=CCOP([O-])(=O)OP([O-])([O-])=O,CC1CCC(=CC=1)C(C)C,['CC(C)=CCCC(C)=CCOP([O-])(=O)OP([O-])([O-])=O'],['CC1CCC(=CC=1)C(C)C'],{32564}
marts_E00543,sesq,CC(C)=CCCC(C)=CCCC(C)=CCOP([O-])(=O)OP([O-])([O-])=O,CC1CCC=C(C)CCC(=CC=1)C(C)C,['CC(C)=CCCC(C)=CCCC(C)=CCOP([O-])(=O)OP([O-])([O-])=O'],['CC1CCC=C(C)CCC(=CC=1)C(C)C'],"{68773, 28303}"
marts_E00543,sesq,CC(C)=CCCC(C)=CCCC(C)=CCOP([O-])(=O)OP([O-])([O-])=O,CC1CCC(CC=C(C)CCC=1)C(C)=C,['CC(C)=CCCC(C)=CCCC(C)=CCOP([O-])(=O)OP([O-])([O-])=O'],['CC1CCC(CC=C(C)CCC=1)C(C)=C'],"{68777, 25453, 12517}"
marts_E00543,sesq,CC(C)=CCCC(C)=CCCC(C)=CCOP([O-])(=O)OP([O-])([O-])=O,CC(C)=C1CC=C(C)CCC=C(C)CC1,['CC(C)=CCCC(C)=CCCC(C)=CCOP([O-])(=O)OP([O-])([O-])=O'],['CC(C)=C1CC=C(C)CCC=C(C)CC1'],{25445}
marts_E00544,pt,CC(C)=CCCC(C)=CCOP([O-])(=O)OP([O-])([O-])=O.CC(=C)CCOP([O-])(=O)OP([O-])([O-])=O,CC(C)=CCCC(C)=CCCC(C)=CCOP([O-])(=O)OP([O-])([O-])=O,"['CC(C)=CCCC(C)=CCOP([O-])(=O)OP([O-])([O-])=O', 'CC(=C)CCOP([O-])(=O)OP([O-])([O-])=O']",['CC(C)=CCCC(C)=CCCC(C)=CCOP([O-])(=O)OP([O-])([O-])=O'],"{19362, 64573, 23301}"
marts_E00544,pt,CC(C)=CCOP([O-])(=O)OP([O-])([O-])=O.CC(=C)CCOP([O-])(=O)OP([O-])([O-])=O,CC(C)=CCCC(C)=CCOP([O-])(=O)OP([O-])([O-])=O,"['CC(C)=CCOP([O-])(=O)OP([O-])([O-])=O', 'CC(=C)CCOP([O-])(=O)OP([O-])([O-])=O']",['CC(C)=CCCC(C)=CCOP([O-])(=O)OP([O-])([O-])=O'],"{11329, 22409}"
marts_E00545,sesq,CC(C)=CCCC(C)=CCCC(C)=CCOP([O-])(=O)OP([O-])([O-])=O,CC1CCCC(C)(C)C=CC(=C)CCC=1,['CC(C)=CCCC(C)=CCCC(C)=CCOP([O-])(=O)OP([O-])([O-])=O'],['CC1CCCC(C)(C)C=CC(=C)CCC=1'],{25457}
marts_E00545,sesq,CC(C)=CCCC(C)=CCCC(C)=CCOP([O-])(=O)OP([O-])([O-])=O,CC(C)C1CCC2(C)CCCC(=C)C2C=1,['CC(C)=CCCC(C)=CCCC(C)=CCOP([O-])(=O)OP([O-])([O-])=O'],['CC(C)C1CCC2(C)CCCC(=C)C2C=1'],{25461}
marts_E00545,sesq,CC(C)=CCCC(C)=CCCC(C)=CCOP([O-])(=O)OP([O-])([O-])=O,CC1(C)CCCC2(C)C3CCC(C13)C2=C,['CC(C)=CCCC(C)=CCCC(C)=CCOP([O-])(=O)OP([O-])([O-])=O'],['CC1(C)CCCC2(C)C3CCC(C13)C2=C'],{25465}
marts_E00545,sesq,CC(C)=CCCC(C)=CCCC(C)=CCOP([O-])(=O)OP([O-])([O-])=O,CC1CCCC(C)(C)C2C=C(C)CCC=12,['CC(C)=CCCC(C)=CCCC(C)=CCOP([O-])(=O)OP([O-])([O-])=O'],['CC1CCCC(C)(C)C2C=C(C)CCC=12'],{25469}
marts_E00545,sesq,CC(C)=CCCC(C)=CCCC(C)=CCOP([O-])(=O)OP([O-])([O-])=O,CC1CCC2C(C=1)C(C)(C)CCC=C2C,['CC(C)=CCCC(C)=CCCC(C)=CCOP([O-])(=O)OP([O-])([O-])=O'],['CC1CCC2C(C=1)C(C)(C)CCC=C2C'],{25473}
marts_E00545,sesq,CC(C)=CCCC(C)=CCCC(C)=CCOP([O-])(=O)OP([O-])([O-])=O,CC1CCC2C(C=1)C(C)(C)CCCC2=C,['CC(C)=CCCC(C)=CCCC(C)=CCOP([O-])(=O)OP([O-])([O-])=O'],['CC1CCC2C(C=1)C(C)(C)CCCC2=C'],{25477}
marts_E00545,sesq,CC(C)=CCCC(C)=CCCC(C)=CCOP([O-])(=O)OP([O-])([O-])=O,CC(C)=CCCC(=C)C1CC=C(C)CC1,['CC(C)=CCCC(C)=CCCC(C)=CCOP([O-])(=O)OP([O-])([O-])=O'],['CC(C)=CCCC(=C)C1CC=C(C)CC1'],"{68813, 68529, 28267, 68525}"
marts_E00545,sesq,CC(C)=CCCC(C)=CCCC(C)=CCOP([O-])(=O)OP([O-])([O-])=O,CC1(C)CCCC2(C)C3CC=C(C)C2C13,['CC(C)=CCCC(C)=CCCC(C)=CCOP([O-])(=O)OP([O-])([O-])=O'],['CC1(C)CCCC2(C)C3CC=C(C)C2C13'],{31440}
marts_E00545,sesq,CC(C)=CCCC(C)=CCCC(C)=CCOP([O-])(=O)OP([O-])([O-])=O,CC(C)C1CCC2(C)C3CCC(C31)C2=C,['CC(C)=CCCC(C)=CCCC(C)=CCOP([O-])(=O)OP([O-])([O-])=O'],['CC(C)C1CCC2(C)C3CCC(C31)C2=C'],"{33120, 81540}"
marts_E00545,sesq,CC(C)=CCCC(C)=CCCC(C)=CCOP([O-])(=O)OP([O-])([O-])=O,CC(C)C1CCC2(C)C3C1C2CC=C3C,['CC(C)=CCCC(C)=CCCC(C)=CCOP([O-])(=O)OP([O-])([O-])=O'],['CC(C)C1CCC2(C)C3C1C2CC=C3C'],{33992}
marts_E00545,sesq,CC(C)=CCCC(C)=CCCC(C)=CCOP([O-])(=O)OP([O-])([O-])=O,CC1CCC2C(C3C1CCC3=C)C2(C)C,['CC(C)=CCCC(C)=CCCC(C)=CCOP([O-])(=O)OP([O-])([O-])=O'],['CC1CCC2C(C3C1CCC3=C)C2(C)C'],{83288}
marts_E00545,sesq,CC(C)=CCCC(C)=CCCC(C)=CCOP([O-])(=O)OP([O-])([O-])=O,CC(C)=CCCC(C)=C1CC=C(C)CC1,['CC(C)=CCCC(C)=CCCC(C)=CCOP([O-])(=O)OP([O-])([O-])=O'],['CC(C)=CCCC(C)=C1CC=C(C)CC1'],"{26082, 79464, 28299, 68469, 68789}"
marts_E00545,sesq,CC(C)=CCCC(C)=CCCC(C)=CCOP([O-])(=O)OP([O-])([O-])=O,CC(C)=CCC=C(C)C1CC=C(C)CC1,['CC(C)=CCCC(C)=CCCC(C)=CCOP([O-])(=O)OP([O-])([O-])=O'],['CC(C)=CCC=C(C)C1CC=C(C)CC1'],"{68845, 68817, 68533, 68473, 25437}"
marts_E00545,sesq,CC(C)=CCCC(C)=CCCC(C)=CCOP([O-])(=O)OP([O-])([O-])=O,CC1(C)CCCC2(C)C3C1C2CCC3=C,['CC(C)=CCCC(C)=CCCC(C)=CCOP([O-])(=O)OP([O-])([O-])=O'],['CC1(C)CCCC2(C)C3C1C2CCC3=C'],set()
marts_E00545,sesq,CC(C)=CCCC(C)=CCCC(C)=CCOP([O-])(=O)OP([O-])([O-])=O,CC(C)=CCCC(C)=CCCC(=C)C=C,['CC(C)=CCCC(C)=CCCC(C)=CCOP([O-])(=O)OP([O-])([O-])=O'],['CC(C)=CCCC(C)=CCCC(=C)C=C'],"{68545, 27426, 68857, 68505, 68509}"
marts_E00545,sesq,CC(C)=CCCC(C)=CCCC(C)=CCOP([O-])(=O)OP([O-])([O-])=O,CC(C)C1CC=C(C)C2CCC(C)=CC21,['CC(C)=CCCC(C)=CCCC(C)=CCOP([O-])(=O)OP([O-])([O-])=O'],['CC(C)C1CC=C(C)C2CCC(C)=CC21'],"{33104, 53641, 69445}"
marts_E00545,sesq,CC(C)=CCCC(C)=CCCC(C)=CCOP([O-])(=O)OP([O-])([O-])=O,CC(C)C1CCC(C)=C2CCC(C)=CC21,['CC(C)=CCCC(C)=CCCC(C)=CCOP([O-])(=O)OP([O-])([O-])=O'],['CC(C)C1CCC(C)=C2CCC(C)=CC21'],"{32016, 56557, 19526}"
marts_E00545,sesq,CC(C)=CCCC(C)=CCCC(C)=CCOP([O-])(=O)OP([O-])([O-])=O,CC(C)C1CCC2(C)C3C1C2CCC3=C,['CC(C)=CCCC(C)=CCCC(C)=CCOP([O-])(=O)OP([O-])([O-])=O'],['CC(C)C1CCC2(C)C3C1C2CCC3=C'],"{33112, 69776}"
marts_E00545,sesq,CC(C)=CCCC(C)=CCCC(C)=CCOP([O-])(=O)OP([O-])([O-])=O,CC1(C)CCCC2(C)C3CC4C(C13)C24C,['CC(C)=CCCC(C)=CCCC(C)=CCOP([O-])(=O)OP([O-])([O-])=O'],['CC1(C)CCCC2(C)C3CC4C(C13)C24C'],set()
marts_E00545,sesq,CC(C)=CCCC(C)=CCCC(C)=CCOP([O-])(=O)OP([O-])([O-])=O,CC(C)C1CCC(C)C23CCC(=C)C2C31,['CC(C)=CCCC(C)=CCCC(C)=CCOP([O-])(=O)OP([O-])([O-])=O'],['CC(C)C1CCC(C)C23CCC(=C)C2C31'],{32020}
marts_E00545,sesq,CC(C)=CCCC(C)=CCCC(C)=CCOP([O-])(=O)OP([O-])([O-])=O,CC(C)C1CCC(C)C23CC=C(C)C2C31,['CC(C)=CCCC(C)=CCCC(C)=CCOP([O-])(=O)OP([O-])([O-])=O'],['CC(C)C1CCC(C)C23CC=C(C)C2C31'],set()
marts_E00545,sesq,CC(C)=CCCC(C)=CCCC(C)=CCOP([O-])(=O)OP([O-])([O-])=O,CC(C)C1CCC2(C)C3C1C2CC=C3C,['CC(C)=CCCC(C)=CCCC(C)=CCOP([O-])(=O)OP([O-])([O-])=O'],['CC(C)C1CCC2(C)C3C1C2CC=C3C'],{33992}
marts_E00545,sesq,CC(C)=CCCC(C)=CCCC(C)=CCOP([O-])(=O)OP([O-])([O-])=O,CC(C)C1CCC2(C)C3CC4C(C31)C24C,['CC(C)=CCCC(C)=CCCC(C)=CCOP([O-])(=O)OP([O-])([O-])=O'],['CC(C)C1CCC2(C)C3CC4C(C31)C24C'],set()
marts_E00546,sesq,CC(C)=CCCC(C)=CCCC(C)=CCOP([O-])(=O)OP([O-])([O-])=O,CC(C)=C1CC=C(C)CCC=C(C)CC1,['CC(C)=CCCC(C)=CCCC(C)=CCOP([O-])(=O)OP([O-])([O-])=O'],['CC(C)=C1CC=C(C)CCC=C(C)CC1'],{25445}
marts_E00546,sesq,CC(C)=CCCC(C)=CCCC(C)=CCOP([O-])(=O)OP([O-])([O-])=O,CC1CCCC2(C)CCC(=CC2=1)C(C)C,['CC(C)=CCCC(C)=CCCC(C)=CCOP([O-])(=O)OP([O-])([O-])=O'],['CC1CCCC2(C)CCC(=CC2=1)C(C)C'],"{30424, 25441}"
marts_E00546,sesq,CC(C)=CCCC(C)=CCCC(C)=CCOP([O-])(=O)OP([O-])([O-])=O,CC1=CCC(=CC2C1CCC2C)C(C)C,['CC(C)=CCCC(C)=CCCC(C)=CCOP([O-])(=O)OP([O-])([O-])=O'],['CC1=CCC(=CC2C1CCC2C)C(C)C'],{25449}
marts_E00546,sesq,CC(C)=CCCC(C)=CCCC(C)=CCOP([O-])(=O)OP([O-])([O-])=O,CC1CCC(CC=C(C)CCC=1)C(C)=C,['CC(C)=CCCC(C)=CCCC(C)=CCOP([O-])(=O)OP([O-])([O-])=O'],['CC1CCC(CC=C(C)CCC=1)C(C)=C'],"{68777, 25453, 12517}"
marts_E00546,sesq,CC(C)=CCCC(C)=CCCC(C)=CCOP([O-])(=O)OP([O-])([O-])=O,CC(C)C1CC=C(C)C2CCC(C)=CC21,['CC(C)=CCCC(C)=CCCC(C)=CCOP([O-])(=O)OP([O-])([O-])=O'],['CC(C)C1CC=C(C)C2CCC(C)=CC21'],"{33104, 53641, 69445}"
marts_E00546,sesq,CC(C)=CCCC(C)=CCCC(C)=CCOP([O-])(=O)OP([O-])([O-])=O,CC(C)C1CCC(C)=C2CCC(C)=CC21,['CC(C)=CCCC(C)=CCCC(C)=CCOP([O-])(=O)OP([O-])([O-])=O'],['CC(C)C1CCC(C)=C2CCC(C)=CC21'],"{32016, 56557, 19526}"
marts_E00546,sesq,CC(C)=CCCC(C)=CCCC(C)=CCOP([O-])(=O)OP([O-])([O-])=O,CC1CCC=C(C)CCC(=CC=1)C(C)C,['CC(C)=CCCC(C)=CCCC(C)=CCOP([O-])(=O)OP([O-])([O-])=O'],['CC1CCC=C(C)CCC(=CC=1)C(C)C'],"{68773, 28303}"
marts_E00546,sesq,CC(C)=CCCC(C)=CCCC(C)=CCOP([O-])(=O)OP([O-])([O-])=O,CC1=CCCC2(C)CCC(CC21)C(C)=C,['CC(C)=CCCC(C)=CCCC(C)=CCOP([O-])(=O)OP([O-])([O-])=O'],['CC1=CCCC2(C)CCC(CC21)C(C)=C'],"{30384, 31820, 47053}"
marts_E00546,sesq,CC(C)=CCCC(C)=CCCC(C)=CCOP([O-])(=O)OP([O-])([O-])=O,CC1CCC2C(CC2(C)C)C(=C)CCC=1,['CC(C)=CCCC(C)=CCCC(C)=CCOP([O-])(=O)OP([O-])([O-])=O'],['CC1CCC2C(CC2(C)C)C(=C)CCC=1'],"{31816, 34704, 28295}"
marts_E00546,sesq,CC(C)=CCCC(C)=CCCC(C)=CCOP([O-])(=O)OP([O-])([O-])=O,CC(C)=C1CC2C(C)=CCCC2(C)CC1,['CC(C)=CCCC(C)=CCCC(C)=CCOP([O-])(=O)OP([O-])([O-])=O'],['CC(C)=C1CC2C(C)=CCCC2(C)CC1'],set()
marts_E00546,sesq,CC(C)=CCCC(C)=CCCC(C)=CCOP([O-])(=O)OP([O-])([O-])=O,CC1CCC(C=CC(=C)CCC=1)C(C)C,['CC(C)=CCCC(C)=CCCC(C)=CCOP([O-])(=O)OP([O-])([O-])=O'],['CC1CCC(C=CC(=C)CCC=1)C(C)C'],"{12017, 30428, 68717}"
marts_E00546,sesq,CC(C)=CCCC(C)=CCCC(C)=CCOP([O-])(=O)OP([O-])([O-])=O,CC1CCC=C(C)CC=CC(C)(C)CC=1,['CC(C)=CCCC(C)=CCCC(C)=CCOP([O-])(=O)OP([O-])([O-])=O'],['CC1CCC=C(C)CC=CC(C)(C)CC=1'],"{31896, 68781}"
marts_E00546,sesq,CC(C)=CCCC(C)=CCCC(C)=CCOP([O-])(=O)OP([O-])([O-])=O,CC(C)=CCCC(=C)C1CC=C(C)CC1,['CC(C)=CCCC(C)=CCCC(C)=CCOP([O-])(=O)OP([O-])([O-])=O'],['CC(C)=CCCC(=C)C1CC=C(C)CC1'],"{68813, 68529, 28267, 68525}"
marts_E00546,sesq,CC(C)=CCCC(C)=CCCC(C)=CCOP([O-])(=O)OP([O-])([O-])=O,CC(C)C1CCC2(C)CCCC(=C)C2C=1,['CC(C)=CCCC(C)=CCCC(C)=CCOP([O-])(=O)OP([O-])([O-])=O'],['CC(C)C1CCC2(C)CCCC(=C)C2C=1'],{25461}
marts_E00546,sesq,CC(C)=CCCC(C)=CCCC(C)=CCOP([O-])(=O)OP([O-])([O-])=O,CC(=C)C1CC2C(C)CCC=2C(C)CC1,['CC(C)=CCCC(C)=CCCC(C)=CCOP([O-])(=O)OP([O-])([O-])=O'],['CC(=C)C1CC2C(C)CCC=2C(C)CC1'],{31808}
marts_E00546,sesq,CC(C)=CCCC(C)=CCCC(C)=CCOP([O-])(=O)OP([O-])([O-])=O,CC(C)C1CC=C(C)C2CCC(C)=CC21,['CC(C)=CCCC(C)=CCCC(C)=CCOP([O-])(=O)OP([O-])([O-])=O'],['CC(C)C1CC=C(C)C2CCC(C)=CC21'],"{33104, 53641, 69445}"
marts_E00546,sesq,CC(C)=CCCC(C)=CCCC(C)=CCOP([O-])(=O)OP([O-])([O-])=O,CC(C)C1CCC2(C)C3C1C2CC=C3C,['CC(C)=CCCC(C)=CCCC(C)=CCOP([O-])(=O)OP([O-])([O-])=O'],['CC(C)C1CCC2(C)C3C1C2CC=C3C'],{33992}
marts_E00546,sesq,CC(C)=CCCC(C)=CCCC(C)=CCOP([O-])(=O)OP([O-])([O-])=O,CC(C)C1CCC2(C)C3C1C2CC=C3C,['CC(C)=CCCC(C)=CCCC(C)=CCOP([O-])(=O)OP([O-])([O-])=O'],['CC(C)C1CCC2(C)C3C1C2CC=C3C'],{33992}
marts_E00548,pt,CC(C)=CCCC(C)=CCOP([O-])(=O)OP([O-])([O-])=O.CC(C)=CCCC(C)=CCCC(C)=CCOP([O-])(=O)OP([O-])([O-])=O,CC(C)=CCCC(C)=CCCC(C)=CCCC(C)=CCOP([O-])(=O)OP([O-])([O-])=O,"['CC(C)=CCCC(C)=CCOP([O-])(=O)OP([O-])([O-])=O', 'CC(C)=CCCC(C)=CCCC(C)=CCOP([O-])(=O)OP([O-])([O-])=O']",['CC(C)=CCCC(C)=CCCC(C)=CCCC(C)=CCOP([O-])(=O)OP([O-])([O-])=O'],set()
marts_E00549,pt,CC(C)=CCCC(C)=CCOP([O-])(=O)OP([O-])([O-])=O.CC(=C)CCOP([O-])(=O)OP([O-])([O-])=O,CC(C)=CCCC(C)=CCCC(C)=CCOP([O-])(=O)OP([O-])([O-])=O,"['CC(C)=CCCC(C)=CCOP([O-])(=O)OP([O-])([O-])=O', 'CC(=C)CCOP([O-])(=O)OP([O-])([O-])=O']",['CC(C)=CCCC(C)=CCCC(C)=CCOP([O-])(=O)OP([O-])([O-])=O'],"{19362, 64573, 23301}"
marts_E00549,pt,CC(C)=CCOP([O-])(=O)OP([O-])([O-])=O.CC(=C)CCOP([O-])(=O)OP([O-])([O-])=O,CC(C)=CCCC(C)=CCOP([O-])(=O)OP([O-])([O-])=O,"['CC(C)=CCOP([O-])(=O)OP([O-])([O-])=O', 'CC(=C)CCOP([O-])(=O)OP([O-])([O-])=O']",['CC(C)=CCCC(C)=CCOP([O-])(=O)OP([O-])([O-])=O'],"{11329, 22409}"
marts_E00550,pt,CC(C)=CCCC(C)=CCCC(C)=CCOP([O-])(=O)OP([O-])([O-])=O.CC(=C)CCOP([O-])(=O)OP([O-])([O-])=O,CC(C)=CCCC(C)=CCCC(C)=CCCC(C)=CCOP([O-])(=O)OP([O-])([O-])=O,"['CC(C)=CCCC(C)=CCCC(C)=CCOP([O-])(=O)OP([O-])([O-])=O', 'CC(=C)CCOP([O-])(=O)OP([O-])([O-])=O']",['CC(C)=CCCC(C)=CCCC(C)=CCCC(C)=CCOP([O-])(=O)OP([O-])([O-])=O'],"{31280, 64581, 17654}"
marts_E00551,di,CC(C)=CCCC(C)=CCCC(C)=CCCC(C)=CCOP([O-])(=O)OP([O-])([O-])=O,CC1(C)CCCC2C1=CCC(C)C2(C)CCC(C)=CCOP([O-])(=O)OP([O-])([O-])=O,['CC(C)=CCCC(C)=CCCC(C)=CCCC(C)=CCOP([O-])(=O)OP([O-])([O-])=O'],['CC1(C)CCCC2C1=CCC(C)C2(C)CCC(C)=CCOP([O-])(=O)OP([O-])([O-])=O'],{25622}
marts_E00553,sesq,CC(C)=CCCC(C)=CCCC(C)=CCOP([O-])(=O)OP([O-])([O-])=O,CC(C)=CCCC(C)=CCCC(=C)C=C,['CC(C)=CCCC(C)=CCCC(C)=CCOP([O-])(=O)OP([O-])([O-])=O'],['CC(C)=CCCC(C)=CCCC(=C)C=C'],"{68545, 27426, 68857, 68505, 68509}"
marts_E00553,sesq,CC(C)=CCCC(C)=CCCC(C)=CCOP([O-])(=O)OP([O-])([O-])=O,CC(C)=CCCC(C)=CCCC(=C)C=C,['CC(C)=CCCC(C)=CCCC(C)=CCOP([O-])(=O)OP([O-])([O-])=O'],['CC(C)=CCCC(C)=CCCC(=C)C=C'],"{68545, 27426, 68857, 68505, 68509}"
marts_E00553,sesq,CC(C)=CCCC(C)=CCCC(C)=CCOP([O-])(=O)OP([O-])([O-])=O,CC(C)C1CCC(C)=C2CCC(C)=CC21,['CC(C)=CCCC(C)=CCCC(C)=CCOP([O-])(=O)OP([O-])([O-])=O'],['CC(C)C1CCC(C)=C2CCC(C)=CC21'],"{32016, 56557, 19526}"
marts_E00553,mono,CC(C)=CCCC(C)=CCOP([O-])(=O)OP([O-])([O-])=O,CC1CCC(CC=1)C(C)=C,['CC(C)=CCCC(C)=CCOP([O-])(=O)OP([O-])([O-])=O'],['CC1CCC(CC=1)C(C)=C'],"{68641, 10941, 12870}"
marts_E00553,mono,CC(C)=CCCC(C)=CCOP([O-])(=O)OP([O-])([O-])=O,CC(C)=C1CC=C(C)CC1,['CC(C)=CCCC(C)=CCOP([O-])(=O)OP([O-])([O-])=O'],['CC(C)=C1CC=C(C)CC1'],{25501}
marts_E00553,mono,CC(C)=CCCC(C)=CCOP([O-])(=O)OP([O-])([O-])=O,CC(C)=CCCC(=C)C=C,['CC(C)=CCCC(C)=CCOP([O-])(=O)OP([O-])([O-])=O'],['CC(C)=CCCC(=C)C=C'],{16966}
marts_E00553,mono,CC(C)=CCCC(C)=CCOP([O-])(=O)OP([O-])([O-])=O,CC1CC=C(CC=1)C(C)C,['CC(C)=CCCC(C)=CCOP([O-])(=O)OP([O-])([O-])=O'],['CC1CC=C(CC=1)C(C)C'],{32560}
marts_E00553,mono,CC(C)=CCCC(C)=CCOP([O-])(=O)OP([O-])([O-])=O,CC(C)=CCC=C(C)C=C,['CC(C)=CCCC(C)=CCOP([O-])(=O)OP([O-])([O-])=O'],['CC(C)=CCC=C(C)C=C'],"{68825, 32692}"
marts_E00553,mono,CC(C)=CCCC(C)=CCOP([O-])(=O)OP([O-])([O-])=O,CC(C)=CCC=C(C)C=C,['CC(C)=CCCC(C)=CCOP([O-])(=O)OP([O-])([O-])=O'],['CC(C)=CCC=C(C)C=C'],"{68825, 32692}"
marts_E00553,mono,CC(C)=CCCC(C)=CCOP([O-])(=O)OP([O-])([O-])=O,CC(C)C12CCC(=C)C1C2,['CC(C)=CCCC(C)=CCOP([O-])(=O)OP([O-])([O-])=O'],['CC(C)C12CCC(=C)C1C2'],"{68637, 32548, 25509}"
marts_E00554,sqs,CC(C)=CCCC(C)=CCCC(C)=CCOP([O-])(=O)OP([O-])([O-])=O.CC(C)=CCCC(C)=CCCC(C)=CCOP([O-])(=O)OP([O-])([O-])=O,CC(C)=CCCC(C)=CCCC(C)=CCCC=C(C)CCC=C(C)CCC=C(C)C,"['CC(C)=CCCC(C)=CCCC(C)=CCOP([O-])(=O)OP([O-])([O-])=O', 'CC(C)=CCCC(C)=CCCC(C)=CCOP([O-])(=O)OP([O-])([O-])=O']",['CC(C)=CCCC(C)=CCCC(C)=CCCC=C(C)CCC=C(C)CCC=C(C)C'],"{32296, 32300}"
marts_E00555,mono,CC(C)=CCCC(C)=CCOP([O-])(=O)OP([O-])([O-])=O,CC1=CCC2CC1C2(C)C,['CC(C)=CCCC(C)=CCOP([O-])(=O)OP([O-])([O-])=O'],['CC1=CCC2CC1C2(C)C'],"{32576, 25489, 25663}"
marts_E00555,mono,CC(C)=CCCC(C)=CCOP([O-])(=O)OP([O-])([O-])=O,CC1(C)C2CC1CCC2=C,['CC(C)=CCCC(C)=CCOP([O-])(=O)OP([O-])([O-])=O'],['CC1(C)C2CC1CCC2=C'],"{25497, 25667, 32580}"
marts_E00556,mono,CC(C)=CCCC(C)=CCOP([O-])(=O)OP([O-])([O-])=O,CC(C)=CCCC(=C)C=C,['CC(C)=CCCC(C)=CCOP([O-])(=O)OP([O-])([O-])=O'],['CC(C)=CCCC(=C)C=C'],{16966}
marts_E00557,pt,CC(C)=CCOP([O-])(=O)OP([O-])([O-])=O.CC(=C)CCOP([O-])(=O)OP([O-])([O-])=O,CC(C)=CCCC(C)=CCCC(C)=CCOP([O-])(=O)OP([O-])([O-])=O,"['CC(C)=CCOP([O-])(=O)OP([O-])([O-])=O', 'CC(=C)CCOP([O-])(=O)OP([O-])([O-])=O']",['CC(C)=CCCC(C)=CCCC(C)=CCOP([O-])(=O)OP([O-])([O-])=O'],{27811}
marts_E00557,pt,CC(C)=CCOP([O-])(=O)OP([O-])([O-])=O.CC(=C)CCOP([O-])(=O)OP([O-])([O-])=O,CC(C)=CCCC(C)=CCOP([O-])(=O)OP([O-])([O-])=O,"['CC(C)=CCOP([O-])(=O)OP([O-])([O-])=O', 'CC(=C)CCOP([O-])(=O)OP([O-])([O-])=O']",['CC(C)=CCCC(C)=CCOP([O-])(=O)OP([O-])([O-])=O'],"{11329, 22409}"
marts_E00558,pt,CC(C)=CCOP([O-])(=O)OP([O-])([O-])=O.CC(=C)CCOP([O-])(=O)OP([O-])([O-])=O,CC(C)=CCCC(C)=CCCC(C)=CCOP([O-])(=O)OP([O-])([O-])=O,"['CC(C)=CCOP([O-])(=O)OP([O-])([O-])=O', 'CC(=C)CCOP([O-])(=O)OP([O-])([O-])=O']",['CC(C)=CCCC(C)=CCCC(C)=CCOP([O-])(=O)OP([O-])([O-])=O'],{27811}
marts_E00558,pt,CC(C)=CCOP([O-])(=O)OP([O-])([O-])=O.CC(=C)CCOP([O-])(=O)OP([O-])([O-])=O,CC(C)=CCCC(C)=CCOP([O-])(=O)OP([O-])([O-])=O,"['CC(C)=CCOP([O-])(=O)OP([O-])([O-])=O', 'CC(=C)CCOP([O-])(=O)OP([O-])([O-])=O']",['CC(C)=CCCC(C)=CCOP([O-])(=O)OP([O-])([O-])=O'],"{11329, 22409}"
marts_E00559,mono,CC(C)=CCCC(C)=CCOP([O-])(=O)OP([O-])([O-])=O,CC1=CCC2CC1C2(C)C,['CC(C)=CCCC(C)=CCOP([O-])(=O)OP([O-])([O-])=O'],['CC1=CCC2CC1C2(C)C'],"{32576, 25489, 25663}"
marts_E00559,mono,CC(C)=CCCC(C)=CCOP([O-])(=O)OP([O-])([O-])=O,CC(C)C12CCC(=C)C1C2,['CC(C)=CCCC(C)=CCOP([O-])(=O)OP([O-])([O-])=O'],['CC(C)C12CCC(=C)C1C2'],"{68637, 32548, 25509}"
marts_E00559,mono,CC(C)=CCCC(C)=CCOP([O-])(=O)OP([O-])([O-])=O,CC(C)=CCCC(=C)C=C,['CC(C)=CCCC(C)=CCOP([O-])(=O)OP([O-])([O-])=O'],['CC(C)=CCCC(=C)C=C'],{16966}
marts_E00559,mono,CC(C)=CCCC(C)=CCOP([O-])(=O)OP([O-])([O-])=O,CC(C)C1CC=C(C)C=C1,['CC(C)=CCCC(C)=CCOP([O-])(=O)OP([O-])([O-])=O'],['CC(C)C1CC=C(C)C=C1'],set()
marts_E00559,mono,CC(C)=CCCC(C)=CCOP([O-])(=O)OP([O-])([O-])=O,CC(C)C1CCC(=C)C=C1,['CC(C)=CCCC(C)=CCOP([O-])(=O)OP([O-])([O-])=O'],['CC(C)C1CCC(=C)C=C1'],"{25505, 25493, 27831}"
marts_E00559,mono,CC(C)=CCCC(C)=CCOP([O-])(=O)OP([O-])([O-])=O,CC1(C)C2CC1CCC2=C,['CC(C)=CCCC(C)=CCOP([O-])(=O)OP([O-])([O-])=O'],['CC1(C)C2CC1CCC2=C'],"{25497, 25667, 32580}"
marts_E00559,mono,CC(C)=CCCC(C)=CCOP([O-])(=O)OP([O-])([O-])=O,CC(C)=C1CC=C(C)CC1,['CC(C)=CCCC(C)=CCOP([O-])(=O)OP([O-])([O-])=O'],['CC(C)=C1CC=C(C)CC1'],{25501}
marts_E00559,mono,CC(C)=CCCC(C)=CCOP([O-])(=O)OP([O-])([O-])=O,CC1CCC(CC=1)C(C)(C)O,['CC(C)=CCCC(C)=CCOP([O-])(=O)OP([O-])([O-])=O'],['CC1CCC(CC=1)C(C)(C)O'],"{32552, 32556}"
marts_E00560,tri,CC(C)=CCCC(C)=CCCC(C)=CCCC=C(C)CCC=C(C)CCC1OC1(C)C,CC1(C)C(O)CCC23CC42CCC2(C)C(CCC2(C)C4CCC13)C(C)CCC=C(C)C,['CC(C)=CCCC(C)=CCCC(C)=CCCC=C(C)CCC=C(C)CCC1OC1(C)C'],['CC1(C)C(O)CCC23CC42CCC2(C)C(CCC2(C)C4CCC13)C(C)CCC=C(C)C'],{21309}
marts_E00561,tri,CC(C)=CCCC(C)=CCCC(C)=CCCC=C(C)CCC=C(C)CCC1OC1(C)C,CC1(C)C(O)CCC2C1=CCC1C2(C)CCC2(C)CC(C)(CCC21C)CCC=C(C)C,['CC(C)=CCCC(C)=CCCC(C)=CCCC=C(C)CCC=C(C)CCC1OC1(C)C'],['CC1(C)C(O)CCC2C1=CCC1C2(C)CCC2(C)CC(C)(CCC21C)CCC=C(C)C'],{31988}
marts_E00561,tri,CC(C)=CCCC(C)=CCCC(C)=CCCC=C(C)CCC=C(C)CCC1OC1(C)C,CC(C)=CCCC(C)=CCCC(C)=CCCC=C(C)CCC1C(=C)CCC(O)C1(C)C,['CC(C)=CCCC(C)=CCCC(C)=CCCC=C(C)CCC=C(C)CCC1OC1(C)C'],['CC(C)=CCCC(C)=CCCC(C)=CCCC=C(C)CCC1C(=C)CCC(O)C1(C)C'],set()
marts_E00561,tri,CC(C)=CCCC(C)=CCCC(C)=CCCC=C(C)CCC=C(C)CCC1OC1(C)C,CC(C)=CCCC(C)=CCCC(C)=CCCC=C(C)CCC1C(C)=CCC(O)C1(C)C,['CC(C)=CCCC(C)=CCCC(C)=CCCC=C(C)CCC=C(C)CCC1OC1(C)C'],['CC(C)=CCCC(C)=CCCC(C)=CCCC=C(C)CCC1C(C)=CCC(O)C1(C)C'],{31012}
marts_E00561,tri,CC(C)=CCCC(C)=CCCC(C)=CCCC=C(C)CCC=C(C)CCC1OC1(C)C,CC1(C)C(O)CCC2(C)C1CCC1(C)C(CCC12)C(=C)CCC=C(C)CCC=C(C)C,['CC(C)=CCCC(C)=CCCC(C)=CCCC=C(C)CCC=C(C)CCC1OC1(C)C'],['CC1(C)C(O)CCC2(C)C1CCC1(C)C(CCC12)C(=C)CCC=C(C)CCC=C(C)C'],set()
marts_E00561,tri,CC(C)=CCCC(C)=CCCC(C)=CCCC=C(C)CCC=C(C)CCC1OC1(C)C,CC1(C)C(O)CCC2(C)C1CCC1(C)C2CCC2C(CCC12C)C(=C)CCC=C(C)C,['CC(C)=CCCC(C)=CCCC(C)=CCCC=C(C)CCC=C(C)CCC1OC1(C)C'],['CC1(C)C(O)CCC2(C)C1CCC1(C)C2CCC2C(CCC12C)C(=C)CCC=C(C)C'],set()
marts_E00561,tri,CC(C)=CCCC(C)=CCCC(C)=CCCC=C(C)CCC=C(C)CCC1OC1(C)C,CC1(C)C(O)CCC2(C)C1CC=C1C2CCC1(C)C(C)CCC=C(C)CCC=C(C)C,['CC(C)=CCCC(C)=CCCC(C)=CCCC=C(C)CCC=C(C)CCC1OC1(C)C'],['CC1(C)C(O)CCC2(C)C1CC=C1C2CCC1(C)C(C)CCC=C(C)CCC=C(C)C'],set()
marts_E00561,tri,CC(C)=CCCC(C)=CCCC(C)=CCCC=C(C)CCC=C(C)CCC1OC1(C)C,CC1(C)C(O)CCC2(C)C1CCC1(C)C(CCC12)C(C)=CCC=C(C)CCC=C(C)C,['CC(C)=CCCC(C)=CCCC(C)=CCCC=C(C)CCC=C(C)CCC1OC1(C)C'],['CC1(C)C(O)CCC2(C)C1CCC1(C)C(CCC12)C(C)=CCC=C(C)CCC=C(C)C'],set()
marts_E00561,tri,CC(C)=CCCC(C)=CCCC(C)=CCCC=C(C)CCC=C(C)CCC1OC1(C)C,CC1(C)C(O)CCC2(C)C1CCC1(C)C2CCC2C3C(CCC3(C)CCC12C)C(C)=C,['CC(C)=CCCC(C)=CCCC(C)=CCCC=C(C)CCC=C(C)CCC1OC1(C)C'],['CC1(C)C(O)CCC2(C)C1CCC1(C)C2CCC2C3C(CCC3(C)CCC12C)C(C)=C'],{31384}
marts_E00561,tri,CC(C)=CCCC(C)=CCCC(C)=CCCC=C(C)CCC=C(C)CCC1OC1(C)C,CC1(C)C(O)CCC2(C)C1CC=C1C2CCC2(C)C(CCC21C)C(C)CCC=C(C)C,['CC(C)=CCCC(C)=CCCC(C)=CCCC=C(C)CCC=C(C)CCC1OC1(C)C'],['CC1(C)C(O)CCC2(C)C1CC=C1C2CCC2(C)C(CCC21C)C(C)CCC=C(C)C'],{31888}
marts_E00561,tri,CC(C)=CCCC(C)=CCCC(C)=CCCC=C(C)CCC=C(C)CCC1OC1(C)C,CC1(C)C2CC=C3C(CCC4(C)CC(C)(CCC=C(C)C)CCC43C)C2(C)CCC1O,['CC(C)=CCCC(C)=CCCC(C)=CCCC=C(C)CCC=C(C)CCC1OC1(C)C'],['CC1(C)C2CC=C3C(CCC4(C)CC(C)(CCC=C(C)C)CCC43C)C2(C)CCC1O'],set()
marts_E00561,tri,CC(C)=CCCC(C)=CCCC(C)=CCCC=C(C)CCC=C(C)CCC1OC1(C)C,CC1(C)CC2C3=CCC4C5(C)CCC(O)C(C)(C)C5CCC4(C)C3(C)CCC2(C)CC1,['CC(C)=CCCC(C)=CCCC(C)=CCCC=C(C)CCC=C(C)CCC1OC1(C)C'],['CC1(C)CC2C3=CCC4C5(C)CCC(O)C(C)(C)C5CCC4(C)C3(C)CCC2(C)CC1'],{31008}
marts_E00561,tri,CC(C)=CCCC(C)=CCCC(C)=CCCC=C(C)CCC=C(C)CCC1OC1(C)C,CC1(C)C(O)CCC2(C)C1CC=C1C2CCC2(C)C(CCC21C)C(C)CCC=C(C)C,['CC(C)=CCCC(C)=CCCC(C)=CCCC=C(C)CCC=C(C)CCC1OC1(C)C'],['CC1(C)C(O)CCC2(C)C1CC=C1C2CCC2(C)C(CCC21C)C(C)CCC=C(C)C'],{31888}
marts_E00561,tri,CC(C)=CCCC(C)=CCCC(C)=CCCC=C(C)CCC=C(C)CCC1OC1(C)C,CC1(C)CC2C3(C)CCC4C5(C)CCC(O)C(C)(C)C5CCC4(C)C3=CCC2(C)CC1,['CC(C)=CCCC(C)=CCCC(C)=CCCC=C(C)CCC=C(C)CCC1OC1(C)C'],['CC1(C)CC2C3(C)CCC4C5(C)CCC(O)C(C)(C)C5CCC4(C)C3=CCC2(C)CC1'],{30432}
marts_E00561,tri,CC(C)=CCCC(C)=CCCC(C)=CCCC=C(C)CCC=C(C)CCC1OC1(C)C,CC1(C)C(O)CCC2(C)C1CCC1(C)C2CCC2C3C(C)C(=C)CCC3(C)CCC12C,['CC(C)=CCCC(C)=CCCC(C)=CCCC=C(C)CCC=C(C)CCC1OC1(C)C'],['CC1(C)C(O)CCC2(C)C1CCC1(C)C2CCC2C3C(C)C(=C)CCC3(C)CCC12C'],set()
marts_E00561,tri,CC(C)=CCCC(C)=CCCC(C)=CCCC=C(C)CCC=C(C)CCC1OC1(C)C,CC1(C)C(O)CCC2(C)C1CCC1=C2CCC2(C)CC(C)(CCC21C)CCC=C(C)C,['CC(C)=CCCC(C)=CCCC(C)=CCCC=C(C)CCC=C(C)CCC1OC1(C)C'],['CC1(C)C(O)CCC2(C)C1CCC1=C2CCC2(C)CC(C)(CCC21C)CCC=C(C)C'],set()
marts_E00561,tri,CC(C)=CCCC(C)=CCCC(C)=CCCC=C(C)CCC=C(C)CCC1OC1(C)C,CC1(C)CC2=C3CCC4C5(C)CCC(O)C(C)(C)C5CCC4(C)C3(C)CCC2(C)CC1,['CC(C)=CCCC(C)=CCCC(C)=CCCC=C(C)CCC=C(C)CCC1OC1(C)C'],['CC1(C)CC2=C3CCC4C5(C)CCC(O)C(C)(C)C5CCC4(C)C3(C)CCC2(C)CC1'],{31884}
marts_E00561,tri,CC(C)=CCCC(C)=CCCC(C)=CCCC=C(C)CCC=C(C)CCC1OC1(C)C,CC1(C)CC2C3(C)CCC4=C(CCC5C4(C)CCC(O)C5(C)C)C3(C)CCC2(C)CC1,['CC(C)=CCCC(C)=CCCC(C)=CCCC=C(C)CCC=C(C)CCC1OC1(C)C'],['CC1(C)CC2C3(C)CCC4=C(CCC5C4(C)CCC(O)C5(C)C)C3(C)CCC2(C)CC1'],{30452}
marts_E00561,tri,CC(C)=CCCC(C)=CCCC(C)=CCCC=C(C)CCC=C(C)CCC1OC1(C)C,CC1(C)CC2C3(C)CCC4C(=CCC5C4(C)CCC(O)C5(C)C)C3(C)CCC2(C)CC1,['CC(C)=CCCC(C)=CCCC(C)=CCCC=C(C)CCC=C(C)CCC1OC1(C)C'],['CC1(C)CC2C3(C)CCC4C(=CCC5C4(C)CCC(O)C5(C)C)C3(C)CCC2(C)CC1'],set()
marts_E00561,tri,CC(C)=CCCC(C)=CCCC(C)=CCCC=C(C)CCC=C(C)CCC1OC1(C)C,CC1(C)C(O)CCC2(C)C1CCC1(C)C2CCC2C3C(C)C(C)=CCC3(C)CCC12C,['CC(C)=CCCC(C)=CCCC(C)=CCCC=C(C)CCC=C(C)CCC1OC1(C)C'],['CC1(C)C(O)CCC2(C)C1CCC1(C)C2CCC2C3C(C)C(C)=CCC3(C)CCC12C'],set()
marts_E00561,tri,CC(C)=CCCC(C)=CCCC(C)=CCCC=C(C)CCC=C(C)CCC1OC1(C)C,CC1(C)C(O)CCC2(C)C1CCC1(C)C2CC=C2C3C(C)C(C)CCC3(C)CCC12C,['CC(C)=CCCC(C)=CCCC(C)=CCCC=C(C)CCC=C(C)CCC1OC1(C)C'],['CC1(C)C(O)CCC2(C)C1CCC1(C)C2CC=C2C3C(C)C(C)CCC3(C)CCC12C'],{31388}
marts_E00562,mono,CC(C)=CCCC(C)=CCOP([O-])(=O)OP([O-])([O-])=O,CC1CCC(CC=1)C(C)=C,['CC(C)=CCCC(C)=CCOP([O-])(=O)OP([O-])([O-])=O'],['CC1CCC(CC=1)C(C)=C'],"{68641, 10941, 12870}"
marts_E00563,pt,CC(C)=CCOP([O-])(=O)OP([O-])([O-])=O.CC(=C)CCOP([O-])(=O)OP([O-])([O-])=O,CC(C)=CCCC(C)=CCCC(C)=CCCC(C)=CCOP([O-])(=O)OP([O-])([O-])=O,"['CC(C)=CCOP([O-])(=O)OP([O-])([O-])=O', 'CC(=C)CCOP([O-])(=O)OP([O-])([O-])=O']",['CC(C)=CCCC(C)=CCCC(C)=CCCC(C)=CCOP([O-])(=O)OP([O-])([O-])=O'],{55521}
marts_E00563,pt,CC(C)=CCCC(C)=CCOP([O-])(=O)OP([O-])([O-])=O.CC(C)=CCCC(C)=CCCC(C)=CCOP([O-])(=O)OP([O-])([O-])=O,CC(C)=CCCC(C)=CCCC(C)=CCCC(C)=CCOP([O-])(=O)OP([O-])([O-])=O,"['CC(C)=CCCC(C)=CCOP([O-])(=O)OP([O-])([O-])=O', 'CC(C)=CCCC(C)=CCCC(C)=CCOP([O-])(=O)OP([O-])([O-])=O']",['CC(C)=CCCC(C)=CCCC(C)=CCCC(C)=CCOP([O-])(=O)OP([O-])([O-])=O'],set()
marts_E00564,pt,CC(C)=CCCC(C)=CCOP([O-])(=O)OP([O-])([O-])=O.CC(=C)CCOP([O-])(=O)OP([O-])([O-])=O,CC(C)=CCCC(C)=CCCC(C)=CCOP([O-])(=O)OP([O-])([O-])=O,"['CC(C)=CCCC(C)=CCOP([O-])(=O)OP([O-])([O-])=O', 'CC(=C)CCOP([O-])(=O)OP([O-])([O-])=O']",['CC(C)=CCCC(C)=CCCC(C)=CCOP([O-])(=O)OP([O-])([O-])=O'],"{19362, 64573, 23301}"
marts_E00564,pt,CC(C)=CCOP([O-])(=O)OP([O-])([O-])=O.CC(=C)CCOP([O-])(=O)OP([O-])([O-])=O,CC(C)=CCCC(C)=CCOP([O-])(=O)OP([O-])([O-])=O,"['CC(C)=CCOP([O-])(=O)OP([O-])([O-])=O', 'CC(=C)CCOP([O-])(=O)OP([O-])([O-])=O']",['CC(C)=CCCC(C)=CCOP([O-])(=O)OP([O-])([O-])=O'],"{11329, 22409}"
marts_E00566,di,CC1(C)CCCC2(C)C1CCC(=C)C2CCC(C)=CCOP([O-])(=O)OP([O-])([O-])=O,CC1(C)CCCC2(C)C1CCC13CC(CCC21)C(=C)C3,['CC1(C)CCCC2(C)C1CCC(=C)C2CCC(C)=CCOP([O-])(=O)OP([O-])([O-])=O'],['CC1(C)CCCC2(C)C1CCC13CC(CCC21)C(=C)C3'],{22221}
marts_E00566,di,CC(C)=CCCC(C)=CCCC(C)=CCCC(C)=CCOP([O-])(=O)OP([O-])([O-])=O,CC1(C)CCCC2(C)C1CCC(=C)C2CCC(C)=CCOP([O-])(=O)OP([O-])([O-])=O,['CC(C)=CCCC(C)=CCCC(C)=CCCC(C)=CCOP([O-])(=O)OP([O-])([O-])=O'],['CC1(C)CCCC2(C)C1CCC(=C)C2CCC(C)=CCOP([O-])(=O)OP([O-])([O-])=O'],"{14842, 24317, 25525}"
marts_E00569,sesq,CC(C)=CCCC(C)=CCCC(C)=CCOP([O-])(=O)OP([O-])([O-])=O,CC(C)=CCCC(C)=CCCC(C)=CCO,['CC(C)=CCCC(C)=CCCC(C)=CCOP([O-])(=O)OP([O-])([O-])=O'],['CC(C)=CCCC(C)=CCCC(C)=CCO'],{27527}
marts_E00570,pt,CC(C)=CCCC(C)=CCOP([O-])(=O)OP([O-])([O-])=O.CC(C)=CCCC(C)=CCCC(C)=CCOP([O-])(=O)OP([O-])([O-])=O,CC(C)=CCCC(C)=CCCC(C)=CCCC(C)=CCOP([O-])(=O)OP([O-])([O-])=O,"['CC(C)=CCCC(C)=CCOP([O-])(=O)OP([O-])([O-])=O', 'CC(C)=CCCC(C)=CCCC(C)=CCOP([O-])(=O)OP([O-])([O-])=O']",['CC(C)=CCCC(C)=CCCC(C)=CCCC(C)=CCOP([O-])(=O)OP([O-])([O-])=O'],set()
marts_E00570,pt,CC(C)=CCCC(C)=CCOP([O-])(=O)OP([O-])([O-])=O.CC(=C)CCOP([O-])(=O)OP([O-])([O-])=O,CC(C)=CCCC(C)=CCCC(C)=CCCC(C)=CCOP([O-])(=O)OP([O-])([O-])=O,"['CC(C)=CCCC(C)=CCOP([O-])(=O)OP([O-])([O-])=O', 'CC(=C)CCOP([O-])(=O)OP([O-])([O-])=O']",['CC(C)=CCCC(C)=CCCC(C)=CCCC(C)=CCOP([O-])(=O)OP([O-])([O-])=O'],set()
marts_E00570,pt,CC(C)=CCOP([O-])(=O)OP([O-])([O-])=O.CC(=C)CCOP([O-])(=O)OP([O-])([O-])=O,CC(C)=CCCC(C)=CCCC(C)=CCCC(C)=CCOP([O-])(=O)OP([O-])([O-])=O,"['CC(C)=CCOP([O-])(=O)OP([O-])([O-])=O', 'CC(=C)CCOP([O-])(=O)OP([O-])([O-])=O']",['CC(C)=CCCC(C)=CCCC(C)=CCCC(C)=CCOP([O-])(=O)OP([O-])([O-])=O'],{55521}
marts_E00571,pt,CC(C)=CCOP([O-])(=O)OP([O-])([O-])=O.CC(=C)CCOP([O-])(=O)OP([O-])([O-])=O,CC(C)=CCCC(C)=CCOP([O-])(=O)OP([O-])([O-])=O,"['CC(C)=CCOP([O-])(=O)OP([O-])([O-])=O', 'CC(=C)CCOP([O-])(=O)OP([O-])([O-])=O']",['CC(C)=CCCC(C)=CCOP([O-])(=O)OP([O-])([O-])=O'],"{11329, 22409}"
marts_E00572,mono,CC(C)=CCCC(C)=CCOP([O-])(=O)OP([O-])([O-])=O,CC1CCC(CC=1)C(C)=C,['CC(C)=CCCC(C)=CCOP([O-])(=O)OP([O-])([O-])=O'],['CC1CCC(CC=1)C(C)=C'],"{68641, 10941, 12870}"
marts_E00573,di,CC(C)=CCCC(C)=CCCC(C)=CCCC(C)=CCOP([O-])(=O)OP([O-])([O-])=O,CC1(C)CCCC2(C)C1CCC(=C)C2CCC(C)=CCOP([O-])(=O)OP([O-])([O-])=O,['CC(C)=CCCC(C)=CCCC(C)=CCCC(C)=CCOP([O-])(=O)OP([O-])([O-])=O'],['CC1(C)CCCC2(C)C1CCC(=C)C2CCC(C)=CCOP([O-])(=O)OP([O-])([O-])=O'],"{14842, 24317, 25525}"
marts_E00574,pt,CC(C)=CCOP([O-])(=O)OP([O-])([O-])=O.CC(=C)CCOP([O-])(=O)OP([O-])([O-])=O,CC(C)=CCCC(C)=CCCC(C)=CCCC(C)=CCOP([O-])(=O)OP([O-])([O-])=O,"['CC(C)=CCOP([O-])(=O)OP([O-])([O-])=O', 'CC(=C)CCOP([O-])(=O)OP([O-])([O-])=O']",['CC(C)=CCCC(C)=CCCC(C)=CCCC(C)=CCOP([O-])(=O)OP([O-])([O-])=O'],{55521}
marts_E00574,pt,CC(C)=CCCC(C)=CCOP([O-])(=O)OP([O-])([O-])=O.CC(C)=CCCC(C)=CCCC(C)=CCOP([O-])(=O)OP([O-])([O-])=O,CC(C)=CCCC(C)=CCCC(C)=CCCC(C)=CCOP([O-])(=O)OP([O-])([O-])=O,"['CC(C)=CCCC(C)=CCOP([O-])(=O)OP([O-])([O-])=O', 'CC(C)=CCCC(C)=CCCC(C)=CCOP([O-])(=O)OP([O-])([O-])=O']",['CC(C)=CCCC(C)=CCCC(C)=CCCC(C)=CCOP([O-])(=O)OP([O-])([O-])=O'],set()
marts_E00575,sester,CC(C)=CCCC(C)=CCCC(C)=CCCC(C)=CCCC(C)=CCOP([O-])(=O)OP([O-])([O-])=O,CC(C)C1CCC2(C)CC=C(C)CC=C3C(CCC3C)C(C)=CCC21,['CC(C)=CCCC(C)=CCCC(C)=CCCC(C)=CCCC(C)=CCOP([O-])(=O)OP([O-])([O-])=O'],['CC(C)C1CCC2(C)CC=C(C)CC=C3C(CCC3C)C(C)=CCC21'],{71988}
marts_E00575,pt,CC(C)=CCCC(C)=CCCC(C)=CCOP([O-])(=O)OP([O-])([O-])=O.CC(C)=CCCC(C)=CCCC(C)=CCCC(C)=CCOP([O-])(=O)OP([O-])([O-])=O,CC(C)=CCCC(C)=CCCC(C)=CCCC(C)=CCCC(C)=CCOP([O-])(=O)OP([O-])([O-])=O,"['CC(C)=CCCC(C)=CCCC(C)=CCOP([O-])(=O)OP([O-])([O-])=O', 'CC(C)=CCCC(C)=CCCC(C)=CCCC(C)=CCOP([O-])(=O)OP([O-])([O-])=O']",['CC(C)=CCCC(C)=CCCC(C)=CCCC(C)=CCCC(C)=CCOP([O-])(=O)OP([O-])([O-])=O'],set()
marts_E00575,pt,CC(C)=CCCC(C)=CCOP([O-])(=O)OP([O-])([O-])=O.CC(C)=CCCC(C)=CCCC(C)=CCOP([O-])(=O)OP([O-])([O-])=O,CC(C)=CCCC(C)=CCCC(C)=CCCC(C)=CCOP([O-])(=O)OP([O-])([O-])=O,"['CC(C)=CCCC(C)=CCOP([O-])(=O)OP([O-])([O-])=O', 'CC(C)=CCCC(C)=CCCC(C)=CCOP([O-])(=O)OP([O-])([O-])=O']",['CC(C)=CCCC(C)=CCCC(C)=CCCC(C)=CCOP([O-])(=O)OP([O-])([O-])=O'],set()
marts_E00575,sester,CC(C)=CCCC(C)=CCCC(C)=CCCC(C)=CCCC(C)=CCOP([O-])(=O)OP([O-])([O-])=O,CC(C)C1CCC2(C)CC=C(C)CCC=C(C)CCCC(=C)C=CC21,['CC(C)=CCCC(C)=CCCC(C)=CCCC(C)=CCCC(C)=CCOP([O-])(=O)OP([O-])([O-])=O'],['CC(C)C1CCC2(C)CC=C(C)CCC=C(C)CCCC(=C)C=CC21'],set()
marts_E00576,pt,CC(C)=CCOP([O-])(=O)OP([O-])([O-])=O.CC(=C)CCOP([O-])(=O)OP([O-])([O-])=O,CC(C)=CCCC(C)=CCCC(C)=CCCC(C)=CCCC(C)=CCOP([O-])(=O)OP([O-])([O-])=O,"['CC(C)=CCOP([O-])(=O)OP([O-])([O-])=O', 'CC(=C)CCOP([O-])(=O)OP([O-])([O-])=O']",['CC(C)=CCCC(C)=CCCC(C)=CCCC(C)=CCCC(C)=CCOP([O-])(=O)OP([O-])([O-])=O'],{66861}
marts_E00576,sester,CC(C)=CCCC(C)=CCCC(C)=CCCC(C)=CCCC(C)=CCOP([O-])(=O)OP([O-])([O-])=O,CC(C)C1CCC2(C)CC3C(C)CCC45C(CCC4C)C5(C)C=3CC21,['CC(C)=CCCC(C)=CCCC(C)=CCCC(C)=CCCC(C)=CCOP([O-])(=O)OP([O-])([O-])=O'],['CC(C)C1CCC2(C)CC3C(C)CCC45C(CCC4C)C5(C)C=3CC21'],{71980}
marts_E00576,sester,CC(C)=CCCC(C)=CCCC(C)=CCCC(C)=CCCC(C)=CCOP([O-])(=O)OP([O-])([O-])=O,CC(C)C1CCC2(C)CC3C(CC21)C1(C)C2CCC(C)C12CCC3=C,['CC(C)=CCCC(C)=CCCC(C)=CCCC(C)=CCCC(C)=CCOP([O-])(=O)OP([O-])([O-])=O'],['CC(C)C1CCC2(C)CC3C(CC21)C1(C)C2CCC(C)C12CCC3=C'],{71984}
marts_E00576,sester,CC(C)=CCCC(C)=CCCC(C)=CCCC(C)=CCCC(C)=CCOP([O-])(=O)OP([O-])([O-])=O,CC(C)C1CCC2(C)CC=C(C)CC=C3C(CCC3C)C(C)=CCC21,['CC(C)=CCCC(C)=CCCC(C)=CCCC(C)=CCCC(C)=CCOP([O-])(=O)OP([O-])([O-])=O'],['CC(C)C1CCC2(C)CC=C(C)CC=C3C(CCC3C)C(C)=CCC21'],{71988}
marts_E00576,sester,CC(C)=CCCC(C)=CCCC(C)=CCCC(C)=CCCC(C)=CCOP([O-])(=O)OP([O-])([O-])=O,CC12CC3C(C)CCC45C(CCC4C)C3(CC1C(CC2)C(C)C)C5=C,['CC(C)=CCCC(C)=CCCC(C)=CCCC(C)=CCCC(C)=CCOP([O-])(=O)OP([O-])([O-])=O'],['CC12CC3C(C)CCC45C(CCC4C)C3(CC1C(CC2)C(C)C)C5=C'],{71992}
marts_E00578,sester,CC(C)=CCCC(C)=CCCC(C)=CCCC(C)=CCCC(C)=CCOP([O-])(=O)OP([O-])([O-])=O,CC(C)=CCCC(C)=CCCC(C)=CCCC(C)=CCCC(=C)C=C,['CC(C)=CCCC(C)=CCCC(C)=CCCC(C)=CCCC(C)=CCOP([O-])(=O)OP([O-])([O-])=O'],['CC(C)=CCCC(C)=CCCC(C)=CCCC(C)=CCCC(=C)C=C'],{54501}
marts_E00578,tri,CC(C)=CCCC(C)=CCCC(C)=CCCC(C)=CCCC(C)=CCCC(C)=CCOP([O-])(=O)OP([O-])([O-])=O,CC(C)=CCCC(C)=CCCC(C)=CCCC(C)=CCCC(C)=CCCC(=C)C=C,['CC(C)=CCCC(C)=CCCC(C)=CCCC(C)=CCCC(C)=CCCC(C)=CCOP([O-])(=O)OP([O-])([O-])=O'],['CC(C)=CCCC(C)=CCCC(C)=CCCC(C)=CCCC(C)=CCCC(=C)C=C'],{54505}
marts_E00578,sesquar,CC(C)=CCCC(C)=CCCC(C)=CCCC(C)=CCCC(C)=CCCC(C)=CCCC(C)=CCOP([O-])(=O)OP([O-])([O-])=O,CC(C)=CCCC(C)=CCCC(C)=CCCC(C)=CCCC(C)=CCCC(C)=CCCC(=C)C=C,['CC(C)=CCCC(C)=CCCC(C)=CCCC(C)=CCCC(C)=CCCC(C)=CCCC(C)=CCOP([O-])(=O)OP([O-])([O-])=O'],['CC(C)=CCCC(C)=CCCC(C)=CCCC(C)=CCCC(C)=CCCC(C)=CCCC(=C)C=C'],{54509}
marts_E00579,sesq,CC(C)=CCCC(C)=CCCC(C)=CCOP([O-])(=O)OP([O-])([O-])=O,CC(C)=CCCC(C)(O)C1CC=C(C)CC1,['CC(C)=CCCC(C)=CCCC(C)=CCOP([O-])(=O)OP([O-])([O-])=O'],['CC(C)=CCCC(C)(O)C1CC=C(C)CC1'],{34504}
marts_E00579,sesq,CC(C)=CCCC(C)=CCCC(C)=CCOP([O-])(=O)OP([O-])([O-])=O,CC(C)=CCC=C(C)C1CC=C(C)CC1,['CC(C)=CCCC(C)=CCCC(C)=CCOP([O-])(=O)OP([O-])([O-])=O'],['CC(C)=CCC=C(C)C1CC=C(C)CC1'],"{68845, 68817, 68533, 68473, 25437}"
marts_E00579,sesq,CC(C)=CCCC(C)=CCCC(C)=CCOP([O-])(=O)OP([O-])([O-])=O,CC(C)=CCCC(C)=C1CC=C(C)CC1,['CC(C)=CCCC(C)=CCCC(C)=CCOP([O-])(=O)OP([O-])([O-])=O'],['CC(C)=CCCC(C)=C1CC=C(C)CC1'],"{26082, 79464, 28299, 68469, 68789}"
marts_E00579,sesq,CC(C)=CCCC(C)=CCCC(C)=CCOP([O-])(=O)OP([O-])([O-])=O,CC(C)=CCC=C(C)C1CC=C(C)CC1,['CC(C)=CCCC(C)=CCCC(C)=CCOP([O-])(=O)OP([O-])([O-])=O'],['CC(C)=CCC=C(C)C1CC=C(C)CC1'],"{68845, 68817, 68533, 68473, 25437}"
marts_E00579,sesq,CC(C)=CCCC(C)=CCCC(C)=CCOP([O-])(=O)OP([O-])([O-])=O,CC(C)=CCCC(=C)C1CC=C(C)CC1,['CC(C)=CCCC(C)=CCCC(C)=CCOP([O-])(=O)OP([O-])([O-])=O'],['CC(C)=CCCC(=C)C1CC=C(C)CC1'],"{68813, 68529, 28267, 68525}"
marts_E00579,sesq,CC(C)=CCCC(C)=CCCC(C)=CCOP([O-])(=O)OP([O-])([O-])=O,CC(C)=CCCC(C)C1CCC(=C)C=C1,['CC(C)=CCCC(C)=CCCC(C)=CCOP([O-])(=O)OP([O-])([O-])=O'],['CC(C)=CCCC(C)C1CCC(=C)C=C1'],{32700}
marts_E00580,di,CC1(C)CCCC2(C)C1CCC(=C)C2CCC(C)=CCOP([O-])(=O)OP([O-])([O-])=O,CC1(C)CCCC2(C)C1CC=C1CC(C)(CCC21)C=C,['CC1(C)CCCC2(C)C1CCC(=C)C2CCC(C)=CCOP([O-])(=O)OP([O-])([O-])=O'],['CC1(C)CCCC2(C)C1CC=C1CC(C)(CCC21)C=C'],"{25561, 62189, 26129}"
marts_E00580,di,CC1(C)CCCC2(C)C1CCC(=C)C2CCC(C)=CCOP([O-])(=O)OP([O-])([O-])=O,CC1(C)CCCC2(C)C1CCC1=CC(C)(CCC21)C=C,['CC1(C)CCCC2(C)C1CCC(=C)C2CCC(C)=CCOP([O-])(=O)OP([O-])([O-])=O'],['CC1(C)CCCC2(C)C1CCC1=CC(C)(CCC21)C=C'],"{25537, 32004, 25541, 32008, 42985}"
marts_E00580,mono,CC(C)=CCCC(C)=CCOP([O-])(=O)OP([O-])([O-])=O,CC(C)=CCCC(=C)C=C,['CC(C)=CCCC(C)=CCOP([O-])(=O)OP([O-])([O-])=O'],['CC(C)=CCCC(=C)C=C'],{16966}
marts_E00580,mono,CC(C)=CCCC(C)=CCOP([O-])(=O)OP([O-])([O-])=O,CC(C)=CCCC(C)=CCO,['CC(C)=CCCC(C)=CCOP([O-])(=O)OP([O-])([O-])=O'],['CC(C)=CCCC(C)=CCO'],"{32680, 65829}"
marts_E00580,mono,CC(C)=CCCC(C)=CCOP([O-])(=O)OP([O-])([O-])=O,CC(C)=CCC=C(C)C=C,['CC(C)=CCCC(C)=CCOP([O-])(=O)OP([O-])([O-])=O'],['CC(C)=CCC=C(C)C=C'],"{68825, 32692}"
marts_E00581,di,CC1(C)CCCC2(C)C1CCC(=C)C2CCC(C)=CCOP([O-])(=O)OP([O-])([O-])=O,CC1(C)CCCC2(C)C1CCC1=CC(C)(CCC21)C=C,['CC1(C)CCCC2(C)C1CCC(=C)C2CCC(C)=CCOP([O-])(=O)OP([O-])([O-])=O'],['CC1(C)CCCC2(C)C1CCC1=CC(C)(CCC21)C=C'],"{25537, 32004, 25541, 32008, 42985}"
marts_E00582,di,CC(C)=CCCC(C)=CCCC(C)=CCCC(C)=CCOP([O-])(=O)OP([O-])([O-])=O,CC1(C)CCCC2(C)C1CCC(=C)C2CCC(C)=CCOP([O-])(=O)OP([O-])([O-])=O,['CC(C)=CCCC(C)=CCCC(C)=CCCC(C)=CCOP([O-])(=O)OP([O-])([O-])=O'],['CC1(C)CCCC2(C)C1CCC(=C)C2CCC(C)=CCOP([O-])(=O)OP([O-])([O-])=O'],"{14842, 24317, 25525}"
marts_E00582,di,CC1(C)CCCC2(C)C1CCC(=C)C2CCC(C)=CCOP([O-])(=O)OP([O-])([O-])=O,CC1(C)CCCC2(C)C1CC=C1C=C(CCC21)C(C)C,['CC1(C)CCCC2(C)C1CCC(=C)C2CCC(C)=CCOP([O-])(=O)OP([O-])([O-])=O'],['CC1(C)CCCC2(C)C1CC=C1C=C(CCC21)C(C)C'],{13874}
marts_E00582,di,CC1(C)CCCC2(C)C1CCC(=C)C2CCC(C)=CCOP([O-])(=O)OP([O-])([O-])=O,CC1(C)CCCC2(C)C1CCC1=CC(=CCC21)C(C)C,['CC1(C)CCCC2(C)C1CCC(=C)C2CCC(C)=CCOP([O-])(=O)OP([O-])([O-])=O'],['CC1(C)CCCC2(C)C1CCC1=CC(=CCC21)C(C)C'],{25549}
marts_E00582,di,CC1(C)CCCC2(C)C1CCC(=C)C2CCC(C)=CCOP([O-])(=O)OP([O-])([O-])=O,CC1(C)CCCC2(C)C1CCC1=CC(CCC21)=C(C)C,['CC1(C)CCCC2(C)C1CCC(=C)C2CCC(C)=CCOP([O-])(=O)OP([O-])([O-])=O'],['CC1(C)CCCC2(C)C1CCC1=CC(CCC21)=C(C)C'],{33988}
marts_E00583,di,CC1(C)CCCC2(C)C1CCC(=C)C2CCC(C)=CCOP([O-])(=O)OP([O-])([O-])=O,CC1(C)CCCC2(C)C1CCC1=CC(C)(CCC21)C=C,['CC1(C)CCCC2(C)C1CCC(=C)C2CCC(C)=CCOP([O-])(=O)OP([O-])([O-])=O'],['CC1(C)CCCC2(C)C1CCC1=CC(C)(CCC21)C=C'],"{25537, 32004, 25541, 32008, 42985}"
marts_E00584,di,CC(C)=CCCC(C)=CCCC(C)=CCCC(C)=CCOP([O-])(=O)OP([O-])([O-])=O,CC1(C)CCCC2(C)C1CCC(=C)C2CCC(C)=CCOP([O-])(=O)OP([O-])([O-])=O,['CC(C)=CCCC(C)=CCCC(C)=CCCC(C)=CCOP([O-])(=O)OP([O-])([O-])=O'],['CC1(C)CCCC2(C)C1CCC(=C)C2CCC(C)=CCOP([O-])(=O)OP([O-])([O-])=O'],"{14842, 24317, 25525}"
marts_E00584,di,CC1(C)CCCC2(C)C1CCC(=C)C2CCC(C)=CCOP([O-])(=O)OP([O-])([O-])=O,CC1(C)CCCC2(C)C1CCC1=CC(=CCC21)C(C)C,['CC1(C)CCCC2(C)C1CCC(=C)C2CCC(C)=CCOP([O-])(=O)OP([O-])([O-])=O'],['CC1(C)CCCC2(C)C1CCC1=CC(=CCC21)C(C)C'],{25549}
marts_E00584,di,CC1(C)CCCC2(C)C1CCC(=C)C2CCC(C)=CCOP([O-])(=O)OP([O-])([O-])=O,CC1(C)CCCC2(C)C1CCC1C=C(CCC2=1)C(C)C,['CC1(C)CCCC2(C)C1CCC(=C)C2CCC(C)=CCOP([O-])(=O)OP([O-])([O-])=O'],['CC1(C)CCCC2(C)C1CCC1C=C(CCC2=1)C(C)C'],set()
marts_E00584,di,CC1(C)CCCC2(C)C1CCC(=C)C2CCC(C)=CCOP([O-])(=O)OP([O-])([O-])=O,CC1(C)CCCC2(C)C1CCC1=CC(CCC21)=C(C)C,['CC1(C)CCCC2(C)C1CCC(=C)C2CCC(C)=CCOP([O-])(=O)OP([O-])([O-])=O'],['CC1(C)CCCC2(C)C1CCC1=CC(CCC21)=C(C)C'],{33988}
marts_E00584,di,CC1(C)CCCC2(C)C1CCC(=C)C2CCC(C)=CCOP([O-])(=O)OP([O-])([O-])=O,CC1(C)CCCC2(C)C1CC=C1C=C(CCC21)C(C)C,['CC1(C)CCCC2(C)C1CCC(=C)C2CCC(C)=CCOP([O-])(=O)OP([O-])([O-])=O'],['CC1(C)CCCC2(C)C1CC=C1C=C(CCC21)C(C)C'],{13874}
marts_E00584,mono,CC(C)=CCCC(C)=CCOP([O-])(=O)OP([O-])([O-])=O,CC(C)=CCCC(=C)C=C,['CC(C)=CCCC(C)=CCOP([O-])(=O)OP([O-])([O-])=O'],['CC(C)=CCCC(=C)C=C'],{16966}
marts_E00585,di,CC1(C)CCCC2(C)C1CCC(=C)C2CCC(C)=CCOP([O-])(=O)OP([O-])([O-])=O,CC1(C)CCCC2(C)C1CC=C1CC(C)(CCC21)C=C,['CC1(C)CCCC2(C)C1CCC(=C)C2CCC(C)=CCOP([O-])(=O)OP([O-])([O-])=O'],['CC1(C)CCCC2(C)C1CC=C1CC(C)(CCC21)C=C'],"{25561, 62189, 26129}"
marts_E00585,mono,CC(C)=CCCC(C)=CCOP([O-])(=O)OP([O-])([O-])=O,CC(C)=CCCC(=C)C=C,['CC(C)=CCCC(C)=CCOP([O-])(=O)OP([O-])([O-])=O'],['CC(C)=CCCC(=C)C=C'],{16966}
marts_E00585,mono,CC(C)=CCCC(C)=CCOP([O-])(=O)OP([O-])([O-])=O,CC(C)=CCCC(C)=CCO,['CC(C)=CCCC(C)=CCOP([O-])(=O)OP([O-])([O-])=O'],['CC(C)=CCCC(C)=CCO'],"{32680, 65829}"
marts_E00585,mono,CC(C)=CCCC(C)=CCOP([O-])(=O)OP([O-])([O-])=O,CC(C)=CCC=C(C)C=C,['CC(C)=CCCC(C)=CCOP([O-])(=O)OP([O-])([O-])=O'],['CC(C)=CCC=C(C)C=C'],"{68825, 32692}"
marts_E00586,di,CC1(C)CCCC2(C)C1CCC(=C)C2CCC(C)=CCOP([O-])(=O)OP([O-])([O-])=O,CC1(C)CCCC2(C)C1CCC1=CC(=CCC21)C(C)C,['CC1(C)CCCC2(C)C1CCC(=C)C2CCC(C)=CCOP([O-])(=O)OP([O-])([O-])=O'],['CC1(C)CCCC2(C)C1CCC1=CC(=CCC21)C(C)C'],{25549}
marts_E00586,di,CC(C)=CCCC(C)=CCCC(C)=CCCC(C)=CCOP([O-])(=O)OP([O-])([O-])=O,CC1(C)CCCC2(C)C1CCC(=C)C2CCC(C)=CCOP([O-])(=O)OP([O-])([O-])=O,['CC(C)=CCCC(C)=CCCC(C)=CCCC(C)=CCOP([O-])(=O)OP([O-])([O-])=O'],['CC1(C)CCCC2(C)C1CCC(=C)C2CCC(C)=CCOP([O-])(=O)OP([O-])([O-])=O'],"{14842, 24317, 25525}"
marts_E00586,di,CC1(C)CCCC2(C)C1CCC(=C)C2CCC(C)=CCOP([O-])(=O)OP([O-])([O-])=O,CC1(C)CCCC2(C)C1CC=C1C=C(CCC21)C(C)C,['CC1(C)CCCC2(C)C1CCC(=C)C2CCC(C)=CCOP([O-])(=O)OP([O-])([O-])=O'],['CC1(C)CCCC2(C)C1CC=C1C=C(CCC21)C(C)C'],{13874}
marts_E00586,di,CC1(C)CCCC2(C)C1CCC(=C)C2CCC(C)=CCOP([O-])(=O)OP([O-])([O-])=O,CC1(C)CCCC2(C)C1CCC1=CC(CCC21)=C(C)C,['CC1(C)CCCC2(C)C1CCC(=C)C2CCC(C)=CCOP([O-])(=O)OP([O-])([O-])=O'],['CC1(C)CCCC2(C)C1CCC1=CC(CCC21)=C(C)C'],{33988}
marts_E00586,mono,CC(C)=CCCC(C)=CCOP([O-])(=O)OP([O-])([O-])=O,CC(C)=CCCC(=C)C=C,['CC(C)=CCCC(C)=CCOP([O-])(=O)OP([O-])([O-])=O'],['CC(C)=CCCC(=C)C=C'],{16966}
marts_E00586,di,CC1(C)CCCC2(C)C1CCC(=C)C2CCC(C)=CCOP([O-])(=O)OP([O-])([O-])=O,CC1(C)CCCC2(C)C1CCC1C=C(CCC2=1)C(C)C,['CC1(C)CCCC2(C)C1CCC(=C)C2CCC(C)=CCOP([O-])(=O)OP([O-])([O-])=O'],['CC1(C)CCCC2(C)C1CCC1C=C(CCC2=1)C(C)C'],set()
marts_E00590,sester,CC(C)=CCCC(C)=CCCC(C)=CCCC(C)=CCCC(C)=CCOP([O-])(=O)OP([O-])([O-])=O,CC(C)C1CCC2(C)CC=C(C)CCC=C(C)CCC(O)C(C)=CCC21,['CC(C)=CCCC(C)=CCCC(C)=CCCC(C)=CCCC(C)=CCOP([O-])(=O)OP([O-])([O-])=O'],['CC(C)C1CCC2(C)CC=C(C)CCC=C(C)CCC(O)C(C)=CCC21'],set()
marts_E00590,pt,CC(C)=CCCC(C)=CCCC(C)=CCOP([O-])(=O)OP([O-])([O-])=O.CC(C)=CCCC(C)=CCCC(C)=CCCC(C)=CCOP([O-])(=O)OP([O-])([O-])=O,CC(C)=CCCC(C)=CCCC(C)=CCCC(C)=CCCC(C)=CCOP([O-])(=O)OP([O-])([O-])=O,"['CC(C)=CCCC(C)=CCCC(C)=CCOP([O-])(=O)OP([O-])([O-])=O', 'CC(C)=CCCC(C)=CCCC(C)=CCCC(C)=CCOP([O-])(=O)OP([O-])([O-])=O']",['CC(C)=CCCC(C)=CCCC(C)=CCCC(C)=CCCC(C)=CCOP([O-])(=O)OP([O-])([O-])=O'],set()
marts_E00591,di,CC(C)=CCCC(C)=CCCC(C)=CCCC(C)=CCOP([O-])(=O)OP([O-])([O-])=O,CC1CCC=C(C)CCC(CC=C(C)CCC=1)C(C)(C)O,['CC(C)=CCCC(C)=CCCC(C)=CCCC(C)=CCOP([O-])(=O)OP([O-])([O-])=O'],['CC1CCC=C(C)CCC(CC=C(C)CCC=1)C(C)(C)O'],"{42993, 73996}"
marts_E00591,di,CC(C)=CCCC(C)=CCCC(C)=CCCC(C)=CCOP([O-])(=O)OP([O-])([O-])=O,CC1CCC=C(C)CCC(CC=C(C)CCC=1)C(C)=C,['CC(C)=CCCC(C)=CCCC(C)=CCCC(C)=CCOP([O-])(=O)OP([O-])([O-])=O'],['CC1CCC=C(C)CCC(CC=C(C)CCC=1)C(C)=C'],{42997}
marts_E00591,di,CC(C)=CCCC(C)=CCCC(C)=CCCC(C)=CCOP([O-])(=O)OP([O-])([O-])=O,CC1(C)CCC=C(C)CCC=C(C)CCC=C(C)CC1O,['CC(C)=CCCC(C)=CCCC(C)=CCCC(C)=CCOP([O-])(=O)OP([O-])([O-])=O'],['CC1(C)CCC=C(C)CCC=C(C)CCC=C(C)CC1O'],set()
marts_E00592,di,CC(C)=CCCC(C)=CCCC(C)=CCCC(C)=CCOP([O-])(=O)OP([O-])([O-])=O,CC(C)=C1CC=C(C)CCC=C(C)CCC=C(C)CC1,['CC(C)=CCCC(C)=CCCC(C)=CCCC(C)=CCOP([O-])(=O)OP([O-])([O-])=O'],['CC(C)=C1CC=C(C)CCC=C(C)CCC=C(C)CC1'],{42989}
marts_E00592,di,CC(C)=CCCC(C)=CCCC(C)=CCCC(C)=CCOP([O-])(=O)OP([O-])([O-])=O,CC1CCC=C(C)CCC(CC=C(C)CCC=1)C(C)(C)O,['CC(C)=CCCC(C)=CCCC(C)=CCCC(C)=CCOP([O-])(=O)OP([O-])([O-])=O'],['CC1CCC=C(C)CCC(CC=C(C)CCC=1)C(C)(C)O'],"{42993, 73996}"
marts_E00593,sesq,CC(C)=CCCC(C)=CCCC(C)=CCOP([O-])(=O)OP([O-])([O-])=O,CC1(C)C2C1CCC12C(C)CCC=C1C,['CC(C)=CCCC(C)=CCCC(C)=CCOP([O-])(=O)OP([O-])([O-])=O'],['CC1(C)C2C1CCC12C(C)CCC=C1C'],set()
marts_E00593,sesq,CC(C)=CCCC(C)=CCCC(C)=CCOP([O-])(=O)OP([O-])([O-])=O,CC1(C)C2C1CCC1=CCCC(C)C12C,['CC(C)=CCCC(C)=CCCC(C)=CCOP([O-])(=O)OP([O-])([O-])=O'],['CC1(C)C2C1CCC1=CCCC(C)C12C'],{73980}
marts_E00593,sesq,CC(C)=CCCC(C)=CCCC(C)=CCOP([O-])(=O)OP([O-])([O-])=O,CC1(C)C2C1CC=C1CCCC(C)C12C,['CC(C)=CCCC(C)=CCCC(C)=CCOP([O-])(=O)OP([O-])([O-])=O'],['CC1(C)C2C1CC=C1CCCC(C)C12C'],{73964}
marts_E00594,sesq,CC(C)=CCCC(C)=CCCC(C)=CCOP([O-])(=O)OP([O-])([O-])=O,CC(C)C1CC=C(C)C2CCC(C)=CC21,['CC(C)=CCCC(C)=CCCC(C)=CCOP([O-])(=O)OP([O-])([O-])=O'],['CC(C)C1CC=C(C)C2CCC(C)=CC21'],"{33104, 53641, 69445}"
marts_E00594,sesq,CC(C)=CCCC(C)=CCCC(C)=CCOP([O-])(=O)OP([O-])([O-])=O,CC(=C)C1CCC(C)C2CCC(C)C2=C1,['CC(C)=CCCC(C)=CCCC(C)=CCOP([O-])(=O)OP([O-])([O-])=O'],['CC(=C)C1CCC(C)C2CCC(C)C2=C1'],{68401}
marts_E00594,sesq,CC(C)=CCCC(C)=CCCC(C)=CCOP([O-])(=O)OP([O-])([O-])=O,CC1=CCCC2(C)CCC(CC21)C(C)=C,['CC(C)=CCCC(C)=CCCC(C)=CCOP([O-])(=O)OP([O-])([O-])=O'],['CC1=CCCC2(C)CCC(CC21)C(C)=C'],"{30384, 31820, 47053}"
marts_E00595,sesq,CC(C)=CCCC(C)=CCCC(C)=CCOP([O-])(=O)OP([O-])([O-])=O,CC(C)C1CCC(C)=C2CCC(C)=CC21,['CC(C)=CCCC(C)=CCCC(C)=CCOP([O-])(=O)OP([O-])([O-])=O'],['CC(C)C1CCC(C)=C2CCC(C)=CC21'],"{32016, 56557, 19526}"
marts_E00595,mono,CC(C)=CCCC(C)=CCOP([O-])(=O)OP([O-])([O-])=O,CC(C)=CCC=C(C)C=C,['CC(C)=CCCC(C)=CCOP([O-])(=O)OP([O-])([O-])=O'],['CC(C)=CCC=C(C)C=C'],"{68825, 32692}"
marts_E00595,mono,CC(C)=CCCC(C)=CCOP([O-])(=O)OP([O-])([O-])=O,CC(C)=CCCC(=C)C=C,['CC(C)=CCCC(C)=CCOP([O-])(=O)OP([O-])([O-])=O'],['CC(C)=CCCC(=C)C=C'],{16966}
marts_E00595,sesq,CC(C)=CCCC(C)=CCCC(C)=CCOP([O-])(=O)OP([O-])([O-])=O,CC(C)C1CCC(C)C23CCC(=C)C2C31,['CC(C)=CCCC(C)=CCCC(C)=CCOP([O-])(=O)OP([O-])([O-])=O'],['CC(C)C1CCC(C)C23CCC(=C)C2C31'],{32020}
marts_E00595,sesq,CC(C)=CCCC(C)=CCCC(C)=CCOP([O-])(=O)OP([O-])([O-])=O,CC(C)C1CCC(C)C23CC=C(C)C2C31,['CC(C)=CCCC(C)=CCCC(C)=CCOP([O-])(=O)OP([O-])([O-])=O'],['CC(C)C1CCC(C)C23CC=C(C)C2C31'],set()
marts_E00596,sesq,CC(C)=CCCC(C)=CCCC(C)=CCOP([O-])(=O)OP([O-])([O-])=O,CC1(C)C2C1CCC12C(C)CCC=C1C,['CC(C)=CCCC(C)=CCCC(C)=CCOP([O-])(=O)OP([O-])([O-])=O'],['CC1(C)C2C1CCC12C(C)CCC=C1C'],set()
marts_E00596,sesq,CC(C)=CCCC(C)=CCCC(C)=CCOP([O-])(=O)OP([O-])([O-])=O,CC1(C)C2C1CC=C1CCCC(C)C12C,['CC(C)=CCCC(C)=CCCC(C)=CCOP([O-])(=O)OP([O-])([O-])=O'],['CC1(C)C2C1CC=C1CCCC(C)C12C'],{73964}
marts_E00596,sesq,CC(C)=CCCC(C)=CCCC(C)=CCOP([O-])(=O)OP([O-])([O-])=O,CC1(C)C2C1CCC1=CCCC(C)C12C,['CC(C)=CCCC(C)=CCCC(C)=CCOP([O-])(=O)OP([O-])([O-])=O'],['CC1(C)C2C1CCC1=CCCC(C)C12C'],{73980}
marts_E00597,sesq,CC(C)=CCCC(C)=CCCC(C)=CCOP([O-])(=O)OP([O-])([O-])=O,CC(C)C1CCC(C)=C2CCC(C)=CC21,['CC(C)=CCCC(C)=CCCC(C)=CCOP([O-])(=O)OP([O-])([O-])=O'],['CC(C)C1CCC(C)=C2CCC(C)=CC21'],"{32016, 56557, 19526}"
marts_E00597,sesq,CC(C)=CCCC(C)=CCCC(C)=CCOP([O-])(=O)OP([O-])([O-])=O,CC(C)C1CCC(C)C2(O)CCC(C)=CC21,['CC(C)=CCCC(C)=CCCC(C)=CCOP([O-])(=O)OP([O-])([O-])=O'],['CC(C)C1CCC(C)C2(O)CCC(C)=CC21'],{29480}
marts_E00598,sesq,CC(C)=CCCC(C)=CCCC(C)=CCOP([O-])(=O)OP([O-])([O-])=O,CC1CCC(CC=C(C)CCC=1)C(C)=C,['CC(C)=CCCC(C)=CCCC(C)=CCOP([O-])(=O)OP([O-])([O-])=O'],['CC1CCC(CC=C(C)CCC=1)C(C)=C'],"{68777, 25453, 12517}"
marts_E00598,sesq,CC(C)=CCCC(C)=CCCC(C)=CCOP([O-])(=O)OP([O-])([O-])=O,CC(=C)C1CC2C(=C)CCCC2(C)CC1,['CC(C)=CCCC(C)=CCCC(C)=CCOP([O-])(=O)OP([O-])([O-])=O'],['CC(=C)C1CC2C(=C)CCCC2(C)CC1'],{29484}
marts_E00598,sesq,CC(C)=CCCC(C)=CCCC(C)=CCOP([O-])(=O)OP([O-])([O-])=O,CC1=CCCC2(C)CCC(CC21)C(C)=C,['CC(C)=CCCC(C)=CCCC(C)=CCOP([O-])(=O)OP([O-])([O-])=O'],['CC1=CCCC2(C)CCC(CC21)C(C)=C'],"{30384, 31820, 47053}"
marts_E00598,mono,CC(C)=CCCC(C)=CCOP([O-])(=O)OP([O-])([O-])=O,CC(C)=CCCC(=C)C=C,['CC(C)=CCCC(C)=CCOP([O-])(=O)OP([O-])([O-])=O'],['CC(C)=CCCC(=C)C=C'],{16966}
marts_E00598,mono,CC(C)=CCCC(C)=CCOP([O-])(=O)OP([O-])([O-])=O,CC(C)C12CC=C(C)C1C2,['CC(C)=CCCC(C)=CCOP([O-])(=O)OP([O-])([O-])=O'],['CC(C)C12CC=C(C)C1C2'],{68645}
marts_E00598,mono,CC(C)=CCCC(C)=CCOP([O-])(=O)OP([O-])([O-])=O,CC1=CCC2CC1C2(C)C,['CC(C)=CCCC(C)=CCOP([O-])(=O)OP([O-])([O-])=O'],['CC1=CCC2CC1C2(C)C'],"{32576, 25489, 25663}"
marts_E00598,mono,CC(C)=CCCC(C)=CCOP([O-])(=O)OP([O-])([O-])=O,CC1(C)C2CC(CC2)C1=C,['CC(C)=CCCC(C)=CCOP([O-])(=O)OP([O-])([O-])=O'],['CC1(C)C2CC(CC2)C1=C'],"{32568, 80392, 25485}"
marts_E00598,mono,CC(C)=CCCC(C)=CCOP([O-])(=O)OP([O-])([O-])=O,CC1CCC(=CC=1)C(C)C,['CC(C)=CCCC(C)=CCOP([O-])(=O)OP([O-])([O-])=O'],['CC1CCC(=CC=1)C(C)C'],{32564}
marts_E00598,mono,CC(C)=CCCC(C)=CCOP([O-])(=O)OP([O-])([O-])=O,CC1CCC(CC=1)C(C)=C,['CC(C)=CCCC(C)=CCOP([O-])(=O)OP([O-])([O-])=O'],['CC1CCC(CC=1)C(C)=C'],"{68641, 10941, 12870}"
marts_E00598,mono,CC(C)=CCCC(C)=CCOP([O-])(=O)OP([O-])([O-])=O,CC(C)=CCC=C(C)C=C,['CC(C)=CCCC(C)=CCOP([O-])(=O)OP([O-])([O-])=O'],['CC(C)=CCC=C(C)C=C'],"{68825, 32692}"
marts_E00598,mono,CC(C)=CCCC(C)=CCOP([O-])(=O)OP([O-])([O-])=O,CC(C)=CCC=C(C)C=C,['CC(C)=CCCC(C)=CCOP([O-])(=O)OP([O-])([O-])=O'],['CC(C)=CCC=C(C)C=C'],"{68825, 32692}"
marts_E00598,mono,CC(C)=CCCC(C)=CCOP([O-])(=O)OP([O-])([O-])=O,CC1CC=C(CC=1)C(C)C,['CC(C)=CCCC(C)=CCOP([O-])(=O)OP([O-])([O-])=O'],['CC1CC=C(CC=1)C(C)C'],{32560}
marts_E00598,mono,CC(C)=CCCC(C)=CCOP([O-])(=O)OP([O-])([O-])=O,CC(C)=C1CC=C(C)CC1,['CC(C)=CCCC(C)=CCOP([O-])(=O)OP([O-])([O-])=O'],['CC(C)=C1CC=C(C)CC1'],{25501}
marts_E00598,mono,CC(C)=CCCC(C)=CCOP([O-])(=O)OP([O-])([O-])=O,CC(C)=CCCC(C)(O)C=C,['CC(C)=CCCC(C)=CCOP([O-])(=O)OP([O-])([O-])=O'],['CC(C)=CCCC(C)(O)C=C'],"{15810, 68709, 24117}"
marts_E00598,mono,CC(C)=CCCC(C)=CCOP([O-])(=O)OP([O-])([O-])=O,CC1CCC(CC=1)C(C)(C)O,['CC(C)=CCCC(C)=CCOP([O-])(=O)OP([O-])([O-])=O'],['CC1CCC(CC=1)C(C)(C)O'],"{32552, 32556}"
marts_E00598,mono,CC(C)=CCCC(C)=CCOP([O-])(=O)OP([O-])([O-])=O,CC(C)C12CC=C(C)C1C2,['CC(C)=CCCC(C)=CCOP([O-])(=O)OP([O-])([O-])=O'],['CC(C)C12CC=C(C)C1C2'],{68645}
marts_E00598,mono,CC(C)=CCCC(C)=CCOP([O-])(=O)OP([O-])([O-])=O,CC1=CCC2CC1C2(C)C,['CC(C)=CCCC(C)=CCOP([O-])(=O)OP([O-])([O-])=O'],['CC1=CCC2CC1C2(C)C'],"{32576, 25489, 25663}"
marts_E00598,mono,CC(C)=CCCC(C)=CCOP([O-])(=O)OP([O-])([O-])=O,CC1(C)C2CCC1CC2=C,['CC(C)=CCCC(C)=CCOP([O-])(=O)OP([O-])([O-])=O'],['CC1(C)C2CCC1CC2=C'],set()
marts_E00598,mono,CC(C)=CCCC(C)=CCOP([O-])(=O)OP([O-])([O-])=O,CC1(C)C2CC(CC2)C1=C,['CC(C)=CCCC(C)=CCOP([O-])(=O)OP([O-])([O-])=O'],['CC1(C)C2CC(CC2)C1=C'],"{32568, 80392, 25485}"
marts_E00598,mono,CC(C)=CCCC(C)=CCOP([O-])(=O)OP([O-])([O-])=O,CC(C)=CCCC(=C)C=C,['CC(C)=CCCC(C)=CCOP([O-])(=O)OP([O-])([O-])=O'],['CC(C)=CCCC(=C)C=C'],{16966}
marts_E00598,mono,CC(C)=CCCC(C)=CCOP([O-])(=O)OP([O-])([O-])=O,CC1CCC2C(C=1)C2(C)C,['CC(C)=CCCC(C)=CCOP([O-])(=O)OP([O-])([O-])=O'],['CC1CCC2C(C=1)C2(C)C'],set()
marts_E00598,mono,CC(C)=CCCC(C)=CCOP([O-])(=O)OP([O-])([O-])=O,CC(C)C1CC=C(C)C=C1,['CC(C)=CCCC(C)=CCOP([O-])(=O)OP([O-])([O-])=O'],['CC(C)C1CC=C(C)C=C1'],set()
marts_E00598,mono,CC(C)=CCCC(C)=CCOP([O-])(=O)OP([O-])([O-])=O,CC1CCC(=CC=1)C(C)C,['CC(C)=CCCC(C)=CCOP([O-])(=O)OP([O-])([O-])=O'],['CC1CCC(=CC=1)C(C)C'],{32564}
marts_E00598,mono,CC(C)=CCCC(C)=CCOP([O-])(=O)OP([O-])([O-])=O,CC1CCC(CC=1)C(C)=C,['CC(C)=CCCC(C)=CCOP([O-])(=O)OP([O-])([O-])=O'],['CC1CCC(CC=1)C(C)=C'],"{68641, 10941, 12870}"
marts_E00598,mono,CC(C)=CCCC(C)=CCOP([O-])(=O)OP([O-])([O-])=O,CC(C)=CCC=C(C)C=C,['CC(C)=CCCC(C)=CCOP([O-])(=O)OP([O-])([O-])=O'],['CC(C)=CCC=C(C)C=C'],"{68825, 32692}"
marts_E00598,mono,CC(C)=CCCC(C)=CCOP([O-])(=O)OP([O-])([O-])=O,CC(C)=CCC=C(C)C=C,['CC(C)=CCCC(C)=CCOP([O-])(=O)OP([O-])([O-])=O'],['CC(C)=CCC=C(C)C=C'],"{68825, 32692}"
marts_E00598,mono,CC(C)=CCCC(C)=CCOP([O-])(=O)OP([O-])([O-])=O,CC1CC=C(CC=1)C(C)C,['CC(C)=CCCC(C)=CCOP([O-])(=O)OP([O-])([O-])=O'],['CC1CC=C(CC=1)C(C)C'],{32560}
marts_E00598,mono,CC(C)=CCCC(C)=CCOP([O-])(=O)OP([O-])([O-])=O,CC(C)=C1CC=C(C)CC1,['CC(C)=CCCC(C)=CCOP([O-])(=O)OP([O-])([O-])=O'],['CC(C)=C1CC=C(C)CC1'],{25501}
marts_E00598,mono,CC(C)=CCCC(C)=CCOP([O-])(=O)OP([O-])([O-])=O,CC1CCC(CC=1)C(C)(C)O,['CC(C)=CCCC(C)=CCOP([O-])(=O)OP([O-])([O-])=O'],['CC1CCC(CC=1)C(C)(C)O'],"{32552, 32556}"
marts_E00599,sesq,CC(C)=CCCC(C)=CCCC(C)=CCOP([O-])(=O)OP([O-])([O-])=O,CC1CCC2C(CC2(C)C)C(=C)CCC=1,['CC(C)=CCCC(C)=CCCC(C)=CCOP([O-])(=O)OP([O-])([O-])=O'],['CC1CCC2C(CC2(C)C)C(=C)CCC=1'],"{31816, 34704, 28295}"
marts_E00599,sesq,CC(C)=CCCC(C)=CCCC(C)=CCOP([O-])(=O)OP([O-])([O-])=O,CC1CCC=C(C)CC=CC(C)(C)CC=1,['CC(C)=CCCC(C)=CCCC(C)=CCOP([O-])(=O)OP([O-])([O-])=O'],['CC1CCC=C(C)CC=CC(C)(C)CC=1'],"{31896, 68781}"
marts_E00599,sesq,CC(C)=CCCC(C)=CCCC(C)=CCOP([O-])(=O)OP([O-])([O-])=O,CC1CCC(C=CC(=C)CCC=1)C(C)C,['CC(C)=CCCC(C)=CCCC(C)=CCOP([O-])(=O)OP([O-])([O-])=O'],['CC1CCC(C=CC(=C)CCC=1)C(C)C'],"{12017, 30428, 68717}"
marts_E00599,sesq,CC(C)=CCCC(C)=CCCC(C)=CCOP([O-])(=O)OP([O-])([O-])=O,CC(C)C1CCC2(C)C3C1C2CC=C3C,['CC(C)=CCCC(C)=CCCC(C)=CCOP([O-])(=O)OP([O-])([O-])=O'],['CC(C)C1CCC2(C)C3C1C2CC=C3C'],{33992}
marts_E00600,sesq,CC(C)=CCCC(C)=CCCC(C)=CCOP([O-])(=O)OP([O-])([O-])=O,CC1CCC(C=CC(=C)CCC=1)C(C)C,['CC(C)=CCCC(C)=CCCC(C)=CCOP([O-])(=O)OP([O-])([O-])=O'],['CC1CCC(C=CC(=C)CCC=1)C(C)C'],"{12017, 30428, 68717}"
marts_E00600,sesq,CC(C)=CCCC(C)=CCCC(C)=CCOP([O-])(=O)OP([O-])([O-])=O,CC1CCC2C(CC2(C)C)C(=C)CCC=1,['CC(C)=CCCC(C)=CCCC(C)=CCOP([O-])(=O)OP([O-])([O-])=O'],['CC1CCC2C(CC2(C)C)C(=C)CCC=1'],"{31816, 34704, 28295}"
marts_E00601,sesq,CC(C)=CCCC(C)=CCCC(C)=CCOP([O-])(=O)OP([O-])([O-])=O,CC(C)=CC1CCC(C)C2CCC(C)=C21,['CC(C)=CCCC(C)=CCCC(C)=CCOP([O-])(=O)OP([O-])([O-])=O'],['CC(C)=CC1CCC(C)C2CCC(C)=C21'],{34468}
marts_E00601,sesq,CC(C)=CCCC(C)=CCCC(C)=CCOP([O-])(=O)OP([O-])([O-])=O,CC1CCC=C(C)CCC(=CC=1)C(C)C,['CC(C)=CCCC(C)=CCCC(C)=CCOP([O-])(=O)OP([O-])([O-])=O'],['CC1CCC=C(C)CCC(=CC=1)C(C)C'],"{68773, 28303}"
marts_E00602,sesq,CC(C)=CCCC(C)=CCCC(C)=CCOP([O-])(=O)OP([O-])([O-])=O,CC1CCC=C(C)CCC(=CC=1)C(C)C,['CC(C)=CCCC(C)=CCCC(C)=CCOP([O-])(=O)OP([O-])([O-])=O'],['CC1CCC=C(C)CCC(=CC=1)C(C)C'],"{68773, 28303}"
marts_E00602,sesq,CC(C)=CCCC(C)=CCCC(C)=CCOP([O-])(=O)OP([O-])([O-])=O,CC1CCC(CC=C(C)CCC=1)C(C)=C,['CC(C)=CCCC(C)=CCCC(C)=CCOP([O-])(=O)OP([O-])([O-])=O'],['CC1CCC(CC=C(C)CCC=1)C(C)=C'],"{68777, 25453, 12517}"
marts_E00602,sesq,CC(C)=CCCC(C)=CCCC(C)=CCOP([O-])(=O)OP([O-])([O-])=O,CC1CCC(C=CC(=C)CCC=1)C(C)C,['CC(C)=CCCC(C)=CCCC(C)=CCOP([O-])(=O)OP([O-])([O-])=O'],['CC1CCC(C=CC(=C)CCC=1)C(C)C'],"{12017, 30428, 68717}"
marts_E00602,sesq,CC(C)=CCCC(C)=CCCC(C)=CCOP([O-])(=O)OP([O-])([O-])=O,CC(C)=C1CC=C(C)CCC=C(C)CC1,['CC(C)=CCCC(C)=CCCC(C)=CCOP([O-])(=O)OP([O-])([O-])=O'],['CC(C)=C1CC=C(C)CCC=C(C)CC1'],{25445}
marts_E00603,mono,CC(C)=CCCC(C)=CCOP([O-])(=O)OP([O-])([O-])=O,CC1(O)CCC2(CC12)C(C)C,['CC(C)=CCCC(C)=CCOP([O-])(=O)OP([O-])([O-])=O'],['CC1(O)CCC2(CC12)C(C)C'],{19566}
marts_E00603,mono,CC(C)=CCCC(C)=CCOP([O-])(=O)OP([O-])([O-])=O,CC1CCC(CC=1)C(C)=C,['CC(C)=CCCC(C)=CCOP([O-])(=O)OP([O-])([O-])=O'],['CC1CCC(CC=1)C(C)=C'],"{68641, 10941, 12870}"
marts_E00603,mono,CC(C)=CCCC(C)=CCOP([O-])(=O)OP([O-])([O-])=O,CC1=CCC2CC1C2(C)C,['CC(C)=CCCC(C)=CCOP([O-])(=O)OP([O-])([O-])=O'],['CC1=CCC2CC1C2(C)C'],"{32576, 25489, 25663}"
marts_E00603,mono,CC(C)=CCCC(C)=CCOP([O-])(=O)OP([O-])([O-])=O,CC1(C)C2CC1CCC2=C,['CC(C)=CCCC(C)=CCOP([O-])(=O)OP([O-])([O-])=O'],['CC1(C)C2CC1CCC2=C'],"{25497, 25667, 32580}"
marts_E00603,mono,CC(C)=CCCC(C)=CCOP([O-])(=O)OP([O-])([O-])=O,CC1CCC(CC=1)C(C)(C)O,['CC(C)=CCCC(C)=CCOP([O-])(=O)OP([O-])([O-])=O'],['CC1CCC(CC=1)C(C)(C)O'],"{32552, 32556}"
marts_E00603,mono,CC(C)=CCCC(C)=CCOP([O-])(=O)OP([O-])([O-])=O,CC1(O)CCC2(CC12)C(C)C,['CC(C)=CCCC(C)=CCOP([O-])(=O)OP([O-])([O-])=O'],['CC1(O)CCC2(CC12)C(C)C'],{19566}
marts_E00603,mono,CC(C)=CCCC(C)=CCOP([O-])(=O)OP([O-])([O-])=O,CC(C)C12CC=C(C)C1C2,['CC(C)=CCCC(C)=CCOP([O-])(=O)OP([O-])([O-])=O'],['CC(C)C12CC=C(C)C1C2'],{68645}
marts_E00603,mono,CC(C)=CCCC(C)=CCOP([O-])(=O)OP([O-])([O-])=O,CC1(C)C2CC(CC2)C1=C,['CC(C)=CCCC(C)=CCOP([O-])(=O)OP([O-])([O-])=O'],['CC1(C)C2CC(CC2)C1=C'],"{32568, 80392, 25485}"
marts_E00603,mono,CC(C)=CCCC(C)=CCOP([O-])(=O)OP([O-])([O-])=O,CC(C)C12CCC(=C)C1C2,['CC(C)=CCCC(C)=CCOP([O-])(=O)OP([O-])([O-])=O'],['CC(C)C12CCC(=C)C1C2'],"{68637, 32548, 25509}"
marts_E00603,mono,CC(C)=CCCC(C)=CCOP([O-])(=O)OP([O-])([O-])=O,CC(C)=CCCC(=C)C=C,['CC(C)=CCCC(C)=CCOP([O-])(=O)OP([O-])([O-])=O'],['CC(C)=CCCC(=C)C=C'],{16966}
marts_E00603,mono,CC(C)=CCCC(C)=CCOP([O-])(=O)OP([O-])([O-])=O,CC(C)C1CC=C(C)C=C1,['CC(C)=CCCC(C)=CCOP([O-])(=O)OP([O-])([O-])=O'],['CC(C)C1CC=C(C)C=C1'],set()
marts_E00603,mono,CC(C)=CCCC(C)=CCOP([O-])(=O)OP([O-])([O-])=O,CC1CCC(=CC=1)C(C)C,['CC(C)=CCCC(C)=CCOP([O-])(=O)OP([O-])([O-])=O'],['CC1CCC(=CC=1)C(C)C'],{32564}
marts_E00603,mono,CC(C)=CCCC(C)=CCOP([O-])(=O)OP([O-])([O-])=O,CC1CC=C(CC=1)C(C)C,['CC(C)=CCCC(C)=CCOP([O-])(=O)OP([O-])([O-])=O'],['CC1CC=C(CC=1)C(C)C'],{32560}
marts_E00603,mono,CC(C)=CCCC(C)=CCOP([O-])(=O)OP([O-])([O-])=O,CC(C)=C1CC=C(C)CC1,['CC(C)=CCCC(C)=CCOP([O-])(=O)OP([O-])([O-])=O'],['CC(C)=C1CC=C(C)CC1'],{25501}
marts_E00603,mono,CC(C)=CCCC(C)=CCOP([O-])(=O)OP([O-])([O-])=O,CC(C)C1(O)CC=C(C)CC1,['CC(C)=CCCC(C)=CCOP([O-])(=O)OP([O-])([O-])=O'],['CC(C)C1(O)CC=C(C)CC1'],{60029}
marts_E00604,mono,CC(C)=CCCC(C)=CCOP([O-])(=O)OP([O-])([O-])=O,CC1(O)CCC2(CC12)C(C)C,['CC(C)=CCCC(C)=CCOP([O-])(=O)OP([O-])([O-])=O'],['CC1(O)CCC2(CC12)C(C)C'],{19566}
marts_E00604,mono,CC(C)=CCCC(C)=CCOP([O-])(=O)OP([O-])([O-])=O,CC1=CCC2CC1C2(C)C,['CC(C)=CCCC(C)=CCOP([O-])(=O)OP([O-])([O-])=O'],['CC1=CCC2CC1C2(C)C'],"{32576, 25489, 25663}"
marts_E00604,mono,CC(C)=CCCC(C)=CCOP([O-])(=O)OP([O-])([O-])=O,CC1(C)C2CC1CCC2=C,['CC(C)=CCCC(C)=CCOP([O-])(=O)OP([O-])([O-])=O'],['CC1(C)C2CC1CCC2=C'],"{25497, 25667, 32580}"
marts_E00604,mono,CC(C)=CCCC(C)=CCOP([O-])(=O)OP([O-])([O-])=O,CC1CCC(CC=1)C(C)(C)O,['CC(C)=CCCC(C)=CCOP([O-])(=O)OP([O-])([O-])=O'],['CC1CCC(CC=1)C(C)(C)O'],"{32552, 32556}"
marts_E00604,mono,CC(C)=CCCC(C)=CCOP([O-])(=O)OP([O-])([O-])=O,CC(C)C12CC=C(C)C1C2,['CC(C)=CCCC(C)=CCOP([O-])(=O)OP([O-])([O-])=O'],['CC(C)C12CC=C(C)C1C2'],{68645}
marts_E00604,mono,CC(C)=CCCC(C)=CCOP([O-])(=O)OP([O-])([O-])=O,CC1(C)C2CC(CC2)C1=C,['CC(C)=CCCC(C)=CCOP([O-])(=O)OP([O-])([O-])=O'],['CC1(C)C2CC(CC2)C1=C'],"{32568, 80392, 25485}"
marts_E00604,mono,CC(C)=CCCC(C)=CCOP([O-])(=O)OP([O-])([O-])=O,CC(C)C12CCC(=C)C1C2,['CC(C)=CCCC(C)=CCOP([O-])(=O)OP([O-])([O-])=O'],['CC(C)C12CCC(=C)C1C2'],"{68637, 32548, 25509}"
marts_E00604,mono,CC(C)=CCCC(C)=CCOP([O-])(=O)OP([O-])([O-])=O,CC(C)=CCCC(=C)C=C,['CC(C)=CCCC(C)=CCOP([O-])(=O)OP([O-])([O-])=O'],['CC(C)=CCCC(=C)C=C'],{16966}
marts_E00604,mono,CC(C)=CCCC(C)=CCOP([O-])(=O)OP([O-])([O-])=O,CC(C)C1CC=C(C)C=C1,['CC(C)=CCCC(C)=CCOP([O-])(=O)OP([O-])([O-])=O'],['CC(C)C1CC=C(C)C=C1'],set()
marts_E00604,mono,CC(C)=CCCC(C)=CCOP([O-])(=O)OP([O-])([O-])=O,CC1CCC(=CC=1)C(C)C,['CC(C)=CCCC(C)=CCOP([O-])(=O)OP([O-])([O-])=O'],['CC1CCC(=CC=1)C(C)C'],{32564}
marts_E00604,mono,CC(C)=CCCC(C)=CCOP([O-])(=O)OP([O-])([O-])=O,CC1CC=C(CC=1)C(C)C,['CC(C)=CCCC(C)=CCOP([O-])(=O)OP([O-])([O-])=O'],['CC1CC=C(CC=1)C(C)C'],{32560}
marts_E00604,mono,CC(C)=CCCC(C)=CCOP([O-])(=O)OP([O-])([O-])=O,CC(C)=C1CC=C(C)CC1,['CC(C)=CCCC(C)=CCOP([O-])(=O)OP([O-])([O-])=O'],['CC(C)=C1CC=C(C)CC1'],{25501}
marts_E00604,mono,CC(C)=CCCC(C)=CCOP([O-])(=O)OP([O-])([O-])=O,CC(C)C1(O)CC=C(C)CC1,['CC(C)=CCCC(C)=CCOP([O-])(=O)OP([O-])([O-])=O'],['CC(C)C1(O)CC=C(C)CC1'],{60029}
marts_E00604,mono,CC(C)=CCCC(C)=CCOP([O-])(=O)OP([O-])([O-])=O,CC1CCC(CC=1)C(C)=C,['CC(C)=CCCC(C)=CCOP([O-])(=O)OP([O-])([O-])=O'],['CC1CCC(CC=1)C(C)=C'],"{68641, 10941, 12870}"
marts_E00604,mono,CC(C)=CCCC(C)=CCOP([O-])(=O)OP([O-])([O-])=O,CC(C)=CCC=C(C)C=C,['CC(C)=CCCC(C)=CCOP([O-])(=O)OP([O-])([O-])=O'],['CC(C)=CCC=C(C)C=C'],"{68825, 32692}"
marts_E00604,mono,CC(C)=CCCC(C)=CCOP([O-])(=O)OP([O-])([O-])=O,CC1(O)CCC2(CC12)C(C)C,['CC(C)=CCCC(C)=CCOP([O-])(=O)OP([O-])([O-])=O'],['CC1(O)CCC2(CC12)C(C)C'],{19566}
marts_E00605,pt,CC(C)=CCOP([O-])(=O)OP([O-])([O-])=O.CC(=C)CCOP([O-])(=O)OP([O-])([O-])=O,CC(C)=CCCC(C)=CCCC(C)=CCCC(C)=CCCC(C)=CCCC(C)=CCOP([O-])(=O)OP([O-])([O-])=O,"['CC(C)=CCOP([O-])(=O)OP([O-])([O-])=O', 'CC(=C)CCOP([O-])(=O)OP([O-])([O-])=O']",['CC(C)=CCCC(C)=CCCC(C)=CCCC(C)=CCCC(C)=CCCC(C)=CCOP([O-])(=O)OP([O-])([O-])=O'],{77976}
marts_E00605,pt,CC(C)=CCCC(C)=CCCC(C)=CCOP([O-])(=O)OP([O-])([O-])=O.CC(=C)CCOP([O-])(=O)OP([O-])([O-])=O,CC(C)=CCCC(C)=CCCC(C)=CCCC(C)=CCCC(C)=CCCC(C)=CCOP([O-])(=O)OP([O-])([O-])=O,"['CC(C)=CCCC(C)=CCCC(C)=CCOP([O-])(=O)OP([O-])([O-])=O', 'CC(=C)CCOP([O-])(=O)OP([O-])([O-])=O']",['CC(C)=CCCC(C)=CCCC(C)=CCCC(C)=CCCC(C)=CCCC(C)=CCOP([O-])(=O)OP([O-])([O-])=O'],{27560}
marts_E00605,tri,CC(C)=CCCC(C)=CCCC(C)=CCCC(C)=CCCC(C)=CCCC(C)=CCOP([O-])(=O)OP([O-])([O-])=O,CC(C)=CCCC(C)=CCCC(C)C1=CCC2(C)CC=C(C)CCC=C(C)CCC21,['CC(C)=CCCC(C)=CCCC(C)=CCCC(C)=CCCC(C)=CCCC(C)=CCOP([O-])(=O)OP([O-])([O-])=O'],['CC(C)=CCCC(C)=CCCC(C)C1=CCC2(C)CC=C(C)CCC=C(C)CCC21'],{77972}
marts_E00608,sesq,CC(C)=CCCC(C)=CCCC(C)=CCOP([O-])(=O)OP([O-])([O-])=O,CC1CCC=C(C)CC=CC(C)(C)CC=1,['CC(C)=CCCC(C)=CCCC(C)=CCOP([O-])(=O)OP([O-])([O-])=O'],['CC1CCC=C(C)CC=CC(C)(C)CC=1'],"{31896, 68781}"
marts_E00608,sesq,CC(C)=CCCC(C)=CCCC(C)=CCOP([O-])(=O)OP([O-])([O-])=O,CC1CCC2C(CC2(C)C)C(=C)CCC=1,['CC(C)=CCCC(C)=CCCC(C)=CCOP([O-])(=O)OP([O-])([O-])=O'],['CC1CCC2C(CC2(C)C)C(=C)CCC=1'],"{31816, 34704, 28295}"
marts_E00608,sesq,CC(C)=CCCC(C)=CCCC(C)=CCOP([O-])(=O)OP([O-])([O-])=O,CC1CCC=C(C)CCC(=CC=1)C(C)C,['CC(C)=CCCC(C)=CCCC(C)=CCOP([O-])(=O)OP([O-])([O-])=O'],['CC1CCC=C(C)CCC(=CC=1)C(C)C'],"{68773, 28303}"
marts_E00609,sesq,CC(C)=CCCC(C)=CCCC(C)=CCOP([O-])(=O)OP([O-])([O-])=O,CC1CCC2C(CC2(C)C)C(=C)CCC=1,['CC(C)=CCCC(C)=CCCC(C)=CCOP([O-])(=O)OP([O-])([O-])=O'],['CC1CCC2C(CC2(C)C)C(=C)CCC=1'],"{31816, 34704, 28295}"
marts_E00609,sesq,CC(C)=CCCC(C)=CCCC(C)=CCOP([O-])(=O)OP([O-])([O-])=O,CC1CCC=C(C)CC=CC(C)(C)CC=1,['CC(C)=CCCC(C)=CCCC(C)=CCOP([O-])(=O)OP([O-])([O-])=O'],['CC1CCC=C(C)CC=CC(C)(C)CC=1'],"{31896, 68781}"
marts_E00610,tri,CC(C)=CCCC(C)=CCCC(C)=CCCC=C(C)CCC=C(C)CCC1OC1(C)C,CC1(C)C(O)CCC2C1=CCC1C2(C)CCC2(C)C(CCC21C)C(C)CCC=C(C)C,['CC(C)=CCCC(C)=CCCC(C)=CCCC=C(C)CCC=C(C)CCC1OC1(C)C'],['CC1(C)C(O)CCC2C1=CCC1C2(C)CCC2(C)C(CCC21C)C(C)CCC=C(C)C'],{31000}
marts_E00611,sesq,CC(C)=CCCC(C)=CCCC(C)=CCOP([O-])(=O)OP([O-])([O-])=O,CC(C)C1CCC(C)=CCCC(C)=CC1O,['CC(C)=CCCC(C)=CCCC(C)=CCOP([O-])(=O)OP([O-])([O-])=O'],['CC(C)C1CCC(C)=CCCC(C)=CC1O'],"{36064, 12193}"
marts_E00611,sesq,CC(C)=CCCC(C)=CCCC(C)=CCOP([O-])(=O)OP([O-])([O-])=O,CC1CCC(C=CC(=C)CCC=1)C(C)C,['CC(C)=CCCC(C)=CCCC(C)=CCOP([O-])(=O)OP([O-])([O-])=O'],['CC1CCC(C=CC(=C)CCC=1)C(C)C'],"{12017, 30428, 68717}"
marts_E00611,sesq,CC(C)=CCCC(C)=CCCC(C)=CCOP([O-])(=O)OP([O-])([O-])=O,CC1CCC=C(C)CCC2C(C=1)C2(C)C,['CC(C)=CCCC(C)=CCCC(C)=CCOP([O-])(=O)OP([O-])([O-])=O'],['CC1CCC=C(C)CCC2C(C=1)C2(C)C'],{32000}
marts_E00611,sesq,CC(C)=CCCC(C)=CCCC(C)=CCOP([O-])(=O)OP([O-])([O-])=O,CC(C)C1CC=C(C)CCCC(C)=CC1O,['CC(C)=CCCC(C)=CCCC(C)=CCOP([O-])(=O)OP([O-])([O-])=O'],['CC(C)C1CC=C(C)CCCC(C)=CC1O'],set()
marts_E00612,sesq,CC(C)=CCCC(C)=CCCC(C)=CCOP([O-])(=O)OP([O-])([O-])=O,CC(C)C1CCC(C)=C2CCC(C)=CC21,['CC(C)=CCCC(C)=CCCC(C)=CCOP([O-])(=O)OP([O-])([O-])=O'],['CC(C)C1CCC(C)=C2CCC(C)=CC21'],"{32016, 56557, 19526}"
marts_E00613,pt,CC(C)=CCOP([O-])(=O)OP([O-])([O-])=O.CC(=C)CCOP([O-])(=O)OP([O-])([O-])=O,CC(C)=CCCC(C)=CCCC(C)=CCCC(C)=CCCC(C)=CCCC(C)=CCOP([O-])(=O)OP([O-])([O-])=O,"['CC(C)=CCOP([O-])(=O)OP([O-])([O-])=O', 'CC(=C)CCOP([O-])(=O)OP([O-])([O-])=O']",['CC(C)=CCCC(C)=CCCC(C)=CCCC(C)=CCCC(C)=CCCC(C)=CCOP([O-])(=O)OP([O-])([O-])=O'],{77976}
marts_E00613,pt,CC(C)=CCCC(C)=CCOP([O-])(=O)OP([O-])([O-])=O.CC(=C)CCOP([O-])(=O)OP([O-])([O-])=O,CC(C)=CCCC(C)=CCCC(C)=CCCC(C)=CCCC(C)=CCCC(C)=CCOP([O-])(=O)OP([O-])([O-])=O,"['CC(C)=CCCC(C)=CCOP([O-])(=O)OP([O-])([O-])=O', 'CC(=C)CCOP([O-])(=O)OP([O-])([O-])=O']",['CC(C)=CCCC(C)=CCCC(C)=CCCC(C)=CCCC(C)=CCCC(C)=CCOP([O-])(=O)OP([O-])([O-])=O'],set()
marts_E00613,pt,CC(C)=CCCC(C)=CCCC(C)=CCOP([O-])(=O)OP([O-])([O-])=O.CC(=C)CCOP([O-])(=O)OP([O-])([O-])=O,CC(C)=CCCC(C)=CCCC(C)=CCCC(C)=CCCC(C)=CCCC(C)=CCOP([O-])(=O)OP([O-])([O-])=O,"['CC(C)=CCCC(C)=CCCC(C)=CCOP([O-])(=O)OP([O-])([O-])=O', 'CC(=C)CCOP([O-])(=O)OP([O-])([O-])=O']",['CC(C)=CCCC(C)=CCCC(C)=CCCC(C)=CCCC(C)=CCCC(C)=CCOP([O-])(=O)OP([O-])([O-])=O'],{27560}
marts_E00613,pt,CC(C)=CCCC(C)=CCCC(C)=CCCC(C)=CCOP([O-])(=O)OP([O-])([O-])=O.CC(=C)CCOP([O-])(=O)OP([O-])([O-])=O,CC(C)=CCCC(C)=CCCC(C)=CCCC(C)=CCCC(C)=CCCC(C)=CCOP([O-])(=O)OP([O-])([O-])=O,"['CC(C)=CCCC(C)=CCCC(C)=CCCC(C)=CCOP([O-])(=O)OP([O-])([O-])=O', 'CC(=C)CCOP([O-])(=O)OP([O-])([O-])=O']",['CC(C)=CCCC(C)=CCCC(C)=CCCC(C)=CCCC(C)=CCCC(C)=CCOP([O-])(=O)OP([O-])([O-])=O'],{27556}
marts_E00613,tri,CC(C)=CCCC(C)=CCCC(C)=CCCC(C)=CCCC(C)=CCCC(C)=CCOP([O-])(=O)OP([O-])([O-])=O,CC1CCC2C(C=C(C)CCC=C(C)CCC=C(C)CCC=C(C)CCC=1)C2(C)C,['CC(C)=CCCC(C)=CCCC(C)=CCCC(C)=CCCC(C)=CCCC(C)=CCOP([O-])(=O)OP([O-])([O-])=O'],['CC1CCC2C(C=C(C)CCC=C(C)CCC=C(C)CCC=C(C)CCC=1)C2(C)C'],{77968}
marts_E00614,sesq,CC(C)=CCCC(C)=CCCC(C)=CCOP([O-])(=O)OP([O-])([O-])=O,CC1CCC2C(CC2(C)C)C(=C)CCC=1,['CC(C)=CCCC(C)=CCCC(C)=CCOP([O-])(=O)OP([O-])([O-])=O'],['CC1CCC2C(CC2(C)C)C(=C)CCC=1'],"{31816, 34704, 28295}"
marts_E00615,sesq,CC(C)=CCCC(C)=CCCC(C)=CCOP([O-])(=O)OP([O-])([O-])=O,CC1CCC=C(C)CCC(=CC=1)C(C)C,['CC(C)=CCCC(C)=CCCC(C)=CCOP([O-])(=O)OP([O-])([O-])=O'],['CC1CCC=C(C)CCC(=CC=1)C(C)C'],"{68773, 28303}"
marts_E00615,sesq,CC(C)=CCCC(C)=CCCC(C)=CCOP([O-])(=O)OP([O-])([O-])=O,CC1CCC(C=CC(=C)CCC=1)C(C)C,['CC(C)=CCCC(C)=CCCC(C)=CCOP([O-])(=O)OP([O-])([O-])=O'],['CC1CCC(C=CC(=C)CCC=1)C(C)C'],"{12017, 30428, 68717}"
marts_E00615,sesq,CC(C)=CCCC(C)=CCCC(C)=CCOP([O-])(=O)OP([O-])([O-])=O,CC(C)=C1CC=C(C)CCC=C(C)CC1,['CC(C)=CCCC(C)=CCCC(C)=CCOP([O-])(=O)OP([O-])([O-])=O'],['CC(C)=C1CC=C(C)CCC=C(C)CC1'],{25445}
marts_E00616,sesq,CC(C)=CCCC(C)=CCCC(C)=CCOP([O-])(=O)OP([O-])([O-])=O,CC(C)=CC1CCC(C)C2CCC(C)=C21,['CC(C)=CCCC(C)=CCCC(C)=CCOP([O-])(=O)OP([O-])([O-])=O'],['CC(C)=CC1CCC(C)C2CCC(C)=C21'],{34468}
marts_E00616,sesq,CC(C)=CCCC(C)=CCCC(C)=CCOP([O-])(=O)OP([O-])([O-])=O,CC1CCC=C(C)CCC2C(C=1)C2(C)C,['CC(C)=CCCC(C)=CCCC(C)=CCOP([O-])(=O)OP([O-])([O-])=O'],['CC1CCC=C(C)CCC2C(C=1)C2(C)C'],{32000}
marts_E00616,sesq,CC(C)=CCCC(C)=CCCC(C)=CCOP([O-])(=O)OP([O-])([O-])=O,CC1CCC2C1C1C(CCC2=C)C1(C)C,['CC(C)=CCCC(C)=CCCC(C)=CCOP([O-])(=O)OP([O-])([O-])=O'],['CC1CCC2C1C1C(CCC2=C)C1(C)C'],{67401}
marts_E00617,di,CC(C)=CCCC(C)=CCCC(C)=CCCC(C)=CCOP([O-])(=O)OP([O-])([O-])=O,CC1(C)CCCC2(C)C1CCC(=C)C2CCC(C)=CCOP([O-])(=O)OP([O-])([O-])=O,['CC(C)=CCCC(C)=CCCC(C)=CCCC(C)=CCOP([O-])(=O)OP([O-])([O-])=O'],['CC1(C)CCCC2(C)C1CCC(=C)C2CCC(C)=CCOP([O-])(=O)OP([O-])([O-])=O'],"{14842, 24317, 25525}"
marts_E00618,sesq,CC(C)=CCCC(C)=CCCC(C)=CCOP([O-])(=O)OP([O-])([O-])=O,CC(C)C1CCC2(C)C3C1C2CC=C3C,['CC(C)=CCCC(C)=CCCC(C)=CCOP([O-])(=O)OP([O-])([O-])=O'],['CC(C)C1CCC2(C)C3C1C2CC=C3C'],{33992}
marts_E00618,sesq,CC(C)=CCCC(C)=CCCC(C)=CCOP([O-])(=O)OP([O-])([O-])=O,CC1CCC2C(C=1)C(CCC2=C)C(C)C,['CC(C)=CCCC(C)=CCCC(C)=CCOP([O-])(=O)OP([O-])([O-])=O'],['CC1CCC2C(C=1)C(CCC2=C)C(C)C'],"{28640, 68849, 31828, 33108}"
marts_E00618,sesq,CC(C)=CCCC(C)=CCCC(C)=CCOP([O-])(=O)OP([O-])([O-])=O,CC(C)C1CCC(C)=C2CCC(C)=CC21,['CC(C)=CCCC(C)=CCCC(C)=CCOP([O-])(=O)OP([O-])([O-])=O'],['CC(C)C1CCC(C)=C2CCC(C)=CC21'],"{32016, 56557, 19526}"
marts_E00618,sesq,CC(C)=CCCC(C)=CCCC(C)=CCOP([O-])(=O)OP([O-])([O-])=O,CC(C)=CCCC(C)=CCCC(C)(O)C=C,['CC(C)=CCCC(C)=CCCC(C)=CCOP([O-])(=O)OP([O-])([O-])=O'],['CC(C)=CCCC(C)=CCCC(C)(O)C=C'],"{68833, 27531, 27535, 68821, 56985}"
marts_E00618,sesq,CC(C)=CCCC(C)=CCCC(C)=CCOP([O-])(=O)OP([O-])([O-])=O,CC1CCC(CC=C(C)CCC=1)C(C)=C,['CC(C)=CCCC(C)=CCCC(C)=CCOP([O-])(=O)OP([O-])([O-])=O'],['CC1CCC(CC=C(C)CCC=1)C(C)=C'],"{68777, 25453, 12517}"
marts_E00619,sesq,CC(C)=CCCC(C)=CCCC(C)=CCOP([O-])(=O)OP([O-])([O-])=O,CC1CCC2C(CC2(C)C)C(=C)CCC=1,['CC(C)=CCCC(C)=CCCC(C)=CCOP([O-])(=O)OP([O-])([O-])=O'],['CC1CCC2C(CC2(C)C)C(=C)CCC=1'],"{31816, 34704, 28295}"
marts_E00620,di,CC(C)=CCCC(C)=CCCC(C)=CCCC(C)=CCOP([O-])(=O)OP([O-])([O-])=O,CC1(C)CCCC2(C)C1CCC(=C)C2CCC(C)=CCOP([O-])(=O)OP([O-])([O-])=O,['CC(C)=CCCC(C)=CCCC(C)=CCCC(C)=CCOP([O-])(=O)OP([O-])([O-])=O'],['CC1(C)CCCC2(C)C1CCC(=C)C2CCC(C)=CCOP([O-])(=O)OP([O-])([O-])=O'],"{14842, 24317, 25525}"
marts_E00621,sesq,CC(C)=CCCC(C)=CCCC(C)=CCOP([O-])(=O)OP([O-])([O-])=O,CC(C)=CCCC1(C)C2CC1CC=C2C,['CC(C)=CCCC(C)=CCCC(C)=CCOP([O-])(=O)OP([O-])([O-])=O'],['CC(C)=CCCC1(C)C2CC1CC=C2C'],"{30472, 31428}"
marts_E00622,sesq,CC(C)=CCCC(C)=CCCC(C)=CCOP([O-])(=O)OP([O-])([O-])=O,CC(C)C1CCC2(C)C3C1C2CC=C3C,['CC(C)=CCCC(C)=CCCC(C)=CCOP([O-])(=O)OP([O-])([O-])=O'],['CC(C)C1CCC2(C)C3C1C2CC=C3C'],{33992}
marts_E00622,sesq,CC(C)=CCCC(C)=CCCC(C)=CCOP([O-])(=O)OP([O-])([O-])=O,CC(C)C1CCC(C)=C2CCC(C)=CC21,['CC(C)=CCCC(C)=CCCC(C)=CCOP([O-])(=O)OP([O-])([O-])=O'],['CC(C)C1CCC(C)=C2CCC(C)=CC21'],"{32016, 56557, 19526}"
marts_E00623,sesq,CC(C)=CCCC(C)=CCCC(C)=CCOP([O-])(=O)OP([O-])([O-])=O,CC1CCC=C(C)CCC2C(C=1)C2(C)C,['CC(C)=CCCC(C)=CCCC(C)=CCOP([O-])(=O)OP([O-])([O-])=O'],['CC1CCC=C(C)CCC2C(C=1)C2(C)C'],{32000}
marts_E00624,sesq,CC(C)=CCCC(C)=CCCC(C)=CCOP([O-])(=O)OP([O-])([O-])=O,CC1CCC2C(CC2(C)C)C(=C)CCC=1,['CC(C)=CCCC(C)=CCCC(C)=CCOP([O-])(=O)OP([O-])([O-])=O'],['CC1CCC2C(CC2(C)C)C(=C)CCC=1'],"{31816, 34704, 28295}"
marts_E00625,sesq,CC(C)=CCCC(C)=CCCC(C)=CCOP([O-])(=O)OP([O-])([O-])=O,CC(C)=CCCC(C)(O)C1CC=C(C)CC1,['CC(C)=CCCC(C)=CCCC(C)=CCOP([O-])(=O)OP([O-])([O-])=O'],['CC(C)=CCCC(C)(O)C1CC=C(C)CC1'],{34504}
marts_E00626,pt,CC(C)=CCCC(C)=CCOP([O-])(=O)OP([O-])([O-])=O.CC(=C)CCOP([O-])(=O)OP([O-])([O-])=O,CC(C)=CCCC(C)=CCCC(C)=CCOP([O-])(=O)OP([O-])([O-])=O,"['CC(C)=CCCC(C)=CCOP([O-])(=O)OP([O-])([O-])=O', 'CC(=C)CCOP([O-])(=O)OP([O-])([O-])=O']",['CC(C)=CCCC(C)=CCCC(C)=CCOP([O-])(=O)OP([O-])([O-])=O'],"{19362, 64573, 23301}"
marts_E00626,pt,CC(C)=CCOP([O-])(=O)OP([O-])([O-])=O.CC(=C)CCOP([O-])(=O)OP([O-])([O-])=O,CC(C)=CCCC(C)=CCOP([O-])(=O)OP([O-])([O-])=O,"['CC(C)=CCOP([O-])(=O)OP([O-])([O-])=O', 'CC(=C)CCOP([O-])(=O)OP([O-])([O-])=O']",['CC(C)=CCCC(C)=CCOP([O-])(=O)OP([O-])([O-])=O'],"{11329, 22409}"
marts_E00626,pt,CC(C)=CCCC(C)=CCOP([O-])(=O)OP([O-])([O-])=O.CC(C)=CCCC(C)=CCCC(C)=CCOP([O-])(=O)OP([O-])([O-])=O,CC(C)=CCCC(C)=CCCC(C)=CCCC(C)=CCOP([O-])(=O)OP([O-])([O-])=O,"['CC(C)=CCCC(C)=CCOP([O-])(=O)OP([O-])([O-])=O', 'CC(C)=CCCC(C)=CCCC(C)=CCOP([O-])(=O)OP([O-])([O-])=O']",['CC(C)=CCCC(C)=CCCC(C)=CCCC(C)=CCOP([O-])(=O)OP([O-])([O-])=O'],set()
marts_E00627,sesq,CC(C)=CCCC(C)=CCCC(C)=CCOP([O-])(=O)OP([O-])([O-])=O,CC(C)=CCCC(C)C1CC=C(C)C=C1,['CC(C)=CCCC(C)=CCCC(C)=CCOP([O-])(=O)OP([O-])([O-])=O'],['CC(C)=CCCC(C)C1CC=C(C)C=C1'],"{35748, 28644}"
marts_E00627,sesq,CC(C)=CCCC(C)=CCCC(C)=CCOP([O-])(=O)OP([O-])([O-])=O,CC(C)=CCCC(C)C1CCC(=C)C=C1,['CC(C)=CCCC(C)=CCCC(C)=CCOP([O-])(=O)OP([O-])([O-])=O'],['CC(C)=CCCC(C)C1CCC(=C)C=C1'],{32700}
marts_E00627,sesq,CC(C)=CCCC(C)=CCCC(C)=CCOP([O-])(=O)OP([O-])([O-])=O,CC(C)=CCCC(=C)C1CC=C(C)CC1,['CC(C)=CCCC(C)=CCCC(C)=CCOP([O-])(=O)OP([O-])([O-])=O'],['CC(C)=CCCC(=C)C1CC=C(C)CC1'],"{68813, 68529, 28267, 68525}"
marts_E00627,sesq,CC(C)=CCCC(C)=CCCC(C)=CCOP([O-])(=O)OP([O-])([O-])=O,CC(C)=CCCC(C)=CCCC(=C)C=C,['CC(C)=CCCC(C)=CCCC(C)=CCOP([O-])(=O)OP([O-])([O-])=O'],['CC(C)=CCCC(C)=CCCC(=C)C=C'],"{68545, 27426, 68857, 68505, 68509}"
marts_E00628,sesq,CC(C)=CCCC(C)=CCCC(C)=CCOP([O-])(=O)OP([O-])([O-])=O,CC1C(CO)CCC(C)C2CC(C)(C)CC=12,['CC(C)=CCCC(C)=CCCC(C)=CCOP([O-])(=O)OP([O-])([O-])=O'],['CC1C(CO)CCC(C)C2CC(C)(C)CC=12'],set()
marts_E00629,sesq,CC(C)=CCCC(C)=CCCC(C)=CCOP([O-])(=O)OP([O-])([O-])=O,CC1CCC2C(CC2(C)C)C(=C)CCC=1,['CC(C)=CCCC(C)=CCCC(C)=CCOP([O-])(=O)OP([O-])([O-])=O'],['CC1CCC2C(CC2(C)C)C(=C)CCC=1'],"{31816, 34704, 28295}"
marts_E00629,sesq,CC(C)=CCCC(C)=CCCC(C)=CCOP([O-])(=O)OP([O-])([O-])=O,CC1CCC=C(C)CC=CC(C)(C)CC=1,['CC(C)=CCCC(C)=CCCC(C)=CCOP([O-])(=O)OP([O-])([O-])=O'],['CC1CCC=C(C)CC=CC(C)(C)CC=1'],"{31896, 68781}"
marts_E00629,sesq,CC(C)=CCCC(C)=CCCC(C)=CCOP([O-])(=O)OP([O-])([O-])=O,CC1CCC(C=CC(=C)CCC=1)C(C)C,['CC(C)=CCCC(C)=CCCC(C)=CCOP([O-])(=O)OP([O-])([O-])=O'],['CC1CCC(C=CC(=C)CCC=1)C(C)C'],"{12017, 30428, 68717}"
marts_E00629,sesq,CC(C)=CCCC(C)=CCCC(C)=CCOP([O-])(=O)OP([O-])([O-])=O,CC1=CCCC2(C)CCC(CC21)C(C)=C,['CC(C)=CCCC(C)=CCCC(C)=CCOP([O-])(=O)OP([O-])([O-])=O'],['CC1=CCCC2(C)CCC(CC21)C(C)=C'],"{30384, 31820, 47053}"
marts_E00629,sesq,CC(C)=CCCC(C)=CCCC(C)=CCOP([O-])(=O)OP([O-])([O-])=O,CC(C)C1CCC(C)=C2CCC(C)=CC21,['CC(C)=CCCC(C)=CCCC(C)=CCOP([O-])(=O)OP([O-])([O-])=O'],['CC(C)C1CCC(C)=C2CCC(C)=CC21'],"{32016, 56557, 19526}"
marts_E00629,sesq,CC(C)=CCCC(C)=CCCC(C)=CCOP([O-])(=O)OP([O-])([O-])=O,CC1CCC(CC=C(C)CCC=1)C(C)=C,['CC(C)=CCCC(C)=CCCC(C)=CCOP([O-])(=O)OP([O-])([O-])=O'],['CC1CCC(CC=C(C)CCC=1)C(C)=C'],"{68777, 25453, 12517}"
marts_E00630,mono,CC(C)=CCCC(C)=CCOP([O-])(=O)OP([O-])([O-])=O,CC1CCC(CC=1)C(C)=C,['CC(C)=CCCC(C)=CCOP([O-])(=O)OP([O-])([O-])=O'],['CC1CCC(CC=1)C(C)=C'],"{68641, 10941, 12870}"
marts_E00630,mono,CC(C)=CCCC(C)=CCOP([O-])(=O)OP([O-])([O-])=O,CC(C)=CCCC(=C)C=C,['CC(C)=CCCC(C)=CCOP([O-])(=O)OP([O-])([O-])=O'],['CC(C)=CCCC(=C)C=C'],{16966}
marts_E00630,mono,CC(C)=CCCC(C)=CCOP([O-])(=O)OP([O-])([O-])=O,CC(C)=C1CC=C(C)CC1,['CC(C)=CCCC(C)=CCOP([O-])(=O)OP([O-])([O-])=O'],['CC(C)=C1CC=C(C)CC1'],{25501}
marts_E00630,mono,CC(C)=CCCC(C)=CCOP([O-])(=O)OP([O-])([O-])=O,CC1=CCC2CC1C2(C)C,['CC(C)=CCCC(C)=CCOP([O-])(=O)OP([O-])([O-])=O'],['CC1=CCC2CC1C2(C)C'],"{32576, 25489, 25663}"
marts_E00631,sesq,CC(C)=CCCC(C)=CCCC(C)=CCOP([O-])(=O)OP([O-])([O-])=O,CC(C)=CCCC(C)C1CCC(=C)C=C1,['CC(C)=CCCC(C)=CCCC(C)=CCOP([O-])(=O)OP([O-])([O-])=O'],['CC(C)=CCCC(C)C1CCC(=C)C=C1'],{32700}
marts_E00631,sesq,CC(C)=CCCC(C)=CCCC(C)=CCOP([O-])(=O)OP([O-])([O-])=O,CC(C)=CCCC1(C)C2CC1CC=C2C,['CC(C)=CCCC(C)=CCCC(C)=CCOP([O-])(=O)OP([O-])([O-])=O'],['CC(C)=CCCC1(C)C2CC1CC=C2C'],"{30472, 31428}"
marts_E00631,sesq,CC(C)=CCCC(C)=CCCC(C)=CCOP([O-])(=O)OP([O-])([O-])=O,CC(C)=CCCC(C)=CCCC(=C)C=C,['CC(C)=CCCC(C)=CCCC(C)=CCOP([O-])(=O)OP([O-])([O-])=O'],['CC(C)=CCCC(C)=CCCC(=C)C=C'],"{68545, 27426, 68857, 68505, 68509}"
marts_E00631,sesq,CC(C)=CCCC(C)=CCCC(C)=CCOP([O-])(=O)OP([O-])([O-])=O,CC(C)=CCCC(C)=CCCC(=C)C=C,['CC(C)=CCCC(C)=CCCC(C)=CCOP([O-])(=O)OP([O-])([O-])=O'],['CC(C)=CCCC(C)=CCCC(=C)C=C'],"{68545, 27426, 68857, 68505, 68509}"
marts_E00631,sesq,CC(C)=CCCC(C)=CCCC(C)=CCOP([O-])(=O)OP([O-])([O-])=O,CC(C)=CCCC(C)C1CC=C(C)C=C1,['CC(C)=CCCC(C)=CCCC(C)=CCOP([O-])(=O)OP([O-])([O-])=O'],['CC(C)=CCCC(C)C1CC=C(C)C=C1'],"{35748, 28644}"
marts_E00631,sesq,CC(C)=CCCC(C)=CCCC(C)=CCOP([O-])(=O)OP([O-])([O-])=O,CC(C)=CCCC(C)=CCCC(C)(O)C=C,['CC(C)=CCCC(C)=CCCC(C)=CCOP([O-])(=O)OP([O-])([O-])=O'],['CC(C)=CCCC(C)=CCCC(C)(O)C=C'],"{68833, 27531, 27535, 68821, 56985}"
marts_E00632,mono,CC(C)=CCCC(C)=CCOP([O-])(=O)OP([O-])([O-])=O,CC(C)=CCC=C(C)C=C,['CC(C)=CCCC(C)=CCOP([O-])(=O)OP([O-])([O-])=O'],['CC(C)=CCC=C(C)C=C'],"{68825, 32692}"
marts_E00632,mono,CC(C)=CCCC(C)=CCOP([O-])(=O)OP([O-])([O-])=O,CC(C)=CCC=C(C)C=C,['CC(C)=CCCC(C)=CCOP([O-])(=O)OP([O-])([O-])=O'],['CC(C)=CCC=C(C)C=C'],"{68825, 32692}"
marts_E00633,sesq,CC(C)=CCCC(C)=CCCC(C)=CCOP([O-])(=O)OP([O-])([O-])=O,CC1CCC2C(CC2(C)C)C(=C)CCC=1,['CC(C)=CCCC(C)=CCCC(C)=CCOP([O-])(=O)OP([O-])([O-])=O'],['CC1CCC2C(CC2(C)C)C(=C)CCC=1'],"{31816, 34704, 28295}"
marts_E00633,sesq,CC(C)=CCCC(C)=CCCC(C)=CCOP([O-])(=O)OP([O-])([O-])=O,CC1CCC=C(C)CC=CC(C)(C)CC=1,['CC(C)=CCCC(C)=CCCC(C)=CCOP([O-])(=O)OP([O-])([O-])=O'],['CC1CCC=C(C)CC=CC(C)(C)CC=1'],"{31896, 68781}"
marts_E00634,sesq,CC(C)=CCCC(C)=CCCC(C)=CCOP([O-])(=O)OP([O-])([O-])=O,CC12CCC(C)C31CCCC3(C)C=C2C,['CC(C)=CCCC(C)=CCCC(C)=CCOP([O-])(=O)OP([O-])([O-])=O'],['CC12CCC(C)C31CCCC3(C)C=C2C'],{34700}
marts_E00634,sesq,CC(C)=CCCC(C)=CCCC(C)=CCOP([O-])(=O)OP([O-])([O-])=O,CC12CC(=C)C3(C)CCC(C)C13CCC2,['CC(C)=CCCC(C)=CCCC(C)=CCOP([O-])(=O)OP([O-])([O-])=O'],['CC12CC(=C)C3(C)CCC(C)C13CCC2'],set()
marts_E00634,sesq,CC(C)=CCCC(C)=CCCC(C)=CCOP([O-])(=O)OP([O-])([O-])=O,CC1(C)CC2(C)CC=CC32C1CCC3C,['CC(C)=CCCC(C)=CCCC(C)=CCOP([O-])(=O)OP([O-])([O-])=O'],['CC1(C)CC2(C)CC=CC32C1CCC3C'],{78656}
marts_E00634,sesq,CC(C)=CCCC(C)=CCCC(C)=CCOP([O-])(=O)OP([O-])([O-])=O,CC1(C)C=C(C)C23CCCC12CCC3C,['CC(C)=CCCC(C)=CCCC(C)=CCOP([O-])(=O)OP([O-])([O-])=O'],['CC1(C)C=C(C)C23CCCC12CCC3C'],set()
marts_E00634,sesq,CC(C)=CCCC(C)=CCCC(C)=CCOP([O-])(=O)OP([O-])([O-])=O,CC1CCC=C(C)CC=CC(C)(C)CC=1,['CC(C)=CCCC(C)=CCCC(C)=CCOP([O-])(=O)OP([O-])([O-])=O'],['CC1CCC=C(C)CC=CC(C)(C)CC=1'],"{31896, 68781}"
marts_E00634,sesq,CC(C)=CCCC(C)=CCCC(C)=CCOP([O-])(=O)OP([O-])([O-])=O,CC1CCC2C(CC2(C)C)C(=C)CCC=1,['CC(C)=CCCC(C)=CCCC(C)=CCOP([O-])(=O)OP([O-])([O-])=O'],['CC1CCC2C(CC2(C)C)C(=C)CCC=1'],"{31816, 34704, 28295}"
marts_E00635,sesq,CC(C)=CCCC(C)=CCCC(C)=CCOP([O-])(=O)OP([O-])([O-])=O,CC1CCC(CC=C(C)CCC=1)C(C)=C,['CC(C)=CCCC(C)=CCCC(C)=CCOP([O-])(=O)OP([O-])([O-])=O'],['CC1CCC(CC=C(C)CCC=1)C(C)=C'],"{68777, 25453, 12517}"
marts_E00636,sesq,CC(C)=CCCC(C)=CCCC(C)=CCOP([O-])(=O)OP([O-])([O-])=O,CC1CCC(C=CC(=C)CCC=1)C(C)C,['CC(C)=CCCC(C)=CCCC(C)=CCOP([O-])(=O)OP([O-])([O-])=O'],['CC1CCC(C=CC(=C)CCC=1)C(C)C'],"{12017, 30428, 68717}"
marts_E00637,mono,CC(C)=CCCC(C)=CCOP([O-])(=O)OP([O-])([O-])=O,CC1(C)OC2(C)CCC1CC2,['CC(C)=CCCC(C)=CCOP([O-])(=O)OP([O-])([O-])=O'],['CC1(C)OC2(C)CCC1CC2'],"{32544, 56633}"
marts_E00637,mono,CC(C)=CCCC(C)=CCOP([O-])(=O)OP([O-])([O-])=O,CC(C)C12CCC(=C)C1C2,['CC(C)=CCCC(C)=CCOP([O-])(=O)OP([O-])([O-])=O'],['CC(C)C12CCC(=C)C1C2'],"{68637, 32548, 25509}"
marts_E00637,mono,CC(C)=CCCC(C)=CCOP([O-])(=O)OP([O-])([O-])=O,CC(C)C1CC=C(C)C=C1,['CC(C)=CCCC(C)=CCOP([O-])(=O)OP([O-])([O-])=O'],['CC(C)C1CC=C(C)C=C1'],set()
marts_E00637,mono,CC(C)=CCCC(C)=CCOP([O-])(=O)OP([O-])([O-])=O,CC1CCC(CC=1)C(C)=C,['CC(C)=CCCC(C)=CCOP([O-])(=O)OP([O-])([O-])=O'],['CC1CCC(CC=1)C(C)=C'],"{68641, 10941, 12870}"
marts_E00637,mono,CC(C)=CCCC(C)=CCOP([O-])(=O)OP([O-])([O-])=O,CC1CCC(CC=1)C(C)(C)O,['CC(C)=CCCC(C)=CCOP([O-])(=O)OP([O-])([O-])=O'],['CC1CCC(CC=1)C(C)(C)O'],"{32552, 32556}"
marts_E00637,mono,CC(C)=CCCC(C)=CCOP([O-])(=O)OP([O-])([O-])=O,CC1(C)OC2(C)CCC1CC2,['CC(C)=CCCC(C)=CCOP([O-])(=O)OP([O-])([O-])=O'],['CC1(C)OC2(C)CCC1CC2'],"{32544, 56633}"
marts_E00637,mono,CC(C)=CCCC(C)=CCOP([O-])(=O)OP([O-])([O-])=O,CC(C)C12CCC(=C)C1C2,['CC(C)=CCCC(C)=CCOP([O-])(=O)OP([O-])([O-])=O'],['CC(C)C12CCC(=C)C1C2'],"{68637, 32548, 25509}"
marts_E00637,mono,CC(C)=CCCC(C)=CCOP([O-])(=O)OP([O-])([O-])=O,CC(C)C1CC=C(C)C=C1,['CC(C)=CCCC(C)=CCOP([O-])(=O)OP([O-])([O-])=O'],['CC(C)C1CC=C(C)C=C1'],set()
marts_E00637,mono,CC(C)=CCCC(C)=CCOP([O-])(=O)OP([O-])([O-])=O,CC1CCC(CC=1)C(C)=C,['CC(C)=CCCC(C)=CCOP([O-])(=O)OP([O-])([O-])=O'],['CC1CCC(CC=1)C(C)=C'],"{68641, 10941, 12870}"
marts_E00637,mono,CC(C)=CCCC(C)=CCOP([O-])(=O)OP([O-])([O-])=O,CC1CCC(CC=1)C(C)(C)O,['CC(C)=CCCC(C)=CCOP([O-])(=O)OP([O-])([O-])=O'],['CC1CCC(CC=1)C(C)(C)O'],"{32552, 32556}"
marts_E00638,di,CC(C)=CCCC(C)=CCCC(C)=CCCC(C)=CCOP([O-])(=O)OP([O-])([O-])=O,CC1(C)CCC2(C)C=C3C(CC(C)=CCC12)CCC3C,['CC(C)=CCCC(C)=CCCC(C)=CCCC(C)=CCOP([O-])(=O)OP([O-])([O-])=O'],['CC1(C)CCC2(C)C=C3C(CC(C)=CCC12)CCC3C'],{53625}
marts_E00639,mono,CC(C)=CCCC(C)=CCOP([O-])(=O)OP([O-])([O-])=O,CC1CCC(CC=1)C(C)=C,['CC(C)=CCCC(C)=CCOP([O-])(=O)OP([O-])([O-])=O'],['CC1CCC(CC=1)C(C)=C'],"{68641, 10941, 12870}"
marts_E00639,mono,CC(C)=CCCC(C)=CCOP([O-])(=O)OP([O-])([O-])=O,CC1CCC(CC=1)C(C)(C)O,['CC(C)=CCCC(C)=CCOP([O-])(=O)OP([O-])([O-])=O'],['CC1CCC(CC=1)C(C)(C)O'],"{32552, 32556}"
marts_E00639,mono,CC(C)=CCCC(C)=CCOP([O-])(=O)OP([O-])([O-])=O,CC1CCC(CC=1)C(C)=C,['CC(C)=CCCC(C)=CCOP([O-])(=O)OP([O-])([O-])=O'],['CC1CCC(CC=1)C(C)=C'],"{68641, 10941, 12870}"
marts_E00640,mono,CC(C)=CCCC(C)=CCOP([O-])(=O)OP([O-])([O-])=O,CC1=CCC2CC1C2(C)C,['CC(C)=CCCC(C)=CCOP([O-])(=O)OP([O-])([O-])=O'],['CC1=CCC2CC1C2(C)C'],"{32576, 25489, 25663}"
marts_E00640,mono,CC(C)=CCCC(C)=CCOP([O-])(=O)OP([O-])([O-])=O,CC1(C)C2CC1CCC2=C,['CC(C)=CCCC(C)=CCOP([O-])(=O)OP([O-])([O-])=O'],['CC1(C)C2CC1CCC2=C'],"{25497, 25667, 32580}"
marts_E00640,mono,CC(C)=CCCC(C)=CCOP([O-])(=O)OP([O-])([O-])=O,CC1CCC(CC=1)C(C)=C,['CC(C)=CCCC(C)=CCOP([O-])(=O)OP([O-])([O-])=O'],['CC1CCC(CC=1)C(C)=C'],"{68641, 10941, 12870}"
marts_E00640,mono,CC(C)=CCCC(C)=CCOP([O-])(=O)OP([O-])([O-])=O,CC1CCC(CC=1)C(C)(C)O,['CC(C)=CCCC(C)=CCOP([O-])(=O)OP([O-])([O-])=O'],['CC1CCC(CC=1)C(C)(C)O'],"{32552, 32556}"
marts_E00641,sesq,CC(C)=CCCC(C)=CCCC(C)=CCOP([O-])(=O)OP([O-])([O-])=O,CC(C)=CCCC1(C)C2CC1CCC2=C,['CC(C)=CCCC(C)=CCCC(C)=CCOP([O-])(=O)OP([O-])([O-])=O'],['CC(C)=CCCC1(C)C2CC1CCC2=C'],"{30468, 74588}"
marts_E00641,sesq,CC(C)=CCCC(C)=CCCC(C)=CCOP([O-])(=O)OP([O-])([O-])=O,CC1(CCC=C(C)C)C2CC3C(C2)C13C,['CC(C)=CCCC(C)=CCCC(C)=CCOP([O-])(=O)OP([O-])([O-])=O'],['CC1(CCC=C(C)C)C2CC3C(C2)C13C'],"{30464, 31436}"
marts_E00641,sesq,CC(C)=CCCC(C)=CCCC(C)=CCOP([O-])(=O)OP([O-])([O-])=O,CC(C)=CCCC1(C)C2CC(CC2)C1=C,['CC(C)=CCCC(C)=CCCC(C)=CCOP([O-])(=O)OP([O-])([O-])=O'],['CC(C)=CCCC1(C)C2CC(CC2)C1=C'],{31432}
marts_E00641,sesq,CC(C)=CCCC(C)=CCCC(C)=CCOP([O-])(=O)OP([O-])([O-])=O,CC(C)=CCCC1(C)C2CC1CC=C2C,['CC(C)=CCCC(C)=CCCC(C)=CCOP([O-])(=O)OP([O-])([O-])=O'],['CC(C)=CCCC1(C)C2CC1CC=C2C'],"{30472, 31428}"
marts_E00641,sesq,CC(C)=CCCC(C)=CCCC(C)=CCOP([O-])(=O)OP([O-])([O-])=O,CC(C)=CCCC1(C)C2CC1CC=C2C,['CC(C)=CCCC(C)=CCCC(C)=CCOP([O-])(=O)OP([O-])([O-])=O'],['CC(C)=CCCC1(C)C2CC1CC=C2C'],"{30472, 31428}"
marts_E00641,mono,CC(C)=CCCC(C)=CCOP([O-])(=O)OP([O-])([O-])=O,CC1CCC(CC=1)C(C)(C)O,['CC(C)=CCCC(C)=CCOP([O-])(=O)OP([O-])([O-])=O'],['CC1CCC(CC=1)C(C)(C)O'],"{32552, 32556}"
marts_E00643,sesq,CC(C)=CCCC(C)=CCCC(C)=CCOP([O-])(=O)OP([O-])([O-])=O,CC(C)C1CC=C(C)C2CC=C(C)CC21,['CC(C)=CCCC(C)=CCCC(C)=CCOP([O-])(=O)OP([O-])([O-])=O'],['CC(C)C1CC=C(C)C2CC=C(C)CC21'],{68597}
marts_E00644,sesq,CC(C)=CCCC(C)=CCCC(C)=CCOP([O-])(=O)OP([O-])([O-])=O,CC1CCC(CC=C(C)CCC=1)C(C)=C,['CC(C)=CCCC(C)=CCCC(C)=CCOP([O-])(=O)OP([O-])([O-])=O'],['CC1CCC(CC=C(C)CCC=1)C(C)=C'],"{68777, 25453, 12517}"
marts_E00645,sesq,CC(C)=CCCC(C)=CCCC(C)=CCOP([O-])(=O)OP([O-])([O-])=O,CC1(C)CCCC2(C)C3CCC2(C)C(O)C13,['CC(C)=CCCC(C)=CCCC(C)=CCOP([O-])(=O)OP([O-])([O-])=O'],['CC1(C)CCCC2(C)C3CCC2(C)C(O)C13'],{83908}
marts_E00646,pt,CC(C)=CCCC(C)=CCOP([O-])(=O)OP([O-])([O-])=O.CC(=C)CCOP([O-])(=O)OP([O-])([O-])=O,CC(C)=CCCC(C)=CCCC(C)=CCOP([O-])(=O)OP([O-])([O-])=O,"['CC(C)=CCCC(C)=CCOP([O-])(=O)OP([O-])([O-])=O', 'CC(=C)CCOP([O-])(=O)OP([O-])([O-])=O']",['CC(C)=CCCC(C)=CCCC(C)=CCOP([O-])(=O)OP([O-])([O-])=O'],"{19362, 64573, 23301}"
marts_E00646,pt,CC(C)=CCOP([O-])(=O)OP([O-])([O-])=O.CC(=C)CCOP([O-])(=O)OP([O-])([O-])=O,CC(C)=CCCC(C)=CCOP([O-])(=O)OP([O-])([O-])=O,"['CC(C)=CCOP([O-])(=O)OP([O-])([O-])=O', 'CC(=C)CCOP([O-])(=O)OP([O-])([O-])=O']",['CC(C)=CCCC(C)=CCOP([O-])(=O)OP([O-])([O-])=O'],"{11329, 22409}"
marts_E00647,mono,CC(C)=CCCC(C)=CCOP([O-])(=O)OP([O-])([O-])=O,CC(C)=CCCC(C)=CCO,['CC(C)=CCCC(C)=CCOP([O-])(=O)OP([O-])([O-])=O'],['CC(C)=CCCC(C)=CCO'],"{32680, 65829}"
marts_E00648,di,CC(C)=CCCC(C)=CCCC(C)=CCCC(C)=CCOP([O-])(=O)OP([O-])([O-])=O,CC(C)=CCCC(C)C1CCC(C)C2CCC(=C)C=C12,['CC(C)=CCCC(C)=CCCC(C)=CCCC(C)=CCOP([O-])(=O)OP([O-])([O-])=O'],['CC(C)=CCCC(C)C1CCC(C)C2CCC(=C)C=C12'],{26242}
marts_E00648,sesq,CC(C)=CCCC(C)=CCCC(C)=CCOP([O-])(=O)OP([O-])([O-])=O,CC(C)C1CCC(C)C2CCC(=C)C=C21,['CC(C)=CCCC(C)=CCCC(C)=CCOP([O-])(=O)OP([O-])([O-])=O'],['CC(C)C1CCC(C)C2CCC(=C)C=C21'],{29492}
marts_E00649,sesq,CC(C)=CCCC(C)=CCCC(C)=CCOP([O-])(=O)OP([O-])([O-])=O,CC(C)C1CCC(C)C2CCC(=C)C=C21,['CC(C)=CCCC(C)=CCCC(C)=CCOP([O-])(=O)OP([O-])([O-])=O'],['CC(C)C1CCC(C)C2CCC(=C)C=C21'],{29492}
marts_E00650,di,CC(C)=CCCC(C)=CCCC(C)=CCCC(C)=CCOP([O-])(=O)OP([O-])([O-])=O,CC(C)=CCCC(C)=CCCC(C)=CCCC(=C)C=C,['CC(C)=CCCC(C)=CCCC(C)=CCCC(C)=CCOP([O-])(=O)OP([O-])([O-])=O'],['CC(C)=CCCC(C)=CCCC(C)=CCCC(=C)C=C'],set()
marts_E00650,di,CC(C)=CCCC(C)=CCCC(C)=CCCC(C)=CCOP([O-])(=O)OP([O-])([O-])=O,CC(C)=CCCC(C)=CCCC(C)=CCC=C(C)C=C,['CC(C)=CCCC(C)=CCCC(C)=CCCC(C)=CCOP([O-])(=O)OP([O-])([O-])=O'],['CC(C)=CCCC(C)=CCCC(C)=CCC=C(C)C=C'],{74544}
marts_E00651,sesq,CC(C)=CCCC(C)=CCCC(C)=CCOP([O-])(=O)OP([O-])([O-])=O,CC(C)C1CCC2(C)C3C1C2CC=C3C,['CC(C)=CCCC(C)=CCCC(C)=CCOP([O-])(=O)OP([O-])([O-])=O'],['CC(C)C1CCC2(C)C3C1C2CC=C3C'],{33992}
marts_E00653,di,CC(C)=CCCC(C)=CCCC(C)=CCCC(C)=CCOP([O-])(=O)OP([O-])([O-])=O,CC1(C)CCCC2(C)C1CCC(C)(O)C2CCC(C)=CCOP([O-])(=O)OP([O-])([O-])=O,['CC(C)=CCCC(C)=CCCC(C)=CCCC(C)=CCOP([O-])(=O)OP([O-])([O-])=O'],['CC1(C)CCCC2(C)C1CCC(C)(O)C2CCC(C)=CCOP([O-])(=O)OP([O-])([O-])=O'],"{32704, 54650}"
marts_E00653,di,CC1(C)CCCC2(C)C1CCC(C)(O)C2CCC(C)=CCOP([O-])(=O)OP([O-])([O-])=O,CC1(C)CCCC2(C)C1CCC(C)(O)C2CC=C(C)C=C,['CC1(C)CCCC2(C)C1CCC(C)(O)C2CCC(C)=CCOP([O-])(=O)OP([O-])([O-])=O'],['CC1(C)CCCC2(C)C1CCC(C)(O)C2CC=C(C)C=C'],{34464}
marts_E00654,di,CC(C)=CCCC(C)=CCCC(C)=CCCC(C)=CCOP([O-])(=O)OP([O-])([O-])=O,CC1(C)CCCC2(C)C1CCC(=C)C2CCC(C)=CCOP([O-])(=O)OP([O-])([O-])=O,['CC(C)=CCCC(C)=CCCC(C)=CCCC(C)=CCOP([O-])(=O)OP([O-])([O-])=O'],['CC1(C)CCCC2(C)C1CCC(=C)C2CCC(C)=CCOP([O-])(=O)OP([O-])([O-])=O'],"{14842, 24317, 25525}"
marts_E00654,di,CC1(C)CCCC2(C)C1CCC(=C)C2CCC(C)=CCOP([O-])(=O)OP([O-])([O-])=O,CC1(C)CCCC2(C)C1CC=C1CC(C)(CCC21)C=C,['CC1(C)CCCC2(C)C1CCC(=C)C2CCC(C)=CCOP([O-])(=O)OP([O-])([O-])=O'],['CC1(C)CCCC2(C)C1CC=C1CC(C)(CCC21)C=C'],"{25561, 62189, 26129}"
marts_E00655,di,CC(C)=CCCC(C)=CCCC(C)=CCCC(C)=CCOP([O-])(=O)OP([O-])([O-])=O,CC1(C)CCCC2(C)C1CCC(=C)C2CCC(C)=CCOP([O-])(=O)OP([O-])([O-])=O,['CC(C)=CCCC(C)=CCCC(C)=CCCC(C)=CCOP([O-])(=O)OP([O-])([O-])=O'],['CC1(C)CCCC2(C)C1CCC(=C)C2CCC(C)=CCOP([O-])(=O)OP([O-])([O-])=O'],"{14842, 24317, 25525}"
marts_E00655,di,CC1(C)CCCC2(C)C1CCC(=C)C2CCC(C)=CCOP([O-])(=O)OP([O-])([O-])=O,CC1(C)CCCC2(C)C1CC=C1C=C(CCC21)C(C)C,['CC1(C)CCCC2(C)C1CCC(=C)C2CCC(C)=CCOP([O-])(=O)OP([O-])([O-])=O'],['CC1(C)CCCC2(C)C1CC=C1C=C(CCC21)C(C)C'],{13874}
marts_E00655,di,CC1(C)CCCC2(C)C1CCC(=C)C2CCC(C)=CCOP([O-])(=O)OP([O-])([O-])=O,CC1(C)CCCC2(C)C1CCC1=CC(CCC21)=C(C)C,['CC1(C)CCCC2(C)C1CCC(=C)C2CCC(C)=CCOP([O-])(=O)OP([O-])([O-])=O'],['CC1(C)CCCC2(C)C1CCC1=CC(CCC21)=C(C)C'],{33988}
marts_E00655,di,CC1(C)CCCC2(C)C1CCC(=C)C2CCC(C)=CCOP([O-])(=O)OP([O-])([O-])=O,CC1(C)CCCC2(C)C1CCC1=CC(=CCC21)C(C)C,['CC1(C)CCCC2(C)C1CCC(=C)C2CCC(C)=CCOP([O-])(=O)OP([O-])([O-])=O'],['CC1(C)CCCC2(C)C1CCC1=CC(=CCC21)C(C)C'],{25549}
marts_E00655,di,CC1(C)CCCC2(C)C1CCC(=C)C2CCC(C)=CCOP([O-])(=O)OP([O-])([O-])=O,CC1(C)CCCC2(C)C1CCC1C=C(CCC2=1)C(C)C,['CC1(C)CCCC2(C)C1CCC(=C)C2CCC(C)=CCOP([O-])(=O)OP([O-])([O-])=O'],['CC1(C)CCCC2(C)C1CCC1C=C(CCC2=1)C(C)C'],set()
marts_E00656,mono,CC(C)=CCCC(C)=CCOP([O-])(=O)OP([O-])([O-])=O,CC1(C)OC2(C)CCC1CC2,['CC(C)=CCCC(C)=CCOP([O-])(=O)OP([O-])([O-])=O'],['CC1(C)OC2(C)CCC1CC2'],"{32544, 56633}"
marts_E00656,mono,CC(C)=CCCC(C)=CCOP([O-])(=O)OP([O-])([O-])=O,CC1CCC(CC=1)C(C)(C)O,['CC(C)=CCCC(C)=CCOP([O-])(=O)OP([O-])([O-])=O'],['CC1CCC(CC=1)C(C)(C)O'],"{32552, 32556}"
marts_E00656,mono,CC(C)=CCCC(C)=CCOP([O-])(=O)OP([O-])([O-])=O,CC(C)=CCCC(=C)C=C,['CC(C)=CCCC(C)=CCOP([O-])(=O)OP([O-])([O-])=O'],['CC(C)=CCCC(=C)C=C'],{16966}
marts_E00656,mono,CC(C)=CCCC(C)=CCOP([O-])(=O)OP([O-])([O-])=O,CC1CCC(CC=1)C(C)=C,['CC(C)=CCCC(C)=CCOP([O-])(=O)OP([O-])([O-])=O'],['CC1CCC(CC=1)C(C)=C'],"{68641, 10941, 12870}"
marts_E00656,mono,CC(C)=CCCC(C)=CCOP([O-])(=O)OP([O-])([O-])=O,CC(C)C12CCC(=C)C1C2,['CC(C)=CCCC(C)=CCOP([O-])(=O)OP([O-])([O-])=O'],['CC(C)C12CCC(=C)C1C2'],"{68637, 32548, 25509}"
marts_E00657,di,CC1(C)CCCC2(C)C1CCC(C)(O)C2CCC(C)=CCOP([O-])(=O)OP([O-])([O-])=O,CC1(C)CCCC2(C)C1CCC1(C)OC(C)(CCC12)C=C,['CC1(C)CCCC2(C)C1CCC(C)(O)C2CCC(C)=CCOP([O-])(=O)OP([O-])([O-])=O'],['CC1(C)CCCC2(C)C1CCC1(C)OC(C)(CCC12)C=C'],"{18722, 54517}"
marts_E00658,di,CC(C)=CCCC(C)=CCCC(C)=CCCC(C)=CCOP([O-])(=O)OP([O-])([O-])=O,CC1(C)CCCC2(C)C1CCC(=C)C2CCC(C)=CCOP([O-])(=O)OP([O-])([O-])=O,['CC(C)=CCCC(C)=CCCC(C)=CCCC(C)=CCOP([O-])(=O)OP([O-])([O-])=O'],['CC1(C)CCCC2(C)C1CCC(=C)C2CCC(C)=CCOP([O-])(=O)OP([O-])([O-])=O'],"{14842, 24317, 25525}"
marts_E00659,sqs,CC(C)=CCCC(C)=CCCC(C)=CCOP([O-])(=O)OP([O-])([O-])=O.CC(C)=CCCC(C)=CCCC(C)=CCOP([O-])(=O)OP([O-])([O-])=O,CC(CCC=C(C)CCC=C(C)C)=CC1C(COP([O-])(=O)OP([O-])([O-])=O)C1(C)CCC=C(C)CCC=C(C)C,"['CC(C)=CCCC(C)=CCCC(C)=CCOP([O-])(=O)OP([O-])([O-])=O', 'CC(C)=CCCC(C)=CCCC(C)=CCOP([O-])(=O)OP([O-])([O-])=O']",['CC(CCC=C(C)CCC=C(C)C)=CC1C(COP([O-])(=O)OP([O-])([O-])=O)C1(C)CCC=C(C)CCC=C(C)C'],{22673}
marts_E00660,tri,CC(C)=CCCC(C)=CCCC(C)=CCCC=C(C)CCC=C(C)CCC1OC1(C)C,CC1(C)C(O)CCC2(C)C1CCC1C2=CCC2(C)C(CCC21C)C(C)CCC=C(C)C,['CC(C)=CCCC(C)=CCCC(C)=CCCC=C(C)CCC=C(C)CCC1OC1(C)C'],['CC1(C)C(O)CCC2(C)C1CCC1C2=CCC2(C)C(CCC21C)C(C)CCC=C(C)C'],{31852}
marts_E00661,mono,CC(C)=CCCC(C)=CCOP([O-])(=O)OP([O-])([O-])=O,CC1CCC(CC=1)C(C)(C)O,['CC(C)=CCCC(C)=CCOP([O-])(=O)OP([O-])([O-])=O'],['CC1CCC(CC=1)C(C)(C)O'],"{32552, 32556}"
marts_E00661,mono,CC(C)=CCCC(C)=CCOP([O-])(=O)OP([O-])([O-])=O,CC1CCC(CC=1)C(C)=C,['CC(C)=CCCC(C)=CCOP([O-])(=O)OP([O-])([O-])=O'],['CC1CCC(CC=1)C(C)=C'],"{68641, 10941, 12870}"
marts_E00661,mono,CC(C)=CCCC(C)=CCOP([O-])(=O)OP([O-])([O-])=O,CC(C)C12CCC(=C)C1C2,['CC(C)=CCCC(C)=CCOP([O-])(=O)OP([O-])([O-])=O'],['CC(C)C12CCC(=C)C1C2'],"{68637, 32548, 25509}"
marts_E00661,mono,CC(C)=CCCC(C)=CCOP([O-])(=O)OP([O-])([O-])=O,CC(C)=CCCC(=C)C=C,['CC(C)=CCCC(C)=CCOP([O-])(=O)OP([O-])([O-])=O'],['CC(C)=CCCC(=C)C=C'],{16966}
marts_E00661,mono,CC(C)=CCCC(C)=CCOP([O-])(=O)OP([O-])([O-])=O,CC1(C)OC2(C)CCC1CC2,['CC(C)=CCCC(C)=CCOP([O-])(=O)OP([O-])([O-])=O'],['CC1(C)OC2(C)CCC1CC2'],"{32544, 56633}"
marts_E00661,mono,CC(C)=CCCC(C)=CCOP([O-])(=O)OP([O-])([O-])=O,CC1=CCC2CC1C2(C)C,['CC(C)=CCCC(C)=CCOP([O-])(=O)OP([O-])([O-])=O'],['CC1=CCC2CC1C2(C)C'],"{32576, 25489, 25663}"
marts_E00662,pt,CC(C)=CCCC(C)=CCOP([O-])(=O)OP([O-])([O-])=O.CC(=C)CCOP([O-])(=O)OP([O-])([O-])=O,CC(C)=CCCC(C)=CCCC(C)=CCOP([O-])(=O)OP([O-])([O-])=O,"['CC(C)=CCCC(C)=CCOP([O-])(=O)OP([O-])([O-])=O', 'CC(=C)CCOP([O-])(=O)OP([O-])([O-])=O']",['CC(C)=CCCC(C)=CCCC(C)=CCOP([O-])(=O)OP([O-])([O-])=O'],"{19362, 64573, 23301}"
marts_E00662,pt,CC(C)=CCOP([O-])(=O)OP([O-])([O-])=O.CC(=C)CCOP([O-])(=O)OP([O-])([O-])=O,CC(C)=CCCC(C)=CCOP([O-])(=O)OP([O-])([O-])=O,"['CC(C)=CCOP([O-])(=O)OP([O-])([O-])=O', 'CC(=C)CCOP([O-])(=O)OP([O-])([O-])=O']",['CC(C)=CCCC(C)=CCOP([O-])(=O)OP([O-])([O-])=O'],"{11329, 22409}"
marts_E00663,di,CC(C)=CCCC(C)=CCCC(C)=CCCC(C)=CCOP([O-])(=O)OP([O-])([O-])=O,CC1(C)CCCC2(C)C1CCC(=C)C2CCC(C)=CCOP([O-])(=O)OP([O-])([O-])=O,['CC(C)=CCCC(C)=CCCC(C)=CCCC(C)=CCOP([O-])(=O)OP([O-])([O-])=O'],['CC1(C)CCCC2(C)C1CCC(=C)C2CCC(C)=CCOP([O-])(=O)OP([O-])([O-])=O'],"{14842, 24317, 25525}"
marts_E00663,di,CC1(C)CCCC2(C)C1CCC(=C)C2CCC(C)=CCOP([O-])(=O)OP([O-])([O-])=O,CC1(C)CCCC2(C)C1CCC1CC(=CCC2=1)C(C)C,['CC1(C)CCCC2(C)C1CCC(=C)C2CCC(C)=CCOP([O-])(=O)OP([O-])([O-])=O'],['CC1(C)CCCC2(C)C1CCC1CC(=CCC2=1)C(C)C'],{33984}
marts_E00664,di,CC1(C)CCCC2(C)C1CCC(=C)C2CCC(C)=CCOP([O-])(=O)OP([O-])([O-])=O,CC1(C)CCCC2(C)C1CCC13CC(CCC21)C(=C)C3,['CC1(C)CCCC2(C)C1CCC(=C)C2CCC(C)=CCOP([O-])(=O)OP([O-])([O-])=O'],['CC1(C)CCCC2(C)C1CCC13CC(CCC21)C(=C)C3'],{22221}
marts_E00666,di,CC1(C)CCCC2(C)C1CCC(=C)C2CCC(C)=CCOP([O-])(=O)OP([O-])([O-])=O,CC1(C)CCCC2(C)C1CCC1=CC(C)(CCC21)C=C,['CC1(C)CCCC2(C)C1CCC(=C)C2CCC(C)=CCOP([O-])(=O)OP([O-])([O-])=O'],['CC1(C)CCCC2(C)C1CCC1=CC(C)(CCC21)C=C'],"{25537, 32004, 25541, 32008, 42985}"
marts_E00666,di,CC1(C)CCCC2(C)C1CCC(=C)C2CCC(C)=CCOP([O-])(=O)OP([O-])([O-])=O,CC1(C)CCCC2(C)C1CCC1=CC(CCC21)=C(C)C,['CC1(C)CCCC2(C)C1CCC(=C)C2CCC(C)=CCOP([O-])(=O)OP([O-])([O-])=O'],['CC1(C)CCCC2(C)C1CCC1=CC(CCC21)=C(C)C'],{33988}
marts_E00667,di,CC1(C)CCCC2(C)C1CCC(=C)C2CCC(C)=CCOP([O-])(=O)OP([O-])([O-])=O,CC1(C)CCCC2(C)C1CC=C1CC(C)(CCC21)C=C,['CC1(C)CCCC2(C)C1CCC(=C)C2CCC(C)=CCOP([O-])(=O)OP([O-])([O-])=O'],['CC1(C)CCCC2(C)C1CC=C1CC(C)(CCC21)C=C'],"{25561, 62189, 26129}"
marts_E00667,di,CC1(C)CCCC2(C)C1CCC(=C)C2CCC(C)=CCOP([O-])(=O)OP([O-])([O-])=O,CC1(C)CCCC2(C)C1CC=C1CC(C)(CCC21)C=C,['CC1(C)CCCC2(C)C1CCC(=C)C2CCC(C)=CCOP([O-])(=O)OP([O-])([O-])=O'],['CC1(C)CCCC2(C)C1CC=C1CC(C)(CCC21)C=C'],"{25561, 62189, 26129}"
marts_E00668,sesq,CC(C)=CCCC(C)=CCCC(C)=CCOP([O-])(=O)OP([O-])([O-])=O,CC1CCC(CC=C(C)CCC=1)C(C)=C,['CC(C)=CCCC(C)=CCCC(C)=CCOP([O-])(=O)OP([O-])([O-])=O'],['CC1CCC(CC=C(C)CCC=1)C(C)=C'],"{68777, 25453, 12517}"
marts_E00669,mono,CC(C)=CCCC(C)=CCOP([O-])(=O)OP([O-])([O-])=O,CC(C)=C1CC=C(C)CC1,['CC(C)=CCCC(C)=CCOP([O-])(=O)OP([O-])([O-])=O'],['CC(C)=C1CC=C(C)CC1'],{25501}
marts_E00669,mono,CC(C)=CCCC(C)=CCOP([O-])(=O)OP([O-])([O-])=O,CC1CCC(CC=1)C(C)=C,['CC(C)=CCCC(C)=CCOP([O-])(=O)OP([O-])([O-])=O'],['CC1CCC(CC=1)C(C)=C'],"{68641, 10941, 12870}"
marts_E00669,mono,CC(C)=CCCC(C)=CCOP([O-])(=O)OP([O-])([O-])=O,CC1=CCC2CC1C2(C)C,['CC(C)=CCCC(C)=CCOP([O-])(=O)OP([O-])([O-])=O'],['CC1=CCC2CC1C2(C)C'],"{32576, 25489, 25663}"
marts_E00669,mono,CC(C)=CCCC(C)=CCOP([O-])(=O)OP([O-])([O-])=O,CC1CCC2C(C=1)C2(C)C,['CC(C)=CCCC(C)=CCOP([O-])(=O)OP([O-])([O-])=O'],['CC1CCC2C(C=1)C2(C)C'],set()
marts_E00669,mono,CC(C)=CCCC(C)=CCOP([O-])(=O)OP([O-])([O-])=O,CC(C)=CCC=C(C)C=C,['CC(C)=CCCC(C)=CCOP([O-])(=O)OP([O-])([O-])=O'],['CC(C)=CCC=C(C)C=C'],"{68825, 32692}"
marts_E00669,mono,CC(C)=CCCC(C)=CCOP([O-])(=O)OP([O-])([O-])=O,CC(C)=CCC=C(C)C=C,['CC(C)=CCCC(C)=CCOP([O-])(=O)OP([O-])([O-])=O'],['CC(C)=CCC=C(C)C=C'],"{68825, 32692}"
marts_E00669,mono,CC(C)=CCCC(C)=CCOP([O-])(=O)OP([O-])([O-])=O,CC1CC=C(CC=1)C(C)C,['CC(C)=CCCC(C)=CCOP([O-])(=O)OP([O-])([O-])=O'],['CC1CC=C(CC=1)C(C)C'],{32560}
marts_E00669,sesq,CC(C)=CCCC(C)=CCCC(C)=CCOP([O-])(=O)OP([O-])([O-])=O,CC(C)=CCCC(C)=CCCC(=C)C=C,['CC(C)=CCCC(C)=CCCC(C)=CCOP([O-])(=O)OP([O-])([O-])=O'],['CC(C)=CCCC(C)=CCCC(=C)C=C'],"{68545, 27426, 68857, 68505, 68509}"
marts_E00669,mono,CC(C)=CCCC(C)=CCOP([O-])(=O)OP([O-])([O-])=O,CC(C)=CCCC(=C)C=C,['CC(C)=CCCC(C)=CCOP([O-])(=O)OP([O-])([O-])=O'],['CC(C)=CCCC(=C)C=C'],{16966}
marts_E00669,sesq,CC(C)=CCCC(C)=CCCC(C)=CCOP([O-])(=O)OP([O-])([O-])=O,CC1(C)C2CC3(CC=C2C)C1CCC3C,['CC(C)=CCCC(C)=CCCC(C)=CCOP([O-])(=O)OP([O-])([O-])=O'],['CC1(C)C2CC3(CC=C2C)C1CCC3C'],"{31424, 68537, 68541}"
marts_E00669,sesq,CC(C)=CCCC(C)=CCCC(C)=CCOP([O-])(=O)OP([O-])([O-])=O,CC(C)=CCCC(C)=CCCC(=C)C=C,['CC(C)=CCCC(C)=CCCC(C)=CCOP([O-])(=O)OP([O-])([O-])=O'],['CC(C)=CCCC(C)=CCCC(=C)C=C'],"{68545, 27426, 68857, 68505, 68509}"
marts_E00669,sesq,CC(C)=CCCC(C)=CCCC(C)=CCOP([O-])(=O)OP([O-])([O-])=O,CC1CCC(C(C)=C)C21CCC(C)=CC2,['CC(C)=CCCC(C)=CCCC(C)=CCOP([O-])(=O)OP([O-])([O-])=O'],['CC1CCC(C(C)=C)C21CCC(C)=CC2'],"{77072, 68513, 68521, 68517}"
marts_E00669,sesq,CC(C)=CCCC(C)=CCCC(C)=CCOP([O-])(=O)OP([O-])([O-])=O,CC(C)=CCCC(=C)C1CC=C(C)CC1,['CC(C)=CCCC(C)=CCCC(C)=CCOP([O-])(=O)OP([O-])([O-])=O'],['CC(C)=CCCC(=C)C1CC=C(C)CC1'],"{68813, 68529, 28267, 68525}"
marts_E00669,sesq,CC(C)=CCCC(C)=CCCC(C)=CCOP([O-])(=O)OP([O-])([O-])=O,CC(C)=CCCC(C)=C1CC=C(C)CC1,['CC(C)=CCCC(C)=CCCC(C)=CCOP([O-])(=O)OP([O-])([O-])=O'],['CC(C)=CCCC(C)=C1CC=C(C)CC1'],"{26082, 79464, 28299, 68469, 68789}"
marts_E00669,sesq,CC(C)=CCCC(C)=CCCC(C)=CCOP([O-])(=O)OP([O-])([O-])=O,CC(C)=CCCC(C)=C1CC=C(C)CC1,['CC(C)=CCCC(C)=CCCC(C)=CCOP([O-])(=O)OP([O-])([O-])=O'],['CC(C)=CCCC(C)=C1CC=C(C)CC1'],"{26082, 79464, 28299, 68469, 68789}"
marts_E00669,sesq,CC(C)=CCCC(C)=CCCC(C)=CCOP([O-])(=O)OP([O-])([O-])=O,CC(C)=CCCC(C)C1CCC(=C)C=C1,['CC(C)=CCCC(C)=CCCC(C)=CCOP([O-])(=O)OP([O-])([O-])=O'],['CC(C)=CCCC(C)C1CCC(=C)C=C1'],{32700}
marts_E00669,sesq,CC(C)=CCCC(C)=CCCC(C)=CCOP([O-])(=O)OP([O-])([O-])=O,CC1(C)CCCC2(C)CC=C(C)C3CC123,['CC(C)=CCCC(C)=CCCC(C)=CCOP([O-])(=O)OP([O-])([O-])=O'],['CC1(C)CCCC2(C)CC=C(C)C3CC123'],{30376}
marts_E00669,sesq,CC(C)=CCCC(C)=CCCC(C)=CCOP([O-])(=O)OP([O-])([O-])=O,CC1(C)C2CC3(CC=C2C)C1CCC3C,['CC(C)=CCCC(C)=CCCC(C)=CCOP([O-])(=O)OP([O-])([O-])=O'],['CC1(C)C2CC3(CC=C2C)C1CCC3C'],"{31424, 68537, 68541}"
marts_E00669,sesq,CC(C)=CCCC(C)=CCCC(C)=CCOP([O-])(=O)OP([O-])([O-])=O,CC(C)=CCCC(C)=CCCC(=C)C=C,['CC(C)=CCCC(C)=CCCC(C)=CCOP([O-])(=O)OP([O-])([O-])=O'],['CC(C)=CCCC(C)=CCCC(=C)C=C'],"{68545, 27426, 68857, 68505, 68509}"
marts_E00669,sesq,CC(C)=CCCC(C)=CCCC(C)=CCOP([O-])(=O)OP([O-])([O-])=O,CC1CCC(C(C)=C)C21CCC(C)=CC2,['CC(C)=CCCC(C)=CCCC(C)=CCOP([O-])(=O)OP([O-])([O-])=O'],['CC1CCC(C(C)=C)C21CCC(C)=CC2'],"{77072, 68513, 68521, 68517}"
marts_E00669,sesq,CC(C)=CCCC(C)=CCCC(C)=CCOP([O-])(=O)OP([O-])([O-])=O,CC1CCC(C(C)=C)C21CCC(C)=CC2,['CC(C)=CCCC(C)=CCCC(C)=CCOP([O-])(=O)OP([O-])([O-])=O'],['CC1CCC(C(C)=C)C21CCC(C)=CC2'],"{77072, 68513, 68521, 68517}"
marts_E00669,sesq,CC(C)=CCCC(C)=CCCC(C)=CCOP([O-])(=O)OP([O-])([O-])=O,CC(C)=CCCC(=C)C1CC=C(C)CC1,['CC(C)=CCCC(C)=CCCC(C)=CCOP([O-])(=O)OP([O-])([O-])=O'],['CC(C)=CCCC(=C)C1CC=C(C)CC1'],"{68813, 68529, 28267, 68525}"
marts_E00669,sesq,CC(C)=CCCC(C)=CCCC(C)=CCOP([O-])(=O)OP([O-])([O-])=O,CC(C)=CCCC(C)=C1CC=C(C)CC1,['CC(C)=CCCC(C)=CCCC(C)=CCOP([O-])(=O)OP([O-])([O-])=O'],['CC(C)=CCCC(C)=C1CC=C(C)CC1'],"{26082, 79464, 28299, 68469, 68789}"
marts_E00669,sesq,CC(C)=CCCC(C)=CCCC(C)=CCOP([O-])(=O)OP([O-])([O-])=O,CC(C)=CCCC(C)=C1CC=C(C)CC1,['CC(C)=CCCC(C)=CCCC(C)=CCOP([O-])(=O)OP([O-])([O-])=O'],['CC(C)=CCCC(C)=C1CC=C(C)CC1'],"{26082, 79464, 28299, 68469, 68789}"
marts_E00669,sesq,CC(C)=CCCC(C)=CCCC(C)=CCOP([O-])(=O)OP([O-])([O-])=O,CC(C)=CCC=C(C)C1CC=C(C)CC1,['CC(C)=CCCC(C)=CCCC(C)=CCOP([O-])(=O)OP([O-])([O-])=O'],['CC(C)=CCC=C(C)C1CC=C(C)CC1'],"{68845, 68817, 68533, 68473, 25437}"
marts_E00669,sesq,CC(C)=CCCC(C)=CCCC(C)=CCOP([O-])(=O)OP([O-])([O-])=O,CC(C)=CCCC(C)C1CCC(=C)C=C1,['CC(C)=CCCC(C)=CCCC(C)=CCOP([O-])(=O)OP([O-])([O-])=O'],['CC(C)=CCCC(C)C1CCC(=C)C=C1'],{32700}
marts_E00670,sesq,CC(C)=CCCC(C)=CCCC(C)=CCOP([O-])(=O)OP([O-])([O-])=O,CC(=C)C1CC2(C)C(C)CCC=C2CC1,['CC(C)=CCCC(C)=CCCC(C)=CCOP([O-])(=O)OP([O-])([O-])=O'],['CC(=C)C1CC2(C)C(C)CCC=C2CC1'],"{29512, 58169, 52805}"
marts_E00670,sesq,CC(C)=CCCC(C)=CCCC(C)=CCOP([O-])(=O)OP([O-])([O-])=O,CC(C)=CCCC(C)=CCCC(=C)C=C,['CC(C)=CCCC(C)=CCCC(C)=CCOP([O-])(=O)OP([O-])([O-])=O'],['CC(C)=CCCC(C)=CCCC(=C)C=C'],"{68545, 27426, 68857, 68505, 68509}"
marts_E00670,sesq,CC(C)=CCCC(C)=CCCC(C)=CCOP([O-])(=O)OP([O-])([O-])=O,CC(=C)C1CCC(C)C2CCC(C)C2=C1,['CC(C)=CCCC(C)=CCCC(C)=CCOP([O-])(=O)OP([O-])([O-])=O'],['CC(=C)C1CCC(C)C2CCC(C)C2=C1'],{68401}
marts_E00670,sesq,CC(C)=CCCC(C)=CCCC(C)=CCOP([O-])(=O)OP([O-])([O-])=O,CC(C)=CCCC1(C)C2CC1CC=C2C,['CC(C)=CCCC(C)=CCCC(C)=CCOP([O-])(=O)OP([O-])([O-])=O'],['CC(C)=CCCC1(C)C2CC1CC=C2C'],"{30472, 31428}"
marts_E00670,sesq,CC(C)=CCCC(C)=CCCC(C)=CCOP([O-])(=O)OP([O-])([O-])=O,CC(C)=CCCC1(C)C2CC1CC=C2C,['CC(C)=CCCC(C)=CCCC(C)=CCOP([O-])(=O)OP([O-])([O-])=O'],['CC(C)=CCCC1(C)C2CC1CC=C2C'],"{30472, 31428}"
marts_E00670,sesq,CC(C)=CCCC(C)=CCCC(C)=CCOP([O-])(=O)OP([O-])([O-])=O,CC(C)=CCCC(=C)C1CC=C(C)CC1,['CC(C)=CCCC(C)=CCCC(C)=CCOP([O-])(=O)OP([O-])([O-])=O'],['CC(C)=CCCC(=C)C1CC=C(C)CC1'],"{68813, 68529, 28267, 68525}"
marts_E00670,sesq,CC(C)=CCCC(C)=CCCC(C)=CCOP([O-])(=O)OP([O-])([O-])=O,CC(C)=CCCC(C)=C1CC=C(C)CC1,['CC(C)=CCCC(C)=CCCC(C)=CCOP([O-])(=O)OP([O-])([O-])=O'],['CC(C)=CCCC(C)=C1CC=C(C)CC1'],"{26082, 79464, 28299, 68469, 68789}"
marts_E00670,sesq,CC(C)=CCCC(C)=CCCC(C)=CCOP([O-])(=O)OP([O-])([O-])=O,CC(C)=CCCC(C)=C1CC=C(C)CC1,['CC(C)=CCCC(C)=CCCC(C)=CCOP([O-])(=O)OP([O-])([O-])=O'],['CC(C)=CCCC(C)=C1CC=C(C)CC1'],"{26082, 79464, 28299, 68469, 68789}"
marts_E00670,mono,CC(C)=CCCC(C)=CCOP([O-])(=O)OP([O-])([O-])=O,CC1CCC(CC=1)C(C)=C,['CC(C)=CCCC(C)=CCOP([O-])(=O)OP([O-])([O-])=O'],['CC1CCC(CC=1)C(C)=C'],"{68641, 10941, 12870}"
marts_E00670,mono,CC(C)=CCCC(C)=CCOP([O-])(=O)OP([O-])([O-])=O,CC(C)=CCCC(=C)C=C,['CC(C)=CCCC(C)=CCOP([O-])(=O)OP([O-])([O-])=O'],['CC(C)=CCCC(=C)C=C'],{16966}
marts_E00670,mono,CC(C)=CCCC(C)=CCOP([O-])(=O)OP([O-])([O-])=O,CC(C)=CCC=C(C)C=C,['CC(C)=CCCC(C)=CCOP([O-])(=O)OP([O-])([O-])=O'],['CC(C)=CCC=C(C)C=C'],"{68825, 32692}"
marts_E00670,mono,CC(C)=CCCC(C)=CCOP([O-])(=O)OP([O-])([O-])=O,CC(C)=C1CC=C(C)CC1,['CC(C)=CCCC(C)=CCOP([O-])(=O)OP([O-])([O-])=O'],['CC(C)=C1CC=C(C)CC1'],{25501}
marts_E00670,mono,CC(C)=CCCC(C)=CCOP([O-])(=O)OP([O-])([O-])=O,CC1CC=C(CC=1)C(C)C,['CC(C)=CCCC(C)=CCOP([O-])(=O)OP([O-])([O-])=O'],['CC1CC=C(CC=1)C(C)C'],{32560}
marts_E00670,mono,CC(C)=CCCC(C)=CCOP([O-])(=O)OP([O-])([O-])=O,CC1CCC2C(C=1)C2(C)C,['CC(C)=CCCC(C)=CCOP([O-])(=O)OP([O-])([O-])=O'],['CC1CCC2C(C=1)C2(C)C'],set()
marts_E00670,mono,CC(C)=CCCC(C)=CCOP([O-])(=O)OP([O-])([O-])=O,CC(C)=CCC=C(C)C=C,['CC(C)=CCCC(C)=CCOP([O-])(=O)OP([O-])([O-])=O'],['CC(C)=CCC=C(C)C=C'],"{68825, 32692}"
marts_E00670,mono,CC(C)=CCCC(C)=CCOP([O-])(=O)OP([O-])([O-])=O,CC(C)=CCCC(C)(O)C=C,['CC(C)=CCCC(C)=CCOP([O-])(=O)OP([O-])([O-])=O'],['CC(C)=CCCC(C)(O)C=C'],"{15810, 68709, 24117}"
marts_E00671,mono,CC(C)=CCCC(C)=CCOP([O-])(=O)OP([O-])([O-])=O,CC1CCC(CC=1)C(C)=C,['CC(C)=CCCC(C)=CCOP([O-])(=O)OP([O-])([O-])=O'],['CC1CCC(CC=1)C(C)=C'],"{68641, 10941, 12870}"
marts_E00671,mono,CC(C)=CCCC(C)=CCOP([O-])(=O)OP([O-])([O-])=O,CC(C)=CCCC(=C)C=C,['CC(C)=CCCC(C)=CCOP([O-])(=O)OP([O-])([O-])=O'],['CC(C)=CCCC(=C)C=C'],{16966}
marts_E00671,sesq,CC(C)=CCCC(C)=CCCC(C)=CCOP([O-])(=O)OP([O-])([O-])=O,CC(C)=CCCC(C)=CCCC(=C)C=C,['CC(C)=CCCC(C)=CCCC(C)=CCOP([O-])(=O)OP([O-])([O-])=O'],['CC(C)=CCCC(C)=CCCC(=C)C=C'],"{68545, 27426, 68857, 68505, 68509}"
marts_E00671,sesq,CC(C)=CCCC(C)=CCCC(C)=CCOP([O-])(=O)OP([O-])([O-])=O,CC1(C)C2CC3(CC=C2C)C1CCC3C,['CC(C)=CCCC(C)=CCCC(C)=CCOP([O-])(=O)OP([O-])([O-])=O'],['CC1(C)C2CC3(CC=C2C)C1CCC3C'],"{31424, 68537, 68541}"
marts_E00671,sesq,CC(C)=CCCC(C)=CCCC(C)=CCOP([O-])(=O)OP([O-])([O-])=O,CC(C)=CCCC(C)=CCCC(=C)C=C,['CC(C)=CCCC(C)=CCCC(C)=CCOP([O-])(=O)OP([O-])([O-])=O'],['CC(C)=CCCC(C)=CCCC(=C)C=C'],"{68545, 27426, 68857, 68505, 68509}"
marts_E00671,sesq,CC(C)=CCCC(C)=CCCC(C)=CCOP([O-])(=O)OP([O-])([O-])=O,CC1CCC(C(C)=C)C21CCC(C)=CC2,['CC(C)=CCCC(C)=CCCC(C)=CCOP([O-])(=O)OP([O-])([O-])=O'],['CC1CCC(C(C)=C)C21CCC(C)=CC2'],"{77072, 68513, 68521, 68517}"
marts_E00671,sesq,CC(C)=CCCC(C)=CCCC(C)=CCOP([O-])(=O)OP([O-])([O-])=O,CC1=CCCC2(C)CCC(CC21)C(C)=C,['CC(C)=CCCC(C)=CCCC(C)=CCOP([O-])(=O)OP([O-])([O-])=O'],['CC1=CCCC2(C)CCC(CC21)C(C)=C'],"{30384, 31820, 47053}"
marts_E00671,sesq,CC(C)=CCCC(C)=CCCC(C)=CCOP([O-])(=O)OP([O-])([O-])=O,CC(C)=CCC=C(C)C1CC=C(C)CC1,['CC(C)=CCCC(C)=CCCC(C)=CCOP([O-])(=O)OP([O-])([O-])=O'],['CC(C)=CCC=C(C)C1CC=C(C)CC1'],"{68845, 68817, 68533, 68473, 25437}"
marts_E00671,sesq,CC(C)=CCCC(C)=CCCC(C)=CCOP([O-])(=O)OP([O-])([O-])=O,CC(C)=CCCC(=C)C1CC=C(C)CC1,['CC(C)=CCCC(C)=CCCC(C)=CCOP([O-])(=O)OP([O-])([O-])=O'],['CC(C)=CCCC(=C)C1CC=C(C)CC1'],"{68813, 68529, 28267, 68525}"
marts_E00671,sesq,CC(C)=CCCC(C)=CCCC(C)=CCOP([O-])(=O)OP([O-])([O-])=O,CC(C)=CCCC(C)=C1CC=C(C)CC1,['CC(C)=CCCC(C)=CCCC(C)=CCOP([O-])(=O)OP([O-])([O-])=O'],['CC(C)=CCCC(C)=C1CC=C(C)CC1'],"{26082, 79464, 28299, 68469, 68789}"
marts_E00671,sesq,CC(C)=CCCC(C)=CCCC(C)=CCOP([O-])(=O)OP([O-])([O-])=O,CC(C)=CCCC(C)=C1CC=C(C)CC1,['CC(C)=CCCC(C)=CCCC(C)=CCOP([O-])(=O)OP([O-])([O-])=O'],['CC(C)=CCCC(C)=C1CC=C(C)CC1'],"{26082, 79464, 28299, 68469, 68789}"
marts_E00672,sesq,CC(C)=CCCC(C)=CCCC(C)=CCOP([O-])(=O)OP([O-])([O-])=O,CC1CCC2C(CC2(C)C)C(=C)CCC=1,['CC(C)=CCCC(C)=CCCC(C)=CCOP([O-])(=O)OP([O-])([O-])=O'],['CC1CCC2C(CC2(C)C)C(=C)CCC=1'],"{31816, 34704, 28295}"
marts_E00672,sesq,CC(C)=CCCC(C)=CCCC(C)=CCOP([O-])(=O)OP([O-])([O-])=O,CC1CCC=C(C)CC=CC(C)(C)CC=1,['CC(C)=CCCC(C)=CCCC(C)=CCOP([O-])(=O)OP([O-])([O-])=O'],['CC1CCC=C(C)CC=CC(C)(C)CC=1'],"{31896, 68781}"
marts_E00672,sesq,CC(C)=CCCC(C)=CCCC(C)=CCOP([O-])(=O)OP([O-])([O-])=O,CC(C)=CCCC(C)C1CCC(C)=CC=1,['CC(C)=CCCC(C)=CCCC(C)=CCOP([O-])(=O)OP([O-])([O-])=O'],['CC(C)=CCCC(C)C1CCC(C)=CC=1'],"{32032, 68785}"
marts_E00672,sesq,CC(C)=CCCC(C)=CCCC(C)=CCOP([O-])(=O)OP([O-])([O-])=O,CC(C)=CCCC(=C)C1CC=C(C)CC1,['CC(C)=CCCC(C)=CCCC(C)=CCOP([O-])(=O)OP([O-])([O-])=O'],['CC(C)=CCCC(=C)C1CC=C(C)CC1'],"{68813, 68529, 28267, 68525}"
marts_E00672,sesq,CC(C)=CCCC(C)=CCCC(C)=CCOP([O-])(=O)OP([O-])([O-])=O,CC(C)=CCCC(C)=C1CC=C(C)CC1,['CC(C)=CCCC(C)=CCCC(C)=CCOP([O-])(=O)OP([O-])([O-])=O'],['CC(C)=CCCC(C)=C1CC=C(C)CC1'],"{26082, 79464, 28299, 68469, 68789}"
marts_E00672,mono,CC(C)=CCCC(C)=CCOP([O-])(=O)OP([O-])([O-])=O,CC(C)=CCCC(=C)C=C,['CC(C)=CCCC(C)=CCOP([O-])(=O)OP([O-])([O-])=O'],['CC(C)=CCCC(=C)C=C'],{16966}
marts_E00672,mono,CC(C)=CCCC(C)=CCOP([O-])(=O)OP([O-])([O-])=O,CC1CCC(CC=1)C(C)=C,['CC(C)=CCCC(C)=CCOP([O-])(=O)OP([O-])([O-])=O'],['CC1CCC(CC=1)C(C)=C'],"{68641, 10941, 12870}"
marts_E00672,mono,CC(C)=CCCC(C)=CCOP([O-])(=O)OP([O-])([O-])=O,CC(C)=CCC=C(C)C=C,['CC(C)=CCCC(C)=CCOP([O-])(=O)OP([O-])([O-])=O'],['CC(C)=CCC=C(C)C=C'],"{68825, 32692}"
marts_E00672,mono,CC(C)=CCCC(C)=CCOP([O-])(=O)OP([O-])([O-])=O,CC(C)=C1CC=C(C)CC1,['CC(C)=CCCC(C)=CCOP([O-])(=O)OP([O-])([O-])=O'],['CC(C)=C1CC=C(C)CC1'],{25501}
marts_E00673,sesq,CC(C)=CCCC(C)=CCCC(C)=CCOP([O-])(=O)OP([O-])([O-])=O,CC1CCC=C(C)CCC(=CC=1)C(C)C,['CC(C)=CCCC(C)=CCCC(C)=CCOP([O-])(=O)OP([O-])([O-])=O'],['CC1CCC=C(C)CCC(=CC=1)C(C)C'],"{68773, 28303}"
marts_E00673,sesq,CC(C)=CCCC(C)=CCCC(C)=CCOP([O-])(=O)OP([O-])([O-])=O,CC(C)=C1CC=C(C)CCC=C(C)CC1,['CC(C)=CCCC(C)=CCCC(C)=CCOP([O-])(=O)OP([O-])([O-])=O'],['CC(C)=C1CC=C(C)CCC=C(C)CC1'],{25445}
marts_E00673,sesq,CC(C)=CCCC(C)=CCCC(C)=CCOP([O-])(=O)OP([O-])([O-])=O,CC1CCC(CC=C(C)CCC=1)C(C)=C,['CC(C)=CCCC(C)=CCCC(C)=CCOP([O-])(=O)OP([O-])([O-])=O'],['CC1CCC(CC=C(C)CCC=1)C(C)=C'],"{68777, 25453, 12517}"
marts_E00673,sesq,CC(C)=CCCC(C)=CCCC(C)=CCOP([O-])(=O)OP([O-])([O-])=O,CC1CCC=C(C)CC=CC(C)(C)CC=1,['CC(C)=CCCC(C)=CCCC(C)=CCOP([O-])(=O)OP([O-])([O-])=O'],['CC1CCC=C(C)CC=CC(C)(C)CC=1'],"{31896, 68781}"
marts_E00673,sesq,CC(C)=CCCC(C)=CCCC(C)=CCOP([O-])(=O)OP([O-])([O-])=O,CC1CCC(CC=C(C)CCC=1)C(C)=C,['CC(C)=CCCC(C)=CCCC(C)=CCOP([O-])(=O)OP([O-])([O-])=O'],['CC1CCC(CC=C(C)CCC=1)C(C)=C'],"{68777, 25453, 12517}"
marts_E00673,sesq,CC(C)=CCCC(C)=CCCC(C)=CCOP([O-])(=O)OP([O-])([O-])=O,CC(C)=C1CC=C(C)CCC=C(C)CC1,['CC(C)=CCCC(C)=CCCC(C)=CCOP([O-])(=O)OP([O-])([O-])=O'],['CC(C)=C1CC=C(C)CCC=C(C)CC1'],{25445}
marts_E00673,mono,CC(C)=CCCC(C)=CCOP([O-])(=O)OP([O-])([O-])=O,CC(C)=C1CC=C(C)CC1,['CC(C)=CCCC(C)=CCOP([O-])(=O)OP([O-])([O-])=O'],['CC(C)=C1CC=C(C)CC1'],{25501}
marts_E00673,mono,CC(C)=CCCC(C)=CCOP([O-])(=O)OP([O-])([O-])=O,CC1CCC(CC=1)C(C)=C,['CC(C)=CCCC(C)=CCOP([O-])(=O)OP([O-])([O-])=O'],['CC1CCC(CC=1)C(C)=C'],"{68641, 10941, 12870}"
marts_E00673,mono,CC(C)=CCCC(C)=CCOP([O-])(=O)OP([O-])([O-])=O,CC(C)=CCCC(=C)C=C,['CC(C)=CCCC(C)=CCOP([O-])(=O)OP([O-])([O-])=O'],['CC(C)=CCCC(=C)C=C'],{16966}
marts_E00674,di,CC(C)=CCCC(C)=CCCC(C)=CCCC(C)=CCOP([O-])(=O)OP([O-])([O-])=O,CC1(C)CCCC2(C)C1CCC(C)(O)C2CCC(C)=CCOP([O-])(=O)OP([O-])([O-])=O,['CC(C)=CCCC(C)=CCCC(C)=CCCC(C)=CCOP([O-])(=O)OP([O-])([O-])=O'],['CC1(C)CCCC2(C)C1CCC(C)(O)C2CCC(C)=CCOP([O-])(=O)OP([O-])([O-])=O'],"{32704, 54650}"
marts_E00675,di,CC(C)=CCCC(C)=CCCC(C)=CCCC(C)=CCOP([O-])(=O)OP([O-])([O-])=O,CC1(C)CCCC2(C)C1CCC(C)(O)C2CCC(C)=CCOP([O-])(=O)OP([O-])([O-])=O,['CC(C)=CCCC(C)=CCCC(C)=CCCC(C)=CCOP([O-])(=O)OP([O-])([O-])=O'],['CC1(C)CCCC2(C)C1CCC(C)(O)C2CCC(C)=CCOP([O-])(=O)OP([O-])([O-])=O'],"{32704, 54650}"
marts_E00676,di,CC1(C)CCCC2(C)C1CCC(C)(O)C2CCC(C)=CCOP([O-])(=O)OP([O-])([O-])=O,CC1(C)CCCC2(C)C1CCC(C)(O)C2CCC(C)(O)C=C,['CC1(C)CCCC2(C)C1CCC(C)(O)C2CCC(C)=CCOP([O-])(=O)OP([O-])([O-])=O'],['CC1(C)CCCC2(C)C1CCC(C)(O)C2CCC(C)(O)C=C'],{34460}
marts_E00679,sesq,CC(C)=CCCC(C)=CCCC(C)=CCOP([O-])(=O)OP([O-])([O-])=O,CC(C)=CCCC(C)(O)C1CC=C(C)CC1,['CC(C)=CCCC(C)=CCCC(C)=CCOP([O-])(=O)OP([O-])([O-])=O'],['CC(C)=CCCC(C)(O)C1CC=C(C)CC1'],{34504}
marts_E00680,sesq,CC(C)=CCCC(C)=CCCC(C)=CCOP([O-])(=O)OP([O-])([O-])=O,CC(C)=CCCC(=C)C1CC=C(C)CC1,['CC(C)=CCCC(C)=CCCC(C)=CCOP([O-])(=O)OP([O-])([O-])=O'],['CC(C)=CCCC(=C)C1CC=C(C)CC1'],"{68813, 68529, 28267, 68525}"
marts_E00680,sesq,CC(C)=CCCC(C)=CCCC(C)=CCOP([O-])(=O)OP([O-])([O-])=O,CC(C)=CCC=C(C)C1CC=C(C)CC1,['CC(C)=CCCC(C)=CCCC(C)=CCOP([O-])(=O)OP([O-])([O-])=O'],['CC(C)=CCC=C(C)C1CC=C(C)CC1'],"{68845, 68817, 68533, 68473, 25437}"
marts_E00680,sesq,CC(C)=CCCC(C)=CCCC(C)=CCOP([O-])(=O)OP([O-])([O-])=O,CC(C)=CCCC(C)=C1CC=C(C)CC1,['CC(C)=CCCC(C)=CCCC(C)=CCOP([O-])(=O)OP([O-])([O-])=O'],['CC(C)=CCCC(C)=C1CC=C(C)CC1'],"{26082, 79464, 28299, 68469, 68789}"
marts_E00680,sesq,CC(C)=CCCC(C)=CCCC(C)=CCOP([O-])(=O)OP([O-])([O-])=O,CC(C)=CCCC(C)=C1CC=C(C)CC1,['CC(C)=CCCC(C)=CCCC(C)=CCOP([O-])(=O)OP([O-])([O-])=O'],['CC(C)=CCCC(C)=C1CC=C(C)CC1'],"{26082, 79464, 28299, 68469, 68789}"
marts_E00680,sesq,CC(C)=CCCC(C)=CCCC(C)=CCOP([O-])(=O)OP([O-])([O-])=O,CC(C)=CCCC(C)=CCCC(C)(O)C=C,['CC(C)=CCCC(C)=CCCC(C)=CCOP([O-])(=O)OP([O-])([O-])=O'],['CC(C)=CCCC(C)=CCCC(C)(O)C=C'],"{68833, 27531, 27535, 68821, 56985}"
marts_E00680,sesq,CC(C)=CCCC(C)=CCCC(C)=CCOP([O-])(=O)OP([O-])([O-])=O,CC(C)=CCCC(=C)C1CC=C(C)CC1,['CC(C)=CCCC(C)=CCCC(C)=CCOP([O-])(=O)OP([O-])([O-])=O'],['CC(C)=CCCC(=C)C1CC=C(C)CC1'],"{68813, 68529, 28267, 68525}"
marts_E00680,sesq,CC(C)=CCCC(C)=CCCC(C)=CCOP([O-])(=O)OP([O-])([O-])=O,CC(C)=CCCC(C)=C1CC=C(C)CC1,['CC(C)=CCCC(C)=CCCC(C)=CCOP([O-])(=O)OP([O-])([O-])=O'],['CC(C)=CCCC(C)=C1CC=C(C)CC1'],"{26082, 79464, 28299, 68469, 68789}"
marts_E00680,sesq,CC(C)=CCCC(C)=CCCC(C)=CCOP([O-])(=O)OP([O-])([O-])=O,CC(C)=CCCC(C)=C1CC=C(C)CC1,['CC(C)=CCCC(C)=CCCC(C)=CCOP([O-])(=O)OP([O-])([O-])=O'],['CC(C)=CCCC(C)=C1CC=C(C)CC1'],"{26082, 79464, 28299, 68469, 68789}"
marts_E00680,sesq,CC(C)=CCCC(C)=CCCC(C)=CCOP([O-])(=O)OP([O-])([O-])=O,CC(C)=CCC=C(C)C1CC=C(C)CC1,['CC(C)=CCCC(C)=CCCC(C)=CCOP([O-])(=O)OP([O-])([O-])=O'],['CC(C)=CCC=C(C)C1CC=C(C)CC1'],"{68845, 68817, 68533, 68473, 25437}"
marts_E00681,sesq,CC(C)=CCCC(C)=CCCC(C)=CCOP([O-])(=O)OP([O-])([O-])=O,CC(=C)C1CC2(C)C(C)CCC=C2CC1,['CC(C)=CCCC(C)=CCCC(C)=CCOP([O-])(=O)OP([O-])([O-])=O'],['CC(=C)C1CC2(C)C(C)CCC=C2CC1'],"{29512, 58169, 52805}"
marts_E00681,sesq,CC(C)=CCCC(C)=CCCC(C)=CCOP([O-])(=O)OP([O-])([O-])=O,CC(C)=CCCC(C)=CCCC(=C)C=C,['CC(C)=CCCC(C)=CCCC(C)=CCOP([O-])(=O)OP([O-])([O-])=O'],['CC(C)=CCCC(C)=CCCC(=C)C=C'],"{68545, 27426, 68857, 68505, 68509}"
marts_E00681,sesq,CC(C)=CCCC(C)=CCCC(C)=CCOP([O-])(=O)OP([O-])([O-])=O,CC(=C)C1CCC(C)C2CCC(C)C2=C1,['CC(C)=CCCC(C)=CCCC(C)=CCOP([O-])(=O)OP([O-])([O-])=O'],['CC(=C)C1CCC(C)C2CCC(C)C2=C1'],{68401}
marts_E00681,sesq,CC(C)=CCCC(C)=CCCC(C)=CCOP([O-])(=O)OP([O-])([O-])=O,CC(C)=CCCC(C)=CCC=C(C)C=C,['CC(C)=CCCC(C)=CCCC(C)=CCOP([O-])(=O)OP([O-])([O-])=O'],['CC(C)=CCCC(C)=CCC=C(C)C=C'],{27422}
marts_E00681,sesq,CC(C)=CCCC(C)=CCCC(C)=CCOP([O-])(=O)OP([O-])([O-])=O,CC(C)=CCCC1(C)C2CC1CC=C2C,['CC(C)=CCCC(C)=CCCC(C)=CCOP([O-])(=O)OP([O-])([O-])=O'],['CC(C)=CCCC1(C)C2CC1CC=C2C'],"{30472, 31428}"
marts_E00681,sesq,CC(C)=CCCC(C)=CCCC(C)=CCOP([O-])(=O)OP([O-])([O-])=O,CC(C)=CCCC(=C)C1CC=C(C)CC1,['CC(C)=CCCC(C)=CCCC(C)=CCOP([O-])(=O)OP([O-])([O-])=O'],['CC(C)=CCCC(=C)C1CC=C(C)CC1'],"{68813, 68529, 28267, 68525}"
marts_E00681,sesq,CC(C)=CCCC(C)=CCCC(C)=CCOP([O-])(=O)OP([O-])([O-])=O,CC(C)=CCCC(C)=C1CC=C(C)CC1,['CC(C)=CCCC(C)=CCCC(C)=CCOP([O-])(=O)OP([O-])([O-])=O'],['CC(C)=CCCC(C)=C1CC=C(C)CC1'],"{26082, 79464, 28299, 68469, 68789}"
marts_E00681,sesq,CC(C)=CCCC(C)=CCCC(C)=CCOP([O-])(=O)OP([O-])([O-])=O,CC(C)=CCCC(C)=C1CC=C(C)CC1,['CC(C)=CCCC(C)=CCCC(C)=CCOP([O-])(=O)OP([O-])([O-])=O'],['CC(C)=CCCC(C)=C1CC=C(C)CC1'],"{26082, 79464, 28299, 68469, 68789}"
marts_E00681,sesq,CC(C)=CCCC(C)=CCCC(C)=CCOP([O-])(=O)OP([O-])([O-])=O,CC(C)=CCCC1(C)C2CC1CC=C2C,['CC(C)=CCCC(C)=CCCC(C)=CCOP([O-])(=O)OP([O-])([O-])=O'],['CC(C)=CCCC1(C)C2CC1CC=C2C'],"{30472, 31428}"
marts_E00681,mono,CC(C)=CCCC(C)=CCOP([O-])(=O)OP([O-])([O-])=O,CC1CCC(CC=1)C(C)=C,['CC(C)=CCCC(C)=CCOP([O-])(=O)OP([O-])([O-])=O'],['CC1CCC(CC=1)C(C)=C'],"{68641, 10941, 12870}"
marts_E00681,mono,CC(C)=CCCC(C)=CCOP([O-])(=O)OP([O-])([O-])=O,CC(C)=CCCC(=C)C=C,['CC(C)=CCCC(C)=CCOP([O-])(=O)OP([O-])([O-])=O'],['CC(C)=CCCC(=C)C=C'],{16966}
marts_E00681,mono,CC(C)=CCCC(C)=CCOP([O-])(=O)OP([O-])([O-])=O,CC1CCC2C(C=1)C2(C)C,['CC(C)=CCCC(C)=CCOP([O-])(=O)OP([O-])([O-])=O'],['CC1CCC2C(C=1)C2(C)C'],set()
marts_E00681,mono,CC(C)=CCCC(C)=CCOP([O-])(=O)OP([O-])([O-])=O,CC(C)=CCC=C(C)C=C,['CC(C)=CCCC(C)=CCOP([O-])(=O)OP([O-])([O-])=O'],['CC(C)=CCC=C(C)C=C'],"{68825, 32692}"
marts_E00681,mono,CC(C)=CCCC(C)=CCOP([O-])(=O)OP([O-])([O-])=O,CC(C)=CCC=C(C)C=C,['CC(C)=CCCC(C)=CCOP([O-])(=O)OP([O-])([O-])=O'],['CC(C)=CCC=C(C)C=C'],"{68825, 32692}"
marts_E00681,mono,CC(C)=CCCC(C)=CCOP([O-])(=O)OP([O-])([O-])=O,CC(C)=C1CC=C(C)CC1,['CC(C)=CCCC(C)=CCOP([O-])(=O)OP([O-])([O-])=O'],['CC(C)=C1CC=C(C)CC1'],{25501}
marts_E00681,mono,CC(C)=CCCC(C)=CCOP([O-])(=O)OP([O-])([O-])=O,CC1CC=C(CC=1)C(C)C,['CC(C)=CCCC(C)=CCOP([O-])(=O)OP([O-])([O-])=O'],['CC1CC=C(CC=1)C(C)C'],{32560}
marts_E00681,mono,CC(C)=CCCC(C)=CCOP([O-])(=O)OP([O-])([O-])=O,CC(C)=CCCC(C)(O)C=C,['CC(C)=CCCC(C)=CCOP([O-])(=O)OP([O-])([O-])=O'],['CC(C)=CCCC(C)(O)C=C'],"{15810, 68709, 24117}"
marts_E00682,di,CC(C)=CCCC(C)=CCCC(C)=CCCC(C)=CCOP([O-])(=O)OP([O-])([O-])=O,CC(C)=CCCC(C)=CCCC1(C)C2CC3C(C2)C13C,['CC(C)=CCCC(C)=CCCC(C)=CCCC(C)=CCOP([O-])(=O)OP([O-])([O-])=O'],['CC(C)=CCCC(C)=CCCC1(C)C2CC3C(C2)C13C'],set()
marts_E00683,di,CC1(C)CCCC2(C)C1CCC(=C)C2CCC(C)=CCOP([O-])(=O)OP([O-])([O-])=O,CC1(C)CCCC2(C)C1CCC13CC(CCC21)C(=C)C3,['CC1(C)CCCC2(C)C1CCC(=C)C2CCC(C)=CCOP([O-])(=O)OP([O-])([O-])=O'],['CC1(C)CCCC2(C)C1CCC13CC(CCC21)C(=C)C3'],{22221}
marts_E00684,sesq,CC(C)=CCCC(C)=CCCC(C)=CCOP([O-])(=O)OP([O-])([O-])=O,CC(C)=CCCC(C)=CCC=C(C)C=C,['CC(C)=CCCC(C)=CCCC(C)=CCOP([O-])(=O)OP([O-])([O-])=O'],['CC(C)=CCCC(C)=CCC=C(C)C=C'],{27422}
marts_E00685,sesq,CC(C)=CCCC(C)=CCCC(C)=CCOP([O-])(=O)OP([O-])([O-])=O,CC1CCC2C(C3C(C)CCC=13)C2(C)C,['CC(C)=CCCC(C)=CCCC(C)=CCOP([O-])(=O)OP([O-])([O-])=O'],['CC1CCC2C(C3C(C)CCC=13)C2(C)C'],{31812}
marts_E00686,sesq,CC(C)=CCCC(C)=CCCC(C)=CCOP([O-])(=O)OP([O-])([O-])=O,CC1CCC2C(C3C(C)CCC=13)C2(C)C,['CC(C)=CCCC(C)=CCCC(C)=CCOP([O-])(=O)OP([O-])([O-])=O'],['CC1CCC2C(C3C(C)CCC=13)C2(C)C'],{31812}
marts_E00687,sesq,CC(C)=CCCC(C)=CCCC(C)=CCOP([O-])(=O)OP([O-])([O-])=O,CC1CCC2C1CC(CCC=2C)C(C)=C,['CC(C)=CCCC(C)=CCCC(C)=CCOP([O-])(=O)OP([O-])([O-])=O'],['CC1CCC2C1CC(CCC=2C)C(C)=C'],{31832}
marts_E00687,sesq,CC(C)=CCCC(C)=CCCC(C)=CCOP([O-])(=O)OP([O-])([O-])=O,CC1CCC(C(C)=C)C21CCC(C)=CC2,['CC(C)=CCCC(C)=CCCC(C)=CCOP([O-])(=O)OP([O-])([O-])=O'],['CC1CCC(C(C)=C)C21CCC(C)=CC2'],"{77072, 68513, 68521, 68517}"
marts_E00687,sesq,CC(C)=CCCC(C)=CCCC(C)=CCOP([O-])(=O)OP([O-])([O-])=O,CC1(C)C2CC3(CC=C2C)C1CCC3C,['CC(C)=CCCC(C)=CCCC(C)=CCOP([O-])(=O)OP([O-])([O-])=O'],['CC1(C)C2CC3(CC=C2C)C1CCC3C'],"{31424, 68537, 68541}"
marts_E00687,sesq,CC(C)=CCCC(C)=CCCC(C)=CCOP([O-])(=O)OP([O-])([O-])=O,CC(C)=CCCC1(C)C2CC1CC=C2C,['CC(C)=CCCC(C)=CCCC(C)=CCOP([O-])(=O)OP([O-])([O-])=O'],['CC(C)=CCCC1(C)C2CC1CC=C2C'],"{30472, 31428}"
marts_E00687,sesq,CC(C)=CCCC(C)=CCCC(C)=CCOP([O-])(=O)OP([O-])([O-])=O,CC(C)=CCCC(C)C1CC=C(C)CC=1,['CC(C)=CCCC(C)=CCCC(C)=CCOP([O-])(=O)OP([O-])([O-])=O'],['CC(C)=CCCC(C)C1CC=C(C)CC=1'],{31420}
marts_E00688,sesq,CC(C)=CCCC(C)=CCCC(C)=CCOP([O-])(=O)OP([O-])([O-])=O,CC1CCC2C1CC(CCC=2C)C(C)=C,['CC(C)=CCCC(C)=CCCC(C)=CCOP([O-])(=O)OP([O-])([O-])=O'],['CC1CCC2C1CC(CCC=2C)C(C)=C'],{31832}
marts_E00688,sesq,CC(C)=CCCC(C)=CCCC(C)=CCOP([O-])(=O)OP([O-])([O-])=O,CC1CCC(CC=C(C)CCC=1)C(C)=C,['CC(C)=CCCC(C)=CCCC(C)=CCOP([O-])(=O)OP([O-])([O-])=O'],['CC1CCC(CC=C(C)CCC=1)C(C)=C'],"{68777, 25453, 12517}"
marts_E00688,sesq,CC(C)=CCCC(C)=CCCC(C)=CCOP([O-])(=O)OP([O-])([O-])=O,CC(C)=CCCC(C)=CCCC(C)=CCO,['CC(C)=CCCC(C)=CCCC(C)=CCOP([O-])(=O)OP([O-])([O-])=O'],['CC(C)=CCCC(C)=CCCC(C)=CCO'],{27527}
marts_E00688,sesq,CC(C)=CCCC(C)=CCCC(C)=CCOP([O-])(=O)OP([O-])([O-])=O,CC1CCC(C(C)=C)C21CCC(C)=CC2,['CC(C)=CCCC(C)=CCCC(C)=CCOP([O-])(=O)OP([O-])([O-])=O'],['CC1CCC(C(C)=C)C21CCC(C)=CC2'],"{77072, 68513, 68521, 68517}"
marts_E00689,sesq,CC(C)=CCCC(C)=CCCC(C)=CCOP([O-])(=O)OP([O-])([O-])=O,CC1C=C2C(CCC(C)C2CC=1)C(C)C,['CC(C)=CCCC(C)=CCCC(C)=CCOP([O-])(=O)OP([O-])([O-])=O'],['CC1C=C2C(CCC(C)C2CC=1)C(C)C'],{29488}
marts_E00689,sesq,CC(C)=CCCC(C)=CCCC(C)=CCOP([O-])(=O)OP([O-])([O-])=O,CC1CCC(C(C)=C)C21CCC(C)=CC2,['CC(C)=CCCC(C)=CCCC(C)=CCOP([O-])(=O)OP([O-])([O-])=O'],['CC1CCC(C(C)=C)C21CCC(C)=CC2'],"{77072, 68513, 68521, 68517}"
marts_E00690,sesq,CC(C)=CCCC(C)=CCCC(C)=CCOP([O-])(=O)OP([O-])([O-])=O,CC(C)=CCCC1(C)C2CC1CC=C2C,['CC(C)=CCCC(C)=CCCC(C)=CCOP([O-])(=O)OP([O-])([O-])=O'],['CC(C)=CCCC1(C)C2CC1CC=C2C'],"{30472, 31428}"
marts_E00691,di,CC(C)=CCCC(C)=CCCC(C)=CCCC(C)=CCOP([O-])(=O)OP([O-])([O-])=O,CC1(C)CCCC2(C)C1CCC(=C)C2CCC(C)=CCOP([O-])(=O)OP([O-])([O-])=O,['CC(C)=CCCC(C)=CCCC(C)=CCCC(C)=CCOP([O-])(=O)OP([O-])([O-])=O'],['CC1(C)CCCC2(C)C1CCC(=C)C2CCC(C)=CCOP([O-])(=O)OP([O-])([O-])=O'],"{14842, 24317, 25525}"
marts_E00692,mono,CC(C)=CCCC(C)=CCOP([O-])(=O)OP([O-])([O-])=O,CC(C)=CCCC(=C)C=C,['CC(C)=CCCC(C)=CCOP([O-])(=O)OP([O-])([O-])=O'],['CC(C)=CCCC(=C)C=C'],{16966}
marts_E00692,mono,CC(C)=CCCC(C)=CCOP([O-])(=O)OP([O-])([O-])=O,CC(C)=CCC=C(C)C=C,['CC(C)=CCCC(C)=CCOP([O-])(=O)OP([O-])([O-])=O'],['CC(C)=CCC=C(C)C=C'],"{68825, 32692}"
marts_E00692,mono,CC(C)=CCCC(C)=CCOP([O-])(=O)OP([O-])([O-])=O,CC(C)=CCC=C(C)C=C,['CC(C)=CCCC(C)=CCOP([O-])(=O)OP([O-])([O-])=O'],['CC(C)=CCC=C(C)C=C'],"{68825, 32692}"
marts_E00692,mono,CC(C)=CCCC(C)=CCOP([O-])(=O)OP([O-])([O-])=O,CC(C)C1CCC(=C)C=C1,['CC(C)=CCCC(C)=CCOP([O-])(=O)OP([O-])([O-])=O'],['CC(C)C1CCC(=C)C=C1'],"{25505, 25493, 27831}"
marts_E00692,mono,CC(C)=CCCC(C)=CCOP([O-])(=O)OP([O-])([O-])=O,CC(C)C1CCC(=C)C=C1,['CC(C)=CCCC(C)=CCOP([O-])(=O)OP([O-])([O-])=O'],['CC(C)C1CCC(=C)C=C1'],"{25505, 25493, 27831}"
marts_E00692,mono,CC(C)=CCCC(C)=CCOP([O-])(=O)OP([O-])([O-])=O,CC(C)C1CC=C(C)C=C1,['CC(C)=CCCC(C)=CCOP([O-])(=O)OP([O-])([O-])=O'],['CC(C)C1CC=C(C)C=C1'],set()
marts_E00692,mono,CC(C)=CCCC(C)=CCOP([O-])(=O)OP([O-])([O-])=O,CC1CCC(CC=1)C(C)=C,['CC(C)=CCCC(C)=CCOP([O-])(=O)OP([O-])([O-])=O'],['CC1CCC(CC=1)C(C)=C'],"{68641, 10941, 12870}"
marts_E00692,mono,CC(C)=CCCC(C)=CCOP([O-])(=O)OP([O-])([O-])=O,CC1CCC2C(C=1)C2(C)C,['CC(C)=CCCC(C)=CCOP([O-])(=O)OP([O-])([O-])=O'],['CC1CCC2C(C=1)C2(C)C'],set()
marts_E00692,mono,CC(C)=CCCC(C)=CCOP([O-])(=O)OP([O-])([O-])=O,CC1CC=C(CC=1)C(C)C,['CC(C)=CCCC(C)=CCOP([O-])(=O)OP([O-])([O-])=O'],['CC1CC=C(CC=1)C(C)C'],{32560}
marts_E00693,di,CC(C)=CCCC(C)=CCCC(C)=CCCC(C)=CCOP([O-])(=O)OP([O-])([O-])=O,CC1(C)CCCC2(C)C1CCC(=C)C2CCC(C)=CCOP([O-])(=O)OP([O-])([O-])=O,['CC(C)=CCCC(C)=CCCC(C)=CCCC(C)=CCOP([O-])(=O)OP([O-])([O-])=O'],['CC1(C)CCCC2(C)C1CCC(=C)C2CCC(C)=CCOP([O-])(=O)OP([O-])([O-])=O'],"{14842, 24317, 25525}"
marts_E00694,di,CC(C)=CCCC(C)=CCCC(C)=CCCC(C)=CCOP([O-])(=O)OP([O-])([O-])=O,CC1(C)CCCC2(C)C1CCC(=C)C2CCC(C)=CCOP([O-])(=O)OP([O-])([O-])=O,['CC(C)=CCCC(C)=CCCC(C)=CCCC(C)=CCOP([O-])(=O)OP([O-])([O-])=O'],['CC1(C)CCCC2(C)C1CCC(=C)C2CCC(C)=CCOP([O-])(=O)OP([O-])([O-])=O'],"{14842, 24317, 25525}"
marts_E00695,di,CC1(C)CCCC2(C)C1CCC(C)(O)C2CCC(C)=CCOP([O-])(=O)OP([O-])([O-])=O,CC1(C)CCCC2(C)C1CCC(C)(O)C2CC=C(C)C=C,['CC1(C)CCCC2(C)C1CCC(C)(O)C2CCC(C)=CCOP([O-])(=O)OP([O-])([O-])=O'],['CC1(C)CCCC2(C)C1CCC(C)(O)C2CC=C(C)C=C'],{34464}
marts_E00696,di,CC(C)=CCCC(C)=CCCC(C)=CCCC(C)=CCOP([O-])(=O)OP([O-])([O-])=O,CC1(C)CCCC2(C)C1CCC(C)(O)C2CCC(C)=CCOP([O-])(=O)OP([O-])([O-])=O,['CC(C)=CCCC(C)=CCCC(C)=CCCC(C)=CCOP([O-])(=O)OP([O-])([O-])=O'],['CC1(C)CCCC2(C)C1CCC(C)(O)C2CCC(C)=CCOP([O-])(=O)OP([O-])([O-])=O'],"{32704, 54650}"
marts_E00697,sesq,CC(C)=CCCC(C)=CCCC(C)=CCOP([O-])(=O)OP([O-])([O-])=O,CC1(C)CC2CC2(C)C2CCC(C)C2(O)C1,['CC(C)=CCCC(C)=CCCC(C)=CCOP([O-])(=O)OP([O-])([O-])=O'],['CC1(C)CC2CC2(C)C2CCC(C)C2(O)C1'],"{85624, 53617}"
marts_E00698,mono,CC(C)=CCCC(C)=CCOP([O-])(=O)OP([O-])([O-])=O,CC1(C)OC2(C)CCC1CC2,['CC(C)=CCCC(C)=CCOP([O-])(=O)OP([O-])([O-])=O'],['CC1(C)OC2(C)CCC1CC2'],"{32544, 56633}"
marts_E00698,mono,CC(C)=CCCC(C)=CCOP([O-])(=O)OP([O-])([O-])=O,CC1CCC(CC=1)C(C)=C,['CC(C)=CCCC(C)=CCOP([O-])(=O)OP([O-])([O-])=O'],['CC1CCC(CC=1)C(C)=C'],"{68641, 10941, 12870}"
marts_E00698,mono,CC(C)=CCCC(C)=CCOP([O-])(=O)OP([O-])([O-])=O,CC1CCC(CC=1)C(C)=C,['CC(C)=CCCC(C)=CCOP([O-])(=O)OP([O-])([O-])=O'],['CC1CCC(CC=1)C(C)=C'],"{68641, 10941, 12870}"
marts_E00698,mono,CC(C)=CCCC(C)=CCOP([O-])(=O)OP([O-])([O-])=O,CC1(C)OC2(C)CCC1CC2,['CC(C)=CCCC(C)=CCOP([O-])(=O)OP([O-])([O-])=O'],['CC1(C)OC2(C)CCC1CC2'],"{32544, 56633}"
marts_E00699,mono,CC(C)=CCCC(C)=CCOP([O-])(=O)OP([O-])([O-])=O,CC1CCC(CC=1)C(C)=C,['CC(C)=CCCC(C)=CCOP([O-])(=O)OP([O-])([O-])=O'],['CC1CCC(CC=1)C(C)=C'],"{68641, 10941, 12870}"
marts_E00699,mono,CC(C)=CCCC(C)=CCOP([O-])(=O)OP([O-])([O-])=O,CC(C)=CCCC(=C)C=C,['CC(C)=CCCC(C)=CCOP([O-])(=O)OP([O-])([O-])=O'],['CC(C)=CCCC(=C)C=C'],{16966}
marts_E00699,mono,CC(C)=CCCC(C)=CCOP([O-])(=O)OP([O-])([O-])=O,CC1=CCC2CC1C2(C)C,['CC(C)=CCCC(C)=CCOP([O-])(=O)OP([O-])([O-])=O'],['CC1=CCC2CC1C2(C)C'],"{32576, 25489, 25663}"
marts_E00699,mono,CC(C)=CCCC(C)=CCOP([O-])(=O)OP([O-])([O-])=O,CC1(C)C2CC1CCC2=C,['CC(C)=CCCC(C)=CCOP([O-])(=O)OP([O-])([O-])=O'],['CC1(C)C2CC1CCC2=C'],"{25497, 25667, 32580}"
marts_E00699,mono,CC(C)=CCCC(C)=CCOP([O-])(=O)OP([O-])([O-])=O,CC(C)C12CCC(=C)C1C2,['CC(C)=CCCC(C)=CCOP([O-])(=O)OP([O-])([O-])=O'],['CC(C)C12CCC(=C)C1C2'],"{68637, 32548, 25509}"
marts_E00699,mono,CC(C)=CCCC(C)=CCOP([O-])(=O)OP([O-])([O-])=O,CC(C)=CCCC(C)(O)C=C,['CC(C)=CCCC(C)=CCOP([O-])(=O)OP([O-])([O-])=O'],['CC(C)=CCCC(C)(O)C=C'],"{15810, 68709, 24117}"
marts_E00700,mono,CC(C)=CCCC(C)=CCOP([O-])(=O)OP([O-])([O-])=O,CC1(C)C2CC3C(C2)C13C,['CC(C)=CCCC(C)=CCOP([O-])(=O)OP([O-])([O-])=O'],['CC1(C)C2CC3C(C2)C13C'],{32688}
marts_E00700,mono,CC(C)=CCCC(C)=CCOP([O-])(=O)OP([O-])([O-])=O,CC1(C)C2CC(CC2)C1=C,['CC(C)=CCCC(C)=CCOP([O-])(=O)OP([O-])([O-])=O'],['CC1(C)C2CC(CC2)C1=C'],"{32568, 80392, 25485}"
marts_E00700,mono,CC(C)=CCCC(C)=CCOP([O-])(=O)OP([O-])([O-])=O,CC1CCC(CC=1)C(C)=C,['CC(C)=CCCC(C)=CCOP([O-])(=O)OP([O-])([O-])=O'],['CC1CCC(CC=1)C(C)=C'],"{68641, 10941, 12870}"
marts_E00700,mono,CC(C)=CCCC(C)=CCOP([O-])(=O)OP([O-])([O-])=O,CC(C)=CCCC(=C)C=C,['CC(C)=CCCC(C)=CCOP([O-])(=O)OP([O-])([O-])=O'],['CC(C)=CCCC(=C)C=C'],{16966}
marts_E00700,mono,CC(C)=CCCC(C)=CCOP([O-])(=O)OP([O-])([O-])=O,CC1=CCC2CC1C2(C)C,['CC(C)=CCCC(C)=CCOP([O-])(=O)OP([O-])([O-])=O'],['CC1=CCC2CC1C2(C)C'],"{32576, 25489, 25663}"
marts_E00700,mono,CC(C)=CCCC(C)=CCOP([O-])(=O)OP([O-])([O-])=O,CC1(C)C2CC1CCC2=C,['CC(C)=CCCC(C)=CCOP([O-])(=O)OP([O-])([O-])=O'],['CC1(C)C2CC1CCC2=C'],"{25497, 25667, 32580}"
marts_E00700,mono,CC(C)=CCCC(C)=CCOP([O-])(=O)OP([O-])([O-])=O,CC(C)C12CCC(=C)C1C2,['CC(C)=CCCC(C)=CCOP([O-])(=O)OP([O-])([O-])=O'],['CC(C)C12CCC(=C)C1C2'],"{68637, 32548, 25509}"
marts_E00701,di,CC(C)=CCCC(C)=CCCC(C)=CCCC(C)=CCOP([O-])(=O)OP([O-])([O-])=O,CC1(C)CCCC2(C)C1CC=C(C)C2CCC(C)=CCOP([O-])(=O)OP([O-])([O-])=O,['CC(C)=CCCC(C)=CCCC(C)=CCCC(C)=CCOP([O-])(=O)OP([O-])([O-])=O'],['CC1(C)CCCC2(C)C1CC=C(C)C2CCC(C)=CCOP([O-])(=O)OP([O-])([O-])=O'],"{32072, 54693}"
marts_E00701,di,CC1(C)CCCC2(C)C1CC=C(C)C2CCC(C)=CCOP([O-])(=O)OP([O-])([O-])=O,CC1(C)CCCC2(C)C1CC=C(C)C2CCC(C)=CCO,['CC1(C)CCCC2(C)C1CC=C(C)C2CCC(C)=CCOP([O-])(=O)OP([O-])([O-])=O'],['CC1(C)CCCC2(C)C1CC=C(C)C2CCC(C)=CCO'],{32080}
marts_E00702,mono,CC(C)=CCCC(C)=CCOP([O-])(=O)OP([O-])([O-])=O,CC(C)C12CC=C(C)C1C2,['CC(C)=CCCC(C)=CCOP([O-])(=O)OP([O-])([O-])=O'],['CC(C)C12CC=C(C)C1C2'],{68645}
marts_E00702,mono,CC(C)=CCCC(C)=CCOP([O-])(=O)OP([O-])([O-])=O,CC(C)C12CCC(=C)C1C2,['CC(C)=CCCC(C)=CCOP([O-])(=O)OP([O-])([O-])=O'],['CC(C)C12CCC(=C)C1C2'],"{68637, 32548, 25509}"
marts_E00703,mono,CC(C)=CCCC(C)=CCOP([O-])(=O)OP([O-])([O-])=O,CC(C)C12CC=C(C)C1C2,['CC(C)=CCCC(C)=CCOP([O-])(=O)OP([O-])([O-])=O'],['CC(C)C12CC=C(C)C1C2'],{68645}
marts_E00704,mono,CC(C)=CCCC(C)=CCOP([O-])(=O)OP([O-])([O-])=O,CC(C)=CCC=C(C)C=C,['CC(C)=CCCC(C)=CCOP([O-])(=O)OP([O-])([O-])=O'],['CC(C)=CCC=C(C)C=C'],"{68825, 32692}"
marts_E00705,tri,CC(CCC=C(C)CCC=C(C)C)=CC1C(COP([O-])(=O)OP([O-])([O-])=O)C1(C)CCC=C(C)CCC=C(C)C,CC(CCC=C(C)CCC=C(C)C)C=CC(C)(CCC=C(C)CCC=C(C)C)C=C,['CC(CCC=C(C)CCC=C(C)C)=CC1C(COP([O-])(=O)OP([O-])([O-])=O)C1(C)CCC=C(C)CCC=C(C)C'],['CC(CCC=C(C)CCC=C(C)C)C=CC(C)(CCC=C(C)CCC=C(C)C)C=C'],{34573}
marts_E00706,sqs,CC(C)=CCCC(C)=CCCC(C)=CCOP([O-])(=O)OP([O-])([O-])=O.CC(C)=CCCC(C)=CCCC(C)=CCOP([O-])(=O)OP([O-])([O-])=O,CC(C)=CCCC(C)=CCCC(C)=CCCC=C(C)CCC=C(C)CCC=C(C)C,"['CC(C)=CCCC(C)=CCCC(C)=CCOP([O-])(=O)OP([O-])([O-])=O', 'CC(C)=CCCC(C)=CCCC(C)=CCOP([O-])(=O)OP([O-])([O-])=O']",['CC(C)=CCCC(C)=CCCC(C)=CCCC=C(C)CCC=C(C)CCC=C(C)C'],"{32296, 32300}"
marts_E00706,tri,CC(C)=CCCC(C)=CCCC(C)=CCOP([O-])(=O)OP([O-])([O-])=O.CC(C)=CCCC(C)=CCCC(C)=CCOP([O-])(=O)OP([O-])([O-])=O,CC(C)=CCCC(C)=CCCC(C)=CCOCC=C(C)CCC=C(C)CCC=C(C)C,"['CC(C)=CCCC(C)=CCCC(C)=CCOP([O-])(=O)OP([O-])([O-])=O', 'CC(C)=CCCC(C)=CCCC(C)=CCOP([O-])(=O)OP([O-])([O-])=O']",['CC(C)=CCCC(C)=CCCC(C)=CCOCC=C(C)CCC=C(C)CCC=C(C)C'],set()
marts_E00706,sqs,CC(CCC=C(C)CCC=C(C)C)=CC1C(COP([O-])(=O)OP([O-])([O-])=O)C1(C)CCC=C(C)CCC=C(C)C,CC(C)=CCCC(C)=CCCC(C)=CCCC=C(C)CCC=C(C)CCC=C(C)C,['CC(CCC=C(C)CCC=C(C)C)=CC1C(COP([O-])(=O)OP([O-])([O-])=O)C1(C)CCC=C(C)CCC=C(C)C'],['CC(C)=CCCC(C)=CCCC(C)=CCCC=C(C)CCC=C(C)CCC=C(C)C'],"{22233, 22229}"
marts_E00706,tri,CC(CCC=C(C)CCC=C(C)C)=CC1C(COP([O-])(=O)OP([O-])([O-])=O)C1(C)CCC=C(C)CCC=C(C)C,CC(C)=CCCC(C)=CCCC(C)=CCOCC=C(C)CCC=C(C)CCC=C(C)C,['CC(CCC=C(C)CCC=C(C)C)=CC1C(COP([O-])(=O)OP([O-])([O-])=O)C1(C)CCC=C(C)CCC=C(C)C'],['CC(C)=CCCC(C)=CCCC(C)=CCOCC=C(C)CCC=C(C)CCC=C(C)C'],set()
marts_E00707,sqs,CC(C)=CCCC(C)=CCCC(C)=CCOP([O-])(=O)OP([O-])([O-])=O.CC(C)=CCCC(C)=CCCC(C)=CCOP([O-])(=O)OP([O-])([O-])=O,CC(CCC=C(C)CCC=C(C)C)=CC1C(COP([O-])(=O)OP([O-])([O-])=O)C1(C)CCC=C(C)CCC=C(C)C,"['CC(C)=CCCC(C)=CCCC(C)=CCOP([O-])(=O)OP([O-])([O-])=O', 'CC(C)=CCCC(C)=CCCC(C)=CCOP([O-])(=O)OP([O-])([O-])=O']",['CC(CCC=C(C)CCC=C(C)C)=CC1C(COP([O-])(=O)OP([O-])([O-])=O)C1(C)CCC=C(C)CCC=C(C)C'],{22673}
marts_E00709,pt,CC(C)=CCCC(C)=CCOP([O-])(=O)OP([O-])([O-])=O.CC(=C)CCOP([O-])(=O)OP([O-])([O-])=O,CC(C)=CCCC(C)=CCCC(C)=CCOP([O-])(=O)OP([O-])([O-])=O,"['CC(C)=CCCC(C)=CCOP([O-])(=O)OP([O-])([O-])=O', 'CC(=C)CCOP([O-])(=O)OP([O-])([O-])=O']",['CC(C)=CCCC(C)=CCCC(C)=CCOP([O-])(=O)OP([O-])([O-])=O'],"{19362, 64573, 23301}"
marts_E00709,pt,CC(C)=CCOP([O-])(=O)OP([O-])([O-])=O.CC(=C)CCOP([O-])(=O)OP([O-])([O-])=O,CC(C)=CCCC(C)=CCOP([O-])(=O)OP([O-])([O-])=O,"['CC(C)=CCOP([O-])(=O)OP([O-])([O-])=O', 'CC(=C)CCOP([O-])(=O)OP([O-])([O-])=O']",['CC(C)=CCCC(C)=CCOP([O-])(=O)OP([O-])([O-])=O'],"{11329, 22409}"
marts_E00709,pt,CC(C)=CCCC(C)=CCOP([O-])(=O)OP([O-])([O-])=O.CC(C)=CCCC(C)=CCCC(C)=CCOP([O-])(=O)OP([O-])([O-])=O,CC(C)=CCCC(C)=CCCC(C)=CCCC(C)=CCOP([O-])(=O)OP([O-])([O-])=O,"['CC(C)=CCCC(C)=CCOP([O-])(=O)OP([O-])([O-])=O', 'CC(C)=CCCC(C)=CCCC(C)=CCOP([O-])(=O)OP([O-])([O-])=O']",['CC(C)=CCCC(C)=CCCC(C)=CCCC(C)=CCOP([O-])(=O)OP([O-])([O-])=O'],set()
marts_E00710,pt,CC(C)=CCCC(C)=CCOP([O-])(=O)OP([O-])([O-])=O.CC(=C)CCOP([O-])(=O)OP([O-])([O-])=O,CC(C)=CCCC(C)=CCCC(C)=CCOP([O-])(=O)OP([O-])([O-])=O,"['CC(C)=CCCC(C)=CCOP([O-])(=O)OP([O-])([O-])=O', 'CC(=C)CCOP([O-])(=O)OP([O-])([O-])=O']",['CC(C)=CCCC(C)=CCCC(C)=CCOP([O-])(=O)OP([O-])([O-])=O'],"{19362, 64573, 23301}"
marts_E00710,pt,CC(C)=CCOP([O-])(=O)OP([O-])([O-])=O.CC(=C)CCOP([O-])(=O)OP([O-])([O-])=O,CC(C)=CCCC(C)=CCOP([O-])(=O)OP([O-])([O-])=O,"['CC(C)=CCOP([O-])(=O)OP([O-])([O-])=O', 'CC(=C)CCOP([O-])(=O)OP([O-])([O-])=O']",['CC(C)=CCCC(C)=CCOP([O-])(=O)OP([O-])([O-])=O'],"{11329, 22409}"
marts_E00710,pt,CC(C)=CCCC(C)=CCOP([O-])(=O)OP([O-])([O-])=O.CC(C)=CCCC(C)=CCCC(C)=CCOP([O-])(=O)OP([O-])([O-])=O,CC(C)=CCCC(C)=CCCC(C)=CCCC(C)=CCOP([O-])(=O)OP([O-])([O-])=O,"['CC(C)=CCCC(C)=CCOP([O-])(=O)OP([O-])([O-])=O', 'CC(C)=CCCC(C)=CCCC(C)=CCOP([O-])(=O)OP([O-])([O-])=O']",['CC(C)=CCCC(C)=CCCC(C)=CCCC(C)=CCOP([O-])(=O)OP([O-])([O-])=O'],set()
marts_E00711,pt,CC(C)=CCCC(C)=CCOP([O-])(=O)OP([O-])([O-])=O.CC(=C)CCOP([O-])(=O)OP([O-])([O-])=O,CC(C)=CCCC(C)=CCCC(C)=CCOP([O-])(=O)OP([O-])([O-])=O,"['CC(C)=CCCC(C)=CCOP([O-])(=O)OP([O-])([O-])=O', 'CC(=C)CCOP([O-])(=O)OP([O-])([O-])=O']",['CC(C)=CCCC(C)=CCCC(C)=CCOP([O-])(=O)OP([O-])([O-])=O'],"{19362, 64573, 23301}"
marts_E00711,pt,CC(C)=CCOP([O-])(=O)OP([O-])([O-])=O.CC(=C)CCOP([O-])(=O)OP([O-])([O-])=O,CC(C)=CCCC(C)=CCOP([O-])(=O)OP([O-])([O-])=O,"['CC(C)=CCOP([O-])(=O)OP([O-])([O-])=O', 'CC(=C)CCOP([O-])(=O)OP([O-])([O-])=O']",['CC(C)=CCCC(C)=CCOP([O-])(=O)OP([O-])([O-])=O'],"{11329, 22409}"
marts_E00711,pt,CC(C)=CCCC(C)=CCOP([O-])(=O)OP([O-])([O-])=O.CC(C)=CCCC(C)=CCCC(C)=CCOP([O-])(=O)OP([O-])([O-])=O,CC(C)=CCCC(C)=CCCC(C)=CCCC(C)=CCOP([O-])(=O)OP([O-])([O-])=O,"['CC(C)=CCCC(C)=CCOP([O-])(=O)OP([O-])([O-])=O', 'CC(C)=CCCC(C)=CCCC(C)=CCOP([O-])(=O)OP([O-])([O-])=O']",['CC(C)=CCCC(C)=CCCC(C)=CCCC(C)=CCOP([O-])(=O)OP([O-])([O-])=O'],set()
marts_E00712,tri,CC(C)=CCCC(C)=CCCC(C)=CCCC=C(C)CCC=C(C)CCC1OC1(C)C,CC(C)=CCCC1(C)CCC2(C)C3CCC4(C)C(CCC(=O)C4C)C3(C)CCC2(C)C1,['CC(C)=CCCC(C)=CCCC(C)=CCCC=C(C)CCC=C(C)CCC1OC1(C)C'],['CC(C)=CCCC1(C)CCC2(C)C3CCC4(C)C(CCC(=O)C4C)C3(C)CCC2(C)C1'],{31848}
marts_E00712,tri,CC(C)=CCCC(C)=CCCC(C)=CCCC=C(C)CCC=C(C)CCC1OC1(C)C,CC1(C)CC2C3=CCC4C5(C)CCC(O)C(C)(C)C5CCC4(C)C3(C)CCC2(C)CC1,['CC(C)=CCCC(C)=CCCC(C)=CCCC=C(C)CCC=C(C)CCC1OC1(C)C'],['CC1(C)CC2C3=CCC4C5(C)CCC(O)C(C)(C)C5CCC4(C)C3(C)CCC2(C)CC1'],{31008}
marts_E00712,tri,CC(C)=CCCC(C)=CCCC(C)=CCCC=C(C)CCC=C(C)CCC1OC1(C)C,CC1(C)CCCC2(C)C1CCC1(C)C2CCC2C(CCC12C)C(=C)CCC=C(C)C,['CC(C)=CCCC(C)=CCCC(C)=CCCC=C(C)CCC=C(C)CCC1OC1(C)C'],['CC1(C)CCCC2(C)C1CCC1(C)C2CCC2C(CCC12C)C(=C)CCC=C(C)C'],set()
marts_E00712,tri,CC(C)=CCCC(C)=CCCC(C)=CCCC=C(C)CCC=C(C)CCC1OC1(C)C,CC1(C)CC2C(C)(CCC3(C)C4CCC5(C)C(CCC(=O)C5C)C4(C)CCC32C)CC1,['CC(C)=CCCC(C)=CCCC(C)=CCCC=C(C)CCC=C(C)CCC1OC1(C)C'],['CC1(C)CC2C(C)(CCC3(C)C4CCC5(C)C(CCC(=O)C5C)C4(C)CCC32C)CC1'],{31864}
marts_E00712,tri,CC(C)=CCCC(C)=CCCC(C)=CCCC=C(C)CCC=C(C)CCC1OC1(C)C,CC(C)=CCCC1(C)CCC2(C)C3CCC4(C)C(CCC(=O)C4C)C3(C)CCC2(C)C1,['CC(C)=CCCC(C)=CCCC(C)=CCCC=C(C)CCC=C(C)CCC1OC1(C)C'],['CC(C)=CCCC1(C)CCC2(C)C3CCC4(C)C(CCC(=O)C4C)C3(C)CCC2(C)C1'],{31848}
marts_E00713,sesq,CC(C)=CCCC(C)=CCCC(C)=CCOP([O-])(=O)OP([O-])([O-])=O,CC1CCC2C(CC2(C)C)C(=C)CCC=1,['CC(C)=CCCC(C)=CCCC(C)=CCOP([O-])(=O)OP([O-])([O-])=O'],['CC1CCC2C(CC2(C)C)C(=C)CCC=1'],"{31816, 34704, 28295}"
marts_E00713,sesq,CC(C)=CCCC(C)=CCCC(C)=CCOP([O-])(=O)OP([O-])([O-])=O,CC1CCC=C(C)CC=CC(C)(C)CC=1,['CC(C)=CCCC(C)=CCCC(C)=CCOP([O-])(=O)OP([O-])([O-])=O'],['CC1CCC=C(C)CC=CC(C)(C)CC=1'],"{31896, 68781}"
marts_E00714,sesq,CC(C)=CCCC(C)=CCCC(C)=CCOP([O-])(=O)OP([O-])([O-])=O,CC1CCC(CC=C(C)CCC=1)C(C)=C,['CC(C)=CCCC(C)=CCCC(C)=CCOP([O-])(=O)OP([O-])([O-])=O'],['CC1CCC(CC=C(C)CCC=1)C(C)=C'],"{68777, 25453, 12517}"
marts_E00715,sesq,CC(C)=CCCC(C)=CCCC(C)=CCOP([O-])(=O)OP([O-])([O-])=O,CC1CCC(C=CC(=C)CCC=1)C(C)C,['CC(C)=CCCC(C)=CCCC(C)=CCOP([O-])(=O)OP([O-])([O-])=O'],['CC1CCC(C=CC(=C)CCC=1)C(C)C'],"{12017, 30428, 68717}"
marts_E00715,sesq,CC(C)=CCCC(C)=CCCC(C)=CCOP([O-])(=O)OP([O-])([O-])=O,CC(C)C1CCC(C)C23CC=C(C)C2C31,['CC(C)=CCCC(C)=CCCC(C)=CCOP([O-])(=O)OP([O-])([O-])=O'],['CC(C)C1CCC(C)C23CC=C(C)C2C31'],set()
marts_E00715,sesq,CC(C)=CCCC(C)=CCCC(C)=CCOP([O-])(=O)OP([O-])([O-])=O,CC(C)C1CCC2(C)C3C1C2CC=C3C,['CC(C)=CCCC(C)=CCCC(C)=CCOP([O-])(=O)OP([O-])([O-])=O'],['CC(C)C1CCC2(C)C3C1C2CC=C3C'],{33992}
marts_E00715,sesq,CC(C)=CCCC(C)=CCCC(C)=CCOP([O-])(=O)OP([O-])([O-])=O,CC(C)C1CCC(C)C23CCC(=C)C2C31,['CC(C)=CCCC(C)=CCCC(C)=CCOP([O-])(=O)OP([O-])([O-])=O'],['CC(C)C1CCC(C)C23CCC(=C)C2C31'],{32020}
marts_E00715,sesq,CC(C)=CCCC(C)=CCCC(C)=CCOP([O-])(=O)OP([O-])([O-])=O,CC1CCC2C(CC2(C)C)C(=C)CCC=1,['CC(C)=CCCC(C)=CCCC(C)=CCOP([O-])(=O)OP([O-])([O-])=O'],['CC1CCC2C(CC2(C)C)C(=C)CCC=1'],"{31816, 34704, 28295}"
marts_E00715,sesq,CC(C)=CCCC(C)=CCCC(C)=CCOP([O-])(=O)OP([O-])([O-])=O,CC1CCC=C(C)CC=CC(C)(C)CC=1,['CC(C)=CCCC(C)=CCCC(C)=CCOP([O-])(=O)OP([O-])([O-])=O'],['CC1CCC=C(C)CC=CC(C)(C)CC=1'],"{31896, 68781}"
marts_E00715,sesq,CC(C)=CCCC(C)=CCCC(C)=CCOP([O-])(=O)OP([O-])([O-])=O,CC(C)C1CCC(C)=C2CCC(C)=CC21,['CC(C)=CCCC(C)=CCCC(C)=CCOP([O-])(=O)OP([O-])([O-])=O'],['CC(C)C1CCC(C)=C2CCC(C)=CC21'],"{32016, 56557, 19526}"
marts_E00715,sesq,CC(C)=CCCC(C)=CCCC(C)=CCOP([O-])(=O)OP([O-])([O-])=O,CC1CCC2C(C=1)C(CCC2=C)C(C)C,['CC(C)=CCCC(C)=CCCC(C)=CCOP([O-])(=O)OP([O-])([O-])=O'],['CC1CCC2C(C=1)C(CCC2=C)C(C)C'],"{28640, 68849, 31828, 33108}"
marts_E00716,sesq,CC(C)=CCCC(C)=CCCC(C)=CCOP([O-])(=O)OP([O-])([O-])=O,CC1(C)CCCC2(C)C1CC=C(C)C2COP(O)(=O)OP(O)(O)=O,['CC(C)=CCCC(C)=CCCC(C)=CCOP([O-])(=O)OP([O-])([O-])=O'],['CC1(C)CCCC2(C)C1CC=C(C)C2COP(O)(=O)OP(O)(O)=O'],set()
marts_E00717,sesq,CC(C)=CCCC(C)=CCCC(C)=CCOP([O-])(=O)OP([O-])([O-])=O,CC(C)=CCCC(=C)C1CC=C(C)CC1,['CC(C)=CCCC(C)=CCCC(C)=CCOP([O-])(=O)OP([O-])([O-])=O'],['CC(C)=CCCC(=C)C1CC=C(C)CC1'],"{68813, 68529, 28267, 68525}"
marts_E00717,mono,CC(C)=CCCC(C)=CCOP([O-])(=O)OP([O-])([O-])=O,CC1CCC(CC=1)C(C)(C)O,['CC(C)=CCCC(C)=CCOP([O-])(=O)OP([O-])([O-])=O'],['CC1CCC(CC=1)C(C)(C)O'],"{32552, 32556}"
marts_E00717,mono,CC(C)=CCCC(C)=CCOP([O-])(=O)OP([O-])([O-])=O,CC1CCC(CC=1)C(C)=C,['CC(C)=CCCC(C)=CCOP([O-])(=O)OP([O-])([O-])=O'],['CC1CCC(CC=1)C(C)=C'],"{68641, 10941, 12870}"
marts_E00717,mono,CC(C)=CCCC(C)=CCOP([O-])(=O)OP([O-])([O-])=O,CC1=CCC2CC1C2(C)C,['CC(C)=CCCC(C)=CCOP([O-])(=O)OP([O-])([O-])=O'],['CC1=CCC2CC1C2(C)C'],"{32576, 25489, 25663}"
marts_E00717,mono,CC(C)=CCCC(C)=CCOP([O-])(=O)OP([O-])([O-])=O,CC(C)C12CCC(=C)C1C2,['CC(C)=CCCC(C)=CCOP([O-])(=O)OP([O-])([O-])=O'],['CC(C)C12CCC(=C)C1C2'],"{68637, 32548, 25509}"
marts_E00717,mono,CC(C)=CCCC(C)=CCOP([O-])(=O)OP([O-])([O-])=O,CC(C)=CCCC(=C)C=C,['CC(C)=CCCC(C)=CCOP([O-])(=O)OP([O-])([O-])=O'],['CC(C)=CCCC(=C)C=C'],{16966}
marts_E00717,mono,CC(C)=CCCC(C)=CCOP([O-])(=O)OP([O-])([O-])=O,CC(C)=C1CC=C(C)CC1,['CC(C)=CCCC(C)=CCOP([O-])(=O)OP([O-])([O-])=O'],['CC(C)=C1CC=C(C)CC1'],{25501}
marts_E00717,mono,CC(C)=CCCC(C)=CCOP([O-])(=O)OP([O-])([O-])=O,CC(C)=CCCC(C)(O)C=C,['CC(C)=CCCC(C)=CCOP([O-])(=O)OP([O-])([O-])=O'],['CC(C)=CCCC(C)(O)C=C'],"{15810, 68709, 24117}"
marts_E00717,mono,CC(C)=CCCC(C)=CCOP([O-])(=O)OP([O-])([O-])=O,CC(C)=CCCC(C)=CCO,['CC(C)=CCCC(C)=CCOP([O-])(=O)OP([O-])([O-])=O'],['CC(C)=CCCC(C)=CCO'],"{32680, 65829}"
marts_E00719,di,CC1(C)CCCC2(C)C1CCC(=C)C2CCC(C)=CCOP([O-])(=O)OP([O-])([O-])=O,CC1(C)CCCC2(C)C1CCC1=CC(=CCC21)C(C)C,['CC1(C)CCCC2(C)C1CCC(=C)C2CCC(C)=CCOP([O-])(=O)OP([O-])([O-])=O'],['CC1(C)CCCC2(C)C1CCC1=CC(=CCC21)C(C)C'],{25549}
marts_E00719,di,CC1(C)CCCC2(C)C1CCC(=C)C2CCC(C)=CCOP([O-])(=O)OP([O-])([O-])=O,CC1(C)CCCC2(C)C1CC=C1C=C(CCC21)C(C)C,['CC1(C)CCCC2(C)C1CCC(=C)C2CCC(C)=CCOP([O-])(=O)OP([O-])([O-])=O'],['CC1(C)CCCC2(C)C1CC=C1C=C(CCC21)C(C)C'],{13874}
marts_E00719,di,CC1(C)CCCC2(C)C1CCC(=C)C2CCC(C)=CCOP([O-])(=O)OP([O-])([O-])=O,CC1(C)CCCC2(C)C1CCC1=CC(CCC21)=C(C)C,['CC1(C)CCCC2(C)C1CCC(=C)C2CCC(C)=CCOP([O-])(=O)OP([O-])([O-])=O'],['CC1(C)CCCC2(C)C1CCC1=CC(CCC21)=C(C)C'],{33988}
marts_E00719,di,CC1(C)CCCC2(C)C1CCC(=C)C2CCC(C)=CCOP([O-])(=O)OP([O-])([O-])=O,CC1(C)CCCC2(C)C1CCC1C=C(CCC2=1)C(C)C,['CC1(C)CCCC2(C)C1CCC(=C)C2CCC(C)=CCOP([O-])(=O)OP([O-])([O-])=O'],['CC1(C)CCCC2(C)C1CCC1C=C(CCC2=1)C(C)C'],set()
marts_E00719,di,CC(C)=CCCC(C)=CCCC(C)=CCCC(C)=CCOP([O-])(=O)OP([O-])([O-])=O,CC1(C)CCCC2(C)C1CCC(=C)C2CCC(C)=CCOP([O-])(=O)OP([O-])([O-])=O,['CC(C)=CCCC(C)=CCCC(C)=CCCC(C)=CCOP([O-])(=O)OP([O-])([O-])=O'],['CC1(C)CCCC2(C)C1CCC(=C)C2CCC(C)=CCOP([O-])(=O)OP([O-])([O-])=O'],"{14842, 24317, 25525}"
marts_E00720,mono,CC(C)=CCCC(C)=CCOP([O-])(=O)OP([O-])([O-])=O,CC1=CCC2CC1C2(C)C,['CC(C)=CCCC(C)=CCOP([O-])(=O)OP([O-])([O-])=O'],['CC1=CCC2CC1C2(C)C'],"{32576, 25489, 25663}"
marts_E00720,mono,CC(C)=CCCC(C)=CCOP([O-])(=O)OP([O-])([O-])=O,CC1(C)C2CC1CCC2=C,['CC(C)=CCCC(C)=CCOP([O-])(=O)OP([O-])([O-])=O'],['CC1(C)C2CC1CCC2=C'],"{25497, 25667, 32580}"
marts_E00720,mono,CC(C)=CCCC(C)=CCOP([O-])(=O)OP([O-])([O-])=O,CC(C)=CCCC(C)(O)C=C,['CC(C)=CCCC(C)=CCOP([O-])(=O)OP([O-])([O-])=O'],['CC(C)=CCCC(C)(O)C=C'],"{15810, 68709, 24117}"
marts_E00720,mono,CC(C)=CCCC(C)=CCOP([O-])(=O)OP([O-])([O-])=O,CC(C)C1CCC(=C)C=C1,['CC(C)=CCCC(C)=CCOP([O-])(=O)OP([O-])([O-])=O'],['CC(C)C1CCC(=C)C=C1'],"{25505, 25493, 27831}"
marts_E00720,mono,CC(C)=CCCC(C)=CCOP([O-])(=O)OP([O-])([O-])=O,CC1(C)C2CC(CC2)C1=C,['CC(C)=CCCC(C)=CCOP([O-])(=O)OP([O-])([O-])=O'],['CC1(C)C2CC(CC2)C1=C'],"{32568, 80392, 25485}"
marts_E00720,mono,CC(C)=CCCC(C)=CCOP([O-])(=O)OP([O-])([O-])=O,CC(C)=CCCC(=C)C=C,['CC(C)=CCCC(C)=CCOP([O-])(=O)OP([O-])([O-])=O'],['CC(C)=CCCC(=C)C=C'],{16966}
marts_E00721,mono,CC(C)=CCCC(C)=CCOP([O-])(=O)OP([O-])([O-])=O,CC(C)=CCCC(C)(O)C=C,['CC(C)=CCCC(C)=CCOP([O-])(=O)OP([O-])([O-])=O'],['CC(C)=CCCC(C)(O)C=C'],"{15810, 68709, 24117}"
marts_E00722,mono,CC(C)=CCCC(C)=CCOP([O-])(=O)OP([O-])([O-])=O,CC(C)C1CCC(=C)C=C1,['CC(C)=CCCC(C)=CCOP([O-])(=O)OP([O-])([O-])=O'],['CC(C)C1CCC(=C)C=C1'],"{25505, 25493, 27831}"
marts_E00722,mono,CC(C)=CCCC(C)=CCOP([O-])(=O)OP([O-])([O-])=O,CC1(C)C2CC1CCC2=C,['CC(C)=CCCC(C)=CCOP([O-])(=O)OP([O-])([O-])=O'],['CC1(C)C2CC1CCC2=C'],"{25497, 25667, 32580}"
marts_E00722,mono,CC(C)=CCCC(C)=CCOP([O-])(=O)OP([O-])([O-])=O,CC1=CCC2CC1C2(C)C,['CC(C)=CCCC(C)=CCOP([O-])(=O)OP([O-])([O-])=O'],['CC1=CCC2CC1C2(C)C'],"{32576, 25489, 25663}"
marts_E00722,mono,CC(C)=CCCC(C)=CCOP([O-])(=O)OP([O-])([O-])=O,CC(C)=CCCC(=C)C=C,['CC(C)=CCCC(C)=CCOP([O-])(=O)OP([O-])([O-])=O'],['CC(C)=CCCC(=C)C=C'],{16966}
marts_E00722,mono,CC(C)=CCCC(C)=CCOP([O-])(=O)OP([O-])([O-])=O,CC(C)C1CC=C(C)C=C1,['CC(C)=CCCC(C)=CCOP([O-])(=O)OP([O-])([O-])=O'],['CC(C)C1CC=C(C)C=C1'],set()
marts_E00722,mono,CC(C)=CCCC(C)=CCOP([O-])(=O)OP([O-])([O-])=O,CC(C)=C1CC=C(C)CC1,['CC(C)=CCCC(C)=CCOP([O-])(=O)OP([O-])([O-])=O'],['CC(C)=C1CC=C(C)CC1'],{25501}
marts_E00723,mono,CC(C)=CCCC(C)=CCOP([O-])(=O)OP([O-])([O-])=O,CC(C)C1CCC(=C)C=C1,['CC(C)=CCCC(C)=CCOP([O-])(=O)OP([O-])([O-])=O'],['CC(C)C1CCC(=C)C=C1'],"{25505, 25493, 27831}"
marts_E00723,mono,CC(C)=CCCC(C)=CCOP([O-])(=O)OP([O-])([O-])=O,CC1(C)C2CC1CCC2=C,['CC(C)=CCCC(C)=CCOP([O-])(=O)OP([O-])([O-])=O'],['CC1(C)C2CC1CCC2=C'],"{25497, 25667, 32580}"
marts_E00723,mono,CC(C)=CCCC(C)=CCOP([O-])(=O)OP([O-])([O-])=O,CC1=CCC2CC1C2(C)C,['CC(C)=CCCC(C)=CCOP([O-])(=O)OP([O-])([O-])=O'],['CC1=CCC2CC1C2(C)C'],"{32576, 25489, 25663}"
marts_E00723,mono,CC(C)=CCCC(C)=CCOP([O-])(=O)OP([O-])([O-])=O,CC(C)=CCCC(=C)C=C,['CC(C)=CCCC(C)=CCOP([O-])(=O)OP([O-])([O-])=O'],['CC(C)=CCCC(=C)C=C'],{16966}
marts_E00723,mono,CC(C)=CCCC(C)=CCOP([O-])(=O)OP([O-])([O-])=O,CC(C)C1CC=C(C)C=C1,['CC(C)=CCCC(C)=CCOP([O-])(=O)OP([O-])([O-])=O'],['CC(C)C1CC=C(C)C=C1'],set()
marts_E00723,mono,CC(C)=CCCC(C)=CCOP([O-])(=O)OP([O-])([O-])=O,CC(C)=C1CC=C(C)CC1,['CC(C)=CCCC(C)=CCOP([O-])(=O)OP([O-])([O-])=O'],['CC(C)=C1CC=C(C)CC1'],{25501}
marts_E00724,mono,CC(C)=CCCC(C)=CCOP([O-])(=O)OP([O-])([O-])=O,CC1(C)OC2(C)CCC1CC2,['CC(C)=CCCC(C)=CCOP([O-])(=O)OP([O-])([O-])=O'],['CC1(C)OC2(C)CCC1CC2'],"{32544, 56633}"
marts_E00724,mono,CC(C)=CCCC(C)=CCOP([O-])(=O)OP([O-])([O-])=O,CC1CCC(CC=1)C(C)(C)O,['CC(C)=CCCC(C)=CCOP([O-])(=O)OP([O-])([O-])=O'],['CC1CCC(CC=1)C(C)(C)O'],"{32552, 32556}"
marts_E00724,mono,CC(C)=CCCC(C)=CCOP([O-])(=O)OP([O-])([O-])=O,CC1=CCC2CC1C2(C)C,['CC(C)=CCCC(C)=CCOP([O-])(=O)OP([O-])([O-])=O'],['CC1=CCC2CC1C2(C)C'],"{32576, 25489, 25663}"
marts_E00724,mono,CC(C)=CCCC(C)=CCOP([O-])(=O)OP([O-])([O-])=O,CC(C)=CCCC(=C)C=C,['CC(C)=CCCC(C)=CCOP([O-])(=O)OP([O-])([O-])=O'],['CC(C)=CCCC(=C)C=C'],{16966}
marts_E00724,mono,CC(C)=CCCC(C)=CCOP([O-])(=O)OP([O-])([O-])=O,CC1(C)C2CC1CCC2=C,['CC(C)=CCCC(C)=CCOP([O-])(=O)OP([O-])([O-])=O'],['CC1(C)C2CC1CCC2=C'],"{25497, 25667, 32580}"
marts_E00725,mono,CC(C)=CCCC(C)=CCOP([O-])(=O)OP([O-])([O-])=O,CC(C)C1CCC(=C)C=C1,['CC(C)=CCCC(C)=CCOP([O-])(=O)OP([O-])([O-])=O'],['CC(C)C1CCC(=C)C=C1'],"{25505, 25493, 27831}"
marts_E00725,mono,CC(C)=CCCC(C)=CCOP([O-])(=O)OP([O-])([O-])=O,CC1(C)C2CC1CCC2=C,['CC(C)=CCCC(C)=CCOP([O-])(=O)OP([O-])([O-])=O'],['CC1(C)C2CC1CCC2=C'],"{25497, 25667, 32580}"
marts_E00725,mono,CC(C)=CCCC(C)=CCOP([O-])(=O)OP([O-])([O-])=O,CC1=CCC2CC1C2(C)C,['CC(C)=CCCC(C)=CCOP([O-])(=O)OP([O-])([O-])=O'],['CC1=CCC2CC1C2(C)C'],"{32576, 25489, 25663}"
marts_E00725,mono,CC(C)=CCCC(C)=CCOP([O-])(=O)OP([O-])([O-])=O,CC(C)=CCCC(=C)C=C,['CC(C)=CCCC(C)=CCOP([O-])(=O)OP([O-])([O-])=O'],['CC(C)=CCCC(=C)C=C'],{16966}
marts_E00725,mono,CC(C)=CCCC(C)=CCOP([O-])(=O)OP([O-])([O-])=O,CC(C)C1CC=C(C)C=C1,['CC(C)=CCCC(C)=CCOP([O-])(=O)OP([O-])([O-])=O'],['CC(C)C1CC=C(C)C=C1'],set()
marts_E00725,mono,CC(C)=CCCC(C)=CCOP([O-])(=O)OP([O-])([O-])=O,CC(C)=C1CC=C(C)CC1,['CC(C)=CCCC(C)=CCOP([O-])(=O)OP([O-])([O-])=O'],['CC(C)=C1CC=C(C)CC1'],{25501}
marts_E00726,sesq,CC(C)=CCCC(C)=CCCC(C)=CCOP([O-])(=O)OP([O-])([O-])=O,CC1(C)CCCC2(C)C3CCC(C13)C2=C,['CC(C)=CCCC(C)=CCCC(C)=CCOP([O-])(=O)OP([O-])([O-])=O'],['CC1(C)CCCC2(C)C3CCC(C13)C2=C'],{25465}
marts_E00726,sesq,CC(C)=CCCC(C)=CCCC(C)=CCOP([O-])(=O)OP([O-])([O-])=O,CC1(C)CCCC2(C)C3CC=C(C)C2C13,['CC(C)=CCCC(C)=CCCC(C)=CCOP([O-])(=O)OP([O-])([O-])=O'],['CC1(C)CCCC2(C)C3CC=C(C)C2C13'],{31440}
marts_E00727,sesq,CC(C)=CCCC(C)=CCCC(C)=CCOP([O-])(=O)OP([O-])([O-])=O,CC(C)=CCCC(C)=CCC=C(C)C=C,['CC(C)=CCCC(C)=CCCC(C)=CCOP([O-])(=O)OP([O-])([O-])=O'],['CC(C)=CCCC(C)=CCC=C(C)C=C'],{27422}
marts_E00727,mono,CC(C)=CCCC(C)=CCOP([O-])(=O)OP([O-])([O-])=O,CC(C)=CCC=C(C)C=C,['CC(C)=CCCC(C)=CCOP([O-])(=O)OP([O-])([O-])=O'],['CC(C)=CCC=C(C)C=C'],"{68825, 32692}"
marts_E00728,mono,CC(C)=CCCC(C)=CCOP([O-])(=O)OP([O-])([O-])=O,CC1(C)OC2(C)CCC1CC2,['CC(C)=CCCC(C)=CCOP([O-])(=O)OP([O-])([O-])=O'],['CC1(C)OC2(C)CCC1CC2'],"{32544, 56633}"
marts_E00728,mono,CC(C)=CCCC(C)=CCOP([O-])(=O)OP([O-])([O-])=O,CC1CCC(CC=1)C(C)(C)O,['CC(C)=CCCC(C)=CCOP([O-])(=O)OP([O-])([O-])=O'],['CC1CCC(CC=1)C(C)(C)O'],"{32552, 32556}"
marts_E00728,mono,CC(C)=CCCC(C)=CCOP([O-])(=O)OP([O-])([O-])=O,CC(C)=CCCC(=C)C=C,['CC(C)=CCCC(C)=CCOP([O-])(=O)OP([O-])([O-])=O'],['CC(C)=CCCC(=C)C=C'],{16966}
marts_E00728,mono,CC(C)=CCCC(C)=CCOP([O-])(=O)OP([O-])([O-])=O,CC1=CCC2CC1C2(C)C,['CC(C)=CCCC(C)=CCOP([O-])(=O)OP([O-])([O-])=O'],['CC1=CCC2CC1C2(C)C'],"{32576, 25489, 25663}"
marts_E00728,mono,CC(C)=CCCC(C)=CCOP([O-])(=O)OP([O-])([O-])=O,CC1(C)C2CC1CCC2=C,['CC(C)=CCCC(C)=CCOP([O-])(=O)OP([O-])([O-])=O'],['CC1(C)C2CC1CCC2=C'],"{25497, 25667, 32580}"
marts_E00728,mono,CC(C)=CCCC(C)=CCOP([O-])(=O)OP([O-])([O-])=O,CC1CC=C(CC=1)C(C)C,['CC(C)=CCCC(C)=CCOP([O-])(=O)OP([O-])([O-])=O'],['CC1CC=C(CC=1)C(C)C'],{32560}
marts_E00729,sesq,CC(C)=CCCC(C)=CCCC(C)=CCOP([O-])(=O)OP([O-])([O-])=O,CC1CCC=C(C)CC=CC(C)(C)CC=1,['CC(C)=CCCC(C)=CCCC(C)=CCOP([O-])(=O)OP([O-])([O-])=O'],['CC1CCC=C(C)CC=CC(C)(C)CC=1'],"{31896, 68781}"
marts_E00729,sesq,CC(C)=CCCC(C)=CCCC(C)=CCOP([O-])(=O)OP([O-])([O-])=O,CC1CCC2C(CC2(C)C)C(=C)CCC=1,['CC(C)=CCCC(C)=CCCC(C)=CCOP([O-])(=O)OP([O-])([O-])=O'],['CC1CCC2C(CC2(C)C)C(=C)CCC=1'],"{31816, 34704, 28295}"
marts_E00729,sesq,CC(C)=CCCC(C)=CCCC(C)=CCOP([O-])(=O)OP([O-])([O-])=O,CC1(C)CCCC2(C)C3CC=C(C)C2C13,['CC(C)=CCCC(C)=CCCC(C)=CCOP([O-])(=O)OP([O-])([O-])=O'],['CC1(C)CCCC2(C)C3CC=C(C)C2C13'],{31440}
marts_E00729,sesq,CC(C)=CCCC(C)=CCCC(C)=CCOP([O-])(=O)OP([O-])([O-])=O,CC1(C)CCCC2(C)C3CCC(C13)C2=C,['CC(C)=CCCC(C)=CCCC(C)=CCOP([O-])(=O)OP([O-])([O-])=O'],['CC1(C)CCCC2(C)C3CCC(C13)C2=C'],{25465}
marts_E00729,sesq,CC(C)=CCCC(C)=CCCC(C)=CCOP([O-])(=O)OP([O-])([O-])=O,CC(C)C1CC=C(C)C2CCC(C)=CC21,['CC(C)=CCCC(C)=CCCC(C)=CCOP([O-])(=O)OP([O-])([O-])=O'],['CC(C)C1CC=C(C)C2CCC(C)=CC21'],"{33104, 53641, 69445}"
marts_E00729,sesq,CC(C)=CCCC(C)=CCCC(C)=CCOP([O-])(=O)OP([O-])([O-])=O,CC1CCC2C(C=1)C(C)(C)CCC=C2C,['CC(C)=CCCC(C)=CCCC(C)=CCOP([O-])(=O)OP([O-])([O-])=O'],['CC1CCC2C(C=1)C(C)(C)CCC=C2C'],{25473}
marts_E00730,mono,CC(C)=CCCC(C)=CCOP([O-])(=O)OP([O-])([O-])=O,CC1(C)C2CC1CCC2=C,['CC(C)=CCCC(C)=CCOP([O-])(=O)OP([O-])([O-])=O'],['CC1(C)C2CC1CCC2=C'],"{25497, 25667, 32580}"
marts_E00730,mono,CC(C)=CCCC(C)=CCOP([O-])(=O)OP([O-])([O-])=O,CC1=CCC2CC1C2(C)C,['CC(C)=CCCC(C)=CCOP([O-])(=O)OP([O-])([O-])=O'],['CC1=CCC2CC1C2(C)C'],"{32576, 25489, 25663}"
marts_E00731,mono,CC(C)=CCCC(C)=CCOP([O-])(=O)OP([O-])([O-])=O,CC1=CCC2CC1C2(C)C,['CC(C)=CCCC(C)=CCOP([O-])(=O)OP([O-])([O-])=O'],['CC1=CCC2CC1C2(C)C'],"{32576, 25489, 25663}"
marts_E00731,mono,CC(C)=CCCC(C)=CCOP([O-])(=O)OP([O-])([O-])=O,CC1(C)C2CC1CCC2=C,['CC(C)=CCCC(C)=CCOP([O-])(=O)OP([O-])([O-])=O'],['CC1(C)C2CC1CCC2=C'],"{25497, 25667, 32580}"
marts_E00732,mono,CC(C)=CCCC(C)=CCOP([O-])(=O)OP([O-])([O-])=O,CC1CC2C(CC=1)C2(C)C,['CC(C)=CCCC(C)=CCOP([O-])(=O)OP([O-])([O-])=O'],['CC1CC2C(CC=1)C2(C)C'],"{32696, 32540}"
marts_E00732,mono,CC(C)=CCCC(C)=CCOP([O-])(=O)OP([O-])([O-])=O,CC(C)=C1CC=C(C)CC1,['CC(C)=CCCC(C)=CCOP([O-])(=O)OP([O-])([O-])=O'],['CC(C)=C1CC=C(C)CC1'],{25501}
marts_E00732,mono,CC(C)=CCCC(C)=CCOP([O-])(=O)OP([O-])([O-])=O,CC(C)C12CCC(=C)C1C2,['CC(C)=CCCC(C)=CCOP([O-])(=O)OP([O-])([O-])=O'],['CC(C)C12CCC(=C)C1C2'],"{68637, 32548, 25509}"
marts_E00732,mono,CC(C)=CCCC(C)=CCOP([O-])(=O)OP([O-])([O-])=O,CC(C)C1(O)CC=C(C)CC1,['CC(C)=CCCC(C)=CCOP([O-])(=O)OP([O-])([O-])=O'],['CC(C)C1(O)CC=C(C)CC1'],{60029}
marts_E00732,mono,CC(C)=CCCC(C)=CCOP([O-])(=O)OP([O-])([O-])=O,CC1=CCC2CC1C2(C)C,['CC(C)=CCCC(C)=CCOP([O-])(=O)OP([O-])([O-])=O'],['CC1=CCC2CC1C2(C)C'],"{32576, 25489, 25663}"
marts_E00732,mono,CC(C)=CCCC(C)=CCOP([O-])(=O)OP([O-])([O-])=O,CC1CCC(CC=1)C(C)(C)O,['CC(C)=CCCC(C)=CCOP([O-])(=O)OP([O-])([O-])=O'],['CC1CCC(CC=1)C(C)(C)O'],"{32552, 32556}"
marts_E00732,mono,CC(C)=CCCC(C)=CCOP([O-])(=O)OP([O-])([O-])=O,CC(C)C1CCC(=C)C=C1,['CC(C)=CCCC(C)=CCOP([O-])(=O)OP([O-])([O-])=O'],['CC(C)C1CCC(=C)C=C1'],"{25505, 25493, 27831}"
marts_E00732,mono,CC(C)=CCCC(C)=CCOP([O-])(=O)OP([O-])([O-])=O,CC(C)=CCCC(=C)C=C,['CC(C)=CCCC(C)=CCOP([O-])(=O)OP([O-])([O-])=O'],['CC(C)=CCCC(=C)C=C'],{16966}
marts_E00732,mono,CC(C)=CCCC(C)=CCOP([O-])(=O)OP([O-])([O-])=O,CC1CC=C(CC=1)C(C)C,['CC(C)=CCCC(C)=CCOP([O-])(=O)OP([O-])([O-])=O'],['CC1CC=C(CC=1)C(C)C'],{32560}
marts_E00732,mono,CC(C)=CCCC(C)=CCOP([O-])(=O)OP([O-])([O-])=O,CC1CCC(=CC=1)C(C)C,['CC(C)=CCCC(C)=CCOP([O-])(=O)OP([O-])([O-])=O'],['CC1CCC(=CC=1)C(C)C'],{32564}
marts_E00732,mono,CC(C)=CCCC(C)=CCOP([O-])(=O)OP([O-])([O-])=O,CC(C)C1CC=C(C)C=C1,['CC(C)=CCCC(C)=CCOP([O-])(=O)OP([O-])([O-])=O'],['CC(C)C1CC=C(C)C=C1'],set()
marts_E00732,mono,CC(C)=CCCC(C)=CCOP([O-])(=O)OP([O-])([O-])=O,CC(C)C12CC=C(C)C1C2,['CC(C)=CCCC(C)=CCOP([O-])(=O)OP([O-])([O-])=O'],['CC(C)C12CC=C(C)C1C2'],{68645}
marts_E00733,mono,CC(C)=CCCC(C)=CCOP([O-])(=O)OP([O-])([O-])=O,CC(C)=CCCC(C)(O)C=C,['CC(C)=CCCC(C)=CCOP([O-])(=O)OP([O-])([O-])=O'],['CC(C)=CCCC(C)(O)C=C'],"{15810, 68709, 24117}"
marts_E00734,di,CC1(C)CCCC2(C)C1CCC(=C)C2CCC(C)=CCOP([O-])(=O)OP([O-])([O-])=O,CC1(C)CCCC2(C)C1CC=C1CC(C)(CCC21)C=C,['CC1(C)CCCC2(C)C1CCC(=C)C2CCC(C)=CCOP([O-])(=O)OP([O-])([O-])=O'],['CC1(C)CCCC2(C)C1CC=C1CC(C)(CCC21)C=C'],"{25561, 62189, 26129}"
marts_E00734,di,CC1(C)CCCC2(C)C1CCC(=C)C2CCC(C)=CCOP([O-])(=O)OP([O-])([O-])=O,CC1(C)CCCC2(C)C1CCC1=CC(C)(CCC21)C=C,['CC1(C)CCCC2(C)C1CCC(=C)C2CCC(C)=CCOP([O-])(=O)OP([O-])([O-])=O'],['CC1(C)CCCC2(C)C1CCC1=CC(C)(CCC21)C=C'],"{25537, 32004, 25541, 32008, 42985}"
marts_E00734,di,CC(C)=CCCC(C)=CCCC(C)=CCCC(C)=CCOP([O-])(=O)OP([O-])([O-])=O,CC1(C)CCCC2(C)C1CCC(=C)C2CCC(C)=CCOP([O-])(=O)OP([O-])([O-])=O,['CC(C)=CCCC(C)=CCCC(C)=CCCC(C)=CCOP([O-])(=O)OP([O-])([O-])=O'],['CC1(C)CCCC2(C)C1CCC(=C)C2CCC(C)=CCOP([O-])(=O)OP([O-])([O-])=O'],"{14842, 24317, 25525}"
marts_E00735,mono,CC(C)=CCCC(C)=CCOP([O-])(=O)OP([O-])([O-])=O,CC(C)C12CCC(=C)C1C2,['CC(C)=CCCC(C)=CCOP([O-])(=O)OP([O-])([O-])=O'],['CC(C)C12CCC(=C)C1C2'],"{68637, 32548, 25509}"
marts_E00735,mono,CC(C)=CCCC(C)=CCOP([O-])(=O)OP([O-])([O-])=O,CC(C)=C1CC=C(C)CC1,['CC(C)=CCCC(C)=CCOP([O-])(=O)OP([O-])([O-])=O'],['CC(C)=C1CC=C(C)CC1'],{25501}
marts_E00736,mono,CC(C)=CCCC(C)=CCOP([O-])(=O)OP([O-])([O-])=O,CC1CC2C(CC=1)C2(C)C,['CC(C)=CCCC(C)=CCOP([O-])(=O)OP([O-])([O-])=O'],['CC1CC2C(CC=1)C2(C)C'],"{32696, 32540}"
marts_E00736,mono,CC(C)=CCCC(C)=CCOP([O-])(=O)OP([O-])([O-])=O,CC(C)=C1CC=C(C)CC1,['CC(C)=CCCC(C)=CCOP([O-])(=O)OP([O-])([O-])=O'],['CC(C)=C1CC=C(C)CC1'],{25501}
marts_E00737,mono,CC(C)=CCCC(C)=CCOP([O-])(=O)OP([O-])([O-])=O,CC1CC2C(CC=1)C2(C)C,['CC(C)=CCCC(C)=CCOP([O-])(=O)OP([O-])([O-])=O'],['CC1CC2C(CC=1)C2(C)C'],"{32696, 32540}"
marts_E00737,mono,CC(C)=CCCC(C)=CCOP([O-])(=O)OP([O-])([O-])=O,CC(C)=C1CC=C(C)CC1,['CC(C)=CCCC(C)=CCOP([O-])(=O)OP([O-])([O-])=O'],['CC(C)=C1CC=C(C)CC1'],{25501}
marts_E00738,mono,CC(C)=CCCC(C)=CCOP([O-])(=O)OP([O-])([O-])=O,CC1CC2C(CC=1)C2(C)C,['CC(C)=CCCC(C)=CCOP([O-])(=O)OP([O-])([O-])=O'],['CC1CC2C(CC=1)C2(C)C'],"{32696, 32540}"
marts_E00738,mono,CC(C)=CCCC(C)=CCOP([O-])(=O)OP([O-])([O-])=O,CC(C)=C1CC=C(C)CC1,['CC(C)=CCCC(C)=CCOP([O-])(=O)OP([O-])([O-])=O'],['CC(C)=C1CC=C(C)CC1'],{25501}
marts_E00738,mono,CC(C)=CCCC(C)=CCOP([O-])(=O)OP([O-])([O-])=O,CC(C)C12CCC(=C)C1C2,['CC(C)=CCCC(C)=CCOP([O-])(=O)OP([O-])([O-])=O'],['CC(C)C12CCC(=C)C1C2'],"{68637, 32548, 25509}"
marts_E00738,mono,CC(C)=CCCC(C)=CCOP([O-])(=O)OP([O-])([O-])=O,CC1=CCC2CC1C2(C)C,['CC(C)=CCCC(C)=CCOP([O-])(=O)OP([O-])([O-])=O'],['CC1=CCC2CC1C2(C)C'],"{32576, 25489, 25663}"
marts_E00738,mono,CC(C)=CCCC(C)=CCOP([O-])(=O)OP([O-])([O-])=O,CC(C)C1(O)CC=C(C)CC1,['CC(C)=CCCC(C)=CCOP([O-])(=O)OP([O-])([O-])=O'],['CC(C)C1(O)CC=C(C)CC1'],{60029}
marts_E00738,mono,CC(C)=CCCC(C)=CCOP([O-])(=O)OP([O-])([O-])=O,CC(C)C1CCC(=C)C=C1,['CC(C)=CCCC(C)=CCOP([O-])(=O)OP([O-])([O-])=O'],['CC(C)C1CCC(=C)C=C1'],"{25505, 25493, 27831}"
marts_E00738,mono,CC(C)=CCCC(C)=CCOP([O-])(=O)OP([O-])([O-])=O,CC(C)=CCCC(=C)C=C,['CC(C)=CCCC(C)=CCOP([O-])(=O)OP([O-])([O-])=O'],['CC(C)=CCCC(=C)C=C'],{16966}
marts_E00738,mono,CC(C)=CCCC(C)=CCOP([O-])(=O)OP([O-])([O-])=O,CC1CCC(CC=1)C(C)(C)O,['CC(C)=CCCC(C)=CCOP([O-])(=O)OP([O-])([O-])=O'],['CC1CCC(CC=1)C(C)(C)O'],"{32552, 32556}"
marts_E00738,mono,CC(C)=CCCC(C)=CCOP([O-])(=O)OP([O-])([O-])=O,CC1CC=C(CC=1)C(C)C,['CC(C)=CCCC(C)=CCOP([O-])(=O)OP([O-])([O-])=O'],['CC1CC=C(CC=1)C(C)C'],{32560}
marts_E00739,sesq,CC(C)=CCCC(C)=CCCC(C)=CCOP([O-])(=O)OP([O-])([O-])=O,CC1CCC=C(C)CCC2C(C=1)C2(C)C,['CC(C)=CCCC(C)=CCCC(C)=CCOP([O-])(=O)OP([O-])([O-])=O'],['CC1CCC=C(C)CCC2C(C=1)C2(C)C'],{32000}
marts_E00739,sesq,CC(C)=CCCC(C)=CCCC(C)=CCOP([O-])(=O)OP([O-])([O-])=O,CC1CCC(CC=C(C)CCC=1)C(C)=C,['CC(C)=CCCC(C)=CCCC(C)=CCOP([O-])(=O)OP([O-])([O-])=O'],['CC1CCC(CC=C(C)CCC=1)C(C)=C'],"{68777, 25453, 12517}"
marts_E00739,mono,CC(C)=CCCC(C)=CCOP([O-])(=O)OP([O-])([O-])=O,CC(C)=CCCC(=C)C=C,['CC(C)=CCCC(C)=CCOP([O-])(=O)OP([O-])([O-])=O'],['CC(C)=CCCC(=C)C=C'],{16966}
marts_E00739,mono,CC(C)=CCCC(C)=CCOP([O-])(=O)OP([O-])([O-])=O,CC1CCC(CC=1)C(C)=C,['CC(C)=CCCC(C)=CCOP([O-])(=O)OP([O-])([O-])=O'],['CC1CCC(CC=1)C(C)=C'],"{68641, 10941, 12870}"
marts_E00739,mono,CC(C)=CCCC(C)=CCOP([O-])(=O)OP([O-])([O-])=O,CC(C)=CCC=C(C)C=C,['CC(C)=CCCC(C)=CCOP([O-])(=O)OP([O-])([O-])=O'],['CC(C)=CCC=C(C)C=C'],"{68825, 32692}"
marts_E00739,mono,CC(C)=CCCC(C)=CCOP([O-])(=O)OP([O-])([O-])=O,CC(C)=CCC=C(C)C=C,['CC(C)=CCCC(C)=CCOP([O-])(=O)OP([O-])([O-])=O'],['CC(C)=CCC=C(C)C=C'],"{68825, 32692}"
marts_E00739,mono,CC(C)=CCCC(C)=CCOP([O-])(=O)OP([O-])([O-])=O,CC(C)=C1CC=C(C)CC1,['CC(C)=CCCC(C)=CCOP([O-])(=O)OP([O-])([O-])=O'],['CC(C)=C1CC=C(C)CC1'],{25501}
marts_E00739,mono,CC(C)=CCCC(C)=CCOP([O-])(=O)OP([O-])([O-])=O,CC(C)=CCCC(C)(O)C=C,['CC(C)=CCCC(C)=CCOP([O-])(=O)OP([O-])([O-])=O'],['CC(C)=CCCC(C)(O)C=C'],"{15810, 68709, 24117}"
marts_E00739,mono,CC(C)=CCCC(C)=CCOP([O-])(=O)OP([O-])([O-])=O,CC(C)=CC=CC(C)=CC,['CC(C)=CCCC(C)=CCOP([O-])(=O)OP([O-])([O-])=O'],['CC(C)=CC=CC(C)=CC'],{73948}
marts_E00740,sesq,CC(C)=CCCC(C)=CCCC(C)=CCOP([O-])(=O)OP([O-])([O-])=O,CC12CCCC1(C)C(C)=CC(C)=CCC2,['CC(C)=CCCC(C)=CCCC(C)=CCOP([O-])(=O)OP([O-])([O-])=O'],['CC12CCCC1(C)C(C)=CC(C)=CCC2'],set()
marts_E00740,sesq,CC(C)=CCCC(C)=CCCC(C)=CCOP([O-])(=O)OP([O-])([O-])=O,CC1(C)CC23CCC1C2(C)CCC=C3C,['CC(C)=CCCC(C)=CCCC(C)=CCOP([O-])(=O)OP([O-])([O-])=O'],['CC1(C)CC23CCC1C2(C)CCC=C3C'],set()
marts_E00740,sesq,CC(C)=CCCC(C)=CCCC(C)=CCOP([O-])(=O)OP([O-])([O-])=O,CC1CCC2C(CC2(C)C)C(=C)CCC=1,['CC(C)=CCCC(C)=CCCC(C)=CCOP([O-])(=O)OP([O-])([O-])=O'],['CC1CCC2C(CC2(C)C)C(=C)CCC=1'],"{31816, 34704, 28295}"
marts_E00740,sesq,CC(C)=CCCC(C)=CCCC(C)=CCOP([O-])(=O)OP([O-])([O-])=O,CC1(C)CC23CCC1C2(C)CCCC3=C,['CC(C)=CCCC(C)=CCCC(C)=CCOP([O-])(=O)OP([O-])([O-])=O'],['CC1(C)CC23CCC1C2(C)CCCC3=C'],set()
marts_E00740,mono,CC(C)=CCCC(C)=CCOP([O-])(=O)OP([O-])([O-])=O,CC(C)=CCCC(=C)C=C,['CC(C)=CCCC(C)=CCOP([O-])(=O)OP([O-])([O-])=O'],['CC(C)=CCCC(=C)C=C'],{16966}
marts_E00740,mono,CC(C)=CCCC(C)=CCOP([O-])(=O)OP([O-])([O-])=O,CC1CCC(CC=1)C(C)=C,['CC(C)=CCCC(C)=CCOP([O-])(=O)OP([O-])([O-])=O'],['CC1CCC(CC=1)C(C)=C'],"{68641, 10941, 12870}"
marts_E00740,mono,CC(C)=CCCC(C)=CCOP([O-])(=O)OP([O-])([O-])=O,CC(C)=CCC=C(C)C=C,['CC(C)=CCCC(C)=CCOP([O-])(=O)OP([O-])([O-])=O'],['CC(C)=CCC=C(C)C=C'],"{68825, 32692}"
marts_E00740,mono,CC(C)=CCCC(C)=CCOP([O-])(=O)OP([O-])([O-])=O,CC(C)=CCC=C(C)C=C,['CC(C)=CCCC(C)=CCOP([O-])(=O)OP([O-])([O-])=O'],['CC(C)=CCC=C(C)C=C'],"{68825, 32692}"
marts_E00740,mono,CC(C)=CCCC(C)=CCOP([O-])(=O)OP([O-])([O-])=O,CC(C)=C1CC=C(C)CC1,['CC(C)=CCCC(C)=CCOP([O-])(=O)OP([O-])([O-])=O'],['CC(C)=C1CC=C(C)CC1'],{25501}
marts_E00740,mono,CC(C)=CCCC(C)=CCOP([O-])(=O)OP([O-])([O-])=O,CC(C)=CCCC(C)(O)C=C,['CC(C)=CCCC(C)=CCOP([O-])(=O)OP([O-])([O-])=O'],['CC(C)=CCCC(C)(O)C=C'],"{15810, 68709, 24117}"
marts_E00740,mono,CC(C)=CCCC(C)=CCOP([O-])(=O)OP([O-])([O-])=O,CC(C)=CC=CC(C)=CC,['CC(C)=CCCC(C)=CCOP([O-])(=O)OP([O-])([O-])=O'],['CC(C)=CC=CC(C)=CC'],{73948}
marts_E00741,sesq,CC(C)=CCCC(C)=CCCC(C)=CCOP([O-])(=O)OP([O-])([O-])=O,CC1(C)CC2C(C1)C=C(C)C1CCC21C,['CC(C)=CCCC(C)=CCCC(C)=CCOP([O-])(=O)OP([O-])([O-])=O'],['CC1(C)CC2C(C1)C=C(C)C1CCC21C'],{53629}
marts_E00742,sesq,CC(C)=CCCC(C)=CCCC(C)=CCOP([O-])(=O)OP([O-])([O-])=O,CC1CCC=C(C)CCC(=CC=1)C(C)C,['CC(C)=CCCC(C)=CCCC(C)=CCOP([O-])(=O)OP([O-])([O-])=O'],['CC1CCC=C(C)CCC(=CC=1)C(C)C'],"{68773, 28303}"
marts_E00742,sesq,CC(C)=CCCC(C)=CCCC(C)=CCOP([O-])(=O)OP([O-])([O-])=O,CC1CCC(CC=C(C)CCC=1)C(C)=C,['CC(C)=CCCC(C)=CCCC(C)=CCOP([O-])(=O)OP([O-])([O-])=O'],['CC1CCC(CC=C(C)CCC=1)C(C)=C'],"{68777, 25453, 12517}"
marts_E00742,sesq,CC(C)=CCCC(C)=CCCC(C)=CCOP([O-])(=O)OP([O-])([O-])=O,CC1CCC2C(CC2(C)C)C(=C)CCC=1,['CC(C)=CCCC(C)=CCCC(C)=CCOP([O-])(=O)OP([O-])([O-])=O'],['CC1CCC2C(CC2(C)C)C(=C)CCC=1'],"{31816, 34704, 28295}"
marts_E00742,sesq,CC(C)=CCCC(C)=CCCC(C)=CCOP([O-])(=O)OP([O-])([O-])=O,CC(C)=CCCC(C)=CCCC(=C)C=C,['CC(C)=CCCC(C)=CCCC(C)=CCOP([O-])(=O)OP([O-])([O-])=O'],['CC(C)=CCCC(C)=CCCC(=C)C=C'],"{68545, 27426, 68857, 68505, 68509}"
marts_E00742,sesq,CC(C)=CCCC(C)=CCCC(C)=CCOP([O-])(=O)OP([O-])([O-])=O,CC1CCC2C(CC2(C)C)C(=C)CCC=1,['CC(C)=CCCC(C)=CCCC(C)=CCOP([O-])(=O)OP([O-])([O-])=O'],['CC1CCC2C(CC2(C)C)C(=C)CCC=1'],"{31816, 34704, 28295}"
marts_E00742,mono,CC(C)=CCCC(C)=CCOP([O-])(=O)OP([O-])([O-])=O,CC(C)=CCCC(=C)C=C,['CC(C)=CCCC(C)=CCOP([O-])(=O)OP([O-])([O-])=O'],['CC(C)=CCCC(=C)C=C'],{16966}
marts_E00742,mono,CC(C)=CCCC(C)=CCOP([O-])(=O)OP([O-])([O-])=O,CC1CCC(CC=1)C(C)=C,['CC(C)=CCCC(C)=CCOP([O-])(=O)OP([O-])([O-])=O'],['CC1CCC(CC=1)C(C)=C'],"{68641, 10941, 12870}"
marts_E00742,mono,CC(C)=CCCC(C)=CCOP([O-])(=O)OP([O-])([O-])=O,CC(C)=CCC=C(C)C=C,['CC(C)=CCCC(C)=CCOP([O-])(=O)OP([O-])([O-])=O'],['CC(C)=CCC=C(C)C=C'],"{68825, 32692}"
marts_E00742,mono,CC(C)=CCCC(C)=CCOP([O-])(=O)OP([O-])([O-])=O,CC(C)=CCC=C(C)C=C,['CC(C)=CCCC(C)=CCOP([O-])(=O)OP([O-])([O-])=O'],['CC(C)=CCC=C(C)C=C'],"{68825, 32692}"
marts_E00742,mono,CC(C)=CCCC(C)=CCOP([O-])(=O)OP([O-])([O-])=O,CC(C)=C1CC=C(C)CC1,['CC(C)=CCCC(C)=CCOP([O-])(=O)OP([O-])([O-])=O'],['CC(C)=C1CC=C(C)CC1'],{25501}
marts_E00742,mono,CC(C)=CCCC(C)=CCOP([O-])(=O)OP([O-])([O-])=O,CC(C)=CCCC(C)(O)C=C,['CC(C)=CCCC(C)=CCOP([O-])(=O)OP([O-])([O-])=O'],['CC(C)=CCCC(C)(O)C=C'],"{15810, 68709, 24117}"
marts_E00742,mono,CC(C)=CCCC(C)=CCOP([O-])(=O)OP([O-])([O-])=O,CC(C)=CC=CC(C)=CC,['CC(C)=CCCC(C)=CCOP([O-])(=O)OP([O-])([O-])=O'],['CC(C)=CC=CC(C)=CC'],{73948}
marts_E00743,sesq,CC(C)=CCCC(C)=CCCC(C)=CCOP([O-])(=O)OP([O-])([O-])=O,CC1CCC(CC=C(C)CCC=1)C(C)=C,['CC(C)=CCCC(C)=CCCC(C)=CCOP([O-])(=O)OP([O-])([O-])=O'],['CC1CCC(CC=C(C)CCC=1)C(C)=C'],"{68777, 25453, 12517}"
marts_E00743,sesq,CC(C)=CCCC(C)=CCCC(C)=CCOP([O-])(=O)OP([O-])([O-])=O,CC1CCC(C=CC(=C)CCC=1)C(C)C,['CC(C)=CCCC(C)=CCCC(C)=CCOP([O-])(=O)OP([O-])([O-])=O'],['CC1CCC(C=CC(=C)CCC=1)C(C)C'],"{12017, 30428, 68717}"
marts_E00743,mono,CC(C)=CCCC(C)=CCOP([O-])(=O)OP([O-])([O-])=O,CC(C)=CCCC(=C)C=C,['CC(C)=CCCC(C)=CCOP([O-])(=O)OP([O-])([O-])=O'],['CC(C)=CCCC(=C)C=C'],{16966}
marts_E00743,mono,CC(C)=CCCC(C)=CCOP([O-])(=O)OP([O-])([O-])=O,CC1CCC(CC=1)C(C)=C,['CC(C)=CCCC(C)=CCOP([O-])(=O)OP([O-])([O-])=O'],['CC1CCC(CC=1)C(C)=C'],"{68641, 10941, 12870}"
marts_E00743,mono,CC(C)=CCCC(C)=CCOP([O-])(=O)OP([O-])([O-])=O,CC(C)=CCC=C(C)C=C,['CC(C)=CCCC(C)=CCOP([O-])(=O)OP([O-])([O-])=O'],['CC(C)=CCC=C(C)C=C'],"{68825, 32692}"
marts_E00743,mono,CC(C)=CCCC(C)=CCOP([O-])(=O)OP([O-])([O-])=O,CC(C)=CCCC(C)(O)C=C,['CC(C)=CCCC(C)=CCOP([O-])(=O)OP([O-])([O-])=O'],['CC(C)=CCCC(C)(O)C=C'],"{15810, 68709, 24117}"
marts_E00744,sesq,CC(C)=CCCC(C)=CCCC(C)=CCOP([O-])(=O)OP([O-])([O-])=O,CC1CCC(CC=C(C)CCC=1)C(C)=C,['CC(C)=CCCC(C)=CCCC(C)=CCOP([O-])(=O)OP([O-])([O-])=O'],['CC1CCC(CC=C(C)CCC=1)C(C)=C'],"{68777, 25453, 12517}"
marts_E00744,sesq,CC(C)=CCCC(C)=CCCC(C)=CCOP([O-])(=O)OP([O-])([O-])=O,CC(C)=CCCC(C)=CCCC(=C)C=C,['CC(C)=CCCC(C)=CCCC(C)=CCOP([O-])(=O)OP([O-])([O-])=O'],['CC(C)=CCCC(C)=CCCC(=C)C=C'],"{68545, 27426, 68857, 68505, 68509}"
marts_E00744,sesq,CC(C)=CCCC(C)=CCCC(C)=CCOP([O-])(=O)OP([O-])([O-])=O,CC(C)=CCCC(C)=CCC=C(C)C=C,['CC(C)=CCCC(C)=CCCC(C)=CCOP([O-])(=O)OP([O-])([O-])=O'],['CC(C)=CCCC(C)=CCC=C(C)C=C'],{27422}
marts_E00744,mono,CC(C)=CCCC(C)=CCOP([O-])(=O)OP([O-])([O-])=O,CC(C)=CCCC(=C)C=C,['CC(C)=CCCC(C)=CCOP([O-])(=O)OP([O-])([O-])=O'],['CC(C)=CCCC(=C)C=C'],{16966}
marts_E00744,mono,CC(C)=CCCC(C)=CCOP([O-])(=O)OP([O-])([O-])=O,CC1CCC(CC=1)C(C)=C,['CC(C)=CCCC(C)=CCOP([O-])(=O)OP([O-])([O-])=O'],['CC1CCC(CC=1)C(C)=C'],"{68641, 10941, 12870}"
marts_E00744,mono,CC(C)=CCCC(C)=CCOP([O-])(=O)OP([O-])([O-])=O,CC(C)=CCC=C(C)C=C,['CC(C)=CCCC(C)=CCOP([O-])(=O)OP([O-])([O-])=O'],['CC(C)=CCC=C(C)C=C'],"{68825, 32692}"
marts_E00744,mono,CC(C)=CCCC(C)=CCOP([O-])(=O)OP([O-])([O-])=O,CC(C)=CCC=C(C)C=C,['CC(C)=CCCC(C)=CCOP([O-])(=O)OP([O-])([O-])=O'],['CC(C)=CCC=C(C)C=C'],"{68825, 32692}"
marts_E00744,mono,CC(C)=CCCC(C)=CCOP([O-])(=O)OP([O-])([O-])=O,CC(C)=CCCC(C)(O)C=C,['CC(C)=CCCC(C)=CCOP([O-])(=O)OP([O-])([O-])=O'],['CC(C)=CCCC(C)(O)C=C'],"{15810, 68709, 24117}"
marts_E00745,di,CC(C)=CCCC(C)=CCCC(C)=CCCC(C)=CCOP([O-])(=O)OP([O-])([O-])=O,CC1CCC=C(C)CCC(CC=C(C)CCC=1)C(C)=C,['CC(C)=CCCC(C)=CCCC(C)=CCCC(C)=CCOP([O-])(=O)OP([O-])([O-])=O'],['CC1CCC=C(C)CCC(CC=C(C)CCC=1)C(C)=C'],{42997}
marts_E00745,sesq,CC(C)=CCCC(C)=CCCC(C)=CCOP([O-])(=O)OP([O-])([O-])=O,CC(C)=CCCC(C)=CCCC(=C)C=C,['CC(C)=CCCC(C)=CCCC(C)=CCOP([O-])(=O)OP([O-])([O-])=O'],['CC(C)=CCCC(C)=CCCC(=C)C=C'],"{68545, 27426, 68857, 68505, 68509}"
marts_E00745,sesq,CC(C)=CCCC(C)=CCCC(C)=CCOP([O-])(=O)OP([O-])([O-])=O,CC(C)=CCCC(C)=CCC=C(C)C=C,['CC(C)=CCCC(C)=CCCC(C)=CCOP([O-])(=O)OP([O-])([O-])=O'],['CC(C)=CCCC(C)=CCC=C(C)C=C'],{27422}
marts_E00745,sesq,CC(C)=CCCC(C)=CCCC(C)=CCOP([O-])(=O)OP([O-])([O-])=O,CC(C)=CCCC(C)=CCCC(C)=CCO,['CC(C)=CCCC(C)=CCCC(C)=CCOP([O-])(=O)OP([O-])([O-])=O'],['CC(C)=CCCC(C)=CCCC(C)=CCO'],{27527}
marts_E00745,mono,CC(C)=CCCC(C)=CCOP([O-])(=O)OP([O-])([O-])=O,CC(C)=CCCC(C)(O)C=C,['CC(C)=CCCC(C)=CCOP([O-])(=O)OP([O-])([O-])=O'],['CC(C)=CCCC(C)(O)C=C'],"{15810, 68709, 24117}"
marts_E00745,mono,CC(C)=CCCC(C)=CCOP([O-])(=O)OP([O-])([O-])=O,CC(C)=CCCC(C)=CCO,['CC(C)=CCCC(C)=CCOP([O-])(=O)OP([O-])([O-])=O'],['CC(C)=CCCC(C)=CCO'],"{32680, 65829}"
marts_E00745,sesq,CC(C)=CCCC(C)=CCCC(C)=CCOP([O-])(=O)OP([O-])([O-])=O,CC1CCC(CC=C(C)CCC=1)C(C)(C)O,['CC(C)=CCCC(C)=CCCC(C)=CCOP([O-])(=O)OP([O-])([O-])=O'],['CC1CCC(CC=C(C)CCC=1)C(C)(C)O'],"{54057, 54061}"
marts_E00746,sesq,CC(C)=CCCC(C)=CCCC(C)=CCOP([O-])(=O)OP([O-])([O-])=O,CC(C)=CCCC(C)=CCCC(C)=CCO,['CC(C)=CCCC(C)=CCCC(C)=CCOP([O-])(=O)OP([O-])([O-])=O'],['CC(C)=CCCC(C)=CCCC(C)=CCO'],{27527}
marts_E00746,mono,CC(C)=CCCC(C)=CCOP([O-])(=O)OP([O-])([O-])=O,CC(C)=CCCC(C)(O)C=C,['CC(C)=CCCC(C)=CCOP([O-])(=O)OP([O-])([O-])=O'],['CC(C)=CCCC(C)(O)C=C'],"{15810, 68709, 24117}"
marts_E00747,mono,CC(C)=CCCC(C)=CCOP([O-])(=O)OP([O-])([O-])=O,CC(C)C1CCC(=C)C=C1,['CC(C)=CCCC(C)=CCOP([O-])(=O)OP([O-])([O-])=O'],['CC(C)C1CCC(=C)C=C1'],"{25505, 25493, 27831}"
marts_E00747,mono,CC(C)=CCCC(C)=CCOP([O-])(=O)OP([O-])([O-])=O,CC1CCC(CC=1)C(C)=C,['CC(C)=CCCC(C)=CCOP([O-])(=O)OP([O-])([O-])=O'],['CC1CCC(CC=1)C(C)=C'],"{68641, 10941, 12870}"
marts_E00748,sesq,CC(C)=CCCC(C)=CCCC(C)=CCOP([O-])(=O)OP([O-])([O-])=O,CC(C)=CCCC(C)=CCCC(C)(O)C=C,['CC(C)=CCCC(C)=CCCC(C)=CCOP([O-])(=O)OP([O-])([O-])=O'],['CC(C)=CCCC(C)=CCCC(C)(O)C=C'],"{68833, 27531, 27535, 68821, 56985}"
marts_E00748,sesq,CC(C)=CCCC(C)=CCCC(C)=CCOP([O-])(=O)OP([O-])([O-])=O,CC(C)C1CCC(C)(O)C2CCC(C)=CC21,['CC(C)=CCCC(C)=CCCC(C)=CCOP([O-])(=O)OP([O-])([O-])=O'],['CC(C)C1CCC(C)(O)C2CCC(C)=CC21'],"{78272, 69449, 32012, 54053}"
marts_E00748,sesq,CC(C)=CCCC(C)=CCCC(C)=CCOP([O-])(=O)OP([O-])([O-])=O,CC1CCC2C(C=1)C(CCC2=C)C(C)C,['CC(C)=CCCC(C)=CCCC(C)=CCOP([O-])(=O)OP([O-])([O-])=O'],['CC1CCC2C(C=1)C(CCC2=C)C(C)C'],"{28640, 68849, 31828, 33108}"
marts_E00748,sesq,CC(C)=CCCC(C)=CCCC(C)=CCOP([O-])(=O)OP([O-])([O-])=O,CC1CCC(C=CC(=C)CCC=1)C(C)C,['CC(C)=CCCC(C)=CCCC(C)=CCOP([O-])(=O)OP([O-])([O-])=O'],['CC1CCC(C=CC(=C)CCC=1)C(C)C'],"{12017, 30428, 68717}"
marts_E00748,sesq,CC(C)=CCCC(C)=CCCC(C)=CCOP([O-])(=O)OP([O-])([O-])=O,CC(C)C1CCC(C)=C2CCC(C)=CC21,['CC(C)=CCCC(C)=CCCC(C)=CCOP([O-])(=O)OP([O-])([O-])=O'],['CC(C)C1CCC(C)=C2CCC(C)=CC21'],"{32016, 56557, 19526}"
marts_E00748,sesq,CC(C)=CCCC(C)=CCCC(C)=CCOP([O-])(=O)OP([O-])([O-])=O,CC(C)C1CC=C(C)C2CCC(C)=CC21,['CC(C)=CCCC(C)=CCCC(C)=CCOP([O-])(=O)OP([O-])([O-])=O'],['CC(C)C1CC=C(C)C2CCC(C)=CC21'],"{33104, 53641, 69445}"
marts_E00748,sesq,CC(C)=CCCC(C)=CCCC(C)=CCOP([O-])(=O)OP([O-])([O-])=O,CC(C)C1CC=C(C)C2CCC(C)=CC21,['CC(C)=CCCC(C)=CCCC(C)=CCOP([O-])(=O)OP([O-])([O-])=O'],['CC(C)C1CC=C(C)C2CCC(C)=CC21'],"{33104, 53641, 69445}"
marts_E00748,sesq,CC(C)=CCCC(C)=CCCC(C)=CCOP([O-])(=O)OP([O-])([O-])=O,CC1CCC(CC=C(C)CCC=1)C(C)=C,['CC(C)=CCCC(C)=CCCC(C)=CCOP([O-])(=O)OP([O-])([O-])=O'],['CC1CCC(CC=C(C)CCC=1)C(C)=C'],"{68777, 25453, 12517}"
marts_E00748,sesq,CC(C)=CCCC(C)=CCCC(C)=CCOP([O-])(=O)OP([O-])([O-])=O,CC1CCC2C(CC2(C)C)C(=C)CCC=1,['CC(C)=CCCC(C)=CCCC(C)=CCOP([O-])(=O)OP([O-])([O-])=O'],['CC1CCC2C(CC2(C)C)C(=C)CCC=1'],"{31816, 34704, 28295}"
marts_E00749,pt,CC(C)=CCCC(C)=CCOP([O-])(=O)OP([O-])([O-])=O.CC(C)=CCCC(C)=CCCC(C)=CCOP([O-])(=O)OP([O-])([O-])=O,CC(C)=CCCC(C)=CCCC(C)=CCCC(C)=CCOP([O-])(=O)OP([O-])([O-])=O,"['CC(C)=CCCC(C)=CCOP([O-])(=O)OP([O-])([O-])=O', 'CC(C)=CCCC(C)=CCCC(C)=CCOP([O-])(=O)OP([O-])([O-])=O']",['CC(C)=CCCC(C)=CCCC(C)=CCCC(C)=CCOP([O-])(=O)OP([O-])([O-])=O'],set()
marts_E00750,sesq,CC(C)=CCCC(C)=CCCC(C)=CCOP([O-])(=O)OP([O-])([O-])=O,CC12CCC3C(C)CCC3(C1)C(O2)C(C)C,['CC(C)=CCCC(C)=CCCC(C)=CCOP([O-])(=O)OP([O-])([O-])=O'],['CC12CCC3C(C)CCC3(C1)C(O2)C(C)C'],{53645}
marts_E00750,sesq,CC(C)=CCCC(C)=CCCC(C)=CCOP([O-])(=O)OP([O-])([O-])=O,CC12CC3C(CC1)C(C)CCC3(O2)C(C)C,['CC(C)=CCCC(C)=CCCC(C)=CCOP([O-])(=O)OP([O-])([O-])=O'],['CC12CC3C(CC1)C(C)CCC3(O2)C(C)C'],{53649}
marts_E00750,sesq,CC(C)=CCCC(C)=CCCC(C)=CCOP([O-])(=O)OP([O-])([O-])=O,CC1CCC2C(C)CCC(C(C)C)=C2C=1,['CC(C)=CCCC(C)=CCCC(C)=CCOP([O-])(=O)OP([O-])([O-])=O'],['CC1CCC2C(C)CCC(C(C)C)=C2C=1'],set()
marts_E00750,sesq,CC(C)=CCCC(C)=CCCC(C)=CCOP([O-])(=O)OP([O-])([O-])=O,CC1CCC2C(C=1)C(CCC2=C)C(C)C,['CC(C)=CCCC(C)=CCCC(C)=CCOP([O-])(=O)OP([O-])([O-])=O'],['CC1CCC2C(C=1)C(CCC2=C)C(C)C'],"{28640, 68849, 31828, 33108}"
marts_E00750,sesq,CC(C)=CCCC(C)=CCCC(C)=CCOP([O-])(=O)OP([O-])([O-])=O,CC(C)C1CCC(C)=C2CCC(C)=CC21,['CC(C)=CCCC(C)=CCCC(C)=CCOP([O-])(=O)OP([O-])([O-])=O'],['CC(C)C1CCC(C)=C2CCC(C)=CC21'],"{32016, 56557, 19526}"
marts_E00750,sesq,CC(C)=CCCC(C)=CCCC(C)=CCOP([O-])(=O)OP([O-])([O-])=O,CC(C)C1CC=C(C)C2CCC(C)=CC21,['CC(C)=CCCC(C)=CCCC(C)=CCOP([O-])(=O)OP([O-])([O-])=O'],['CC(C)C1CC=C(C)C2CCC(C)=CC21'],"{33104, 53641, 69445}"
marts_E00750,sesq,CC(C)=CCCC(C)=CCCC(C)=CCOP([O-])(=O)OP([O-])([O-])=O,CC(C)C1CCC(C)(O)C2CCC(C)=CC21,['CC(C)=CCCC(C)=CCCC(C)=CCOP([O-])(=O)OP([O-])([O-])=O'],['CC(C)C1CCC(C)(O)C2CCC(C)=CC21'],"{78272, 69449, 32012, 54053}"
marts_E00751,sesq,CC(C)=CCCC(C)=CCCC(C)=CCOP([O-])(=O)OP([O-])([O-])=O,CC(C)C1CCC(C)=CCCC(C)=CC1O,['CC(C)=CCCC(C)=CCCC(C)=CCOP([O-])(=O)OP([O-])([O-])=O'],['CC(C)C1CCC(C)=CCCC(C)=CC1O'],"{36064, 12193}"
marts_E00752,tri,CC(C)=CCCC(C)=CCCC(C)=CCCC=C(C)CCC=C(C)CCC1OC1(C)C,CC1(C)CC2=C3CCC4C5(C)CCC(O)C(C)(C)C5CCC4(C)C3(C)CCC2(C)CC1,['CC(C)=CCCC(C)=CCCC(C)=CCCC=C(C)CCC=C(C)CCC1OC1(C)C'],['CC1(C)CC2=C3CCC4C5(C)CCC(O)C(C)(C)C5CCC4(C)C3(C)CCC2(C)CC1'],{31884}
marts_E00752,tri,CC(C)=CCCC(C)=CCCC(C)=CCCC=C(C)CCC=C(C)CCC1OC1(C)C,CC1(C)C(O)CCC2(C)C1CCC1(C)C2CC=C2C3C(C)C(C)CCC3(C)CCC12C,['CC(C)=CCCC(C)=CCCC(C)=CCCC=C(C)CCC=C(C)CCC1OC1(C)C'],['CC1(C)C(O)CCC2(C)C1CCC1(C)C2CC=C2C3C(C)C(C)CCC3(C)CCC12C'],{31388}
marts_E00752,tri,CC(C)=CCCC(C)=CCCC(C)=CCCC=C(C)CCC=C(C)CCC1OC1(C)C,CC1(C)CC2C3=CCC4C5(C)CCC(O)C(C)(C)C5CCC4(C)C3(C)CCC2(C)CC1,['CC(C)=CCCC(C)=CCCC(C)=CCCC=C(C)CCC=C(C)CCC1OC1(C)C'],['CC1(C)CC2C3=CCC4C5(C)CCC(O)C(C)(C)C5CCC4(C)C3(C)CCC2(C)CC1'],{31008}
marts_E00752,tri,CC(C)=CCCC(C)=CCCC(C)=CCCC=C(C)CCC=C(C)CCC1OC1(C)C,CC1(C)CC2C3(C)CCC4C(=CCC5C4(C)CCC(O)C5(C)C)C3(C)CCC2(C)CC1,['CC(C)=CCCC(C)=CCCC(C)=CCCC=C(C)CCC=C(C)CCC1OC1(C)C'],['CC1(C)CC2C3(C)CCC4C(=CCC5C4(C)CCC(O)C5(C)C)C3(C)CCC2(C)CC1'],set()
marts_E00752,tri,CC(C)=CCCC(C)=CCCC(C)=CCCC=C(C)CCC=C(C)CCC1OC1(C)C,CC1(C)C(O)CCC2(C)C1CCC1(C)C2CCC2C3C(C)C(=C)CCC3(C)CCC12C,['CC(C)=CCCC(C)=CCCC(C)=CCCC=C(C)CCC=C(C)CCC1OC1(C)C'],['CC1(C)C(O)CCC2(C)C1CCC1(C)C2CCC2C3C(C)C(=C)CCC3(C)CCC12C'],set()
marts_E00752,tri,CC(C)=CCCC(C)=CCCC(C)=CCCC=C(C)CCC=C(C)CCC1OC1(C)C,CC1(C)C(O)CCC2(C)C1CCC1(C)C2CCC2C3C(C)C(C)=CCC3(C)CCC12C,['CC(C)=CCCC(C)=CCCC(C)=CCCC=C(C)CCC=C(C)CCC1OC1(C)C'],['CC1(C)C(O)CCC2(C)C1CCC1(C)C2CCC2C3C(C)C(C)=CCC3(C)CCC12C'],set()
marts_E00753,tri,CC(C)=CCCC(C)=CCCC(C)=CCCC=C(C)CCC=C(C)CCC1OC1(C)C,CC1(C)CC2C3=CCC4C5(C)CCC(O)C(C)(C)C5CCC4(C)C3(C)CCC2(C)CC1,['CC(C)=CCCC(C)=CCCC(C)=CCCC=C(C)CCC=C(C)CCC1OC1(C)C'],['CC1(C)CC2C3=CCC4C5(C)CCC(O)C(C)(C)C5CCC4(C)C3(C)CCC2(C)CC1'],{31008}
marts_E00755,sesq,CC(C)=CCCC(C)=CCCC(C)=CCOP([O-])(=O)OP([O-])([O-])=O,CC1CCC(CC=C(C)CCC=1)C(C)=C,['CC(C)=CCCC(C)=CCCC(C)=CCOP([O-])(=O)OP([O-])([O-])=O'],['CC1CCC(CC=C(C)CCC=1)C(C)=C'],"{68777, 25453, 12517}"
marts_E00755,sesq,CC(C)=CCCC(C)=CCCC(C)=CCOP([O-])(=O)OP([O-])([O-])=O,CC1=CCCC2(C)CCC(CC21)C(C)=C,['CC(C)=CCCC(C)=CCCC(C)=CCOP([O-])(=O)OP([O-])([O-])=O'],['CC1=CCCC2(C)CCC(CC21)C(C)=C'],"{30384, 31820, 47053}"
marts_E00755,sesq,CC(C)=CCCC(C)=CCCC(C)=CCOP([O-])(=O)OP([O-])([O-])=O,CC12CCCC(C)(O)C1CC(CC2)C(C)=C,['CC(C)=CCCC(C)=CCCC(C)=CCOP([O-])(=O)OP([O-])([O-])=O'],['CC12CCCC(C)(O)C1CC(CC2)C(C)=C'],set()
marts_E00756,mono,CC(C)=CCCC(C)=CCOP([O-])(=O)OP([O-])([O-])=O,CC1=CCC2CC1C2(C)C,['CC(C)=CCCC(C)=CCOP([O-])(=O)OP([O-])([O-])=O'],['CC1=CCC2CC1C2(C)C'],"{32576, 25489, 25663}"
marts_E00756,mono,CC(C)=CCCC(C)=CCOP([O-])(=O)OP([O-])([O-])=O,CC1CCC(CC=1)C(C)=C,['CC(C)=CCCC(C)=CCOP([O-])(=O)OP([O-])([O-])=O'],['CC1CCC(CC=1)C(C)=C'],"{68641, 10941, 12870}"
marts_E00756,mono,CC(C)=CCCC(C)=CCOP([O-])(=O)OP([O-])([O-])=O,CC1(C)C2CC(CC2)C1=C,['CC(C)=CCCC(C)=CCOP([O-])(=O)OP([O-])([O-])=O'],['CC1(C)C2CC(CC2)C1=C'],"{32568, 80392, 25485}"
marts_E00756,mono,CC(C)=CCCC(C)=CCOP([O-])(=O)OP([O-])([O-])=O,CC(C)=CCCC(=C)C=C,['CC(C)=CCCC(C)=CCOP([O-])(=O)OP([O-])([O-])=O'],['CC(C)=CCCC(=C)C=C'],{16966}
marts_E00756,mono,CC(C)=CCCC(C)=CCOP([O-])(=O)OP([O-])([O-])=O,CC1CCC(CC=1)C(C)(C)O,['CC(C)=CCCC(C)=CCOP([O-])(=O)OP([O-])([O-])=O'],['CC1CCC(CC=1)C(C)(C)O'],"{32552, 32556}"
marts_E00756,mono,CC(C)=CCCC(C)=CCOP([O-])(=O)OP([O-])([O-])=O,CC(C)C12CCC(=C)C1C2,['CC(C)=CCCC(C)=CCOP([O-])(=O)OP([O-])([O-])=O'],['CC(C)C12CCC(=C)C1C2'],"{68637, 32548, 25509}"
marts_E00756,mono,CC(C)=CCCC(C)=CCOP([O-])(=O)OP([O-])([O-])=O,CC(C)=CCCC(C)(O)C=C,['CC(C)=CCCC(C)=CCOP([O-])(=O)OP([O-])([O-])=O'],['CC(C)=CCCC(C)(O)C=C'],"{15810, 68709, 24117}"
marts_E00756,mono,CC(C)=CCCC(C)=CCOP([O-])(=O)OP([O-])([O-])=O,CC1(C)C2CC1CCC2=C,['CC(C)=CCCC(C)=CCOP([O-])(=O)OP([O-])([O-])=O'],['CC1(C)C2CC1CCC2=C'],"{25497, 25667, 32580}"
marts_E00756,mono,CC(C)=CCCC(C)=CCOP([O-])(=O)OP([O-])([O-])=O,CC(C)C1CC=C(C)C=C1,['CC(C)=CCCC(C)=CCOP([O-])(=O)OP([O-])([O-])=O'],['CC(C)C1CC=C(C)C=C1'],set()
marts_E00756,mono,CC(C)=CCCC(C)=CCOP([O-])(=O)OP([O-])([O-])=O,CC(C)C12CC=C(C)C1C2,['CC(C)=CCCC(C)=CCOP([O-])(=O)OP([O-])([O-])=O'],['CC(C)C12CC=C(C)C1C2'],{68645}
marts_E00756,mono,CC(C)=CCCC(C)=CCOP([O-])(=O)OP([O-])([O-])=O,CC(C)=C1CC=C(C)CC1,['CC(C)=CCCC(C)=CCOP([O-])(=O)OP([O-])([O-])=O'],['CC(C)=C1CC=C(C)CC1'],{25501}
marts_E00757,mono,CC(C)=CCCC(C)=CCOP([O-])(=O)OP([O-])([O-])=O,CC(C)C1CC=C(C)C=C1,['CC(C)=CCCC(C)=CCOP([O-])(=O)OP([O-])([O-])=O'],['CC(C)C1CC=C(C)C=C1'],set()
marts_E00757,mono,CC(C)=CCCC(C)=CCOP([O-])(=O)OP([O-])([O-])=O,CC(C)=CCCC(=C)C=C,['CC(C)=CCCC(C)=CCOP([O-])(=O)OP([O-])([O-])=O'],['CC(C)=CCCC(=C)C=C'],{16966}
marts_E00757,mono,CC(C)=CCCC(C)=CCOP([O-])(=O)OP([O-])([O-])=O,CC(C)=C1CC=C(C)CC1,['CC(C)=CCCC(C)=CCOP([O-])(=O)OP([O-])([O-])=O'],['CC(C)=C1CC=C(C)CC1'],{25501}
marts_E00757,mono,CC(C)=CCCC(C)=CCOP([O-])(=O)OP([O-])([O-])=O,CC1CCC(=CC=1)C(C)C,['CC(C)=CCCC(C)=CCOP([O-])(=O)OP([O-])([O-])=O'],['CC1CCC(=CC=1)C(C)C'],{32564}
marts_E00757,mono,CC(C)=CCCC(C)=CCOP([O-])(=O)OP([O-])([O-])=O,CC1CC=C(CC=1)C(C)C,['CC(C)=CCCC(C)=CCOP([O-])(=O)OP([O-])([O-])=O'],['CC1CC=C(CC=1)C(C)C'],{32560}
marts_E00757,mono,CC(C)=CCCC(C)=CCOP([O-])(=O)OP([O-])([O-])=O,CC1CCC(CC=1)C(C)=C,['CC(C)=CCCC(C)=CCOP([O-])(=O)OP([O-])([O-])=O'],['CC1CCC(CC=1)C(C)=C'],"{68641, 10941, 12870}"
marts_E00757,mono,CC(C)=CCCC(C)=CCOP([O-])(=O)OP([O-])([O-])=O,CC1=CCC2CC1C2(C)C,['CC(C)=CCCC(C)=CCOP([O-])(=O)OP([O-])([O-])=O'],['CC1=CCC2CC1C2(C)C'],"{32576, 25489, 25663}"
marts_E00757,mono,CC(C)=CCCC(C)=CCOP([O-])(=O)OP([O-])([O-])=O,CC(C)C1CCC(=C)C=C1,['CC(C)=CCCC(C)=CCOP([O-])(=O)OP([O-])([O-])=O'],['CC(C)C1CCC(=C)C=C1'],"{25505, 25493, 27831}"
marts_E00757,mono,CC(C)=CCCC(C)=CCOP([O-])(=O)OP([O-])([O-])=O,CC1CCC(CC=1)C(C)(C)O,['CC(C)=CCCC(C)=CCOP([O-])(=O)OP([O-])([O-])=O'],['CC1CCC(CC=1)C(C)(C)O'],"{32552, 32556}"
marts_E00757,mono,CC(C)=CCCC(C)=CCOP([O-])(=O)OP([O-])([O-])=O,CC(C)=CCC=C(C)C=C,['CC(C)=CCCC(C)=CCOP([O-])(=O)OP([O-])([O-])=O'],['CC(C)=CCC=C(C)C=C'],"{68825, 32692}"
marts_E00758,sesq,CC(C)=CCCC(C)=CCCC(C)=CCOP([O-])(=O)OP([O-])([O-])=O,CC(C)=CCCC(C)C1CC=C(C)CC=1,['CC(C)=CCCC(C)=CCCC(C)=CCOP([O-])(=O)OP([O-])([O-])=O'],['CC(C)=CCCC(C)C1CC=C(C)CC=1'],{31420}
marts_E00758,sesq,CC(C)=CCCC(C)=CCCC(C)=CCOP([O-])(=O)OP([O-])([O-])=O,CC(C)=CCCC(C)=C1CC=C(C)CC1,['CC(C)=CCCC(C)=CCCC(C)=CCOP([O-])(=O)OP([O-])([O-])=O'],['CC(C)=CCCC(C)=C1CC=C(C)CC1'],"{26082, 79464, 28299, 68469, 68789}"
marts_E00758,sesq,CC(C)=CCCC(C)=CCCC(C)=CCOP([O-])(=O)OP([O-])([O-])=O,CC1(C)C2C=C(C)CCC32C1CCC3C,['CC(C)=CCCC(C)=CCCC(C)=CCOP([O-])(=O)OP([O-])([O-])=O'],['CC1(C)C2C=C(C)CCC32C1CCC3C'],set()
marts_E00758,sesq,CC(C)=CCCC(C)=CCCC(C)=CCOP([O-])(=O)OP([O-])([O-])=O,CC(C)=CCCC(C)(O)C1CC=C(C)CC1,['CC(C)=CCCC(C)=CCCC(C)=CCOP([O-])(=O)OP([O-])([O-])=O'],['CC(C)=CCCC(C)(O)C1CC=C(C)CC1'],{34504}
marts_E00758,sesq,CC(C)=CCCC(C)=CCCC(C)=CCOP([O-])(=O)OP([O-])([O-])=O,CC(C)=CCCC(=C)C1CC=C(C)CC1,['CC(C)=CCCC(C)=CCCC(C)=CCOP([O-])(=O)OP([O-])([O-])=O'],['CC(C)=CCCC(=C)C1CC=C(C)CC1'],"{68813, 68529, 28267, 68525}"
marts_E00758,sesq,CC(C)=CCCC(C)=CCCC(C)=CCOP([O-])(=O)OP([O-])([O-])=O,CC(C)=CCCC1(C)C2CC(CC2)C1=C,['CC(C)=CCCC(C)=CCCC(C)=CCOP([O-])(=O)OP([O-])([O-])=O'],['CC(C)=CCCC1(C)C2CC(CC2)C1=C'],{31432}
marts_E00758,sesq,CC(C)=CCCC(C)=CCCC(C)=CCOP([O-])(=O)OP([O-])([O-])=O,CC(C)=CCCC(C)=CCCC(=C)C=C,['CC(C)=CCCC(C)=CCCC(C)=CCOP([O-])(=O)OP([O-])([O-])=O'],['CC(C)=CCCC(C)=CCCC(=C)C=C'],"{68545, 27426, 68857, 68505, 68509}"
marts_E00758,sesq,CC(C)=CCCC(C)=CCCC(C)=CCOP([O-])(=O)OP([O-])([O-])=O,CC(C)=CCCC(C)C1CCC(C)=CC=1,['CC(C)=CCCC(C)=CCCC(C)=CCOP([O-])(=O)OP([O-])([O-])=O'],['CC(C)=CCCC(C)C1CCC(C)=CC=1'],"{32032, 68785}"
marts_E00758,sesq,CC(C)=CCCC(C)=CCCC(C)=CCOP([O-])(=O)OP([O-])([O-])=O,CC(C)=CCCC1(C)C2CC1CC=C2C,['CC(C)=CCCC(C)=CCCC(C)=CCOP([O-])(=O)OP([O-])([O-])=O'],['CC(C)=CCCC1(C)C2CC1CC=C2C'],"{30472, 31428}"
marts_E00759,sesq,CC(C)=CCCC(C)=CCCC(C)=CCOP([O-])(=O)OP([O-])([O-])=O,CC1CCC2C(C=1)C(CCC2=C)C(C)C,['CC(C)=CCCC(C)=CCCC(C)=CCOP([O-])(=O)OP([O-])([O-])=O'],['CC1CCC2C(C=1)C(CCC2=C)C(C)C'],"{28640, 68849, 31828, 33108}"
marts_E00760,sesq,CC(C)=CCCC(C)=CCCC(C)=CCOP([O-])(=O)OP([O-])([O-])=O,CC1CCC(C=CC(=C)CCC=1)C(C)C,['CC(C)=CCCC(C)=CCCC(C)=CCOP([O-])(=O)OP([O-])([O-])=O'],['CC1CCC(C=CC(=C)CCC=1)C(C)C'],"{12017, 30428, 68717}"
marts_E00760,sesq,CC(C)=CCCC(C)=CCCC(C)=CCOP([O-])(=O)OP([O-])([O-])=O,CC(C)=C1CC=C(C)CCC=C(C)CC1,['CC(C)=CCCC(C)=CCCC(C)=CCOP([O-])(=O)OP([O-])([O-])=O'],['CC(C)=C1CC=C(C)CCC=C(C)CC1'],{25445}
marts_E00761,sesq,CC(C)=CCCC(C)=CCCC(C)=CCOP([O-])(=O)OP([O-])([O-])=O,CC1CCC(C=CC(=C)CCC=1)C(C)C,['CC(C)=CCCC(C)=CCCC(C)=CCOP([O-])(=O)OP([O-])([O-])=O'],['CC1CCC(C=CC(=C)CCC=1)C(C)C'],"{12017, 30428, 68717}"
marts_E00761,sesq,CC(C)=CCCC(C)=CCCC(C)=CCOP([O-])(=O)OP([O-])([O-])=O,CC(C)C1CCC2(C)C3C1C2CC=C3C,['CC(C)=CCCC(C)=CCCC(C)=CCOP([O-])(=O)OP([O-])([O-])=O'],['CC(C)C1CCC2(C)C3C1C2CC=C3C'],{33992}
marts_E00761,sesq,CC(C)=CCCC(C)=CCCC(C)=CCOP([O-])(=O)OP([O-])([O-])=O,CC1CCC2C1C1C(CCC2=C)C1(C)C,['CC(C)=CCCC(C)=CCCC(C)=CCOP([O-])(=O)OP([O-])([O-])=O'],['CC1CCC2C1C1C(CCC2=C)C1(C)C'],{67401}
marts_E00761,sesq,CC(C)=CCCC(C)=CCCC(C)=CCOP([O-])(=O)OP([O-])([O-])=O,CC1(C)C2C1CCC1=CCCC(C)C12C,['CC(C)=CCCC(C)=CCCC(C)=CCOP([O-])(=O)OP([O-])([O-])=O'],['CC1(C)C2C1CCC1=CCCC(C)C12C'],{73980}
marts_E00761,sesq,CC(C)=CCCC(C)=CCCC(C)=CCOP([O-])(=O)OP([O-])([O-])=O,CC1CCC2C1C1C(CCC2=C)C1(C)C,['CC(C)=CCCC(C)=CCCC(C)=CCOP([O-])(=O)OP([O-])([O-])=O'],['CC1CCC2C1C1C(CCC2=C)C1(C)C'],{67401}
marts_E00761,sesq,CC(C)=CCCC(C)=CCCC(C)=CCOP([O-])(=O)OP([O-])([O-])=O,CC1CCC2C(C=1)C(CCC2=C)C(C)C,['CC(C)=CCCC(C)=CCCC(C)=CCOP([O-])(=O)OP([O-])([O-])=O'],['CC1CCC2C(C=1)C(CCC2=C)C(C)C'],"{28640, 68849, 31828, 33108}"
marts_E00761,sesq,CC(C)=CCCC(C)=CCCC(C)=CCOP([O-])(=O)OP([O-])([O-])=O,CC(C)C1CCC(C)=C2CCC(C)=CC21,['CC(C)=CCCC(C)=CCCC(C)=CCOP([O-])(=O)OP([O-])([O-])=O'],['CC(C)C1CCC(C)=C2CCC(C)=CC21'],"{32016, 56557, 19526}"
marts_E00762,sesq,CC(C)=CCCC(C)=CCCC(C)=CCOP([O-])(=O)OP([O-])([O-])=O,CC(C)=CCCC1(C)C2CC1CC=C2C,['CC(C)=CCCC(C)=CCCC(C)=CCOP([O-])(=O)OP([O-])([O-])=O'],['CC(C)=CCCC1(C)C2CC1CC=C2C'],"{30472, 31428}"
marts_E00762,sesq,CC(C)=CCCC(C)=CCCC(C)=CCOP([O-])(=O)OP([O-])([O-])=O,CC(C)=CCCC(C)=CCCC(C)(O)C=C,['CC(C)=CCCC(C)=CCCC(C)=CCOP([O-])(=O)OP([O-])([O-])=O'],['CC(C)=CCCC(C)=CCCC(C)(O)C=C'],"{68833, 27531, 27535, 68821, 56985}"
marts_E00762,sesq,CC(C)=CCCC(C)=CCCC(C)=CCOP([O-])(=O)OP([O-])([O-])=O,CC(C)=CCCC(C)=CCCC(=C)C=C,['CC(C)=CCCC(C)=CCCC(C)=CCOP([O-])(=O)OP([O-])([O-])=O'],['CC(C)=CCCC(C)=CCCC(=C)C=C'],"{68545, 27426, 68857, 68505, 68509}"
marts_E00762,sesq,CC(C)=CCCC(C)=CCCC(C)=CCOP([O-])(=O)OP([O-])([O-])=O,CC(C)=CCCC(C)=CCC=C(C)C=C,['CC(C)=CCCC(C)=CCCC(C)=CCOP([O-])(=O)OP([O-])([O-])=O'],['CC(C)=CCCC(C)=CCC=C(C)C=C'],{27422}
marts_E00763,sesq,CC(C)=CCCC(C)=CCCC(C)=CCOP([O-])(=O)OP([O-])([O-])=O,CC1CCC2C(CC2(C)C)C(=C)CCC=1,['CC(C)=CCCC(C)=CCCC(C)=CCOP([O-])(=O)OP([O-])([O-])=O'],['CC1CCC2C(CC2(C)C)C(=C)CCC=1'],"{31816, 34704, 28295}"
marts_E00763,sesq,CC(C)=CCCC(C)=CCCC(C)=CCOP([O-])(=O)OP([O-])([O-])=O,CC1CCC=C(C)CC=CC(C)(C)CC=1,['CC(C)=CCCC(C)=CCCC(C)=CCOP([O-])(=O)OP([O-])([O-])=O'],['CC1CCC=C(C)CC=CC(C)(C)CC=1'],"{31896, 68781}"
marts_E00763,sesq,CC(C)=CCCC(C)=CCCC(C)=CCOP([O-])(=O)OP([O-])([O-])=O,CC1CCC(C=CC(=C)CCC=1)C(C)C,['CC(C)=CCCC(C)=CCCC(C)=CCOP([O-])(=O)OP([O-])([O-])=O'],['CC1CCC(C=CC(=C)CCC=1)C(C)C'],"{12017, 30428, 68717}"
marts_E00764,sesq,CC(C)=CCCC(C)=CCCC(C)=CCOP([O-])(=O)OP([O-])([O-])=O,CC1CCC2C(CC2(C)C)C(=C)CCC=1,['CC(C)=CCCC(C)=CCCC(C)=CCOP([O-])(=O)OP([O-])([O-])=O'],['CC1CCC2C(CC2(C)C)C(=C)CCC=1'],"{31816, 34704, 28295}"
marts_E00764,sesq,CC(C)=CCCC(C)=CCCC(C)=CCOP([O-])(=O)OP([O-])([O-])=O,CC1CCC=C(C)CC=CC(C)(C)CC=1,['CC(C)=CCCC(C)=CCCC(C)=CCOP([O-])(=O)OP([O-])([O-])=O'],['CC1CCC=C(C)CC=CC(C)(C)CC=1'],"{31896, 68781}"
marts_E00764,sesq,CC(C)=CCCC(C)=CCCC(C)=CCOP([O-])(=O)OP([O-])([O-])=O,CC1CCC(C=CC(=C)CCC=1)C(C)C,['CC(C)=CCCC(C)=CCCC(C)=CCOP([O-])(=O)OP([O-])([O-])=O'],['CC1CCC(C=CC(=C)CCC=1)C(C)C'],"{12017, 30428, 68717}"
marts_E00764,sesq,CC(C)=CCCC(C)=CCCC(C)=CCOP([O-])(=O)OP([O-])([O-])=O,CC(=C)C1CC2(C)C(C)CCC=C2CC1,['CC(C)=CCCC(C)=CCCC(C)=CCOP([O-])(=O)OP([O-])([O-])=O'],['CC(=C)C1CC2(C)C(C)CCC=C2CC1'],"{29512, 58169, 52805}"
marts_E00764,sesq,CC(C)=CCCC(C)=CCCC(C)=CCOP([O-])(=O)OP([O-])([O-])=O,CC(C)C1CCC(C)=C2CCC(C)=CC21,['CC(C)=CCCC(C)=CCCC(C)=CCOP([O-])(=O)OP([O-])([O-])=O'],['CC(C)C1CCC(C)=C2CCC(C)=CC21'],"{32016, 56557, 19526}"
marts_E00765,sesq,CC(C)=CCCC(C)=CCCC(C)=CCOP([O-])(=O)OP([O-])([O-])=O,CC1CCC2C(CC2(C)C)C(=C)CCC=1,['CC(C)=CCCC(C)=CCCC(C)=CCOP([O-])(=O)OP([O-])([O-])=O'],['CC1CCC2C(CC2(C)C)C(=C)CCC=1'],"{31816, 34704, 28295}"
marts_E00765,sesq,CC(C)=CCCC(C)=CCCC(C)=CCOP([O-])(=O)OP([O-])([O-])=O,CC1CCC=C(C)CC=CC(C)(C)CC=1,['CC(C)=CCCC(C)=CCCC(C)=CCOP([O-])(=O)OP([O-])([O-])=O'],['CC1CCC=C(C)CC=CC(C)(C)CC=1'],"{31896, 68781}"
marts_E00765,sesq,CC(C)=CCCC(C)=CCCC(C)=CCOP([O-])(=O)OP([O-])([O-])=O,CC1CCC(C=CC(=C)CCC=1)C(C)C,['CC(C)=CCCC(C)=CCCC(C)=CCOP([O-])(=O)OP([O-])([O-])=O'],['CC1CCC(C=CC(=C)CCC=1)C(C)C'],"{12017, 30428, 68717}"
marts_E00766,tri,CC(C)=CCCC(C)=CCCC(C)=CCCC=C(C)CCC=C(C)CCC1OC1(C)C,CC1(C)C(O)CCC2(C)C1CCC1(C)C2CCC2C(CCC12C)=C(C)CCC=C(C)C,['CC(C)=CCCC(C)=CCCC(C)=CCCC=C(C)CCC=C(C)CCC1OC1(C)C'],['CC1(C)C(O)CCC2(C)C1CCC1(C)C2CCC2C(CCC12C)=C(C)CCC=C(C)C'],{30988}
marts_E00767,sesq,CC(C)=CCCC(C)=CCCC(C)=CCOP([O-])(=O)OP([O-])([O-])=O,CC12CCC3C(C)CCC3(C1)C(O2)C(C)C,['CC(C)=CCCC(C)=CCCC(C)=CCOP([O-])(=O)OP([O-])([O-])=O'],['CC12CCC3C(C)CCC3(C1)C(O2)C(C)C'],{53645}
marts_E00767,sesq,CC(C)=CCCC(C)=CCCC(C)=CCOP([O-])(=O)OP([O-])([O-])=O,CC12CC3C(CC1)C(C)CCC3(O2)C(C)C,['CC(C)=CCCC(C)=CCCC(C)=CCOP([O-])(=O)OP([O-])([O-])=O'],['CC12CC3C(CC1)C(C)CCC3(O2)C(C)C'],{53649}
marts_E00767,mono,CC(C)=CCCC(C)=CCOP([O-])(=O)OP([O-])([O-])=O,CC(C)=CCCC(=C)C=C,['CC(C)=CCCC(C)=CCOP([O-])(=O)OP([O-])([O-])=O'],['CC(C)=CCCC(=C)C=C'],{16966}
marts_E00767,mono,CC(C)=CCCC(C)=CCOP([O-])(=O)OP([O-])([O-])=O,CC(C)C1CC=C(C)C=C1,['CC(C)=CCCC(C)=CCOP([O-])(=O)OP([O-])([O-])=O'],['CC(C)C1CC=C(C)C=C1'],set()
marts_E00767,mono,CC(C)=CCCC(C)=CCOP([O-])(=O)OP([O-])([O-])=O,CC1CCC(=CC=1)C(C)C,['CC(C)=CCCC(C)=CCOP([O-])(=O)OP([O-])([O-])=O'],['CC1CCC(=CC=1)C(C)C'],{32564}
marts_E00767,mono,CC(C)=CCCC(C)=CCOP([O-])(=O)OP([O-])([O-])=O,CC1CCC(CC=1)C(C)=C,['CC(C)=CCCC(C)=CCOP([O-])(=O)OP([O-])([O-])=O'],['CC1CCC(CC=1)C(C)=C'],"{68641, 10941, 12870}"
marts_E00767,mono,CC(C)=CCCC(C)=CCOP([O-])(=O)OP([O-])([O-])=O,CC1CC=C(CC=1)C(C)C,['CC(C)=CCCC(C)=CCOP([O-])(=O)OP([O-])([O-])=O'],['CC1CC=C(CC=1)C(C)C'],{32560}
marts_E00767,mono,CC(C)=CCCC(C)=CCOP([O-])(=O)OP([O-])([O-])=O,CC(C)=C1CC=C(C)CC1,['CC(C)=CCCC(C)=CCOP([O-])(=O)OP([O-])([O-])=O'],['CC(C)=C1CC=C(C)CC1'],{25501}
marts_E00767,mono,CC(C)=CCCC(C)=CCOP([O-])(=O)OP([O-])([O-])=O,CC(C)=CCCC(C)(O)C=C,['CC(C)=CCCC(C)=CCOP([O-])(=O)OP([O-])([O-])=O'],['CC(C)=CCCC(C)(O)C=C'],"{15810, 68709, 24117}"
marts_E00767,mono,CC(C)=CCCC(C)=CCOP([O-])(=O)OP([O-])([O-])=O,CC(C)C1CCC(C)(O)CC=1,['CC(C)=CCCC(C)=CCOP([O-])(=O)OP([O-])([O-])=O'],['CC(C)C1CCC(C)(O)CC=1'],set()
marts_E00767,mono,CC(C)=CCCC(C)=CCOP([O-])(=O)OP([O-])([O-])=O,CC(C)=CCCC(C)=CCO,['CC(C)=CCCC(C)=CCOP([O-])(=O)OP([O-])([O-])=O'],['CC(C)=CCCC(C)=CCO'],"{32680, 65829}"
marts_E00768,sesq,CC(C)=CCCC(C)=CCCC(C)=CCOP([O-])(=O)OP([O-])([O-])=O,CC1CCC(CC=C(C)CCC=1)C(C)(C)O,['CC(C)=CCCC(C)=CCCC(C)=CCOP([O-])(=O)OP([O-])([O-])=O'],['CC1CCC(CC=C(C)CCC=1)C(C)(C)O'],"{54057, 54061}"
marts_E00769,di,CC(C)=CCCC(C)=CCCC(C)=CCCC(C)=CCOP([O-])(=O)OP([O-])([O-])=O,CC1(C)CCCC2(C)C1CCC(=C)C2CCC(C)=CCOP([O-])(=O)OP([O-])([O-])=O,['CC(C)=CCCC(C)=CCCC(C)=CCCC(C)=CCOP([O-])(=O)OP([O-])([O-])=O'],['CC1(C)CCCC2(C)C1CCC(=C)C2CCC(C)=CCOP([O-])(=O)OP([O-])([O-])=O'],"{14842, 24317, 25525}"
marts_E00769,di,CC1(C)CCCC2(C)C1CCC(=C)C2CCC(C)=CCOP([O-])(=O)OP([O-])([O-])=O,CC1(C)CCCC2(C)C1CCC13CC(CCC21)C(=C)C3,['CC1(C)CCCC2(C)C1CCC(=C)C2CCC(C)=CCOP([O-])(=O)OP([O-])([O-])=O'],['CC1(C)CCCC2(C)C1CCC13CC(CCC21)C(=C)C3'],{22221}
marts_E00770,sesq,CC(C)=CCCC(C)=CCCC(C)=CCOP([O-])(=O)OP([O-])([O-])=O,CC(C)=CCCC(=C)C1CC=C(C)CC1,['CC(C)=CCCC(C)=CCCC(C)=CCOP([O-])(=O)OP([O-])([O-])=O'],['CC(C)=CCCC(=C)C1CC=C(C)CC1'],"{68813, 68529, 28267, 68525}"
marts_E00770,sesq,CC(C)=CCCC(C)=CCCC(C)=CCOP([O-])(=O)OP([O-])([O-])=O,CC(C)=CCCC(C)(O)C1CC=C(C)CC1,['CC(C)=CCCC(C)=CCCC(C)=CCOP([O-])(=O)OP([O-])([O-])=O'],['CC(C)=CCCC(C)(O)C1CC=C(C)CC1'],{34504}
marts_E00771,sesq,CC(C)=CCCC(C)=CCCC(C)=CCOP([O-])(=O)OP([O-])([O-])=O,CC1CCC2C(C)CCC(CC=21)C(C)(C)O,['CC(C)=CCCC(C)=CCCC(C)=CCOP([O-])(=O)OP([O-])([O-])=O'],['CC1CCC2C(C)CCC(CC=21)C(C)(C)O'],set()
marts_E00771,sesq,CC(C)=CCCC(C)=CCCC(C)=CCOP([O-])(=O)OP([O-])([O-])=O,CC1CCC(CC=C(C)CCC=1)C(C)(C)O,['CC(C)=CCCC(C)=CCCC(C)=CCOP([O-])(=O)OP([O-])([O-])=O'],['CC1CCC(CC=C(C)CCC=1)C(C)(C)O'],"{54057, 54061}"
marts_E00771,sesq,CC(C)=CCCC(C)=CCCC(C)=CCOP([O-])(=O)OP([O-])([O-])=O,CC1CCC2C1CC(CCC=2C)C(C)=C,['CC(C)=CCCC(C)=CCCC(C)=CCOP([O-])(=O)OP([O-])([O-])=O'],['CC1CCC2C1CC(CCC=2C)C(C)=C'],{31832}
marts_E00771,sesq,CC(C)=CCCC(C)=CCCC(C)=CCOP([O-])(=O)OP([O-])([O-])=O,CC1CCC(CC2C(C)CCC=12)C(C)(C)O,['CC(C)=CCCC(C)=CCCC(C)=CCOP([O-])(=O)OP([O-])([O-])=O'],['CC1CCC(CC2C(C)CCC=12)C(C)(C)O'],set()
marts_E00772,sesq,CC(C)=CCCC(C)=CCCC(C)=CCOP([O-])(=O)OP([O-])([O-])=O,CC1CCC=C(C)CC=CC(C)(C)CC=1,['CC(C)=CCCC(C)=CCCC(C)=CCOP([O-])(=O)OP([O-])([O-])=O'],['CC1CCC=C(C)CC=CC(C)(C)CC=1'],"{31896, 68781}"
marts_E00772,sesq,CC(C)=CCCC(C)=CCCC(C)=CCOP([O-])(=O)OP([O-])([O-])=O,CC1CCC(CC=C(C)CCC=1)C(C)=C,['CC(C)=CCCC(C)=CCCC(C)=CCOP([O-])(=O)OP([O-])([O-])=O'],['CC1CCC(CC=C(C)CCC=1)C(C)=C'],"{68777, 25453, 12517}"
marts_E00772,sesq,CC(C)=CCCC(C)=CCCC(C)=CCOP([O-])(=O)OP([O-])([O-])=O,CC1CCC2C(CC2(C)C)C(=C)CCC=1,['CC(C)=CCCC(C)=CCCC(C)=CCOP([O-])(=O)OP([O-])([O-])=O'],['CC1CCC2C(CC2(C)C)C(=C)CCC=1'],"{31816, 34704, 28295}"
marts_E00772,sesq,CC(C)=CCCC(C)=CCCC(C)=CCOP([O-])(=O)OP([O-])([O-])=O,CC1CC=C2C(C=1)C(CCC2C)C(C)C,['CC(C)=CCCC(C)=CCCC(C)=CCOP([O-])(=O)OP([O-])([O-])=O'],['CC1CC=C2C(C=1)C(CCC2C)C(C)C'],{29476}
marts_E00772,sesq,CC(C)=CCCC(C)=CCCC(C)=CCOP([O-])(=O)OP([O-])([O-])=O,CC1CCC2C(C=1)C(CCC2=C)C(C)C,['CC(C)=CCCC(C)=CCCC(C)=CCOP([O-])(=O)OP([O-])([O-])=O'],['CC1CCC2C(C=1)C(CCC2=C)C(C)C'],"{28640, 68849, 31828, 33108}"
marts_E00772,sesq,CC(C)=CCCC(C)=CCCC(C)=CCOP([O-])(=O)OP([O-])([O-])=O,CC(C)C1CCC(C)=C2CCC(C)=CC21,['CC(C)=CCCC(C)=CCCC(C)=CCOP([O-])(=O)OP([O-])([O-])=O'],['CC(C)C1CCC(C)=C2CCC(C)=CC21'],"{32016, 56557, 19526}"
marts_E00772,sesq,CC(C)=CCCC(C)=CCCC(C)=CCOP([O-])(=O)OP([O-])([O-])=O,CC(C)C1CC=C(C)C2CCC(C)=CC21,['CC(C)=CCCC(C)=CCCC(C)=CCOP([O-])(=O)OP([O-])([O-])=O'],['CC(C)C1CC=C(C)C2CCC(C)=CC21'],"{33104, 53641, 69445}"
marts_E00772,sesq,CC(C)=CCCC(C)=CCCC(C)=CCOP([O-])(=O)OP([O-])([O-])=O,CC(C)C1CCC(C)=CCCC(C)(O)C=C1,['CC(C)=CCCC(C)=CCCC(C)=CCOP([O-])(=O)OP([O-])([O-])=O'],['CC(C)C1CCC(C)=CCCC(C)(O)C=C1'],set()
marts_E00773,sesq,CC(C)=CCCC(C)=CCCC(C)=CCOP([O-])(=O)OP([O-])([O-])=O,CC(C)=CCC=C(C)C1CC=C(C)CC1,['CC(C)=CCCC(C)=CCCC(C)=CCOP([O-])(=O)OP([O-])([O-])=O'],['CC(C)=CCC=C(C)C1CC=C(C)CC1'],"{68845, 68817, 68533, 68473, 25437}"
marts_E00773,sesq,CC(C)=CCCC(C)=CCCC(C)=CCOP([O-])(=O)OP([O-])([O-])=O,CC(C)=CCCC(C)=CCCC(=C)C=C,['CC(C)=CCCC(C)=CCCC(C)=CCOP([O-])(=O)OP([O-])([O-])=O'],['CC(C)=CCCC(C)=CCCC(=C)C=C'],"{68545, 27426, 68857, 68505, 68509}"
marts_E00773,sesq,CC(C)=CCCC(C)=CCCC(C)=CCOP([O-])(=O)OP([O-])([O-])=O,CC(C)=CCCC(=C)C1CC=C(C)CC1,['CC(C)=CCCC(C)=CCCC(C)=CCOP([O-])(=O)OP([O-])([O-])=O'],['CC(C)=CCCC(=C)C1CC=C(C)CC1'],"{68813, 68529, 28267, 68525}"
marts_E00773,sesq,CC(C)=CCCC(C)=CCCC(C)=CCOP([O-])(=O)OP([O-])([O-])=O,CC(C)=CCCC(C)=CCC=C(C)C=C,['CC(C)=CCCC(C)=CCCC(C)=CCOP([O-])(=O)OP([O-])([O-])=O'],['CC(C)=CCCC(C)=CCC=C(C)C=C'],{27422}
marts_E00773,sesq,CC(C)=CCCC(C)=CCCC(C)=CCOP([O-])(=O)OP([O-])([O-])=O,CC(C)=CCCC(C)(O)C1CC=C(C)CC1,['CC(C)=CCCC(C)=CCCC(C)=CCOP([O-])(=O)OP([O-])([O-])=O'],['CC(C)=CCCC(C)(O)C1CC=C(C)CC1'],{34504}
marts_E00774,sesq,CC(C)=CCCC(C)=CCCC(C)=CCOP([O-])(=O)OP([O-])([O-])=O,CC(C)=CCCC(=C)C1CC=C(C)CC1,['CC(C)=CCCC(C)=CCCC(C)=CCOP([O-])(=O)OP([O-])([O-])=O'],['CC(C)=CCCC(=C)C1CC=C(C)CC1'],"{68813, 68529, 28267, 68525}"
marts_E00774,sesq,CC(C)=CCCC(C)=CCCC(C)=CCOP([O-])(=O)OP([O-])([O-])=O,CC(C)=CCCC(C)=CCCC(=C)C=C,['CC(C)=CCCC(C)=CCCC(C)=CCOP([O-])(=O)OP([O-])([O-])=O'],['CC(C)=CCCC(C)=CCCC(=C)C=C'],"{68545, 27426, 68857, 68505, 68509}"
marts_E00774,sesq,CC(C)=CCCC(C)=CCCC(C)=CCOP([O-])(=O)OP([O-])([O-])=O,CC(C)=CCC=C(C)C1CC=C(C)CC1,['CC(C)=CCCC(C)=CCCC(C)=CCOP([O-])(=O)OP([O-])([O-])=O'],['CC(C)=CCC=C(C)C1CC=C(C)CC1'],"{68845, 68817, 68533, 68473, 25437}"
marts_E00774,sesq,CC(C)=CCCC(C)=CCCC(C)=CCOP([O-])(=O)OP([O-])([O-])=O,CC(C)=CCCC(C)(O)C1CC=C(C)CC1,['CC(C)=CCCC(C)=CCCC(C)=CCOP([O-])(=O)OP([O-])([O-])=O'],['CC(C)=CCCC(C)(O)C1CC=C(C)CC1'],{34504}
marts_E00775,sesq,CC(C)=CCCC(C)=CCCC(C)=CCOP([O-])(=O)OP([O-])([O-])=O,CC(C)=CCCC1(C)C2CC(CC2)C1=C,['CC(C)=CCCC(C)=CCCC(C)=CCOP([O-])(=O)OP([O-])([O-])=O'],['CC(C)=CCCC1(C)C2CC(CC2)C1=C'],{31432}
marts_E00775,sesq,CC(C)=CCCC(C)=CCCC(C)=CCOP([O-])(=O)OP([O-])([O-])=O,CC1(CCC=C(C)C)C2CC3C(C2)C13C,['CC(C)=CCCC(C)=CCCC(C)=CCOP([O-])(=O)OP([O-])([O-])=O'],['CC1(CCC=C(C)C)C2CC3C(C2)C13C'],"{30464, 31436}"
marts_E00775,sesq,CC(C)=CCCC(C)=CCCC(C)=CCOP([O-])(=O)OP([O-])([O-])=O,CC(C)=CCCC1(C)C2CC1CC=C2C,['CC(C)=CCCC(C)=CCCC(C)=CCOP([O-])(=O)OP([O-])([O-])=O'],['CC(C)=CCCC1(C)C2CC1CC=C2C'],"{30472, 31428}"
marts_E00775,mono,CC(C)=CCCC(C)=CCOP([O-])(=O)OP([O-])([O-])=O,CC1=CCC2CC1C2(C)C,['CC(C)=CCCC(C)=CCOP([O-])(=O)OP([O-])([O-])=O'],['CC1=CCC2CC1C2(C)C'],"{32576, 25489, 25663}"
marts_E00775,mono,CC(C)=CCCC(C)=CCOP([O-])(=O)OP([O-])([O-])=O,CC1(C)C2CC(CC2)C1=C,['CC(C)=CCCC(C)=CCOP([O-])(=O)OP([O-])([O-])=O'],['CC1(C)C2CC(CC2)C1=C'],"{32568, 80392, 25485}"
marts_E00775,mono,CC(C)=CCCC(C)=CCOP([O-])(=O)OP([O-])([O-])=O,CC1(C)C2CC1CCC2=C,['CC(C)=CCCC(C)=CCOP([O-])(=O)OP([O-])([O-])=O'],['CC1(C)C2CC1CCC2=C'],"{25497, 25667, 32580}"
marts_E00775,mono,CC(C)=CCCC(C)=CCOP([O-])(=O)OP([O-])([O-])=O,CC(C)=CCCC(=C)C=C,['CC(C)=CCCC(C)=CCOP([O-])(=O)OP([O-])([O-])=O'],['CC(C)=CCCC(=C)C=C'],{16966}
marts_E00775,mono,CC(C)=CCCC(C)=CCOP([O-])(=O)OP([O-])([O-])=O,CC1CCC(CC=1)C(C)=C,['CC(C)=CCCC(C)=CCOP([O-])(=O)OP([O-])([O-])=O'],['CC1CCC(CC=1)C(C)=C'],"{68641, 10941, 12870}"
marts_E00775,mono,CC(C)=CCCC(C)=CCOP([O-])(=O)OP([O-])([O-])=O,CC(C)=CCC=C(C)C=C,['CC(C)=CCCC(C)=CCOP([O-])(=O)OP([O-])([O-])=O'],['CC(C)=CCC=C(C)C=C'],"{68825, 32692}"
marts_E00775,mono,CC(C)=CCCC(C)=CCOP([O-])(=O)OP([O-])([O-])=O,CC(C)=CCC=C(C)C=C,['CC(C)=CCCC(C)=CCOP([O-])(=O)OP([O-])([O-])=O'],['CC(C)=CCC=C(C)C=C'],"{68825, 32692}"
marts_E00775,mono,CC(C)=CCCC(C)=CCOP([O-])(=O)OP([O-])([O-])=O,CC(C)=C1CC=C(C)CC1,['CC(C)=CCCC(C)=CCOP([O-])(=O)OP([O-])([O-])=O'],['CC(C)=C1CC=C(C)CC1'],{25501}
marts_E00775,mono,CC(C)=CCCC(C)=CCOP([O-])(=O)OP([O-])([O-])=O,CC(C)=CCCC(C)(O)C=C,['CC(C)=CCCC(C)=CCOP([O-])(=O)OP([O-])([O-])=O'],['CC(C)=CCCC(C)(O)C=C'],"{15810, 68709, 24117}"
marts_E00775,mono,CC(C)=CCCC(C)=CCOP([O-])(=O)OP([O-])([O-])=O,CC1CCC(CC=1)C(C)(C)O,['CC(C)=CCCC(C)=CCOP([O-])(=O)OP([O-])([O-])=O'],['CC1CCC(CC=1)C(C)(C)O'],"{32552, 32556}"
marts_E00775,mono,CC(C)=CCCC(C)=CCOP([O-])(=O)OP([O-])([O-])=O,CC(C)=CCCC(C)=CCO,['CC(C)=CCCC(C)=CCOP([O-])(=O)OP([O-])([O-])=O'],['CC(C)=CCCC(C)=CCO'],"{32680, 65829}"
marts_E00776,sesq,CC(C)=CCCC(C)=CCCC(C)=CCOP([O-])(=O)OP([O-])([O-])=O,CC(C)=CCCC1(C)C2CC(CC2)C1=C,['CC(C)=CCCC(C)=CCCC(C)=CCOP([O-])(=O)OP([O-])([O-])=O'],['CC(C)=CCCC1(C)C2CC(CC2)C1=C'],{31432}
marts_E00776,sesq,CC(C)=CCCC(C)=CCCC(C)=CCOP([O-])(=O)OP([O-])([O-])=O,CC1(CCC=C(C)C)C2CC3C(C2)C13C,['CC(C)=CCCC(C)=CCCC(C)=CCOP([O-])(=O)OP([O-])([O-])=O'],['CC1(CCC=C(C)C)C2CC3C(C2)C13C'],"{30464, 31436}"
marts_E00776,sesq,CC(C)=CCCC(C)=CCCC(C)=CCOP([O-])(=O)OP([O-])([O-])=O,CC(C)=CCCC1(C)C2CC1CC=C2C,['CC(C)=CCCC(C)=CCCC(C)=CCOP([O-])(=O)OP([O-])([O-])=O'],['CC(C)=CCCC1(C)C2CC1CC=C2C'],"{30472, 31428}"
marts_E00776,mono,CC(C)=CCCC(C)=CCOP([O-])(=O)OP([O-])([O-])=O,CC1=CCC2CC1C2(C)C,['CC(C)=CCCC(C)=CCOP([O-])(=O)OP([O-])([O-])=O'],['CC1=CCC2CC1C2(C)C'],"{32576, 25489, 25663}"
marts_E00776,mono,CC(C)=CCCC(C)=CCOP([O-])(=O)OP([O-])([O-])=O,CC1(C)C2CC(CC2)C1=C,['CC(C)=CCCC(C)=CCOP([O-])(=O)OP([O-])([O-])=O'],['CC1(C)C2CC(CC2)C1=C'],"{32568, 80392, 25485}"
marts_E00776,mono,CC(C)=CCCC(C)=CCOP([O-])(=O)OP([O-])([O-])=O,CC1(C)C2CC1CCC2=C,['CC(C)=CCCC(C)=CCOP([O-])(=O)OP([O-])([O-])=O'],['CC1(C)C2CC1CCC2=C'],"{25497, 25667, 32580}"
marts_E00776,mono,CC(C)=CCCC(C)=CCOP([O-])(=O)OP([O-])([O-])=O,CC(C)=CCCC(=C)C=C,['CC(C)=CCCC(C)=CCOP([O-])(=O)OP([O-])([O-])=O'],['CC(C)=CCCC(=C)C=C'],{16966}
marts_E00776,mono,CC(C)=CCCC(C)=CCOP([O-])(=O)OP([O-])([O-])=O,CC1CCC(CC=1)C(C)=C,['CC(C)=CCCC(C)=CCOP([O-])(=O)OP([O-])([O-])=O'],['CC1CCC(CC=1)C(C)=C'],"{68641, 10941, 12870}"
marts_E00776,mono,CC(C)=CCCC(C)=CCOP([O-])(=O)OP([O-])([O-])=O,CC(C)=CCC=C(C)C=C,['CC(C)=CCCC(C)=CCOP([O-])(=O)OP([O-])([O-])=O'],['CC(C)=CCC=C(C)C=C'],"{68825, 32692}"
marts_E00776,mono,CC(C)=CCCC(C)=CCOP([O-])(=O)OP([O-])([O-])=O,CC(C)=CCC=C(C)C=C,['CC(C)=CCCC(C)=CCOP([O-])(=O)OP([O-])([O-])=O'],['CC(C)=CCC=C(C)C=C'],"{68825, 32692}"
marts_E00776,mono,CC(C)=CCCC(C)=CCOP([O-])(=O)OP([O-])([O-])=O,CC(C)=C1CC=C(C)CC1,['CC(C)=CCCC(C)=CCOP([O-])(=O)OP([O-])([O-])=O'],['CC(C)=C1CC=C(C)CC1'],{25501}
marts_E00776,mono,CC(C)=CCCC(C)=CCOP([O-])(=O)OP([O-])([O-])=O,CC(C)=CCCC(C)(O)C=C,['CC(C)=CCCC(C)=CCOP([O-])(=O)OP([O-])([O-])=O'],['CC(C)=CCCC(C)(O)C=C'],"{15810, 68709, 24117}"
marts_E00776,mono,CC(C)=CCCC(C)=CCOP([O-])(=O)OP([O-])([O-])=O,CC1CCC(CC=1)C(C)(C)O,['CC(C)=CCCC(C)=CCOP([O-])(=O)OP([O-])([O-])=O'],['CC1CCC(CC=1)C(C)(C)O'],"{32552, 32556}"
marts_E00776,mono,CC(C)=CCCC(C)=CCOP([O-])(=O)OP([O-])([O-])=O,CC(C)=CCCC(C)=CCO,['CC(C)=CCCC(C)=CCOP([O-])(=O)OP([O-])([O-])=O'],['CC(C)=CCCC(C)=CCO'],"{32680, 65829}"
marts_E00777,sesq,CC(C)=CCCC(C)=CCCC(C)=CCOP([O-])(=O)OP([O-])([O-])=O,CC(C)=CCCC1(C)C2CC1CC=C2C,['CC(C)=CCCC(C)=CCCC(C)=CCOP([O-])(=O)OP([O-])([O-])=O'],['CC(C)=CCCC1(C)C2CC1CC=C2C'],"{30472, 31428}"
marts_E00777,sesq,CC(C)=CCCC(C)=CCCC(C)=CCOP([O-])(=O)OP([O-])([O-])=O,CC1(CCC=C(C)C)C2CC3C(C2)C13C,['CC(C)=CCCC(C)=CCCC(C)=CCOP([O-])(=O)OP([O-])([O-])=O'],['CC1(CCC=C(C)C)C2CC3C(C2)C13C'],"{30464, 31436}"
marts_E00777,sesq,CC(C)=CCCC(C)=CCCC(C)=CCOP([O-])(=O)OP([O-])([O-])=O,CC(C)=CCCC1(C)C2CC(CC2)C1=C,['CC(C)=CCCC(C)=CCCC(C)=CCOP([O-])(=O)OP([O-])([O-])=O'],['CC(C)=CCCC1(C)C2CC(CC2)C1=C'],{31432}
marts_E00777,mono,CC(C)=CCCC(C)=CCOP([O-])(=O)OP([O-])([O-])=O,CC1=CCC2CC1C2(C)C,['CC(C)=CCCC(C)=CCOP([O-])(=O)OP([O-])([O-])=O'],['CC1=CCC2CC1C2(C)C'],"{32576, 25489, 25663}"
marts_E00777,mono,CC(C)=CCCC(C)=CCOP([O-])(=O)OP([O-])([O-])=O,CC1(C)C2CC(CC2)C1=C,['CC(C)=CCCC(C)=CCOP([O-])(=O)OP([O-])([O-])=O'],['CC1(C)C2CC(CC2)C1=C'],"{32568, 80392, 25485}"
marts_E00777,mono,CC(C)=CCCC(C)=CCOP([O-])(=O)OP([O-])([O-])=O,CC1(C)C2CC1CCC2=C,['CC(C)=CCCC(C)=CCOP([O-])(=O)OP([O-])([O-])=O'],['CC1(C)C2CC1CCC2=C'],"{25497, 25667, 32580}"
marts_E00777,mono,CC(C)=CCCC(C)=CCOP([O-])(=O)OP([O-])([O-])=O,CC(C)=CCCC(=C)C=C,['CC(C)=CCCC(C)=CCOP([O-])(=O)OP([O-])([O-])=O'],['CC(C)=CCCC(=C)C=C'],{16966}
marts_E00777,mono,CC(C)=CCCC(C)=CCOP([O-])(=O)OP([O-])([O-])=O,CC1CCC(CC=1)C(C)=C,['CC(C)=CCCC(C)=CCOP([O-])(=O)OP([O-])([O-])=O'],['CC1CCC(CC=1)C(C)=C'],"{68641, 10941, 12870}"
marts_E00777,mono,CC(C)=CCCC(C)=CCOP([O-])(=O)OP([O-])([O-])=O,CC(C)=CCC=C(C)C=C,['CC(C)=CCCC(C)=CCOP([O-])(=O)OP([O-])([O-])=O'],['CC(C)=CCC=C(C)C=C'],"{68825, 32692}"
marts_E00777,mono,CC(C)=CCCC(C)=CCOP([O-])(=O)OP([O-])([O-])=O,CC(C)=CCC=C(C)C=C,['CC(C)=CCCC(C)=CCOP([O-])(=O)OP([O-])([O-])=O'],['CC(C)=CCC=C(C)C=C'],"{68825, 32692}"
marts_E00777,mono,CC(C)=CCCC(C)=CCOP([O-])(=O)OP([O-])([O-])=O,CC(C)=C1CC=C(C)CC1,['CC(C)=CCCC(C)=CCOP([O-])(=O)OP([O-])([O-])=O'],['CC(C)=C1CC=C(C)CC1'],{25501}
marts_E00777,mono,CC(C)=CCCC(C)=CCOP([O-])(=O)OP([O-])([O-])=O,CC(C)=CCCC(C)(O)C=C,['CC(C)=CCCC(C)=CCOP([O-])(=O)OP([O-])([O-])=O'],['CC(C)=CCCC(C)(O)C=C'],"{15810, 68709, 24117}"
marts_E00777,mono,CC(C)=CCCC(C)=CCOP([O-])(=O)OP([O-])([O-])=O,CC1CCC(CC=1)C(C)(C)O,['CC(C)=CCCC(C)=CCOP([O-])(=O)OP([O-])([O-])=O'],['CC1CCC(CC=1)C(C)(C)O'],"{32552, 32556}"
marts_E00777,mono,CC(C)=CCCC(C)=CCOP([O-])(=O)OP([O-])([O-])=O,CC(C)=CCCC(C)=CCO,['CC(C)=CCCC(C)=CCOP([O-])(=O)OP([O-])([O-])=O'],['CC(C)=CCCC(C)=CCO'],"{32680, 65829}"
marts_E00779,tri,CC(C)=CCCC(C)=CCCC(C)=CCCC=C(C)CCC=C(C)CCC1OC1(C)C,CC1(C)C(O)CCC23CC42CCC2(C)C(CCC2(C)C4CCC13)C(C)CCC=C(C)C,['CC(C)=CCCC(C)=CCCC(C)=CCCC=C(C)CCC=C(C)CCC1OC1(C)C'],['CC1(C)C(O)CCC23CC42CCC2(C)C(CCC2(C)C4CCC13)C(C)CCC=C(C)C'],{21309}
marts_E00780,tri,CC(C)=CCCC(C)=CCCC(C)=CCCC=C(C)CCC=C(C)CCC1OC1(C)C,CC1(C)C(O)CCC2(C)C1CCC1(C)C2CCC2C3C(CCC3(C)CCC12C)C(C)=C,['CC(C)=CCCC(C)=CCCC(C)=CCCC=C(C)CCC=C(C)CCC1OC1(C)C'],['CC1(C)C(O)CCC2(C)C1CCC1(C)C2CCC2C3C(CCC3(C)CCC12C)C(C)=C'],{31384}
marts_E00780,tri,CC(C)=CCCC(C)=CCCC(C)=CCCC=C(C)CCC=C(C)CCC1OC1(C)C,CC1(C)CC2C3=CCC4C5(C)CCC(O)C(C)(C)C5CCC4(C)C3(C)CCC2(C)CC1,['CC(C)=CCCC(C)=CCCC(C)=CCCC=C(C)CCC=C(C)CCC1OC1(C)C'],['CC1(C)CC2C3=CCC4C5(C)CCC(O)C(C)(C)C5CCC4(C)C3(C)CCC2(C)CC1'],{31008}
marts_E00781,tri,CC(C)=CCCC(C)=CCCC(C)=CCCC=C(C)CCC=C(C)CCC1OC1(C)C,CC1(C)CC2C(C)(CCC3(C)C4CCC5(C)C(CCC(=O)C5C)C4(C)CCC32C)CC1,['CC(C)=CCCC(C)=CCCC(C)=CCCC=C(C)CCC=C(C)CCC1OC1(C)C'],['CC1(C)CC2C(C)(CCC3(C)C4CCC5(C)C(CCC(=O)C5C)C4(C)CCC32C)CC1'],{31864}
marts_E00781,tri,CC(C)=CCCC(C)=CCCC(C)=CCCC=C(C)CCC=C(C)CCC1OC1(C)C,CC1(C)CC2C3=CCC4C5(C)CCC(O)C(C)(C)C5CCC4(C)C3(C)CCC2(C)CC1,['CC(C)=CCCC(C)=CCCC(C)=CCCC=C(C)CCC=C(C)CCC1OC1(C)C'],['CC1(C)CC2C3=CCC4C5(C)CCC(O)C(C)(C)C5CCC4(C)C3(C)CCC2(C)CC1'],{31008}
marts_E00781,tri,CC(C)=CCCC(C)=CCCC(C)=CCCC=C(C)CCC=C(C)CCC1OC1(C)C,CC1(C)CC2C3(C)CCC4C5(C)CCC(O)C(C)(C)C5CCC4(C)C3=CCC2(C)CC1,['CC(C)=CCCC(C)=CCCC(C)=CCCC=C(C)CCC=C(C)CCC1OC1(C)C'],['CC1(C)CC2C3(C)CCC4C5(C)CCC(O)C(C)(C)C5CCC4(C)C3=CCC2(C)CC1'],{30432}
marts_E00782,tri,CC(C)=CCCC(C)=CCCC(C)=CCCC=C(C)CCC=C(C)CCC1OC1(C)C,CC1(C)CC2C3(C)CCC4(C)C5CCC(O)C(C)(C)C5=CCC4C3(C)CCC2(C)CC1,['CC(C)=CCCC(C)=CCCC(C)=CCCC=C(C)CCC=C(C)CCC1OC1(C)C'],['CC1(C)CC2C3(C)CCC4(C)C5CCC(O)C(C)(C)C5=CCC4C3(C)CCC2(C)CC1'],{31860}
marts_E00782,tri,CC(C)=CCCC(C)=CCCC(C)=CCCC=C(C)CCC=C(C)CCC1OC1(C)C,CC1(C)CC2C3(C)CCC4C5(C)CCC(O)C(C)(C)C5CCC4(C)C3=CCC2(C)CC1,['CC(C)=CCCC(C)=CCCC(C)=CCCC=C(C)CCC=C(C)CCC1OC1(C)C'],['CC1(C)CC2C3(C)CCC4C5(C)CCC(O)C(C)(C)C5CCC4(C)C3=CCC2(C)CC1'],{30432}
marts_E00782,tri,CC(C)=CCCC(C)=CCCC(C)=CCCC=C(C)CCC=C(C)CCC1OC1(C)C,CC1(C)CC2C3=CCC4C5(C)CCC(O)C(C)(C)C5CCC4(C)C3(C)CCC2(C)CC1,['CC(C)=CCCC(C)=CCCC(C)=CCCC=C(C)CCC=C(C)CCC1OC1(C)C'],['CC1(C)CC2C3=CCC4C5(C)CCC(O)C(C)(C)C5CCC4(C)C3(C)CCC2(C)CC1'],{31008}
marts_E00782,tri,CC(C)=CCCC(C)=CCCC(C)=CCCC=C(C)CCC=C(C)CCC1OC1(C)C,CC1(C)CC2C(C)(CCC3(C)C4CCC5(C)C(CCC(=O)C5C)C4(C)CCC32C)CC1,['CC(C)=CCCC(C)=CCCC(C)=CCCC=C(C)CCC=C(C)CCC1OC1(C)C'],['CC1(C)CC2C(C)(CCC3(C)C4CCC5(C)C(CCC(=O)C5C)C4(C)CCC32C)CC1'],{31864}
marts_E00783,tri,CC(C)=CCCC(C)=CCCC(C)=CCCC=C(C)CCC=C(C)CCC1OC1(C)C,CC1(C)CC2C3(C)CCC4C5(C)CCC(O)C(C)(C)C5CCC4(C)C3=CCC2(C)CC1,['CC(C)=CCCC(C)=CCCC(C)=CCCC=C(C)CCC=C(C)CCC1OC1(C)C'],['CC1(C)CC2C3(C)CCC4C5(C)CCC(O)C(C)(C)C5CCC4(C)C3=CCC2(C)CC1'],{30432}
marts_E00783,tri,CC(C)=CCCC(C)=CCCC(C)=CCCC=C(C)CCC=C(C)CCC1OC1(C)C,CC1(C)CC2C3=CCC4C5(C)CCC(O)C(C)(C)C5CCC4(C)C3(C)CCC2(C)CC1,['CC(C)=CCCC(C)=CCCC(C)=CCCC=C(C)CCC=C(C)CCC1OC1(C)C'],['CC1(C)CC2C3=CCC4C5(C)CCC(O)C(C)(C)C5CCC4(C)C3(C)CCC2(C)CC1'],{31008}
marts_E00784,di,CC(C)=CCCC(C)=CCCC(C)=CCCC(C)=CCOP([O-])(=O)OP([O-])([O-])=O,CC1(C)CCCC2(C)C1CCC(C)(O)C2CCC(C)=CCOP([O-])(=O)OP([O-])([O-])=O,['CC(C)=CCCC(C)=CCCC(C)=CCCC(C)=CCOP([O-])(=O)OP([O-])([O-])=O'],['CC1(C)CCCC2(C)C1CCC(C)(O)C2CCC(C)=CCOP([O-])(=O)OP([O-])([O-])=O'],"{32704, 54650}"
marts_E00785,mono,CC(C)=CCCC(C)=CCOP([O-])(=O)OP([O-])([O-])=O,CC(C)C1CCC(=C)C=C1,['CC(C)=CCCC(C)=CCOP([O-])(=O)OP([O-])([O-])=O'],['CC(C)C1CCC(=C)C=C1'],"{25505, 25493, 27831}"
marts_E00785,mono,CC(C)=CCCC(C)=CCOP([O-])(=O)OP([O-])([O-])=O,CC(C)C12CCC(=C)C1C2,['CC(C)=CCCC(C)=CCOP([O-])(=O)OP([O-])([O-])=O'],['CC(C)C12CCC(=C)C1C2'],"{68637, 32548, 25509}"
marts_E00785,mono,CC(C)=CCCC(C)=CCOP([O-])(=O)OP([O-])([O-])=O,CC(C)=CCCC(=C)C=C,['CC(C)=CCCC(C)=CCOP([O-])(=O)OP([O-])([O-])=O'],['CC(C)=CCCC(=C)C=C'],{16966}
marts_E00785,mono,CC(C)=CCCC(C)=CCOP([O-])(=O)OP([O-])([O-])=O,CC(C)C12CC=C(C)C1C2,['CC(C)=CCCC(C)=CCOP([O-])(=O)OP([O-])([O-])=O'],['CC(C)C12CC=C(C)C1C2'],{68645}
marts_E00785,mono,CC(C)=CCCC(C)=CCOP([O-])(=O)OP([O-])([O-])=O,CC1=CCC2CC1C2(C)C,['CC(C)=CCCC(C)=CCOP([O-])(=O)OP([O-])([O-])=O'],['CC1=CCC2CC1C2(C)C'],"{32576, 25489, 25663}"
marts_E00786,mono,CC(C)=CCCC(C)=CCOP([O-])(=O)OP([O-])([O-])=O,CC(C)C1CCC(=C)C=C1,['CC(C)=CCCC(C)=CCOP([O-])(=O)OP([O-])([O-])=O'],['CC(C)C1CCC(=C)C=C1'],"{25505, 25493, 27831}"
marts_E00786,mono,CC(C)=CCCC(C)=CCOP([O-])(=O)OP([O-])([O-])=O,CC(C)C12CCC(=C)C1C2,['CC(C)=CCCC(C)=CCOP([O-])(=O)OP([O-])([O-])=O'],['CC(C)C12CCC(=C)C1C2'],"{68637, 32548, 25509}"
marts_E00786,mono,CC(C)=CCCC(C)=CCOP([O-])(=O)OP([O-])([O-])=O,CC(C)C12CC=C(C)C1C2,['CC(C)=CCCC(C)=CCOP([O-])(=O)OP([O-])([O-])=O'],['CC(C)C12CC=C(C)C1C2'],{68645}
marts_E00786,mono,CC(C)=CCCC(C)=CCOP([O-])(=O)OP([O-])([O-])=O,CC1=CCC2CC1C2(C)C,['CC(C)=CCCC(C)=CCOP([O-])(=O)OP([O-])([O-])=O'],['CC1=CCC2CC1C2(C)C'],"{32576, 25489, 25663}"
marts_E00786,mono,CC(C)=CCCC(C)=CCOP([O-])(=O)OP([O-])([O-])=O,CC(C)=CCCC(=C)C=C,['CC(C)=CCCC(C)=CCOP([O-])(=O)OP([O-])([O-])=O'],['CC(C)=CCCC(=C)C=C'],{16966}
marts_E00787,mono,CC(C)=CCCC(C)=CCOP([O-])(=O)OP([O-])([O-])=O,CC1CC=C(CC=1)C(C)C,['CC(C)=CCCC(C)=CCOP([O-])(=O)OP([O-])([O-])=O'],['CC1CC=C(CC=1)C(C)C'],{32560}
marts_E00787,mono,CC(C)=CCCC(C)=CCOP([O-])(=O)OP([O-])([O-])=O,CC1CCC(=CC=1)C(C)C,['CC(C)=CCCC(C)=CCOP([O-])(=O)OP([O-])([O-])=O'],['CC1CCC(=CC=1)C(C)C'],{32564}
marts_E00787,mono,CC(C)=CCCC(C)=CCOP([O-])(=O)OP([O-])([O-])=O,CC(C)C12CC=C(C)C1C2,['CC(C)=CCCC(C)=CCOP([O-])(=O)OP([O-])([O-])=O'],['CC(C)C12CC=C(C)C1C2'],{68645}
marts_E00787,mono,CC(C)=CCCC(C)=CCOP([O-])(=O)OP([O-])([O-])=O,CC1=CCC2CC1C2(C)C,['CC(C)=CCCC(C)=CCOP([O-])(=O)OP([O-])([O-])=O'],['CC1=CCC2CC1C2(C)C'],"{32576, 25489, 25663}"
marts_E00787,mono,CC(C)=CCCC(C)=CCOP([O-])(=O)OP([O-])([O-])=O,CC(C)C12CCC(=C)C1C2,['CC(C)=CCCC(C)=CCOP([O-])(=O)OP([O-])([O-])=O'],['CC(C)C12CCC(=C)C1C2'],"{68637, 32548, 25509}"
marts_E00787,mono,CC(C)=CCCC(C)=CCOP([O-])(=O)OP([O-])([O-])=O,CC(C)=CCCC(=C)C=C,['CC(C)=CCCC(C)=CCOP([O-])(=O)OP([O-])([O-])=O'],['CC(C)=CCCC(=C)C=C'],{16966}
marts_E00787,mono,CC(C)=CCCC(C)=CCOP([O-])(=O)OP([O-])([O-])=O,CC(C)C1CCC(C)CC1,['CC(C)=CCCC(C)=CCOP([O-])(=O)OP([O-])([O-])=O'],['CC(C)C1CCC(C)CC1'],set()
marts_E00787,mono,CC(C)=CCCC(C)=CCOP([O-])(=O)OP([O-])([O-])=O,CC1CCC(CC=1)C(C)=C,['CC(C)=CCCC(C)=CCOP([O-])(=O)OP([O-])([O-])=O'],['CC1CCC(CC=1)C(C)=C'],"{68641, 10941, 12870}"
marts_E00788,sesq,CC(C)=CCCC(C)=CCCC(C)=CCOP([O-])(=O)OP([O-])([O-])=O,CC1CCC(C=CC(=C)CCC=1)C(C)C,['CC(C)=CCCC(C)=CCCC(C)=CCOP([O-])(=O)OP([O-])([O-])=O'],['CC1CCC(C=CC(=C)CCC=1)C(C)C'],"{12017, 30428, 68717}"
marts_E00788,sesq,CC(C)=CCCC(C)=CCCC(C)=CCOP([O-])(=O)OP([O-])([O-])=O,CC1CCC=C(C)CCC2C(C=1)C2(C)C,['CC(C)=CCCC(C)=CCCC(C)=CCOP([O-])(=O)OP([O-])([O-])=O'],['CC1CCC=C(C)CCC2C(C=1)C2(C)C'],{32000}
marts_E00788,mono,CC(C)=CCCC(C)=CCOP([O-])(=O)OP([O-])([O-])=O,CC(C)=CCCC(=C)C=C,['CC(C)=CCCC(C)=CCOP([O-])(=O)OP([O-])([O-])=O'],['CC(C)=CCCC(=C)C=C'],{16966}
marts_E00788,mono,CC(C)=CCCC(C)=CCOP([O-])(=O)OP([O-])([O-])=O,CC1CCC(CC=1)C(C)=C,['CC(C)=CCCC(C)=CCOP([O-])(=O)OP([O-])([O-])=O'],['CC1CCC(CC=1)C(C)=C'],"{68641, 10941, 12870}"
marts_E00788,mono,CC(C)=CCCC(C)=CCOP([O-])(=O)OP([O-])([O-])=O,CC(C)=C1CC=C(C)CC1,['CC(C)=CCCC(C)=CCOP([O-])(=O)OP([O-])([O-])=O'],['CC(C)=C1CC=C(C)CC1'],{25501}
marts_E00788,mono,CC(C)=CCCC(C)=CCOP([O-])(=O)OP([O-])([O-])=O,CC(C)=CCCC(C)=CCO,['CC(C)=CCCC(C)=CCOP([O-])(=O)OP([O-])([O-])=O'],['CC(C)=CCCC(C)=CCO'],"{32680, 65829}"
marts_E00789,sesq,CC(C)=CCCC(C)=CCCC(C)=CCOP([O-])(=O)OP([O-])([O-])=O,CC1CCC=C(C)CCC2C(C=1)C2(C)C,['CC(C)=CCCC(C)=CCCC(C)=CCOP([O-])(=O)OP([O-])([O-])=O'],['CC1CCC=C(C)CCC2C(C=1)C2(C)C'],{32000}
marts_E00789,sesq,CC(C)=CCCC(C)=CCCC(C)=CCOP([O-])(=O)OP([O-])([O-])=O,CC1CCC2C1C1C(CCC2=C)C1(C)C,['CC(C)=CCCC(C)=CCCC(C)=CCOP([O-])(=O)OP([O-])([O-])=O'],['CC1CCC2C1C1C(CCC2=C)C1(C)C'],{67401}
marts_E00789,sesq,CC(C)=CCCC(C)=CCCC(C)=CCOP([O-])(=O)OP([O-])([O-])=O,CC1CCC=C(C)CC=CC(C)(C)CC=1,['CC(C)=CCCC(C)=CCCC(C)=CCOP([O-])(=O)OP([O-])([O-])=O'],['CC1CCC=C(C)CC=CC(C)(C)CC=1'],"{31896, 68781}"
marts_E00789,sesq,CC(C)=CCCC(C)=CCCC(C)=CCOP([O-])(=O)OP([O-])([O-])=O,CC1CCC2C(CC2(C)C)C(=C)CCC=1,['CC(C)=CCCC(C)=CCCC(C)=CCOP([O-])(=O)OP([O-])([O-])=O'],['CC1CCC2C(CC2(C)C)C(=C)CCC=1'],"{31816, 34704, 28295}"
marts_E00789,mono,CC(C)=CCCC(C)=CCOP([O-])(=O)OP([O-])([O-])=O,CC(C)=C1CC=C(C)CC1,['CC(C)=CCCC(C)=CCOP([O-])(=O)OP([O-])([O-])=O'],['CC(C)=C1CC=C(C)CC1'],{25501}
marts_E00789,mono,CC(C)=CCCC(C)=CCOP([O-])(=O)OP([O-])([O-])=O,CC1CCC(CC=1)C(C)=C,['CC(C)=CCCC(C)=CCOP([O-])(=O)OP([O-])([O-])=O'],['CC1CCC(CC=1)C(C)=C'],"{68641, 10941, 12870}"
marts_E00789,mono,CC(C)=CCCC(C)=CCOP([O-])(=O)OP([O-])([O-])=O,CC(C)=CCCC(C)=CCO,['CC(C)=CCCC(C)=CCOP([O-])(=O)OP([O-])([O-])=O'],['CC(C)=CCCC(C)=CCO'],"{32680, 65829}"
marts_E00789,mono,CC(C)=CCCC(C)=CCOP([O-])(=O)OP([O-])([O-])=O,CC(C)=CCCC(=C)C=C,['CC(C)=CCCC(C)=CCOP([O-])(=O)OP([O-])([O-])=O'],['CC(C)=CCCC(=C)C=C'],{16966}
marts_E00789,mono,CC(C)=CCCC(C)=CCOP([O-])(=O)OP([O-])([O-])=O,CC(C)=CCC=C(C)C=C,['CC(C)=CCCC(C)=CCOP([O-])(=O)OP([O-])([O-])=O'],['CC(C)=CCC=C(C)C=C'],"{68825, 32692}"
marts_E00789,mono,CC(C)=CCCC(C)=CCOP([O-])(=O)OP([O-])([O-])=O,CC(C)=CCC=C(C)C=C,['CC(C)=CCCC(C)=CCOP([O-])(=O)OP([O-])([O-])=O'],['CC(C)=CCC=C(C)C=C'],"{68825, 32692}"
marts_E00789,mono,CC(C)=CCCC(C)=CCOP([O-])(=O)OP([O-])([O-])=O,CC1CC=C(CC=1)C(C)C,['CC(C)=CCCC(C)=CCOP([O-])(=O)OP([O-])([O-])=O'],['CC1CC=C(CC=1)C(C)C'],{32560}
marts_E00789,mono,CC(C)=CCCC(C)=CCOP([O-])(=O)OP([O-])([O-])=O,CC(C)=CCCC(C)(O)C=C,['CC(C)=CCCC(C)=CCOP([O-])(=O)OP([O-])([O-])=O'],['CC(C)=CCCC(C)(O)C=C'],"{15810, 68709, 24117}"
marts_E00789,mono,CC(C)=CCCC(C)=CCOP([O-])(=O)OP([O-])([O-])=O,CC1CCC(CC=1)C(C)(C)O,['CC(C)=CCCC(C)=CCOP([O-])(=O)OP([O-])([O-])=O'],['CC1CCC(CC=1)C(C)(C)O'],"{32552, 32556}"
marts_E00790,sesq,CC(C)=CCCC(C)=CCCC(C)=CCOP([O-])(=O)OP([O-])([O-])=O,CC1CCC2C(CC2(C)C)C(=C)CCC=1,['CC(C)=CCCC(C)=CCCC(C)=CCOP([O-])(=O)OP([O-])([O-])=O'],['CC1CCC2C(CC2(C)C)C(=C)CCC=1'],"{31816, 34704, 28295}"
marts_E00790,sesq,CC(C)=CCCC(C)=CCCC(C)=CCOP([O-])(=O)OP([O-])([O-])=O,CC1CCC=C(C)CC=CC(C)(C)CC=1,['CC(C)=CCCC(C)=CCCC(C)=CCOP([O-])(=O)OP([O-])([O-])=O'],['CC1CCC=C(C)CC=CC(C)(C)CC=1'],"{31896, 68781}"
marts_E00790,mono,CC(C)=CCCC(C)=CCOP([O-])(=O)OP([O-])([O-])=O,CC(C)=CCCC(=C)C=C,['CC(C)=CCCC(C)=CCOP([O-])(=O)OP([O-])([O-])=O'],['CC(C)=CCCC(=C)C=C'],{16966}
marts_E00790,mono,CC(C)=CCCC(C)=CCOP([O-])(=O)OP([O-])([O-])=O,CC1CCC(CC=1)C(C)=C,['CC(C)=CCCC(C)=CCOP([O-])(=O)OP([O-])([O-])=O'],['CC1CCC(CC=1)C(C)=C'],"{68641, 10941, 12870}"
marts_E00790,mono,CC(C)=CCCC(C)=CCOP([O-])(=O)OP([O-])([O-])=O,CC(C)=C1CC=C(C)CC1,['CC(C)=CCCC(C)=CCOP([O-])(=O)OP([O-])([O-])=O'],['CC(C)=C1CC=C(C)CC1'],{25501}
marts_E00790,mono,CC(C)=CCCC(C)=CCOP([O-])(=O)OP([O-])([O-])=O,CC(C)=CCCC(C)(O)C=C,['CC(C)=CCCC(C)=CCOP([O-])(=O)OP([O-])([O-])=O'],['CC(C)=CCCC(C)(O)C=C'],"{15810, 68709, 24117}"
marts_E00791,sesq,CC(C)=CCCC(C)=CCCC(C)=CCOP([O-])(=O)OP([O-])([O-])=O,CC1CCC2C(CC2(C)C)C(=C)CCC=1,['CC(C)=CCCC(C)=CCCC(C)=CCOP([O-])(=O)OP([O-])([O-])=O'],['CC1CCC2C(CC2(C)C)C(=C)CCC=1'],"{31816, 34704, 28295}"
marts_E00791,sesq,CC(C)=CCCC(C)=CCCC(C)=CCOP([O-])(=O)OP([O-])([O-])=O,CC1CCC=C(C)CC=CC(C)(C)CC=1,['CC(C)=CCCC(C)=CCCC(C)=CCOP([O-])(=O)OP([O-])([O-])=O'],['CC1CCC=C(C)CC=CC(C)(C)CC=1'],"{31896, 68781}"
marts_E00791,mono,CC(C)=CCCC(C)=CCOP([O-])(=O)OP([O-])([O-])=O,CC(C)=CCCC(=C)C=C,['CC(C)=CCCC(C)=CCOP([O-])(=O)OP([O-])([O-])=O'],['CC(C)=CCCC(=C)C=C'],{16966}
marts_E00791,mono,CC(C)=CCCC(C)=CCOP([O-])(=O)OP([O-])([O-])=O,CC1CCC(CC=1)C(C)=C,['CC(C)=CCCC(C)=CCOP([O-])(=O)OP([O-])([O-])=O'],['CC1CCC(CC=1)C(C)=C'],"{68641, 10941, 12870}"
marts_E00791,mono,CC(C)=CCCC(C)=CCOP([O-])(=O)OP([O-])([O-])=O,CC(C)=CCC=C(C)C=C,['CC(C)=CCCC(C)=CCOP([O-])(=O)OP([O-])([O-])=O'],['CC(C)=CCC=C(C)C=C'],"{68825, 32692}"
marts_E00791,mono,CC(C)=CCCC(C)=CCOP([O-])(=O)OP([O-])([O-])=O,CC(C)=C1CC=C(C)CC1,['CC(C)=CCCC(C)=CCOP([O-])(=O)OP([O-])([O-])=O'],['CC(C)=C1CC=C(C)CC1'],{25501}
marts_E00791,mono,CC(C)=CCCC(C)=CCOP([O-])(=O)OP([O-])([O-])=O,CC(C)=CCCC(C)(O)C=C,['CC(C)=CCCC(C)=CCOP([O-])(=O)OP([O-])([O-])=O'],['CC(C)=CCCC(C)(O)C=C'],"{15810, 68709, 24117}"
marts_E00792,mono,CC(C)=CCCC(C)=CCOP([O-])(=O)OP([O-])([O-])=O,CC(C)=CCC=C(C)C=C,['CC(C)=CCCC(C)=CCOP([O-])(=O)OP([O-])([O-])=O'],['CC(C)=CCC=C(C)C=C'],"{68825, 32692}"
marts_E00792,mono,CC(C)=CCCC(C)=CCOP([O-])(=O)OP([O-])([O-])=O,CC(C)=CCCC(=C)C=C,['CC(C)=CCCC(C)=CCOP([O-])(=O)OP([O-])([O-])=O'],['CC(C)=CCCC(=C)C=C'],{16966}
marts_E00792,mono,CC(C)=CCCC(C)=CCOP([O-])(=O)OP([O-])([O-])=O,CC1CCC(=CC=1)C(C)C,['CC(C)=CCCC(C)=CCOP([O-])(=O)OP([O-])([O-])=O'],['CC1CCC(=CC=1)C(C)C'],{32564}
marts_E00792,mono,CC(C)=CCCC(C)=CCOP([O-])(=O)OP([O-])([O-])=O,CC(C)C1CCC(=C)C=C1,['CC(C)=CCCC(C)=CCOP([O-])(=O)OP([O-])([O-])=O'],['CC(C)C1CCC(=C)C=C1'],"{25505, 25493, 27831}"
marts_E00792,mono,CC(C)=CCCC(C)=CCOP([O-])(=O)OP([O-])([O-])=O,CC(C)=CCC=C(C)C=C,['CC(C)=CCCC(C)=CCOP([O-])(=O)OP([O-])([O-])=O'],['CC(C)=CCC=C(C)C=C'],"{68825, 32692}"
marts_E00792,mono,CC(C)=CCCC(C)=CCOP([O-])(=O)OP([O-])([O-])=O,CC1CC=C(CC=1)C(C)C,['CC(C)=CCCC(C)=CCOP([O-])(=O)OP([O-])([O-])=O'],['CC1CC=C(CC=1)C(C)C'],{32560}
marts_E00793,di,CC(C)=CCCC(C)=CCCC(C)=CCCC(C)=CCOP([O-])(=O)OP([O-])([O-])=O,CC1CCC=C(C)CCC(CC=C(C)CCC=1)C(C)=C,['CC(C)=CCCC(C)=CCCC(C)=CCCC(C)=CCOP([O-])(=O)OP([O-])([O-])=O'],['CC1CCC=C(C)CCC(CC=C(C)CCC=1)C(C)=C'],{42997}
marts_E00793,sesq,CC(C)=CCCC(C)=CCCC(C)=CCOP([O-])(=O)OP([O-])([O-])=O,CC(C)=CCCC(C)=CCCC(C)=CCO,['CC(C)=CCCC(C)=CCCC(C)=CCOP([O-])(=O)OP([O-])([O-])=O'],['CC(C)=CCCC(C)=CCCC(C)=CCO'],{27527}
marts_E00794,sesq,CC(C)=CCCC(C)=CCCC(C)=CCOP([O-])(=O)OP([O-])([O-])=O,CC(C)C1CCC(C)C2CCC(=C)C=C21,['CC(C)=CCCC(C)=CCCC(C)=CCOP([O-])(=O)OP([O-])([O-])=O'],['CC(C)C1CCC(C)C2CCC(=C)C=C21'],{29492}
marts_E00795,sesq,CC(C)=CCCC(C)=CCCC(C)=CCOP([O-])(=O)OP([O-])([O-])=O,CC(C)C1CC=C(C)C2CCC(C)=CC21,['CC(C)=CCCC(C)=CCCC(C)=CCOP([O-])(=O)OP([O-])([O-])=O'],['CC(C)C1CC=C(C)C2CCC(C)=CC21'],"{33104, 53641, 69445}"
marts_E00796,sesq,CC(C)=CCCC(C)=CCCC(C)=CCOP([O-])(=O)OP([O-])([O-])=O,CC(C)(O)C1CC2C(C)=CCCC2(C)CC1,['CC(C)=CCCC(C)=CCCC(C)=CCOP([O-])(=O)OP([O-])([O-])=O'],['CC(C)(O)C1CC2C(C)=CCCC2(C)CC1'],"{30952, 54045}"
marts_E00796,sesq,CC(C)=CCCC(C)=CCCC(C)=CCOP([O-])(=O)OP([O-])([O-])=O,CC(C)(O)C1CC2=C(C)CCCC2(C)CC1,['CC(C)=CCCC(C)=CCCC(C)=CCOP([O-])(=O)OP([O-])([O-])=O'],['CC(C)(O)C1CC2=C(C)CCCC2(C)CC1'],"{80408, 30948}"
marts_E00796,sesq,CC(C)=CCCC(C)=CCCC(C)=CCOP([O-])(=O)OP([O-])([O-])=O,CC(C)(O)C1CC2(C)C(C)CCC=C2CC1,['CC(C)=CCCC(C)=CCCC(C)=CCOP([O-])(=O)OP([O-])([O-])=O'],['CC(C)(O)C1CC2(C)C(C)CCC=C2CC1'],{60425}
marts_E00796,sesq,CC(C)=CCCC(C)=CCCC(C)=CCOP([O-])(=O)OP([O-])([O-])=O,CC1CCC(CC=C(C)CCC=1)C(C)(C)O,['CC(C)=CCCC(C)=CCCC(C)=CCOP([O-])(=O)OP([O-])([O-])=O'],['CC1CCC(CC=C(C)CCC=1)C(C)(C)O'],"{54057, 54061}"
marts_E00796,sesq,CC(C)=CCCC(C)=CCCC(C)=CCOP([O-])(=O)OP([O-])([O-])=O,CC1=CCCC2(C)CCC(CC21)C(C)=C,['CC(C)=CCCC(C)=CCCC(C)=CCOP([O-])(=O)OP([O-])([O-])=O'],['CC1=CCCC2(C)CCC(CC21)C(C)=C'],"{30384, 31820, 47053}"
marts_E00796,sesq,CC(C)=CCCC(C)=CCCC(C)=CCOP([O-])(=O)OP([O-])([O-])=O,CC1CCC(CC=C(C)CCC=1)C(C)=C,['CC(C)=CCCC(C)=CCCC(C)=CCOP([O-])(=O)OP([O-])([O-])=O'],['CC1CCC(CC=C(C)CCC=1)C(C)=C'],"{68777, 25453, 12517}"
marts_E00796,sesq,CC(C)=CCCC(C)=CCCC(C)=CCOP([O-])(=O)OP([O-])([O-])=O,CC1=CCCC2(C)CCC(CC21)C(C)=C,['CC(C)=CCCC(C)=CCCC(C)=CCOP([O-])(=O)OP([O-])([O-])=O'],['CC1=CCCC2(C)CCC(CC21)C(C)=C'],"{30384, 31820, 47053}"
marts_E00796,sesq,CC(C)=CCCC(C)=CCCC(C)=CCOP([O-])(=O)OP([O-])([O-])=O,CC(C)=CCCC(C)=CCCC(=C)C=C,['CC(C)=CCCC(C)=CCCC(C)=CCOP([O-])(=O)OP([O-])([O-])=O'],['CC(C)=CCCC(C)=CCCC(=C)C=C'],"{68545, 27426, 68857, 68505, 68509}"
marts_E00796,sesq,CC(C)=CCCC(C)=CCCC(C)=CCOP([O-])(=O)OP([O-])([O-])=O,CC1CCC2C(CC2(C)C)C(=C)CCC=1,['CC(C)=CCCC(C)=CCCC(C)=CCOP([O-])(=O)OP([O-])([O-])=O'],['CC1CCC2C(CC2(C)C)C(=C)CCC=1'],"{31816, 34704, 28295}"
marts_E00797,di,CC(C)=CCCC(C)=CCCC(C)=CCCC(C)=CCOP([O-])(=O)OP([O-])([O-])=O,CC(C)C1CCC(C)=CCCC(C)=CCCC(C)(O)C=C1,['CC(C)=CCCC(C)=CCCC(C)=CCCC(C)=CCOP([O-])(=O)OP([O-])([O-])=O'],['CC(C)C1CCC(C)=CCCC(C)=CCCC(C)(O)C=C1'],set()
marts_E00797,di,CC(C)=CCCC(C)=CCCC(C)=CCCC(C)=CCOP([O-])(=O)OP([O-])([O-])=O,CC(C)C1CCC(C)=CCCC(C)=CCCC(C)(O)C=C1,['CC(C)=CCCC(C)=CCCC(C)=CCCC(C)=CCOP([O-])(=O)OP([O-])([O-])=O'],['CC(C)C1CCC(C)=CCCC(C)=CCCC(C)(O)C=C1'],set()
marts_E00798,di,CC(C)=CCCC(C)=CCCC(C)=CCCC(C)=CCOP([O-])(=O)OP([O-])([O-])=O,CC(C)C1CCC(C)=CCCC(C)=CCCC(C)(O)C=C1,['CC(C)=CCCC(C)=CCCC(C)=CCCC(C)=CCOP([O-])(=O)OP([O-])([O-])=O'],['CC(C)C1CCC(C)=CCCC(C)=CCCC(C)(O)C=C1'],set()
marts_E00798,di,CC(C)=CCCC(C)=CCCC(C)=CCCC(C)=CCOP([O-])(=O)OP([O-])([O-])=O,CC(C)C1CCC(C)=CCCC(C)=CCCC(C)(O)C=C1,['CC(C)=CCCC(C)=CCCC(C)=CCCC(C)=CCOP([O-])(=O)OP([O-])([O-])=O'],['CC(C)C1CCC(C)=CCCC(C)=CCCC(C)(O)C=C1'],set()
marts_E00799,di,CC(C)=CCCC(C)=CCCC(C)=CCCC(C)=CCOP([O-])(=O)OP([O-])([O-])=O,CC(C)C1CCC(C)=CCCC(C)=CCCC(C)(O)C=C1,['CC(C)=CCCC(C)=CCCC(C)=CCCC(C)=CCOP([O-])(=O)OP([O-])([O-])=O'],['CC(C)C1CCC(C)=CCCC(C)=CCCC(C)(O)C=C1'],set()
marts_E00799,di,CC(C)=CCCC(C)=CCCC(C)=CCCC(C)=CCOP([O-])(=O)OP([O-])([O-])=O,CC(C)C1CCC(C)=CCCC(C)=CCCC(C)(O)C=C1,['CC(C)=CCCC(C)=CCCC(C)=CCCC(C)=CCOP([O-])(=O)OP([O-])([O-])=O'],['CC(C)C1CCC(C)=CCCC(C)=CCCC(C)(O)C=C1'],set()
marts_E00800,sesq,CC(C)=CCCC(C)=CCCC(C)=CCOP([O-])(=O)OP([O-])([O-])=O,CC(C)=CCCC(C)=CCCC(C)(O)C=C,['CC(C)=CCCC(C)=CCCC(C)=CCOP([O-])(=O)OP([O-])([O-])=O'],['CC(C)=CCCC(C)=CCCC(C)(O)C=C'],"{68833, 27531, 27535, 68821, 56985}"
marts_E00800,mono,CC(C)=CCCC(C)=CCOP([O-])(=O)OP([O-])([O-])=O,CC1CCC(CC=1)C(C)=C,['CC(C)=CCCC(C)=CCOP([O-])(=O)OP([O-])([O-])=O'],['CC1CCC(CC=1)C(C)=C'],"{68641, 10941, 12870}"
marts_E00800,mono,CC(C)=CCCC(C)=CCOP([O-])(=O)OP([O-])([O-])=O,CC(C)=CCCC(C)(O)C=C,['CC(C)=CCCC(C)=CCOP([O-])(=O)OP([O-])([O-])=O'],['CC(C)=CCCC(C)(O)C=C'],"{15810, 68709, 24117}"
marts_E00801,sesq,CC(C)=CCCC(C)=CCCC(C)=CCOP([O-])(=O)OP([O-])([O-])=O,CC1CCC(C=CC(=C)CCC=1)C(C)C,['CC(C)=CCCC(C)=CCCC(C)=CCOP([O-])(=O)OP([O-])([O-])=O'],['CC1CCC(C=CC(=C)CCC=1)C(C)C'],"{12017, 30428, 68717}"
marts_E00801,sesq,CC(C)=CCCC(C)=CCCC(C)=CCOP([O-])(=O)OP([O-])([O-])=O,CC(C)C1CCC2(C)C3C1C2CC=C3C,['CC(C)=CCCC(C)=CCCC(C)=CCOP([O-])(=O)OP([O-])([O-])=O'],['CC(C)C1CCC2(C)C3C1C2CC=C3C'],{33992}
marts_E00801,sesq,CC(C)=CCCC(C)=CCCC(C)=CCOP([O-])(=O)OP([O-])([O-])=O,CC1CCC(CC=C(C)CCC=1)C(C)=C,['CC(C)=CCCC(C)=CCCC(C)=CCOP([O-])(=O)OP([O-])([O-])=O'],['CC1CCC(CC=C(C)CCC=1)C(C)=C'],"{68777, 25453, 12517}"
marts_E00801,sesq,CC(C)=CCCC(C)=CCCC(C)=CCOP([O-])(=O)OP([O-])([O-])=O,CC1CCC=C(C)CCC2C(C=1)C2(C)C,['CC(C)=CCCC(C)=CCCC(C)=CCOP([O-])(=O)OP([O-])([O-])=O'],['CC1CCC=C(C)CCC2C(C=1)C2(C)C'],{32000}
marts_E00801,sesq,CC(C)=CCCC(C)=CCCC(C)=CCOP([O-])(=O)OP([O-])([O-])=O,CC1CCC2C(C=1)C(CCC2=C)C(C)C,['CC(C)=CCCC(C)=CCCC(C)=CCOP([O-])(=O)OP([O-])([O-])=O'],['CC1CCC2C(C=1)C(CCC2=C)C(C)C'],"{28640, 68849, 31828, 33108}"
marts_E00801,sesq,CC(C)=CCCC(C)=CCCC(C)=CCOP([O-])(=O)OP([O-])([O-])=O,CC(C)C1CCC(C)=C2CCC(C)=CC21,['CC(C)=CCCC(C)=CCCC(C)=CCOP([O-])(=O)OP([O-])([O-])=O'],['CC(C)C1CCC(C)=C2CCC(C)=CC21'],"{32016, 56557, 19526}"
marts_E00801,sesq,CC(C)=CCCC(C)=CCCC(C)=CCOP([O-])(=O)OP([O-])([O-])=O,CC(C)C1CC=C(C)C2CCC(C)=CC21,['CC(C)=CCCC(C)=CCCC(C)=CCOP([O-])(=O)OP([O-])([O-])=O'],['CC(C)C1CC=C(C)C2CCC(C)=CC21'],"{33104, 53641, 69445}"
marts_E00803,pt,CC(C)=CCCC(C)=CCOP([O-])(=O)OP([O-])([O-])=O.CC(=C)CCOP([O-])(=O)OP([O-])([O-])=O,CC(C)=CCCC(C)=CCCC(C)=CCOP([O-])(=O)OP([O-])([O-])=O,"['CC(C)=CCCC(C)=CCOP([O-])(=O)OP([O-])([O-])=O', 'CC(=C)CCOP([O-])(=O)OP([O-])([O-])=O']",['CC(C)=CCCC(C)=CCCC(C)=CCOP([O-])(=O)OP([O-])([O-])=O'],"{19362, 64573, 23301}"
marts_E00803,pt,CC(C)=CCOP([O-])(=O)OP([O-])([O-])=O.CC(=C)CCOP([O-])(=O)OP([O-])([O-])=O,CC(C)=CCCC(C)=CCOP([O-])(=O)OP([O-])([O-])=O,"['CC(C)=CCOP([O-])(=O)OP([O-])([O-])=O', 'CC(=C)CCOP([O-])(=O)OP([O-])([O-])=O']",['CC(C)=CCCC(C)=CCOP([O-])(=O)OP([O-])([O-])=O'],"{11329, 22409}"
marts_E00805,mono,CC(C)=CCCC(C)=CCOP([O-])(=O)OP([O-])([O-])=O,CC(C)=CCCC(C)(O)C=C,['CC(C)=CCCC(C)=CCOP([O-])(=O)OP([O-])([O-])=O'],['CC(C)=CCCC(C)(O)C=C'],"{15810, 68709, 24117}"
marts_E00805,sesq,CC(C)=CCCC(C)=CCCC(C)=CCOP([O-])(=O)OP([O-])([O-])=O,CC(C)=CCCC(C)=CCCC(C)(O)C=C,['CC(C)=CCCC(C)=CCCC(C)=CCOP([O-])(=O)OP([O-])([O-])=O'],['CC(C)=CCCC(C)=CCCC(C)(O)C=C'],"{68833, 27531, 27535, 68821, 56985}"
marts_E00806,di,CC(C)=CCCC(C)=CCCC(C)=CCCC(C)=CCOP([O-])(=O)OP([O-])([O-])=O,CC1(C)CCCC2(C)C1CC=C(C)C2CCC(C)=CCOP([O-])(=O)OP([O-])([O-])=O,['CC(C)=CCCC(C)=CCCC(C)=CCCC(C)=CCOP([O-])(=O)OP([O-])([O-])=O'],['CC1(C)CCCC2(C)C1CC=C(C)C2CCC(C)=CCOP([O-])(=O)OP([O-])([O-])=O'],"{32072, 54693}"
marts_E00807,tetra,CC(C)=CCCC(C)=CCCC(C)=CCCC(C)=CCOP([O-])(=O)OP([O-])([O-])=O.CC(C)=CCCC(C)=CCCC(C)=CCCC(C)=CCOP([O-])(=O)OP([O-])([O-])=O,CC(CCC=C(C)CCC=C(C)CCC=C(C)C)=CC1C(COP(O)(=O)OP(O)(O)=O)C1(C)CCC=C(C)CCC=C(C)CCC=C(C)C,"['CC(C)=CCCC(C)=CCCC(C)=CCCC(C)=CCOP([O-])(=O)OP([O-])([O-])=O', 'CC(C)=CCCC(C)=CCCC(C)=CCCC(C)=CCOP([O-])(=O)OP([O-])([O-])=O']",['CC(CCC=C(C)CCC=C(C)CCC=C(C)C)=CC1C(COP(O)(=O)OP(O)(O)=O)C1(C)CCC=C(C)CCC=C(C)CCC=C(C)C'],set()
marts_E00807,psy,CC(CCC=C(C)CCC=C(C)CCC=C(C)C)=CC1C(COP(O)(=O)OP(O)(O)=O)C1(C)CCC=C(C)CCC=C(C)CCC=C(C)C,CC(C)=CCCC(C)=CCCC(C)=CCCC(C)=CC=CC=C(C)CCC=C(C)CCC=C(C)CCC=C(C)C,['CC(CCC=C(C)CCC=C(C)CCC=C(C)C)=CC1C(COP(O)(=O)OP(O)(O)=O)C1(C)CCC=C(C)CCC=C(C)CCC=C(C)C'],['CC(C)=CCCC(C)=CCCC(C)=CCCC(C)=CC=CC=C(C)CCC=C(C)CCC=C(C)CCC=C(C)C'],set()
marts_E00808,sesq,CC(C)=CCCC(C)=CCCC(C)=CCOP([O-])(=O)OP([O-])([O-])=O,CC(C)=CCCC(=C)C1CC=C(C)CC1,['CC(C)=CCCC(C)=CCCC(C)=CCOP([O-])(=O)OP([O-])([O-])=O'],['CC(C)=CCCC(=C)C1CC=C(C)CC1'],"{68813, 68529, 28267, 68525}"
marts_E00808,sesq,CC(C)=CCCC(C)=CCCC(C)=CCOP([O-])(=O)OP([O-])([O-])=O,CC(C)=CCCC(C)=C1CC=C(C)CC1,['CC(C)=CCCC(C)=CCCC(C)=CCOP([O-])(=O)OP([O-])([O-])=O'],['CC(C)=CCCC(C)=C1CC=C(C)CC1'],"{26082, 79464, 28299, 68469, 68789}"
marts_E00808,sesq,CC(C)=CCCC(C)=CCCC(C)=CCOP([O-])(=O)OP([O-])([O-])=O,CC(C)=CCCC(C)C1CCC(C)=CC=1,['CC(C)=CCCC(C)=CCCC(C)=CCOP([O-])(=O)OP([O-])([O-])=O'],['CC(C)=CCCC(C)C1CCC(C)=CC=1'],"{32032, 68785}"
marts_E00808,sesq,CC(C)=CCCC(C)=CCCC(C)=CCOP([O-])(=O)OP([O-])([O-])=O,CC1CCC2C(CC2(C)C)C(=C)CCC=1,['CC(C)=CCCC(C)=CCCC(C)=CCOP([O-])(=O)OP([O-])([O-])=O'],['CC1CCC2C(CC2(C)C)C(=C)CCC=1'],"{31816, 34704, 28295}"
marts_E00808,sesq,CC(C)=CCCC(C)=CCCC(C)=CCOP([O-])(=O)OP([O-])([O-])=O,CC1CCC=C(C)CC=CC(C)(C)CC=1,['CC(C)=CCCC(C)=CCCC(C)=CCOP([O-])(=O)OP([O-])([O-])=O'],['CC1CCC=C(C)CC=CC(C)(C)CC=1'],"{31896, 68781}"
marts_E00808,mono,CC(C)=CCCC(C)=CCOP([O-])(=O)OP([O-])([O-])=O,CC(C)=C1CC=C(C)CC1,['CC(C)=CCCC(C)=CCOP([O-])(=O)OP([O-])([O-])=O'],['CC(C)=C1CC=C(C)CC1'],{25501}
marts_E00808,mono,CC(C)=CCCC(C)=CCOP([O-])(=O)OP([O-])([O-])=O,CC1CCC(CC=1)C(C)=C,['CC(C)=CCCC(C)=CCOP([O-])(=O)OP([O-])([O-])=O'],['CC1CCC(CC=1)C(C)=C'],"{68641, 10941, 12870}"
marts_E00808,mono,CC(C)=CCCC(C)=CCOP([O-])(=O)OP([O-])([O-])=O,CC(C)=CCCC(=C)C=C,['CC(C)=CCCC(C)=CCOP([O-])(=O)OP([O-])([O-])=O'],['CC(C)=CCCC(=C)C=C'],{16966}
marts_E00808,mono,CC(C)=CCCC(C)=CCOP([O-])(=O)OP([O-])([O-])=O,CC(C)=CCC=C(C)C=C,['CC(C)=CCCC(C)=CCOP([O-])(=O)OP([O-])([O-])=O'],['CC(C)=CCC=C(C)C=C'],"{68825, 32692}"
marts_E00811,mono,CC(C)=CCCC(C)=C(C)COP([O-])(=O)OP([O-])([O-])=O,CC1(C)C2CC(C)(O)C1(C)CC2,['CC(C)=CCCC(C)=C(C)COP([O-])(=O)OP([O-])([O-])=O'],['CC1(C)C2CC(C)(O)C1(C)CC2'],{32572}
marts_E00812,sesq,CC(C)=CCCC(C)=CCCC(C)=CCOP([O-])(=O)OP([O-])([O-])=O,CC(C)=CCCC(=C)C1CC=C(C)CC1,['CC(C)=CCCC(C)=CCCC(C)=CCOP([O-])(=O)OP([O-])([O-])=O'],['CC(C)=CCCC(=C)C1CC=C(C)CC1'],"{68813, 68529, 28267, 68525}"
marts_E00813,di,CC1(C)CCCC2(C)C1CCC(=C)C2CCC(C)=CCOP([O-])(=O)OP([O-])([O-])=O,CC1(C)CCCC2(C)C1CCC13CC(CCC21)C(=C)C3,['CC1(C)CCCC2(C)C1CCC(=C)C2CCC(C)=CCOP([O-])(=O)OP([O-])([O-])=O'],['CC1(C)CCCC2(C)C1CCC13CC(CCC21)C(=C)C3'],{22221}
marts_E00814,di,CC1(C)CCCC2(C)C1CCC(=C)C2CCC(C)=CCOP([O-])(=O)OP([O-])([O-])=O,CC1(C)CCCC2(C)C1CCC13CC(CCC21)C(=C)C3,['CC1(C)CCCC2(C)C1CCC(=C)C2CCC(C)=CCOP([O-])(=O)OP([O-])([O-])=O'],['CC1(C)CCCC2(C)C1CCC13CC(CCC21)C(=C)C3'],{22221}
marts_E00815,di,CC(C)=CCCC(C)=CCCC(C)=CCCC(C)=CCOP([O-])(=O)OP([O-])([O-])=O,CC1(C)CCCC2(C)C1CCC(=C)C2CCC(C)=CCOP([O-])(=O)OP([O-])([O-])=O,['CC(C)=CCCC(C)=CCCC(C)=CCCC(C)=CCOP([O-])(=O)OP([O-])([O-])=O'],['CC1(C)CCCC2(C)C1CCC(=C)C2CCC(C)=CCOP([O-])(=O)OP([O-])([O-])=O'],"{14842, 24317, 25525}"
marts_E00816,di,CC1(C)CCCC2(C)C1CCC(=C)C2CCC(C)=CCOP([O-])(=O)OP([O-])([O-])=O,CC1(C)CCCC2(C)C1CCC13CC(CCC21)C(=C)C3,['CC1(C)CCCC2(C)C1CCC(=C)C2CCC(C)=CCOP([O-])(=O)OP([O-])([O-])=O'],['CC1(C)CCCC2(C)C1CCC13CC(CCC21)C(=C)C3'],{22221}
marts_E00817,di,CC(C)=CCCC(C)=CCCC(C)=CCCC(C)=CCOP([O-])(=O)OP([O-])([O-])=O,CC1(C)CCCC2(C)C1CCC(=C)C2CCC(C)=CCOP([O-])(=O)OP([O-])([O-])=O,['CC(C)=CCCC(C)=CCCC(C)=CCCC(C)=CCOP([O-])(=O)OP([O-])([O-])=O'],['CC1(C)CCCC2(C)C1CCC(=C)C2CCC(C)=CCOP([O-])(=O)OP([O-])([O-])=O'],"{14842, 24317, 25525}"
marts_E00819,sesq,CC(C)=CCCC(C)=CCCC(C)=CCOP([O-])(=O)OP([O-])([O-])=O,CC1(O)CCC23C1C2C(CCC3C)C(C)C,['CC(C)=CCCC(C)=CCCC(C)=CCOP([O-])(=O)OP([O-])([O-])=O'],['CC1(O)CCC23C1C2C(CCC3C)C(C)C'],"{31824, 54049, 54065}"
marts_E00819,sesq,CC(C)=CCCC(C)=CCCC(C)=CCOP([O-])(=O)OP([O-])([O-])=O,CC1(O)CCC23C1C2C(CCC3C)C(C)C,['CC(C)=CCCC(C)=CCCC(C)=CCOP([O-])(=O)OP([O-])([O-])=O'],['CC1(O)CCC23C1C2C(CCC3C)C(C)C'],"{31824, 54049, 54065}"
marts_E00819,sesq,CC(C)=CCCC(C)=CCCC(C)=CCOP([O-])(=O)OP([O-])([O-])=O,CC(C)C1CCC(C)=CCCC(C)(O)C=C1,['CC(C)=CCCC(C)=CCCC(C)=CCOP([O-])(=O)OP([O-])([O-])=O'],['CC(C)C1CCC(C)=CCCC(C)(O)C=C1'],set()
marts_E00819,sesq,CC(C)=CCCC(C)=CCCC(C)=CCOP([O-])(=O)OP([O-])([O-])=O,CC(C)C1CCC(C)=C2CCC(C)=CC21,['CC(C)=CCCC(C)=CCCC(C)=CCOP([O-])(=O)OP([O-])([O-])=O'],['CC(C)C1CCC(C)=C2CCC(C)=CC21'],"{32016, 56557, 19526}"
marts_E00820,sesq,CC(C)=CCCC(C)=CCCC(C)=CCOP([O-])(=O)OP([O-])([O-])=O,CC1CCC(CC=C(C)CCC=1)C(C)=C,['CC(C)=CCCC(C)=CCCC(C)=CCOP([O-])(=O)OP([O-])([O-])=O'],['CC1CCC(CC=C(C)CCC=1)C(C)=C'],"{68777, 25453, 12517}"
marts_E00821,sesq,CC(C)=CCCC(C)=CCCC(C)=CCOP([O-])(=O)OP([O-])([O-])=O,CC1CCC2C1CC(CCC=2C)C(C)=C,['CC(C)=CCCC(C)=CCCC(C)=CCOP([O-])(=O)OP([O-])([O-])=O'],['CC1CCC2C1CC(CCC=2C)C(C)=C'],{31832}
marts_E00821,sesq,CC(C)=CCCC(C)=CCCC(C)=CCOP([O-])(=O)OP([O-])([O-])=O,CC(=C)C1CC2C(C)CCC=2C(C)CC1,['CC(C)=CCCC(C)=CCCC(C)=CCOP([O-])(=O)OP([O-])([O-])=O'],['CC(=C)C1CC2C(C)CCC=2C(C)CC1'],{31808}
marts_E00821,sesq,CC(C)=CCCC(C)=CCCC(C)=CCOP([O-])(=O)OP([O-])([O-])=O,CC1CCC=C(C)CC=CC(C)(C)CC=1,['CC(C)=CCCC(C)=CCCC(C)=CCOP([O-])(=O)OP([O-])([O-])=O'],['CC1CCC=C(C)CC=CC(C)(C)CC=1'],"{31896, 68781}"
marts_E00822,sesq,CC(C)=CCCC(C)=CCCC(C)=CCOP([O-])(=O)OP([O-])([O-])=O,CC1CCC2C1CC(CCC=2C)C(C)=C,['CC(C)=CCCC(C)=CCCC(C)=CCOP([O-])(=O)OP([O-])([O-])=O'],['CC1CCC2C1CC(CCC=2C)C(C)=C'],{31832}
marts_E00822,sesq,CC(C)=CCCC(C)=CCCC(C)=CCOP([O-])(=O)OP([O-])([O-])=O,CC(=C)C1CC2C(C)CCC=2C(C)CC1,['CC(C)=CCCC(C)=CCCC(C)=CCOP([O-])(=O)OP([O-])([O-])=O'],['CC(=C)C1CC2C(C)CCC=2C(C)CC1'],{31808}
marts_E00822,sesq,CC(C)=CCCC(C)=CCCC(C)=CCOP([O-])(=O)OP([O-])([O-])=O,CC1CCC=C(C)CC=CC(C)(C)CC=1,['CC(C)=CCCC(C)=CCCC(C)=CCOP([O-])(=O)OP([O-])([O-])=O'],['CC1CCC=C(C)CC=CC(C)(C)CC=1'],"{31896, 68781}"
marts_E00823,sesq,CC(C)=CCCC(C)=CCCC(C)=CCOP([O-])(=O)OP([O-])([O-])=O,CC1CCC2C1CC(CCC=2C)C(C)=C,['CC(C)=CCCC(C)=CCCC(C)=CCOP([O-])(=O)OP([O-])([O-])=O'],['CC1CCC2C1CC(CCC=2C)C(C)=C'],{31832}
marts_E00823,sesq,CC(C)=CCCC(C)=CCCC(C)=CCOP([O-])(=O)OP([O-])([O-])=O,CC(=C)C1CC2C(C)CCC=2C(C)CC1,['CC(C)=CCCC(C)=CCCC(C)=CCOP([O-])(=O)OP([O-])([O-])=O'],['CC(=C)C1CC2C(C)CCC=2C(C)CC1'],{31808}
marts_E00823,sesq,CC(C)=CCCC(C)=CCCC(C)=CCOP([O-])(=O)OP([O-])([O-])=O,CC1CCC=C(C)CC=CC(C)(C)CC=1,['CC(C)=CCCC(C)=CCCC(C)=CCOP([O-])(=O)OP([O-])([O-])=O'],['CC1CCC=C(C)CC=CC(C)(C)CC=1'],"{31896, 68781}"
marts_E00824,sqs,CC(C)=CCCC(C)=CCCC(C)=CCOP([O-])(=O)OP([O-])([O-])=O.CC(C)=CCCC(C)=CCCC(C)=CCOP([O-])(=O)OP([O-])([O-])=O,CC(C)=CCCC(C)=CCCC(C)=CCCC=C(C)CCC=C(C)CCC=C(C)C,"['CC(C)=CCCC(C)=CCCC(C)=CCOP([O-])(=O)OP([O-])([O-])=O', 'CC(C)=CCCC(C)=CCCC(C)=CCOP([O-])(=O)OP([O-])([O-])=O']",['CC(C)=CCCC(C)=CCCC(C)=CCCC=C(C)CCC=C(C)CCC=C(C)C'],"{32296, 32300}"
marts_E00825,sesq,CC(C)=CCCC(C)=CCCC(C)=CCOP([O-])(=O)OP([O-])([O-])=O,CC(=C)C1CC2(C)C(C)CCC=C2CC1,['CC(C)=CCCC(C)=CCCC(C)=CCOP([O-])(=O)OP([O-])([O-])=O'],['CC(=C)C1CC2(C)C(C)CCC=C2CC1'],"{29512, 58169, 52805}"
marts_E00826,sesq,CC(C)=CCCC(C)=CCCC(C)=CCOP([O-])(=O)OP([O-])([O-])=O,CC1(C)CCC2(C)CC3CCC(=C)C3C12,['CC(C)=CCCC(C)=CCCC(C)=CCOP([O-])(=O)OP([O-])([O-])=O'],['CC1(C)CCC2(C)CC3CCC(=C)C3C12'],set()
marts_E00827,tri,CC(C)=CCCC(C)=CCCC(C)=CCCC(C)=CCCC(C)=CCCC(C)=CCOP([O-])(=O)OP([O-])([O-])=O,CC(C)=CCCC(C)=CCCC(C)(O)C1CC=C(C)CCC=C(C)CCC=C(C)CC1,['CC(C)=CCCC(C)=CCCC(C)=CCCC(C)=CCCC(C)=CCCC(C)=CCOP([O-])(=O)OP([O-])([O-])=O'],['CC(C)=CCCC(C)=CCCC(C)(O)C1CC=C(C)CCC=C(C)CCC=C(C)CC1'],{77980}
marts_E00827,pt,CC(C)=CCOP([O-])(=O)OP([O-])([O-])=O.CC(=C)CCOP([O-])(=O)OP([O-])([O-])=O,CC(C)=CCCC(C)=CCCC(C)=CCCC(C)=CCCC(C)=CCCC(C)=CCOP([O-])(=O)OP([O-])([O-])=O,"['CC(C)=CCOP([O-])(=O)OP([O-])([O-])=O', 'CC(=C)CCOP([O-])(=O)OP([O-])([O-])=O']",['CC(C)=CCCC(C)=CCCC(C)=CCCC(C)=CCCC(C)=CCCC(C)=CCOP([O-])(=O)OP([O-])([O-])=O'],{77976}
marts_E00828,di,CC(C)=CCCC(C)=CCCC(C)=CCCC(C)=CCOP([O-])(=O)OP([O-])([O-])=O,CC1CCC2C(C)CCC3=C(CCC3(C)CC=12)C(C)C,['CC(C)=CCCC(C)=CCCC(C)=CCCC(C)=CCOP([O-])(=O)OP([O-])([O-])=O'],['CC1CCC2C(C)CCC3=C(CCC3(C)CC=12)C(C)C'],{26246}
marts_E00828,pt,CC(C)=CCOP([O-])(=O)OP([O-])([O-])=O.CC(=C)CCOP([O-])(=O)OP([O-])([O-])=O,CC(C)=CCCC(C)=CCCC(C)=CCCC(C)=CCOP([O-])(=O)OP([O-])([O-])=O,"['CC(C)=CCOP([O-])(=O)OP([O-])([O-])=O', 'CC(=C)CCOP([O-])(=O)OP([O-])([O-])=O']",['CC(C)=CCCC(C)=CCCC(C)=CCCC(C)=CCOP([O-])(=O)OP([O-])([O-])=O'],{55521}
marts_E00829,di,CC(C)=CCCC(C)=CCCC(C)=CCCC(C)=CCOP([O-])(=O)OP([O-])([O-])=O,CC(C)C1CCC2(C)CC3C(CCC3C)C(C)(O)CC=C21,['CC(C)=CCCC(C)=CCCC(C)=CCCC(C)=CCOP([O-])(=O)OP([O-])([O-])=O'],['CC(C)C1CCC2(C)CC3C(CCC3C)C(C)(O)CC=C21'],{41629}
marts_E00831,di,CC1(C)CCCC2(C)C1CCC(=C)C2CCC(C)=CCOP([O-])(=O)OP([O-])([O-])=O,CC1(C)CCCC2(C)C1CCC1CC(=CCC2=1)C(C)C,['CC1(C)CCCC2(C)C1CCC(=C)C2CCC(C)=CCOP([O-])(=O)OP([O-])([O-])=O'],['CC1(C)CCCC2(C)C1CCC1CC(=CCC2=1)C(C)C'],{33984}
marts_E00832,tri,CC(C)=CCCC(C)=CCCC(C)=CCCC=C(C)CCC=C(C)CCC1OC1(C)C,CC1(C)CC2C3=CCC4C5(C)CCC(O)C(C)(C)C5CCC4(C)C3(C)CCC2(C)CC1,['CC(C)=CCCC(C)=CCCC(C)=CCCC=C(C)CCC=C(C)CCC1OC1(C)C'],['CC1(C)CC2C3=CCC4C5(C)CCC(O)C(C)(C)C5CCC4(C)C3(C)CCC2(C)CC1'],{31008}
marts_E00832,tri,CC(C)=CCCC(C)=CCCC(C)=CCCC=C(C)CCC=C(C)CCC1OC1(C)C,CC1(C)C(O)CCC2(C)C1CCC1(C)C2CC=C2C3C(C)C(C)CCC3(C)CCC12C,['CC(C)=CCCC(C)=CCCC(C)=CCCC=C(C)CCC=C(C)CCC1OC1(C)C'],['CC1(C)C(O)CCC2(C)C1CCC1(C)C2CC=C2C3C(C)C(C)CCC3(C)CCC12C'],{31388}
marts_E00833,sesq,CC(C)=CCCC(C)=CCCC(C)=CCOP([O-])(=O)OP([O-])([O-])=O,CC1CCC2C(C=1)C(CCC2=C)C(C)C,['CC(C)=CCCC(C)=CCCC(C)=CCOP([O-])(=O)OP([O-])([O-])=O'],['CC1CCC2C(C=1)C(CCC2=C)C(C)C'],"{28640, 68849, 31828, 33108}"
marts_E00833,sesq,CC(C)=CCCC(C)=CCCC(C)=CCOP([O-])(=O)OP([O-])([O-])=O,CC(C)C1CCC(C)=C2CCC(C)=CC21,['CC(C)=CCCC(C)=CCCC(C)=CCOP([O-])(=O)OP([O-])([O-])=O'],['CC(C)C1CCC(C)=C2CCC(C)=CC21'],"{32016, 56557, 19526}"
marts_E00833,sesq,CC(C)=CCCC(C)=CCCC(C)=CCOP([O-])(=O)OP([O-])([O-])=O,CC(C)C1CC=C(C)C2CCC(C)=CC21,['CC(C)=CCCC(C)=CCCC(C)=CCOP([O-])(=O)OP([O-])([O-])=O'],['CC(C)C1CC=C(C)C2CCC(C)=CC21'],"{33104, 53641, 69445}"
marts_E00834,sesq,CC(C)=CCCC(C)=CCCC(C)=CCOP([O-])(=O)OP([O-])([O-])=O,CC(C)=CCCC(C)=CCCC(=C)C=C,['CC(C)=CCCC(C)=CCCC(C)=CCOP([O-])(=O)OP([O-])([O-])=O'],['CC(C)=CCCC(C)=CCCC(=C)C=C'],"{68545, 27426, 68857, 68505, 68509}"
marts_E00834,sesq,CC(C)=CCCC(C)=CCCC(C)=CCOP([O-])(=O)OP([O-])([O-])=O,CC(C)=CCCC1(C)C2CC1CC=C2C,['CC(C)=CCCC(C)=CCCC(C)=CCOP([O-])(=O)OP([O-])([O-])=O'],['CC(C)=CCCC1(C)C2CC1CC=C2C'],"{30472, 31428}"
marts_E00834,sesq,CC(C)=CCCC(C)=CCCC(C)=CCOP([O-])(=O)OP([O-])([O-])=O,CC(C)=CCCC(C)C12CC1C(=C)CC2,['CC(C)=CCCC(C)=CCCC(C)=CCOP([O-])(=O)OP([O-])([O-])=O'],['CC(C)=CCCC(C)C12CC1C(=C)CC2'],"{60017, 60021}"
marts_E00834,sesq,CC(C)=CCCC(C)=CCCC(C)=CCOP([O-])(=O)OP([O-])([O-])=O,CC(C)=CCCC(=C)C1CC=C(C)CC1,['CC(C)=CCCC(C)=CCCC(C)=CCOP([O-])(=O)OP([O-])([O-])=O'],['CC(C)=CCCC(=C)C1CC=C(C)CC1'],"{68813, 68529, 28267, 68525}"
marts_E00834,sesq,CC(C)=CCCC(C)=CCCC(C)=CCOP([O-])(=O)OP([O-])([O-])=O,CC(C)=CCCC(C)C1CCC(=C)C=C1,['CC(C)=CCCC(C)=CCCC(C)=CCOP([O-])(=O)OP([O-])([O-])=O'],['CC(C)=CCCC(C)C1CCC(=C)C=C1'],{32700}
marts_E00835,sesq,CC(C)=CCCC(C)=CCCC(C)=CCOP([O-])(=O)OP([O-])([O-])=O,CC(C)=CCCC(C)=CCCC(=C)C=C,['CC(C)=CCCC(C)=CCCC(C)=CCOP([O-])(=O)OP([O-])([O-])=O'],['CC(C)=CCCC(C)=CCCC(=C)C=C'],"{68545, 27426, 68857, 68505, 68509}"
marts_E00835,sesq,CC(C)=CCCC(C)=CCCC(C)=CCOP([O-])(=O)OP([O-])([O-])=O,CC(C)=CCCC1(C)C2CC1CC=C2C,['CC(C)=CCCC(C)=CCCC(C)=CCOP([O-])(=O)OP([O-])([O-])=O'],['CC(C)=CCCC1(C)C2CC1CC=C2C'],"{30472, 31428}"
marts_E00835,sesq,CC(C)=CCCC(C)=CCCC(C)=CCOP([O-])(=O)OP([O-])([O-])=O,CC(C)=CCCC(C)C12CC1C(=C)CC2,['CC(C)=CCCC(C)=CCCC(C)=CCOP([O-])(=O)OP([O-])([O-])=O'],['CC(C)=CCCC(C)C12CC1C(=C)CC2'],"{60017, 60021}"
marts_E00835,sesq,CC(C)=CCCC(C)=CCCC(C)=CCOP([O-])(=O)OP([O-])([O-])=O,CC(C)=CCCC(=C)C1CC=C(C)CC1,['CC(C)=CCCC(C)=CCCC(C)=CCOP([O-])(=O)OP([O-])([O-])=O'],['CC(C)=CCCC(=C)C1CC=C(C)CC1'],"{68813, 68529, 28267, 68525}"
marts_E00835,sesq,CC(C)=CCCC(C)=CCCC(C)=CCOP([O-])(=O)OP([O-])([O-])=O,CC(C)=CCCC(C)C1CCC(=C)C=C1,['CC(C)=CCCC(C)=CCCC(C)=CCOP([O-])(=O)OP([O-])([O-])=O'],['CC(C)=CCCC(C)C1CCC(=C)C=C1'],{32700}
marts_E00836,sesq,CC(C)=CCCC(C)=CCCC(C)=CCOP([O-])(=O)OP([O-])([O-])=O,CC(C)=CCCC(C)=CCCC(=C)C=C,['CC(C)=CCCC(C)=CCCC(C)=CCOP([O-])(=O)OP([O-])([O-])=O'],['CC(C)=CCCC(C)=CCCC(=C)C=C'],"{68545, 27426, 68857, 68505, 68509}"
marts_E00836,sesq,CC(C)=CCCC(C)=CCCC(C)=CCOP([O-])(=O)OP([O-])([O-])=O,CC(C)=CCCC1(C)C2CC1CC=C2C,['CC(C)=CCCC(C)=CCCC(C)=CCOP([O-])(=O)OP([O-])([O-])=O'],['CC(C)=CCCC1(C)C2CC1CC=C2C'],"{30472, 31428}"
marts_E00836,sesq,CC(C)=CCCC(C)=CCCC(C)=CCOP([O-])(=O)OP([O-])([O-])=O,CC(C)=CCCC(C)C12CC1C(=C)CC2,['CC(C)=CCCC(C)=CCCC(C)=CCOP([O-])(=O)OP([O-])([O-])=O'],['CC(C)=CCCC(C)C12CC1C(=C)CC2'],"{60017, 60021}"
marts_E00836,sesq,CC(C)=CCCC(C)=CCCC(C)=CCOP([O-])(=O)OP([O-])([O-])=O,CC(C)=CCCC(=C)C1CC=C(C)CC1,['CC(C)=CCCC(C)=CCCC(C)=CCOP([O-])(=O)OP([O-])([O-])=O'],['CC(C)=CCCC(=C)C1CC=C(C)CC1'],"{68813, 68529, 28267, 68525}"
marts_E00836,sesq,CC(C)=CCCC(C)=CCCC(C)=CCOP([O-])(=O)OP([O-])([O-])=O,CC(C)=CCCC(C)C1CCC(=C)C=C1,['CC(C)=CCCC(C)=CCCC(C)=CCOP([O-])(=O)OP([O-])([O-])=O'],['CC(C)=CCCC(C)C1CCC(=C)C=C1'],{32700}
marts_E00837,sesq,CC(C)=CCCC(C)=CCCC(C)=CCOP([O-])(=O)OP([O-])([O-])=O,CC(C)=CCCC(C)=CCCC(=C)C=C,['CC(C)=CCCC(C)=CCCC(C)=CCOP([O-])(=O)OP([O-])([O-])=O'],['CC(C)=CCCC(C)=CCCC(=C)C=C'],"{68545, 27426, 68857, 68505, 68509}"
marts_E00837,sesq,CC(C)=CCCC(C)=CCCC(C)=CCOP([O-])(=O)OP([O-])([O-])=O,CC(C)=CCCC1(C)C2CC1CC=C2C,['CC(C)=CCCC(C)=CCCC(C)=CCOP([O-])(=O)OP([O-])([O-])=O'],['CC(C)=CCCC1(C)C2CC1CC=C2C'],"{30472, 31428}"
marts_E00837,sesq,CC(C)=CCCC(C)=CCCC(C)=CCOP([O-])(=O)OP([O-])([O-])=O,CC(C)=CCCC(C)C12CC1C(=C)CC2,['CC(C)=CCCC(C)=CCCC(C)=CCOP([O-])(=O)OP([O-])([O-])=O'],['CC(C)=CCCC(C)C12CC1C(=C)CC2'],"{60017, 60021}"
marts_E00837,sesq,CC(C)=CCCC(C)=CCCC(C)=CCOP([O-])(=O)OP([O-])([O-])=O,CC(C)=CCCC(=C)C1CC=C(C)CC1,['CC(C)=CCCC(C)=CCCC(C)=CCOP([O-])(=O)OP([O-])([O-])=O'],['CC(C)=CCCC(=C)C1CC=C(C)CC1'],"{68813, 68529, 28267, 68525}"
marts_E00837,sesq,CC(C)=CCCC(C)=CCCC(C)=CCOP([O-])(=O)OP([O-])([O-])=O,CC(C)=CCCC(C)C1CCC(=C)C=C1,['CC(C)=CCCC(C)=CCCC(C)=CCOP([O-])(=O)OP([O-])([O-])=O'],['CC(C)=CCCC(C)C1CCC(=C)C=C1'],{32700}
marts_E00839,sesq,CC(C)=CCCC(C)=CCCC(C)=CCOP([O-])(=O)OP([O-])([O-])=O,CC(C)=CCCC(C)=C1CC=C(C)CC1,['CC(C)=CCCC(C)=CCCC(C)=CCOP([O-])(=O)OP([O-])([O-])=O'],['CC(C)=CCCC(C)=C1CC=C(C)CC1'],"{26082, 79464, 28299, 68469, 68789}"
marts_E00839,sesq,CC(C)=CCCC(C)=CCCC(C)=CCOP([O-])(=O)OP([O-])([O-])=O,CC(C)=CCCC1(C)C2CC1CC=C2C,['CC(C)=CCCC(C)=CCCC(C)=CCOP([O-])(=O)OP([O-])([O-])=O'],['CC(C)=CCCC1(C)C2CC1CC=C2C'],"{30472, 31428}"
marts_E00839,sesq,CC(C)=CCCC(C)=CCCC(C)=CCOP([O-])(=O)OP([O-])([O-])=O,CC(C)=CCCC(C)C12CC=C(C)C1C2,['CC(C)=CCCC(C)=CCCC(C)=CCOP([O-])(=O)OP([O-])([O-])=O'],['CC(C)=CCCC(C)C12CC=C(C)C1C2'],"{31992, 31996}"
marts_E00839,sesq,CC(C)=CCCC(C)=CCCC(C)=CCOP([O-])(=O)OP([O-])([O-])=O,CC(C)=CCCC(C)C12CC1C(=C)CC2,['CC(C)=CCCC(C)=CCCC(C)=CCOP([O-])(=O)OP([O-])([O-])=O'],['CC(C)=CCCC(C)C12CC1C(=C)CC2'],"{60017, 60021}"
marts_E00839,sesq,CC(C)=CCCC(C)=CCCC(C)=CCOP([O-])(=O)OP([O-])([O-])=O,CC(C)=CCCC(C)=CCCC(=C)C=C,['CC(C)=CCCC(C)=CCCC(C)=CCOP([O-])(=O)OP([O-])([O-])=O'],['CC(C)=CCCC(C)=CCCC(=C)C=C'],"{68545, 27426, 68857, 68505, 68509}"
marts_E00839,sesq,CC(C)=CCCC(C)=CCCC(C)=CCOP([O-])(=O)OP([O-])([O-])=O,CC(C)=CCCC(=C)C1CC=C(C)CC1,['CC(C)=CCCC(C)=CCCC(C)=CCOP([O-])(=O)OP([O-])([O-])=O'],['CC(C)=CCCC(=C)C1CC=C(C)CC1'],"{68813, 68529, 28267, 68525}"
marts_E00839,sesq,CC(C)=CCCC(C)=CCCC(C)=CCOP([O-])(=O)OP([O-])([O-])=O,CC(C)=CCCC(C)=C1CC=C(C)CC1,['CC(C)=CCCC(C)=CCCC(C)=CCOP([O-])(=O)OP([O-])([O-])=O'],['CC(C)=CCCC(C)=C1CC=C(C)CC1'],"{26082, 79464, 28299, 68469, 68789}"
marts_E00840,sesq,CC(C)=CCCC(C)=CCCC(C)=CCOP([O-])(=O)OP([O-])([O-])=O,CC1CCC2C(CC2(C)C)C(=C)CCC=1,['CC(C)=CCCC(C)=CCCC(C)=CCOP([O-])(=O)OP([O-])([O-])=O'],['CC1CCC2C(CC2(C)C)C(=C)CCC=1'],"{31816, 34704, 28295}"
marts_E00840,sesq,CC(C)=CCCC(C)=CCCC(C)=CCOP([O-])(=O)OP([O-])([O-])=O,CC1CCC=C(C)CC=CC(C)(C)CC=1,['CC(C)=CCCC(C)=CCCC(C)=CCOP([O-])(=O)OP([O-])([O-])=O'],['CC1CCC=C(C)CC=CC(C)(C)CC=1'],"{31896, 68781}"
marts_E00840,sesq,CC(C)=CCCC(C)=CCCC(C)=CCOP([O-])(=O)OP([O-])([O-])=O,CC1CCC(CC=C(C)CCC=1)C(C)=C,['CC(C)=CCCC(C)=CCCC(C)=CCOP([O-])(=O)OP([O-])([O-])=O'],['CC1CCC(CC=C(C)CCC=1)C(C)=C'],"{68777, 25453, 12517}"
marts_E00841,sesq,CC(C)=CCCC(C)=CCCC(C)=CCOP([O-])(=O)OP([O-])([O-])=O,CC(C)=CCCC(C)C1CCC(=C)C=C1,['CC(C)=CCCC(C)=CCCC(C)=CCOP([O-])(=O)OP([O-])([O-])=O'],['CC(C)=CCCC(C)C1CCC(=C)C=C1'],{32700}
marts_E00841,sesq,CC(C)=CCCC(C)=CCCC(C)=CCOP([O-])(=O)OP([O-])([O-])=O,CC(C)=CCCC1(C)C2CC1CC=C2C,['CC(C)=CCCC(C)=CCCC(C)=CCOP([O-])(=O)OP([O-])([O-])=O'],['CC(C)=CCCC1(C)C2CC1CC=C2C'],"{30472, 31428}"
marts_E00841,sesq,CC(C)=CCCC(C)=CCCC(C)=CCOP([O-])(=O)OP([O-])([O-])=O,CC(C)=CCCC(C)C12CC1C(=C)CC2,['CC(C)=CCCC(C)=CCCC(C)=CCOP([O-])(=O)OP([O-])([O-])=O'],['CC(C)=CCCC(C)C12CC1C(=C)CC2'],"{60017, 60021}"
marts_E00841,sesq,CC(C)=CCCC(C)=CCCC(C)=CCOP([O-])(=O)OP([O-])([O-])=O,CC(C)=CCCC(C)=CCCC(=C)C=C,['CC(C)=CCCC(C)=CCCC(C)=CCOP([O-])(=O)OP([O-])([O-])=O'],['CC(C)=CCCC(C)=CCCC(=C)C=C'],"{68545, 27426, 68857, 68505, 68509}"
marts_E00841,sesq,CC(C)=CCCC(C)=CCCC(C)=CCOP([O-])(=O)OP([O-])([O-])=O,CC(C)=CCCC(C)C1CC=C(C)C=C1,['CC(C)=CCCC(C)=CCCC(C)=CCOP([O-])(=O)OP([O-])([O-])=O'],['CC(C)=CCCC(C)C1CC=C(C)C=C1'],"{35748, 28644}"
marts_E00841,sesq,CC(C)=CCCC(C)=CCCC(C)=CCOP([O-])(=O)OP([O-])([O-])=O,CC(C)=CCCC(=C)C1CC=C(C)CC1,['CC(C)=CCCC(C)=CCCC(C)=CCOP([O-])(=O)OP([O-])([O-])=O'],['CC(C)=CCCC(=C)C1CC=C(C)CC1'],"{68813, 68529, 28267, 68525}"
marts_E00842,sesq,CC(C)=CCCC(C)=CCCC(C)=CCOP([O-])(=O)OP([O-])([O-])=O,CC(C)=CCCC(C)C1CC=C(C)C=C1,['CC(C)=CCCC(C)=CCCC(C)=CCOP([O-])(=O)OP([O-])([O-])=O'],['CC(C)=CCCC(C)C1CC=C(C)C=C1'],"{35748, 28644}"
marts_E00842,sesq,CC(C)=CCCC(C)=CCCC(C)=CCOP([O-])(=O)OP([O-])([O-])=O,CC(C)=CCCC(C)C12CC=C(C)C1C2,['CC(C)=CCCC(C)=CCCC(C)=CCOP([O-])(=O)OP([O-])([O-])=O'],['CC(C)=CCCC(C)C12CC=C(C)C1C2'],"{31992, 31996}"
marts_E00842,sesq,CC(C)=CCCC(C)=CCCC(C)=CCOP([O-])(=O)OP([O-])([O-])=O,CC(C)=CCCC1(C)C2CC1CC=C2C,['CC(C)=CCCC(C)=CCCC(C)=CCOP([O-])(=O)OP([O-])([O-])=O'],['CC(C)=CCCC1(C)C2CC1CC=C2C'],"{30472, 31428}"
marts_E00842,sesq,CC(C)=CCCC(C)=CCCC(C)=CCOP([O-])(=O)OP([O-])([O-])=O,CC(C)=CCCC(C)C12CC1C(=C)CC2,['CC(C)=CCCC(C)=CCCC(C)=CCOP([O-])(=O)OP([O-])([O-])=O'],['CC(C)=CCCC(C)C12CC1C(=C)CC2'],"{60017, 60021}"
marts_E00842,sesq,CC(C)=CCCC(C)=CCCC(C)=CCOP([O-])(=O)OP([O-])([O-])=O,CC(C)=CCCC(C)=CCCC(=C)C=C,['CC(C)=CCCC(C)=CCCC(C)=CCOP([O-])(=O)OP([O-])([O-])=O'],['CC(C)=CCCC(C)=CCCC(=C)C=C'],"{68545, 27426, 68857, 68505, 68509}"
marts_E00842,sesq,CC(C)=CCCC(C)=CCCC(C)=CCOP([O-])(=O)OP([O-])([O-])=O,CC(C)=CCCC(=C)C1CC=C(C)CC1,['CC(C)=CCCC(C)=CCCC(C)=CCOP([O-])(=O)OP([O-])([O-])=O'],['CC(C)=CCCC(=C)C1CC=C(C)CC1'],"{68813, 68529, 28267, 68525}"
marts_E00842,sesq,CC(C)=CCCC(C)=CCCC(C)=CCOP([O-])(=O)OP([O-])([O-])=O,CC(C)=CCCC(C)C1CCC(=C)C=C1,['CC(C)=CCCC(C)=CCCC(C)=CCOP([O-])(=O)OP([O-])([O-])=O'],['CC(C)=CCCC(C)C1CCC(=C)C=C1'],{32700}
marts_E00843,sesq,CC(C)=CCCC(C)=CCCC(C)=CCOP([O-])(=O)OP([O-])([O-])=O,CC1CCC2C(CC2(C)C)C(=C)CCC=1,['CC(C)=CCCC(C)=CCCC(C)=CCOP([O-])(=O)OP([O-])([O-])=O'],['CC1CCC2C(CC2(C)C)C(=C)CCC=1'],"{31816, 34704, 28295}"
marts_E00843,sesq,CC(C)=CCCC(C)=CCCC(C)=CCOP([O-])(=O)OP([O-])([O-])=O,CC1CCC=C(C)CC=CC(C)(C)CC=1,['CC(C)=CCCC(C)=CCCC(C)=CCOP([O-])(=O)OP([O-])([O-])=O'],['CC1CCC=C(C)CC=CC(C)(C)CC=1'],"{31896, 68781}"
marts_E00843,sesq,CC(C)=CCCC(C)=CCCC(C)=CCOP([O-])(=O)OP([O-])([O-])=O,CC(C)C1CCC2(C)C3C1C2CC=C3C,['CC(C)=CCCC(C)=CCCC(C)=CCOP([O-])(=O)OP([O-])([O-])=O'],['CC(C)C1CCC2(C)C3C1C2CC=C3C'],{33992}
marts_E00844,sesq,CC(C)=CCCC(C)=CCCC(C)=CCOP([O-])(=O)OP([O-])([O-])=O,CC(C)=CCCC(C)C1CC=C(C)C=C1,['CC(C)=CCCC(C)=CCCC(C)=CCOP([O-])(=O)OP([O-])([O-])=O'],['CC(C)=CCCC(C)C1CC=C(C)C=C1'],"{35748, 28644}"
marts_E00844,sesq,CC(C)=CCCC(C)=CCCC(C)=CCOP([O-])(=O)OP([O-])([O-])=O,CC(C)=CCCC(C)C1CCC(=C)C=C1,['CC(C)=CCCC(C)=CCCC(C)=CCOP([O-])(=O)OP([O-])([O-])=O'],['CC(C)=CCCC(C)C1CCC(=C)C=C1'],{32700}
marts_E00844,sesq,CC(C)=CCCC(C)=CCCC(C)=CCOP([O-])(=O)OP([O-])([O-])=O,CC(C)=CCCC(=C)C1CC=C(C)CC1,['CC(C)=CCCC(C)=CCCC(C)=CCOP([O-])(=O)OP([O-])([O-])=O'],['CC(C)=CCCC(=C)C1CC=C(C)CC1'],"{68813, 68529, 28267, 68525}"
marts_E00844,sesq,CC(C)=CCCC(C)=CCCC(C)=CCOP([O-])(=O)OP([O-])([O-])=O,CC(C)=CCCC(C)=C1CC=C(C)CC1,['CC(C)=CCCC(C)=CCCC(C)=CCOP([O-])(=O)OP([O-])([O-])=O'],['CC(C)=CCCC(C)=C1CC=C(C)CC1'],"{26082, 79464, 28299, 68469, 68789}"
marts_E00844,sesq,CC(C)=CCCC(C)=CCCC(C)=CCOP([O-])(=O)OP([O-])([O-])=O,CC(C)=CCCC(C)C12CC=C(C)C1C2,['CC(C)=CCCC(C)=CCCC(C)=CCOP([O-])(=O)OP([O-])([O-])=O'],['CC(C)=CCCC(C)C12CC=C(C)C1C2'],"{31992, 31996}"
marts_E00844,sesq,CC(C)=CCCC(C)=CCCC(C)=CCOP([O-])(=O)OP([O-])([O-])=O,CC(C)=CCCC1(C)C2CC1CC=C2C,['CC(C)=CCCC(C)=CCCC(C)=CCOP([O-])(=O)OP([O-])([O-])=O'],['CC(C)=CCCC1(C)C2CC1CC=C2C'],"{30472, 31428}"
marts_E00844,sesq,CC(C)=CCCC(C)=CCCC(C)=CCOP([O-])(=O)OP([O-])([O-])=O,CC(C)=CCCC(C)C12CC1C(=C)CC2,['CC(C)=CCCC(C)=CCCC(C)=CCOP([O-])(=O)OP([O-])([O-])=O'],['CC(C)=CCCC(C)C12CC1C(=C)CC2'],"{60017, 60021}"
marts_E00844,sesq,CC(C)=CCCC(C)=CCCC(C)=CCOP([O-])(=O)OP([O-])([O-])=O,CC(C)=CCCC(C)=CCCC(=C)C=C,['CC(C)=CCCC(C)=CCCC(C)=CCOP([O-])(=O)OP([O-])([O-])=O'],['CC(C)=CCCC(C)=CCCC(=C)C=C'],"{68545, 27426, 68857, 68505, 68509}"
marts_E00845,mono,CC(C)=CCCC(C)=CCOP([O-])(=O)OP([O-])([O-])=O,CC1=CCC2CC1C2(C)C,['CC(C)=CCCC(C)=CCOP([O-])(=O)OP([O-])([O-])=O'],['CC1=CCC2CC1C2(C)C'],"{32576, 25489, 25663}"
marts_E00846,mono,CC(C)=CCCC(C)=CCOP([O-])(=O)OP([O-])([O-])=O,CC(C)C1CCC(=C)C=C1,['CC(C)=CCCC(C)=CCOP([O-])(=O)OP([O-])([O-])=O'],['CC(C)C1CCC(=C)C=C1'],"{25505, 25493, 27831}"
marts_E00846,mono,CC(C)=CCCC(C)=CCOP([O-])(=O)OP([O-])([O-])=O,CC1CCC2C(C=1)C2(C)C,['CC(C)=CCCC(C)=CCOP([O-])(=O)OP([O-])([O-])=O'],['CC1CCC2C(C=1)C2(C)C'],set()
marts_E00846,mono,CC(C)=CCCC(C)=CCOP([O-])(=O)OP([O-])([O-])=O,CC(C)C1CC=C(C)C=C1,['CC(C)=CCCC(C)=CCOP([O-])(=O)OP([O-])([O-])=O'],['CC(C)C1CC=C(C)C=C1'],set()
marts_E00846,mono,CC(C)=CCCC(C)=CCOP([O-])(=O)OP([O-])([O-])=O,CC1CCC(CC=1)C(C)=C,['CC(C)=CCCC(C)=CCOP([O-])(=O)OP([O-])([O-])=O'],['CC1CCC(CC=1)C(C)=C'],"{68641, 10941, 12870}"
marts_E00846,mono,CC(C)=CCCC(C)=CCOP([O-])(=O)OP([O-])([O-])=O,CC(C)=CCCC(=C)C=C,['CC(C)=CCCC(C)=CCOP([O-])(=O)OP([O-])([O-])=O'],['CC(C)=CCCC(=C)C=C'],{16966}
marts_E00846,mono,CC(C)=CCCC(C)=CCOP([O-])(=O)OP([O-])([O-])=O,CC1CCC(CC=1)C(C)=C,['CC(C)=CCCC(C)=CCOP([O-])(=O)OP([O-])([O-])=O'],['CC1CCC(CC=1)C(C)=C'],"{68641, 10941, 12870}"
marts_E00846,mono,CC(C)=CCCC(C)=CCOP([O-])(=O)OP([O-])([O-])=O,CC(C)=CCC=C(C)C=C,['CC(C)=CCCC(C)=CCOP([O-])(=O)OP([O-])([O-])=O'],['CC(C)=CCC=C(C)C=C'],"{68825, 32692}"
marts_E00846,mono,CC(C)=CCCC(C)=CCOP([O-])(=O)OP([O-])([O-])=O,CC(C)=CCC=C(C)C=C,['CC(C)=CCCC(C)=CCOP([O-])(=O)OP([O-])([O-])=O'],['CC(C)=CCC=C(C)C=C'],"{68825, 32692}"
marts_E00847,di,CC(C)=CCCC(C)=CCCC(C)=CCCC(C)=CCOP([O-])(=O)OP([O-])([O-])=O,CC1(C)CCCC2(C)C1CCC(=C)C2CCC(C)=CCOP([O-])(=O)OP([O-])([O-])=O,['CC(C)=CCCC(C)=CCCC(C)=CCCC(C)=CCOP([O-])(=O)OP([O-])([O-])=O'],['CC1(C)CCCC2(C)C1CCC(=C)C2CCC(C)=CCOP([O-])(=O)OP([O-])([O-])=O'],"{14842, 24317, 25525}"
marts_E00848,mono,CC(C)=CCCC(C)=CCOP([O-])(=O)OP([O-])([O-])=O,CC(C)C1CCC(=C)C=C1,['CC(C)=CCCC(C)=CCOP([O-])(=O)OP([O-])([O-])=O'],['CC(C)C1CCC(=C)C=C1'],"{25505, 25493, 27831}"
marts_E00848,mono,CC(C)=CCCC(C)=CCOP([O-])(=O)OP([O-])([O-])=O,CC1(C)C2CC1CCC2=C,['CC(C)=CCCC(C)=CCOP([O-])(=O)OP([O-])([O-])=O'],['CC1(C)C2CC1CCC2=C'],"{25497, 25667, 32580}"
marts_E00848,mono,CC(C)=CCCC(C)=CCOP([O-])(=O)OP([O-])([O-])=O,CC1=CCC2CC1C2(C)C,['CC(C)=CCCC(C)=CCOP([O-])(=O)OP([O-])([O-])=O'],['CC1=CCC2CC1C2(C)C'],"{32576, 25489, 25663}"
marts_E00848,mono,CC(C)=CCCC(C)=CCOP([O-])(=O)OP([O-])([O-])=O,CC(C)=CCCC(=C)C=C,['CC(C)=CCCC(C)=CCOP([O-])(=O)OP([O-])([O-])=O'],['CC(C)=CCCC(=C)C=C'],{16966}
marts_E00848,mono,CC(C)=CCCC(C)=CCOP([O-])(=O)OP([O-])([O-])=O,CC(C)C1CC=C(C)C=C1,['CC(C)=CCCC(C)=CCOP([O-])(=O)OP([O-])([O-])=O'],['CC(C)C1CC=C(C)C=C1'],set()
marts_E00848,mono,CC(C)=CCCC(C)=CCOP([O-])(=O)OP([O-])([O-])=O,CC(C)=C1CC=C(C)CC1,['CC(C)=CCCC(C)=CCOP([O-])(=O)OP([O-])([O-])=O'],['CC(C)=C1CC=C(C)CC1'],{25501}
marts_E00849,mono,CC(C)=CCCC(C)=CCOP([O-])(=O)OP([O-])([O-])=O,CC1(C)OC2(C)CCC1CC2,['CC(C)=CCCC(C)=CCOP([O-])(=O)OP([O-])([O-])=O'],['CC1(C)OC2(C)CCC1CC2'],"{32544, 56633}"
marts_E00849,mono,CC(C)=CCCC(C)=CCOP([O-])(=O)OP([O-])([O-])=O,CC1CCC(CC=1)C(C)(C)O,['CC(C)=CCCC(C)=CCOP([O-])(=O)OP([O-])([O-])=O'],['CC1CCC(CC=1)C(C)(C)O'],"{32552, 32556}"
marts_E00849,mono,CC(C)=CCCC(C)=CCOP([O-])(=O)OP([O-])([O-])=O,CC1(C)C2CC1CCC2=C,['CC(C)=CCCC(C)=CCOP([O-])(=O)OP([O-])([O-])=O'],['CC1(C)C2CC1CCC2=C'],"{25497, 25667, 32580}"
marts_E00849,mono,CC(C)=CCCC(C)=CCOP([O-])(=O)OP([O-])([O-])=O,CC1=CCC2CC1C2(C)C,['CC(C)=CCCC(C)=CCOP([O-])(=O)OP([O-])([O-])=O'],['CC1=CCC2CC1C2(C)C'],"{32576, 25489, 25663}"
marts_E00849,mono,CC(C)=CCCC(C)=CCOP([O-])(=O)OP([O-])([O-])=O,CC(C)=CCCC(=C)C=C,['CC(C)=CCCC(C)=CCOP([O-])(=O)OP([O-])([O-])=O'],['CC(C)=CCCC(=C)C=C'],{16966}
marts_E00850,mono,CC(C)=CCCC(C)=CCOP([O-])(=O)OP([O-])([O-])=O,CC(C)=CCCC(C)(O)C=C,['CC(C)=CCCC(C)=CCOP([O-])(=O)OP([O-])([O-])=O'],['CC(C)=CCCC(C)(O)C=C'],"{15810, 68709, 24117}"
marts_E00851,sesq,CC(C)=CCCC(C)=CCCC(C)=CCOP([O-])(=O)OP([O-])([O-])=O,CC1(C)CCCC2(C)C3CC=C(C)C2C13,['CC(C)=CCCC(C)=CCCC(C)=CCOP([O-])(=O)OP([O-])([O-])=O'],['CC1(C)CCCC2(C)C3CC=C(C)C2C13'],{31440}
marts_E00851,sesq,CC(C)=CCCC(C)=CCCC(C)=CCOP([O-])(=O)OP([O-])([O-])=O,CC1(C)CCCC2(C)C3CCC(C13)C2=C,['CC(C)=CCCC(C)=CCCC(C)=CCOP([O-])(=O)OP([O-])([O-])=O'],['CC1(C)CCCC2(C)C3CCC(C13)C2=C'],{25465}
marts_E00851,sesq,CC(C)=CCCC(C)=CCCC(C)=CCOP([O-])(=O)OP([O-])([O-])=O,CC1CCC2C(C=1)C(C)(C)CCC=C2C,['CC(C)=CCCC(C)=CCCC(C)=CCOP([O-])(=O)OP([O-])([O-])=O'],['CC1CCC2C(C=1)C(C)(C)CCC=C2C'],{25473}
marts_E00851,sesq,CC(C)=CCCC(C)=CCCC(C)=CCOP([O-])(=O)OP([O-])([O-])=O,CC(C)=CCCC(C)=CCCC(=C)C=C,['CC(C)=CCCC(C)=CCCC(C)=CCOP([O-])(=O)OP([O-])([O-])=O'],['CC(C)=CCCC(C)=CCCC(=C)C=C'],"{68545, 27426, 68857, 68505, 68509}"
marts_E00851,sesq,CC(C)=CCCC(C)=CCCC(C)=CCOP([O-])(=O)OP([O-])([O-])=O,CC1(C)CCCC2(C)C3C1C2CCC3=C,['CC(C)=CCCC(C)=CCCC(C)=CCOP([O-])(=O)OP([O-])([O-])=O'],['CC1(C)CCCC2(C)C3C1C2CCC3=C'],set()
marts_E00852,mono,CC(C)=CCCC(C)=CCOP([O-])(=O)OP([O-])([O-])=O,CC(C)=CCCC(C)(O)C=C,['CC(C)=CCCC(C)=CCOP([O-])(=O)OP([O-])([O-])=O'],['CC(C)=CCCC(C)(O)C=C'],"{15810, 68709, 24117}"
marts_E00853,mono,CC(C)=CCCC(C)=CCOP([O-])(=O)OP([O-])([O-])=O,CC(C)=CCCC(C)=CCO,['CC(C)=CCCC(C)=CCOP([O-])(=O)OP([O-])([O-])=O'],['CC(C)=CCCC(C)=CCO'],"{32680, 65829}"
marts_E00854,mono,CC(C)=CCCC(C)=CCOP([O-])(=O)OP([O-])([O-])=O,CC(C)=CCCC(C)(O)C=C,['CC(C)=CCCC(C)=CCOP([O-])(=O)OP([O-])([O-])=O'],['CC(C)=CCCC(C)(O)C=C'],"{15810, 68709, 24117}"
marts_E00855,mono,CC(C)=CCCC(C)=CCOP([O-])(=O)OP([O-])([O-])=O,CC(C)=CCCC(C)=CCO,['CC(C)=CCCC(C)=CCOP([O-])(=O)OP([O-])([O-])=O'],['CC(C)=CCCC(C)=CCO'],"{32680, 65829}"
marts_E00856,mono,CC(C)=CCCC(C)=CCOP([O-])(=O)OP([O-])([O-])=O,CC(C)=CCCC(C)(O)C=C,['CC(C)=CCCC(C)=CCOP([O-])(=O)OP([O-])([O-])=O'],['CC(C)=CCCC(C)(O)C=C'],"{15810, 68709, 24117}"
marts_E00857,sesq,CC(C)=CCCC(C)=CCCC(C)=CCOP([O-])(=O)OP([O-])([O-])=O,CC(=C)C1CCC(C)C2CC(C)(C)CC=21,['CC(C)=CCCC(C)=CCCC(C)=CCOP([O-])(=O)OP([O-])([O-])=O'],['CC(=C)C1CCC(C)C2CC(C)(C)CC=21'],set()
marts_E00857,sesq,CC(C)=CCCC(C)=CCCC(C)=CCOP([O-])(=O)OP([O-])([O-])=O,CC1(C)CCC=C1C1(C)CC=C(C)CC1,['CC(C)=CCCC(C)=CCCC(C)=CCOP([O-])(=O)OP([O-])([O-])=O'],['CC1(C)CCC=C1C1(C)CC=C(C)CC1'],set()
marts_E00858,sesq,CC(C)=CCCC(C)=CCCC(C)=CCOP([O-])(=O)OP([O-])([O-])=O,CC(C)=C1CCC2(C)CC=C(C)CCC21,['CC(C)=CCCC(C)=CCCC(C)=CCOP([O-])(=O)OP([O-])([O-])=O'],['CC(C)=C1CCC2(C)CC=C(C)CCC21'],{85536}
marts_E00858,sesq,CC(C)=CCCC(C)=CCCC(C)=CCOP([O-])(=O)OP([O-])([O-])=O,CC1(C)CCC=C1C1(C)CC=C(C)CC1,['CC(C)=CCCC(C)=CCCC(C)=CCOP([O-])(=O)OP([O-])([O-])=O'],['CC1(C)CCC=C1C1(C)CC=C(C)CC1'],set()
marts_E00859,sesq,CC(C)=CCCC(C)=CCCC(C)=CCOP([O-])(=O)OP([O-])([O-])=O,CC12CC=C(C)C(C1)C1(C)CCCC21C,['CC(C)=CCCC(C)=CCCC(C)=CCOP([O-])(=O)OP([O-])([O-])=O'],['CC12CC=C(C)C(C1)C1(C)CCCC21C'],{29500}
marts_E00859,sesq,CC(C)=CCCC(C)=CCCC(C)=CCOP([O-])(=O)OP([O-])([O-])=O,CC12CC(C(=C)CC1)C1(C)CCCC21C,['CC(C)=CCCC(C)=CCCC(C)=CCOP([O-])(=O)OP([O-])([O-])=O'],['CC12CC(C(=C)CC1)C1(C)CCCC21C'],"{73984, 81464}"
marts_E00861,sesq,CC(C)=CCCC(C)=CCCC(C)=CCOP([O-])(=O)OP([O-])([O-])=O,CC1(C)CC2CC(C)=C3CCC3(C)C2C1,['CC(C)=CCCC(C)=CCCC(C)=CCOP([O-])(=O)OP([O-])([O-])=O'],['CC1(C)CC2CC(C)=C3CCC3(C)C2C1'],{34696}
marts_E00862,sesq,CC(C)=CCCC(C)=CCCC(C)=CCOP([O-])(=O)OP([O-])([O-])=O,CC1CC=C2C(C=1)C(CCC2C)C(C)C,['CC(C)=CCCC(C)=CCCC(C)=CCOP([O-])(=O)OP([O-])([O-])=O'],['CC1CC=C2C(C=1)C(CCC2C)C(C)C'],{29476}
marts_E00862,sesq,CC(C)=CCCC(C)=CCCC(C)=CCOP([O-])(=O)OP([O-])([O-])=O,CC1CCC2C(C)CCC(C(C)C)C=2C=1,['CC(C)=CCCC(C)=CCCC(C)=CCOP([O-])(=O)OP([O-])([O-])=O'],['CC1CCC2C(C)CCC(C(C)C)C=2C=1'],set()
marts_E00862,sesq,CC(C)=CCCC(C)=CCCC(C)=CCOP([O-])(=O)OP([O-])([O-])=O,CC(C)C1CCC(C)=C2CCC(C)=CC21,['CC(C)=CCCC(C)=CCCC(C)=CCOP([O-])(=O)OP([O-])([O-])=O'],['CC(C)C1CCC(C)=C2CCC(C)=CC21'],"{32016, 56557, 19526}"
marts_E00862,sesq,CC(C)=CCCC(C)=CCCC(C)=CCOP([O-])(=O)OP([O-])([O-])=O,CC(C)C1CCC2(C)C3C1C2CCC3=C,['CC(C)=CCCC(C)=CCCC(C)=CCOP([O-])(=O)OP([O-])([O-])=O'],['CC(C)C1CCC2(C)C3C1C2CCC3=C'],"{33112, 69776}"
marts_E00862,sesq,CC(C)=CCCC(C)=CCCC(C)=CCOP([O-])(=O)OP([O-])([O-])=O,CC(C)=CCCC(C)=CCCC(=C)C=C,['CC(C)=CCCC(C)=CCCC(C)=CCOP([O-])(=O)OP([O-])([O-])=O'],['CC(C)=CCCC(C)=CCCC(=C)C=C'],"{68545, 27426, 68857, 68505, 68509}"
marts_E00862,sesq,CC(C)=CCCC(C)=CCCC(C)=CCOP([O-])(=O)OP([O-])([O-])=O,CC1CCC2C(C)CCC(C(C)C)=C2C=1,['CC(C)=CCCC(C)=CCCC(C)=CCOP([O-])(=O)OP([O-])([O-])=O'],['CC1CCC2C(C)CCC(C(C)C)=C2C=1'],set()
marts_E00862,sesq,CC(C)=CCCC(C)=CCCC(C)=CCOP([O-])(=O)OP([O-])([O-])=O,CC(C)C1CCC(C)C2(O)CCC(C)=CC21,['CC(C)=CCCC(C)=CCCC(C)=CCOP([O-])(=O)OP([O-])([O-])=O'],['CC(C)C1CCC(C)C2(O)CCC(C)=CC21'],{29480}
marts_E00862,sesq,CC(C)=CCCC(C)=CCCC(C)=CCOP([O-])(=O)OP([O-])([O-])=O,CC(C)C1CCC(C)(O)C2CCC(C)=CC21,['CC(C)=CCCC(C)=CCCC(C)=CCOP([O-])(=O)OP([O-])([O-])=O'],['CC(C)C1CCC(C)(O)C2CCC(C)=CC21'],"{78272, 69449, 32012, 54053}"
marts_E00863,sesq,CC(C)=CCCC(C)=CCCC(C)=CCOP([O-])(=O)OP([O-])([O-])=O,CC1CC=C2C(C=1)C(CCC2C)C(C)C,['CC(C)=CCCC(C)=CCCC(C)=CCOP([O-])(=O)OP([O-])([O-])=O'],['CC1CC=C2C(C=1)C(CCC2C)C(C)C'],{29476}
marts_E00863,sesq,CC(C)=CCCC(C)=CCCC(C)=CCOP([O-])(=O)OP([O-])([O-])=O,CC1CCC2C(C)CCC(C(C)C)C=2C=1,['CC(C)=CCCC(C)=CCCC(C)=CCOP([O-])(=O)OP([O-])([O-])=O'],['CC1CCC2C(C)CCC(C(C)C)C=2C=1'],set()
marts_E00863,sesq,CC(C)=CCCC(C)=CCCC(C)=CCOP([O-])(=O)OP([O-])([O-])=O,CC(C)C1CCC(C)=C2CCC(C)=CC21,['CC(C)=CCCC(C)=CCCC(C)=CCOP([O-])(=O)OP([O-])([O-])=O'],['CC(C)C1CCC(C)=C2CCC(C)=CC21'],"{32016, 56557, 19526}"
marts_E00863,sesq,CC(C)=CCCC(C)=CCCC(C)=CCOP([O-])(=O)OP([O-])([O-])=O,CC(C)C1CCC2(C)C3C1C2CCC3=C,['CC(C)=CCCC(C)=CCCC(C)=CCOP([O-])(=O)OP([O-])([O-])=O'],['CC(C)C1CCC2(C)C3C1C2CCC3=C'],"{33112, 69776}"
marts_E00863,sesq,CC(C)=CCCC(C)=CCCC(C)=CCOP([O-])(=O)OP([O-])([O-])=O,CC1CCC2C(C)CCC(C(C)C)=C2C=1,['CC(C)=CCCC(C)=CCCC(C)=CCOP([O-])(=O)OP([O-])([O-])=O'],['CC1CCC2C(C)CCC(C(C)C)=C2C=1'],set()
marts_E00863,sesq,CC(C)=CCCC(C)=CCCC(C)=CCOP([O-])(=O)OP([O-])([O-])=O,CC(C)C1CCC(C)C2(O)CCC(C)=CC21,['CC(C)=CCCC(C)=CCCC(C)=CCOP([O-])(=O)OP([O-])([O-])=O'],['CC(C)C1CCC(C)C2(O)CCC(C)=CC21'],{29480}
marts_E00863,sesq,CC(C)=CCCC(C)=CCCC(C)=CCOP([O-])(=O)OP([O-])([O-])=O,CC(C)C1CCC(C)(O)C2CCC(C)=CC21,['CC(C)=CCCC(C)=CCCC(C)=CCOP([O-])(=O)OP([O-])([O-])=O'],['CC(C)C1CCC(C)(O)C2CCC(C)=CC21'],"{78272, 69449, 32012, 54053}"
marts_E00864,sesq,CC(C)=CCCC(C)=CCCC(C)=CCOP([O-])(=O)OP([O-])([O-])=O,CC(C)C1CCC(C)=C2CCC(C)=CC21,['CC(C)=CCCC(C)=CCCC(C)=CCOP([O-])(=O)OP([O-])([O-])=O'],['CC(C)C1CCC(C)=C2CCC(C)=CC21'],"{32016, 56557, 19526}"
marts_E00864,sesq,CC(C)=CCCC(C)=CCCC(C)=CCOP([O-])(=O)OP([O-])([O-])=O,CC(C)C1CCC(C)(O)C2CCC(C)=CC21,['CC(C)=CCCC(C)=CCCC(C)=CCOP([O-])(=O)OP([O-])([O-])=O'],['CC(C)C1CCC(C)(O)C2CCC(C)=CC21'],"{78272, 69449, 32012, 54053}"
marts_E00864,sesq,CC(C)=CCCC(C)=CCCC(C)=CCOP([O-])(=O)OP([O-])([O-])=O,CC(C)C1CCC(C)(O)C2CCC(C)=CC21,['CC(C)=CCCC(C)=CCCC(C)=CCOP([O-])(=O)OP([O-])([O-])=O'],['CC(C)C1CCC(C)(O)C2CCC(C)=CC21'],"{78272, 69449, 32012, 54053}"
marts_E00865,sesq,CC(C)=CCCC(C)=CCCC(C)=CCOP([O-])(=O)OP([O-])([O-])=O,CC1(C)CCCC1(C)C1CCC(C)=CC=1,['CC(C)=CCCC(C)=CCCC(C)=CCOP([O-])(=O)OP([O-])([O-])=O'],['CC1(C)CCCC1(C)C1CCC(C)=CC=1'],{32028}
marts_E00866,sesq,CC(C)=CCCC(C)=CCCC(C)=CCOP([O-])(=O)OP([O-])([O-])=O,CC(=C)C1CCC(C)C2CC(C)(C)CC=21,['CC(C)=CCCC(C)=CCCC(C)=CCOP([O-])(=O)OP([O-])([O-])=O'],['CC(=C)C1CCC(C)C2CC(C)(C)CC=21'],set()
marts_E00867,sesq,CC(C)=CCCC(C)=CCCC(C)=CCOP([O-])(=O)OP([O-])([O-])=O,CC1CC=C2C(C=1)C(CCC2C)C(C)C,['CC(C)=CCCC(C)=CCCC(C)=CCOP([O-])(=O)OP([O-])([O-])=O'],['CC1CC=C2C(C=1)C(CCC2C)C(C)C'],{29476}
marts_E00867,sesq,CC(C)=CCCC(C)=CCCC(C)=CCOP([O-])(=O)OP([O-])([O-])=O,CC1CCC2C(C)CCC(C(C)C)C=2C=1,['CC(C)=CCCC(C)=CCCC(C)=CCOP([O-])(=O)OP([O-])([O-])=O'],['CC1CCC2C(C)CCC(C(C)C)C=2C=1'],set()
marts_E00867,sesq,CC(C)=CCCC(C)=CCCC(C)=CCOP([O-])(=O)OP([O-])([O-])=O,CC(C)C1CCC(C)=C2CCC(C)=CC21,['CC(C)=CCCC(C)=CCCC(C)=CCOP([O-])(=O)OP([O-])([O-])=O'],['CC(C)C1CCC(C)=C2CCC(C)=CC21'],"{32016, 56557, 19526}"
marts_E00867,sesq,CC(C)=CCCC(C)=CCCC(C)=CCOP([O-])(=O)OP([O-])([O-])=O,CC(C)=CCCC(C)=CCCC(=C)C=C,['CC(C)=CCCC(C)=CCCC(C)=CCOP([O-])(=O)OP([O-])([O-])=O'],['CC(C)=CCCC(C)=CCCC(=C)C=C'],"{68545, 27426, 68857, 68505, 68509}"
marts_E00867,sesq,CC(C)=CCCC(C)=CCCC(C)=CCOP([O-])(=O)OP([O-])([O-])=O,CC1CCC2C(C)CCC(C(C)C)=C2C=1,['CC(C)=CCCC(C)=CCCC(C)=CCOP([O-])(=O)OP([O-])([O-])=O'],['CC1CCC2C(C)CCC(C(C)C)=C2C=1'],set()
marts_E00867,sesq,CC(C)=CCCC(C)=CCCC(C)=CCOP([O-])(=O)OP([O-])([O-])=O,CC(C)C1CCC(C)C2(O)CCC(C)=CC21,['CC(C)=CCCC(C)=CCCC(C)=CCOP([O-])(=O)OP([O-])([O-])=O'],['CC(C)C1CCC(C)C2(O)CCC(C)=CC21'],{29480}
marts_E00867,sesq,CC(C)=CCCC(C)=CCCC(C)=CCOP([O-])(=O)OP([O-])([O-])=O,CC(C)C1CCC(C)(O)C2CCC(C)=CC21,['CC(C)=CCCC(C)=CCCC(C)=CCOP([O-])(=O)OP([O-])([O-])=O'],['CC(C)C1CCC(C)(O)C2CCC(C)=CC21'],"{78272, 69449, 32012, 54053}"
marts_E00868,sesq,CC(C)=CCCC(C)=CCCC(C)=CCOP([O-])(=O)OP([O-])([O-])=O,CC(C)C1CCC(C)=C2CCC(C)=CC21,['CC(C)=CCCC(C)=CCCC(C)=CCOP([O-])(=O)OP([O-])([O-])=O'],['CC(C)C1CCC(C)=C2CCC(C)=CC21'],"{32016, 56557, 19526}"
marts_E00868,sesq,CC(C)=CCCC(C)=CCCC(C)=CCOP([O-])(=O)OP([O-])([O-])=O,CC1(C)CCC=C1C1(C)CC=C(C)CC1,['CC(C)=CCCC(C)=CCCC(C)=CCOP([O-])(=O)OP([O-])([O-])=O'],['CC1(C)CCC=C1C1(C)CC=C(C)CC1'],set()
marts_E00868,sesq,CC(C)=CCCC(C)=CCCC(C)=CCOP([O-])(=O)OP([O-])([O-])=O,CC(C)C1CC=C(C)C2CCC(C)=CC21,['CC(C)=CCCC(C)=CCCC(C)=CCOP([O-])(=O)OP([O-])([O-])=O'],['CC(C)C1CC=C(C)C2CCC(C)=CC21'],"{33104, 53641, 69445}"
marts_E00868,sesq,CC(C)=CCCC(C)=CCCC(C)=CCOP([O-])(=O)OP([O-])([O-])=O,CC(C)C1CCC(C)C2(O)CCC(C)=CC21,['CC(C)=CCCC(C)=CCCC(C)=CCOP([O-])(=O)OP([O-])([O-])=O'],['CC(C)C1CCC(C)C2(O)CCC(C)=CC21'],{29480}
marts_E00868,sesq,CC(C)=CCCC(C)=CCCC(C)=CCOP([O-])(=O)OP([O-])([O-])=O,CC(C)C1CCC(C)(O)C2CCC(C)=CC21,['CC(C)=CCCC(C)=CCCC(C)=CCOP([O-])(=O)OP([O-])([O-])=O'],['CC(C)C1CCC(C)(O)C2CCC(C)=CC21'],"{78272, 69449, 32012, 54053}"
marts_E00869,sesq,CC(C)=CCCC(C)=CCCC(C)=CCOP([O-])(=O)OP([O-])([O-])=O,CC(C)C1CCC(C)=C2CCC(C)=CC21,['CC(C)=CCCC(C)=CCCC(C)=CCOP([O-])(=O)OP([O-])([O-])=O'],['CC(C)C1CCC(C)=C2CCC(C)=CC21'],"{32016, 56557, 19526}"
marts_E00869,sesq,CC(C)=CCCC(C)=CCCC(C)=CCOP([O-])(=O)OP([O-])([O-])=O,CC(C)C1CC=C(C)C2CCC(C)=CC21,['CC(C)=CCCC(C)=CCCC(C)=CCOP([O-])(=O)OP([O-])([O-])=O'],['CC(C)C1CC=C(C)C2CCC(C)=CC21'],"{33104, 53641, 69445}"
marts_E00869,sesq,CC(C)=CCCC(C)=CCCC(C)=CCOP([O-])(=O)OP([O-])([O-])=O,CC1CCC2C(C)CCC(C(C)C)=C2C=1,['CC(C)=CCCC(C)=CCCC(C)=CCOP([O-])(=O)OP([O-])([O-])=O'],['CC1CCC2C(C)CCC(C(C)C)=C2C=1'],set()
marts_E00869,sesq,CC(C)=CCCC(C)=CCCC(C)=CCOP([O-])(=O)OP([O-])([O-])=O,CC(C)C1CCC(C)(O)C2CCC(C)=CC21,['CC(C)=CCCC(C)=CCCC(C)=CCOP([O-])(=O)OP([O-])([O-])=O'],['CC(C)C1CCC(C)(O)C2CCC(C)=CC21'],"{78272, 69449, 32012, 54053}"
marts_E00869,sesq,CC(C)=CCCC(C)=CCCC(C)=CCOP([O-])(=O)OP([O-])([O-])=O,CC(C)C1CCC(C)(O)C2CCC(C)=CC21,['CC(C)=CCCC(C)=CCCC(C)=CCOP([O-])(=O)OP([O-])([O-])=O'],['CC(C)C1CCC(C)(O)C2CCC(C)=CC21'],"{78272, 69449, 32012, 54053}"
marts_E00870,sesq,CC(C)=CCCC(C)=CCCC(C)=CCOP([O-])(=O)OP([O-])([O-])=O,CC(C)C1CCC(C)=C2CCC(C)=CC21,['CC(C)=CCCC(C)=CCCC(C)=CCOP([O-])(=O)OP([O-])([O-])=O'],['CC(C)C1CCC(C)=C2CCC(C)=CC21'],"{32016, 56557, 19526}"
marts_E00870,sesq,CC(C)=CCCC(C)=CCCC(C)=CCOP([O-])(=O)OP([O-])([O-])=O,CC1(C)CCC=C1C1(C)CC=C(C)CC1,['CC(C)=CCCC(C)=CCCC(C)=CCOP([O-])(=O)OP([O-])([O-])=O'],['CC1(C)CCC=C1C1(C)CC=C(C)CC1'],set()
marts_E00870,sesq,CC(C)=CCCC(C)=CCCC(C)=CCOP([O-])(=O)OP([O-])([O-])=O,CC(C)C1CC=C(C)C2CCC(C)=CC21,['CC(C)=CCCC(C)=CCCC(C)=CCOP([O-])(=O)OP([O-])([O-])=O'],['CC(C)C1CC=C(C)C2CCC(C)=CC21'],"{33104, 53641, 69445}"
marts_E00870,sesq,CC(C)=CCCC(C)=CCCC(C)=CCOP([O-])(=O)OP([O-])([O-])=O,CC(C)C1CCC(C)(O)C2CCC(C)=CC21,['CC(C)=CCCC(C)=CCCC(C)=CCOP([O-])(=O)OP([O-])([O-])=O'],['CC(C)C1CCC(C)(O)C2CCC(C)=CC21'],"{78272, 69449, 32012, 54053}"
marts_E00870,sesq,CC(C)=CCCC(C)=CCCC(C)=CCOP([O-])(=O)OP([O-])([O-])=O,CC(C)C1CCC(C)(O)C2CCC(C)=CC21,['CC(C)=CCCC(C)=CCCC(C)=CCOP([O-])(=O)OP([O-])([O-])=O'],['CC(C)C1CCC(C)(O)C2CCC(C)=CC21'],"{78272, 69449, 32012, 54053}"
marts_E00871,sesq,CC(C)=CCCC(C)=CCCC(C)=CCOP([O-])(=O)OP([O-])([O-])=O,CC1CCC2(CC=1)C(CCC2=C)C(C)C,['CC(C)=CCCC(C)=CCCC(C)=CCOP([O-])(=O)OP([O-])([O-])=O'],['CC1CCC2(CC=1)C(CCC2=C)C(C)C'],set()
marts_E00872,sesq,CC(C)=CCCC(C)=CCCC(C)=CCOP([O-])(=O)OP([O-])([O-])=O,CC12CC(C(=C)CC1)C1(C)CCCC21C,['CC(C)=CCCC(C)=CCCC(C)=CCOP([O-])(=O)OP([O-])([O-])=O'],['CC12CC(C(=C)CC1)C1(C)CCCC21C'],"{73984, 81464}"
marts_E00873,sesq,CC(C)=CCCC(C)=CCCC(C)=CCOP([O-])(=O)OP([O-])([O-])=O,CC1CC=C2C(C=1)C(CCC2C)C(C)C,['CC(C)=CCCC(C)=CCCC(C)=CCOP([O-])(=O)OP([O-])([O-])=O'],['CC1CC=C2C(C=1)C(CCC2C)C(C)C'],{29476}
marts_E00873,sesq,CC(C)=CCCC(C)=CCCC(C)=CCOP([O-])(=O)OP([O-])([O-])=O,CC1CCC2C(C)CCC(C(C)C)C=2C=1,['CC(C)=CCCC(C)=CCCC(C)=CCOP([O-])(=O)OP([O-])([O-])=O'],['CC1CCC2C(C)CCC(C(C)C)C=2C=1'],set()
marts_E00873,sesq,CC(C)=CCCC(C)=CCCC(C)=CCOP([O-])(=O)OP([O-])([O-])=O,CC(C)C1CCC(C)=C2CCC(C)=CC21,['CC(C)=CCCC(C)=CCCC(C)=CCOP([O-])(=O)OP([O-])([O-])=O'],['CC(C)C1CCC(C)=C2CCC(C)=CC21'],"{32016, 56557, 19526}"
marts_E00873,sesq,CC(C)=CCCC(C)=CCCC(C)=CCOP([O-])(=O)OP([O-])([O-])=O,CC(C)C1CCC2(C)C3C1C2CCC3=C,['CC(C)=CCCC(C)=CCCC(C)=CCOP([O-])(=O)OP([O-])([O-])=O'],['CC(C)C1CCC2(C)C3C1C2CCC3=C'],"{33112, 69776}"
marts_E00873,sesq,CC(C)=CCCC(C)=CCCC(C)=CCOP([O-])(=O)OP([O-])([O-])=O,CC1CCC2C(C)CCC(C(C)C)=C2C=1,['CC(C)=CCCC(C)=CCCC(C)=CCOP([O-])(=O)OP([O-])([O-])=O'],['CC1CCC2C(C)CCC(C(C)C)=C2C=1'],set()
marts_E00873,sesq,CC(C)=CCCC(C)=CCCC(C)=CCOP([O-])(=O)OP([O-])([O-])=O,CC(C)C1CCC(C)(O)C2CCC(C)=CC21,['CC(C)=CCCC(C)=CCCC(C)=CCOP([O-])(=O)OP([O-])([O-])=O'],['CC(C)C1CCC(C)(O)C2CCC(C)=CC21'],"{78272, 69449, 32012, 54053}"
marts_E00873,sesq,CC(C)=CCCC(C)=CCCC(C)=CCOP([O-])(=O)OP([O-])([O-])=O,CC(C)C1CCC(C)C2(O)CCC(C)=CC21,['CC(C)=CCCC(C)=CCCC(C)=CCOP([O-])(=O)OP([O-])([O-])=O'],['CC(C)C1CCC(C)C2(O)CCC(C)=CC21'],{29480}
marts_E00874,sesq,CC(C)=CCCC(C)=CCCC(C)=CCOP([O-])(=O)OP([O-])([O-])=O,CC1(C)CC2CC(C)=C3CCC3(C)C2C1,['CC(C)=CCCC(C)=CCCC(C)=CCOP([O-])(=O)OP([O-])([O-])=O'],['CC1(C)CC2CC(C)=C3CCC3(C)C2C1'],{34696}
marts_E00875,sesq,CC(C)=CCCC(C)=CCCC(C)=CCOP([O-])(=O)OP([O-])([O-])=O,CC1(C)CC2CC(C)=C3CCC3(C)C2C1,['CC(C)=CCCC(C)=CCCC(C)=CCOP([O-])(=O)OP([O-])([O-])=O'],['CC1(C)CC2CC(C)=C3CCC3(C)C2C1'],{34696}
marts_E00876,sesq,CC(C)=CCCC(C)=CCCC(C)=CCOP([O-])(=O)OP([O-])([O-])=O,CC1CC=C2C(C=1)C(CCC2C)C(C)C,['CC(C)=CCCC(C)=CCCC(C)=CCOP([O-])(=O)OP([O-])([O-])=O'],['CC1CC=C2C(C=1)C(CCC2C)C(C)C'],{29476}
marts_E00876,sesq,CC(C)=CCCC(C)=CCCC(C)=CCOP([O-])(=O)OP([O-])([O-])=O,CC1CCC2C(C)CCC(C(C)C)C=2C=1,['CC(C)=CCCC(C)=CCCC(C)=CCOP([O-])(=O)OP([O-])([O-])=O'],['CC1CCC2C(C)CCC(C(C)C)C=2C=1'],set()
marts_E00876,sesq,CC(C)=CCCC(C)=CCCC(C)=CCOP([O-])(=O)OP([O-])([O-])=O,CC(C)C1CCC(C)=C2CCC(C)=CC21,['CC(C)=CCCC(C)=CCCC(C)=CCOP([O-])(=O)OP([O-])([O-])=O'],['CC(C)C1CCC(C)=C2CCC(C)=CC21'],"{32016, 56557, 19526}"
marts_E00876,sesq,CC(C)=CCCC(C)=CCCC(C)=CCOP([O-])(=O)OP([O-])([O-])=O,CC(C)C1CCC2(C)C3C1C2CCC3=C,['CC(C)=CCCC(C)=CCCC(C)=CCOP([O-])(=O)OP([O-])([O-])=O'],['CC(C)C1CCC2(C)C3C1C2CCC3=C'],"{33112, 69776}"
marts_E00876,sesq,CC(C)=CCCC(C)=CCCC(C)=CCOP([O-])(=O)OP([O-])([O-])=O,CC(C)=CCCC(C)=CCCC(=C)C=C,['CC(C)=CCCC(C)=CCCC(C)=CCOP([O-])(=O)OP([O-])([O-])=O'],['CC(C)=CCCC(C)=CCCC(=C)C=C'],"{68545, 27426, 68857, 68505, 68509}"
marts_E00876,sesq,CC(C)=CCCC(C)=CCCC(C)=CCOP([O-])(=O)OP([O-])([O-])=O,CC1CCC2C(C)CCC(C(C)C)=C2C=1,['CC(C)=CCCC(C)=CCCC(C)=CCOP([O-])(=O)OP([O-])([O-])=O'],['CC1CCC2C(C)CCC(C(C)C)=C2C=1'],set()
marts_E00876,sesq,CC(C)=CCCC(C)=CCCC(C)=CCOP([O-])(=O)OP([O-])([O-])=O,CC(C)C1CCC(C)(O)C2CCC(C)=CC21,['CC(C)=CCCC(C)=CCCC(C)=CCOP([O-])(=O)OP([O-])([O-])=O'],['CC(C)C1CCC(C)(O)C2CCC(C)=CC21'],"{78272, 69449, 32012, 54053}"
marts_E00876,sesq,CC(C)=CCCC(C)=CCCC(C)=CCOP([O-])(=O)OP([O-])([O-])=O,CC(C)C1CCC(C)C2(O)CCC(C)=CC21,['CC(C)=CCCC(C)=CCCC(C)=CCOP([O-])(=O)OP([O-])([O-])=O'],['CC(C)C1CCC(C)C2(O)CCC(C)=CC21'],{29480}
marts_E00877,sesq,CC(C)=CCCC(C)=CCCC(C)=CCOP([O-])(=O)OP([O-])([O-])=O,CC1(C)CC2CC(C)=C3CCC3(C)C2C1,['CC(C)=CCCC(C)=CCCC(C)=CCOP([O-])(=O)OP([O-])([O-])=O'],['CC1(C)CC2CC(C)=C3CCC3(C)C2C1'],{34696}
marts_E00878,sesq,CC(C)=CCCC(C)=CCCC(C)=CCOP([O-])(=O)OP([O-])([O-])=O,CC(C)=CCC=C(C)C1CC=C(C)CC1,['CC(C)=CCCC(C)=CCCC(C)=CCOP([O-])(=O)OP([O-])([O-])=O'],['CC(C)=CCC=C(C)C1CC=C(C)CC1'],"{68845, 68817, 68533, 68473, 25437}"
marts_E00879,sesq,CC(C)=CCCC(C)=CCCC(C)=CCOP([O-])(=O)OP([O-])([O-])=O,CC(C)C1CCC(C)=C2CCC(C)=CC21,['CC(C)=CCCC(C)=CCCC(C)=CCOP([O-])(=O)OP([O-])([O-])=O'],['CC(C)C1CCC(C)=C2CCC(C)=CC21'],"{32016, 56557, 19526}"
marts_E00879,sesq,CC(C)=CCCC(C)=CCCC(C)=CCOP([O-])(=O)OP([O-])([O-])=O,CC1CCC2C(C)CCC(C(C)C)=C2C=1,['CC(C)=CCCC(C)=CCCC(C)=CCOP([O-])(=O)OP([O-])([O-])=O'],['CC1CCC2C(C)CCC(C(C)C)=C2C=1'],set()
marts_E00880,sesq,CC(C)=CCCC(C)=CCCC(C)=CCOP([O-])(=O)OP([O-])([O-])=O,CC1CC=C2C(C=1)C(CCC2C)C(C)C,['CC(C)=CCCC(C)=CCCC(C)=CCOP([O-])(=O)OP([O-])([O-])=O'],['CC1CC=C2C(C=1)C(CCC2C)C(C)C'],{29476}
marts_E00880,sesq,CC(C)=CCCC(C)=CCCC(C)=CCOP([O-])(=O)OP([O-])([O-])=O,CC1CCC2C(C)CCC(C(C)C)C=2C=1,['CC(C)=CCCC(C)=CCCC(C)=CCOP([O-])(=O)OP([O-])([O-])=O'],['CC1CCC2C(C)CCC(C(C)C)C=2C=1'],set()
marts_E00880,sesq,CC(C)=CCCC(C)=CCCC(C)=CCOP([O-])(=O)OP([O-])([O-])=O,CC(C)C1CCC(C)=C2CCC(C)=CC21,['CC(C)=CCCC(C)=CCCC(C)=CCOP([O-])(=O)OP([O-])([O-])=O'],['CC(C)C1CCC(C)=C2CCC(C)=CC21'],"{32016, 56557, 19526}"
marts_E00880,sesq,CC(C)=CCCC(C)=CCCC(C)=CCOP([O-])(=O)OP([O-])([O-])=O,CC1CCC2C(C)CCC(C(C)C)=C2C=1,['CC(C)=CCCC(C)=CCCC(C)=CCOP([O-])(=O)OP([O-])([O-])=O'],['CC1CCC2C(C)CCC(C(C)C)=C2C=1'],set()
marts_E00880,sesq,CC(C)=CCCC(C)=CCCC(C)=CCOP([O-])(=O)OP([O-])([O-])=O,CC(C)C1CCC(C)(O)C2CCC(C)=CC21,['CC(C)=CCCC(C)=CCCC(C)=CCOP([O-])(=O)OP([O-])([O-])=O'],['CC(C)C1CCC(C)(O)C2CCC(C)=CC21'],"{78272, 69449, 32012, 54053}"
marts_E00880,sesq,CC(C)=CCCC(C)=CCCC(C)=CCOP([O-])(=O)OP([O-])([O-])=O,CC(C)C1CCC(C)C2(O)CCC(C)=CC21,['CC(C)=CCCC(C)=CCCC(C)=CCOP([O-])(=O)OP([O-])([O-])=O'],['CC(C)C1CCC(C)C2(O)CCC(C)=CC21'],{29480}
marts_E00881,di,CC(C)=CCCC(C)=CCCC(C)=CCCC(C)=CCOP([O-])(=O)OP([O-])([O-])=O,CC(C)C1CCC(C)(O)C2CCC(C)=CCCC(C)=CC21,['CC(C)=CCCC(C)=CCCC(C)=CCCC(C)=CCOP([O-])(=O)OP([O-])([O-])=O'],['CC(C)C1CCC(C)(O)C2CCC(C)=CCCC(C)=CC21'],set()
marts_E00881,sesq,CC(C)=CCCC(C)=CCCC(C)=CCOP([O-])(=O)OP([O-])([O-])=O,CC(C)=CCCC(C)=CCCC(C)=CCO,['CC(C)=CCCC(C)=CCCC(C)=CCOP([O-])(=O)OP([O-])([O-])=O'],['CC(C)=CCCC(C)=CCCC(C)=CCO'],{27527}
marts_E00881,mono,CC(C)=CCCC(C)=CCOP([O-])(=O)OP([O-])([O-])=O,CC(C)=CCCC(C)=CCO,['CC(C)=CCCC(C)=CCOP([O-])(=O)OP([O-])([O-])=O'],['CC(C)=CCCC(C)=CCO'],"{32680, 65829}"
marts_E00882,di,CC(C)=CCCC(C)=CCCC(C)=CCCC(C)=CCOP([O-])(=O)OP([O-])([O-])=O,CC1CCC=C(C)CCC(CC=C(C)CCC=1)C(C)=C,['CC(C)=CCCC(C)=CCCC(C)=CCCC(C)=CCOP([O-])(=O)OP([O-])([O-])=O'],['CC1CCC=C(C)CCC(CC=C(C)CCC=1)C(C)=C'],{42997}
marts_E00883,tri,CC(C)=CCCC(C)=CCCC(C)=CCCC=C(C)CCC=C(C)CCC1OC1(C)C,CC1(C)C2CCC3C(C)(CCC4(C)CC(C)(CCC43C)CCC=C(C)C)C32CCC1O3,['CC(C)=CCCC(C)=CCCC(C)=CCCC=C(C)CCC=C(C)CCC1OC1(C)C'],['CC1(C)C2CCC3C(C)(CCC4(C)CC(C)(CCC43C)CCC=C(C)C)C32CCC1O3'],{31868}
marts_E00883,tri,CC(C)=CCCC(C)=CCCC(C)=CCCC=C(C)CCC=C(C)CCC1OC1(C)C,CC(C)=CCCC(C)=CCCC(C)=CCCC=C(C)CCC1C(=C)CCC(O)C1(C)C,['CC(C)=CCCC(C)=CCCC(C)=CCCC=C(C)CCC=C(C)CCC1OC1(C)C'],['CC(C)=CCCC(C)=CCCC(C)=CCCC=C(C)CCC1C(=C)CCC(O)C1(C)C'],set()
marts_E00883,tri,CC(C)=CCCC(C)=CCCC(C)=CCCC=C(C)CCC=C(C)CCC1OC1(C)C,CC(C)=CCCC(C)=CCCC(C)=CCCC=C(C)CCC1C(C)=CCC(O)C1(C)C,['CC(C)=CCCC(C)=CCCC(C)=CCCC=C(C)CCC=C(C)CCC1OC1(C)C'],['CC(C)=CCCC(C)=CCCC(C)=CCCC=C(C)CCC1C(C)=CCC(O)C1(C)C'],{31012}
marts_E00883,tri,CC(C)=CCCC(C)=CCCC(C)=CCCC=C(C)CCC=C(C)CCC1OC1(C)C,CC1(C)C(O)CCC2C1=CCC1C2(C)CCC2(C)CC(C)(CCC21C)CCC=C(C)C,['CC(C)=CCCC(C)=CCCC(C)=CCCC=C(C)CCC=C(C)CCC1OC1(C)C'],['CC1(C)C(O)CCC2C1=CCC1C2(C)CCC2(C)CC(C)(CCC21C)CCC=C(C)C'],{31988}
marts_E00883,tri,CC(C)=CCCC(C)=CCCC(C)=CCCC=C(C)CCC=C(C)CCC1OC1(C)C,CC(C)=CCCC1(C)CC2(C)CCC3(C)C(CCCO)C(CCC3C2(C)CC1)=C(C)C,['CC(C)=CCCC(C)=CCCC(C)=CCCC=C(C)CCC=C(C)CCC1OC1(C)C'],['CC(C)=CCCC1(C)CC2(C)CCC3(C)C(CCCO)C(CCC3C2(C)CC1)=C(C)C'],set()
marts_E00883,tri,CC(C)=CCCC(C)=CCCC(C)=CCCC=C(C)CCC=C(C)CCC1OC1(C)C,CC1(C)C(O)CCC2(C)C1CC=C1C2CCC2(C)C(CCC21C)C(C)CCC=C(C)C,['CC(C)=CCCC(C)=CCCC(C)=CCCC=C(C)CCC=C(C)CCC1OC1(C)C'],['CC1(C)C(O)CCC2(C)C1CC=C1C2CCC2(C)C(CCC21C)C(C)CCC=C(C)C'],{31888}
marts_E00883,tri,CC(C)=CCCC(C)=CCCC(C)=CCCC=C(C)CCC=C(C)CCC1OC1(C)C,CC1(C)C(O)CCC2(C)C1CCC1=C2CCC2(C)C(CCC21C)C(C)CCC=C(C)C,['CC(C)=CCCC(C)=CCCC(C)=CCCC=C(C)CCC=C(C)CCC1OC1(C)C'],['CC1(C)C(O)CCC2(C)C1CCC1=C2CCC2(C)C(CCC21C)C(C)CCC=C(C)C'],{14622}
marts_E00883,tri,CC(C)=CCCC(C)=CCCC(C)=CCCC=C(C)CCC=C(C)CCC1OC1(C)C,CC1(C)CC2C3=CCC4C5(C)CCC(O)C(C)(C)C5CCC4(C)C3(C)CCC2(C)CC1,['CC(C)=CCCC(C)=CCCC(C)=CCCC=C(C)CCC=C(C)CCC1OC1(C)C'],['CC1(C)CC2C3=CCC4C5(C)CCC(O)C(C)(C)C5CCC4(C)C3(C)CCC2(C)CC1'],{31008}
marts_E00884,di,CC1(C)CCCC2(C)C1CCC(=C)C2CCC(C)=CCOP([O-])(=O)OP([O-])([O-])=O,CC1(C)CCCC2(C)C1CCC13CC(CCC21)C(=C)C3,['CC1(C)CCCC2(C)C1CCC(=C)C2CCC(C)=CCOP([O-])(=O)OP([O-])([O-])=O'],['CC1(C)CCCC2(C)C1CCC13CC(CCC21)C(=C)C3'],{22221}
marts_E00885,sesq,CC(C)=CCCC(C)=CCCC(C)=CCOP([O-])(=O)OP([O-])([O-])=O,CC(C)C1CCC(C)=C2CCC(C)=CC21,['CC(C)=CCCC(C)=CCCC(C)=CCOP([O-])(=O)OP([O-])([O-])=O'],['CC(C)C1CCC(C)=C2CCC(C)=CC21'],"{32016, 56557, 19526}"
marts_E00885,sesq,CC(C)=CCCC(C)=CCCC(C)=CCOP([O-])(=O)OP([O-])([O-])=O,CC(C)C1CCC2(C)C3C1C2CC=C3C,['CC(C)=CCCC(C)=CCCC(C)=CCOP([O-])(=O)OP([O-])([O-])=O'],['CC(C)C1CCC2(C)C3C1C2CC=C3C'],{33992}
marts_E00886,sesq,CC(C)=CCCC(C)=CCCC(C)=CCOP([O-])(=O)OP([O-])([O-])=O,CC(C)=CCCC(C)=CCC=C(C)C=C,['CC(C)=CCCC(C)=CCCC(C)=CCOP([O-])(=O)OP([O-])([O-])=O'],['CC(C)=CCCC(C)=CCC=C(C)C=C'],{27422}
marts_E00886,sesq,CC(C)=CCCC(C)=CCCC(C)=CCOP([O-])(=O)OP([O-])([O-])=O,CC(C)=CCCC(C)=CCCC(=C)C=C,['CC(C)=CCCC(C)=CCCC(C)=CCOP([O-])(=O)OP([O-])([O-])=O'],['CC(C)=CCCC(C)=CCCC(=C)C=C'],"{68545, 27426, 68857, 68505, 68509}"
marts_E00887,di,CC(C)=CCCC(C)=CCCC(C)=CCCC(C)=CCOP([O-])(=O)OP([O-])([O-])=O,CC1CCC=C(C)CCC2C(C=C(C)CCC=1)C2(C)C,['CC(C)=CCCC(C)=CCCC(C)=CCCC(C)=CCOP([O-])(=O)OP([O-])([O-])=O'],['CC1CCC=C(C)CCC2C(C=C(C)CCC=1)C2(C)C'],{14902}
marts_E00888,di,CC(C)=CCCC(C)=CCCC(C)=CCCC(C)=CCOP([O-])(=O)OP([O-])([O-])=O,CC1(C)CCCC2(C)C1CCC(=C)C2CCC(C)=CCOP([O-])(=O)OP([O-])([O-])=O,['CC(C)=CCCC(C)=CCCC(C)=CCCC(C)=CCOP([O-])(=O)OP([O-])([O-])=O'],['CC1(C)CCCC2(C)C1CCC(=C)C2CCC(C)=CCOP([O-])(=O)OP([O-])([O-])=O'],"{14842, 24317, 25525}"
marts_E00890,di,CC(C)=CCCC(C)=CCCC(C)=CCCC(C)=CCOP([O-])(=O)OP([O-])([O-])=O,CC1(C)CCCC2(C)C1CCC(=C)C2CCC(C)=CCOP([O-])(=O)OP([O-])([O-])=O,['CC(C)=CCCC(C)=CCCC(C)=CCCC(C)=CCOP([O-])(=O)OP([O-])([O-])=O'],['CC1(C)CCCC2(C)C1CCC(=C)C2CCC(C)=CCOP([O-])(=O)OP([O-])([O-])=O'],"{14842, 24317, 25525}"
marts_E00891,sesq,CC(C)=CCCC(C)=CCCC(C)=CCOP([O-])(=O)OP([O-])([O-])=O,CC(C)C1CCC2(C)C3C1C2CC=C3C,['CC(C)=CCCC(C)=CCCC(C)=CCOP([O-])(=O)OP([O-])([O-])=O'],['CC(C)C1CCC2(C)C3C1C2CC=C3C'],{33992}
marts_E00891,sesq,CC(C)=CCCC(C)=CCCC(C)=CCOP([O-])(=O)OP([O-])([O-])=O,CC(C)C1CCC(C)C23CCC(=C)C2C31,['CC(C)=CCCC(C)=CCCC(C)=CCOP([O-])(=O)OP([O-])([O-])=O'],['CC(C)C1CCC(C)C23CCC(=C)C2C31'],{32020}
marts_E00891,sesq,CC(C)=CCCC(C)=CCCC(C)=CCOP([O-])(=O)OP([O-])([O-])=O,CC(C)C1CCC(C)C23CC=C(C)C2C31,['CC(C)=CCCC(C)=CCCC(C)=CCOP([O-])(=O)OP([O-])([O-])=O'],['CC(C)C1CCC(C)C23CC=C(C)C2C31'],set()
marts_E00891,sesq,CC(C)=CCCC(C)=CCCC(C)=CCOP([O-])(=O)OP([O-])([O-])=O,CC(C)C1CCC2(C)C3CC4C(C31)C24C,['CC(C)=CCCC(C)=CCCC(C)=CCOP([O-])(=O)OP([O-])([O-])=O'],['CC(C)C1CCC2(C)C3CC4C(C31)C24C'],set()
marts_E00891,sesq,CC(C)=CCCC(C)=CCCC(C)=CCOP([O-])(=O)OP([O-])([O-])=O,CC(C)C1CCC2(C)C3CCC(C31)C2=C,['CC(C)=CCCC(C)=CCCC(C)=CCOP([O-])(=O)OP([O-])([O-])=O'],['CC(C)C1CCC2(C)C3CCC(C31)C2=C'],"{33120, 81540}"
marts_E00891,sesq,CC(C)=CCCC(C)=CCCC(C)=CCOP([O-])(=O)OP([O-])([O-])=O,CC(C)C1CCC2(C)C3C1C2CCC3=C,['CC(C)=CCCC(C)=CCCC(C)=CCOP([O-])(=O)OP([O-])([O-])=O'],['CC(C)C1CCC2(C)C3C1C2CCC3=C'],"{33112, 69776}"
marts_E00891,sesq,CC(C)=CCCC(C)=CCCC(C)=CCOP([O-])(=O)OP([O-])([O-])=O,CC(C)=CCCC(C)C12CC1C(=C)CC2,['CC(C)=CCCC(C)=CCCC(C)=CCOP([O-])(=O)OP([O-])([O-])=O'],['CC(C)=CCCC(C)C12CC1C(=C)CC2'],"{60017, 60021}"
marts_E00891,sesq,CC(C)=CCCC(C)=CCCC(C)=CCOP([O-])(=O)OP([O-])([O-])=O,CC1CCC2C(C)CCC(C(C)C)C=2C=1,['CC(C)=CCCC(C)=CCCC(C)=CCOP([O-])(=O)OP([O-])([O-])=O'],['CC1CCC2C(C)CCC(C(C)C)C=2C=1'],set()
marts_E00891,sesq,CC(C)=CCCC(C)=CCCC(C)=CCOP([O-])(=O)OP([O-])([O-])=O,CC1CCC2C(C=1)C(CCC2=C)C(C)C,['CC(C)=CCCC(C)=CCCC(C)=CCOP([O-])(=O)OP([O-])([O-])=O'],['CC1CCC2C(C=1)C(CCC2=C)C(C)C'],"{28640, 68849, 31828, 33108}"
marts_E00891,sesq,CC(C)=CCCC(C)=CCCC(C)=CCOP([O-])(=O)OP([O-])([O-])=O,CC(C)C1CCC(C)C2CCC(=C)C=C21,['CC(C)=CCCC(C)=CCCC(C)=CCOP([O-])(=O)OP([O-])([O-])=O'],['CC(C)C1CCC(C)C2CCC(=C)C=C21'],{29492}
marts_E00891,sesq,CC(C)=CCCC(C)=CCCC(C)=CCOP([O-])(=O)OP([O-])([O-])=O,CC1CCC2C1C1C(CC=C2C)C1(C)C,['CC(C)=CCCC(C)=CCCC(C)=CCOP([O-])(=O)OP([O-])([O-])=O'],['CC1CCC2C1C1C(CC=C2C)C1(C)C'],set()
marts_E00891,sesq,CC(C)=CCCC(C)=CCCC(C)=CCOP([O-])(=O)OP([O-])([O-])=O,CC1(O)CCC23C1C2C(CCC3C)C(C)C,['CC(C)=CCCC(C)=CCCC(C)=CCOP([O-])(=O)OP([O-])([O-])=O'],['CC1(O)CCC23C1C2C(CCC3C)C(C)C'],"{31824, 54049, 54065}"
marts_E00891,sesq,CC(C)=CCCC(C)=CCCC(C)=CCOP([O-])(=O)OP([O-])([O-])=O,CC(C)C1CC=C(C)C2CCC(C)=CC21,['CC(C)=CCCC(C)=CCCC(C)=CCOP([O-])(=O)OP([O-])([O-])=O'],['CC(C)C1CC=C(C)C2CCC(C)=CC21'],"{33104, 53641, 69445}"
marts_E00891,sesq,CC(C)=CCCC(C)=CCCC(C)=CCOP([O-])(=O)OP([O-])([O-])=O,CC1(O)CCC23C1C2C(CCC3C)C(C)C,['CC(C)=CCCC(C)=CCCC(C)=CCOP([O-])(=O)OP([O-])([O-])=O'],['CC1(O)CCC23C1C2C(CCC3C)C(C)C'],"{31824, 54049, 54065}"
marts_E00891,sesq,CC(C)=CCCC(C)=CCCC(C)=CCOP([O-])(=O)OP([O-])([O-])=O,CC(C)C1CCC(C)=C2CCC(C)=CC21,['CC(C)=CCCC(C)=CCCC(C)=CCOP([O-])(=O)OP([O-])([O-])=O'],['CC(C)C1CCC(C)=C2CCC(C)=CC21'],"{32016, 56557, 19526}"
marts_E00892,psy,CC(C)=CCCC(C)=CCCC(C)=CCCC(C)=CCOP([O-])(=O)OP([O-])([O-])=O.CC(C)=CCCC(C)=CCCC(C)=CCCC(C)=CCOP([O-])(=O)OP([O-])([O-])=O,CC(C)=CCCC(C)=CCCC(C)=CCCC(C)=CC=CC=C(C)CCC=C(C)CCC=C(C)CCC=C(C)C,"['CC(C)=CCCC(C)=CCCC(C)=CCCC(C)=CCOP([O-])(=O)OP([O-])([O-])=O', 'CC(C)=CCCC(C)=CCCC(C)=CCCC(C)=CCOP([O-])(=O)OP([O-])([O-])=O']",['CC(C)=CCCC(C)=CCCC(C)=CCCC(C)=CC=CC=C(C)CCC=C(C)CCC=C(C)CCC=C(C)C'],{34476}
marts_E00893,sesq,CC(C)=CCCC(C)=CCCC(C)=CCOP([O-])(=O)OP([O-])([O-])=O,CC1CCC(CC=C(C)CCC=1)C(C)=C,['CC(C)=CCCC(C)=CCCC(C)=CCOP([O-])(=O)OP([O-])([O-])=O'],['CC1CCC(CC=C(C)CCC=1)C(C)=C'],"{68777, 25453, 12517}"
marts_E00894,sesq,CC(C)=CCCC(C)=CCCC(C)=CCOP([O-])(=O)OP([O-])([O-])=O,CC1CCC=C(C)CC=CC(C)(C)CC=1,['CC(C)=CCCC(C)=CCCC(C)=CCOP([O-])(=O)OP([O-])([O-])=O'],['CC1CCC=C(C)CC=CC(C)(C)CC=1'],"{31896, 68781}"
marts_E00894,sesq,CC(C)=CCCC(C)=CCCC(C)=CCOP([O-])(=O)OP([O-])([O-])=O,CC1CCC2C(CC2(C)C)C(=C)CCC=1,['CC(C)=CCCC(C)=CCCC(C)=CCOP([O-])(=O)OP([O-])([O-])=O'],['CC1CCC2C(CC2(C)C)C(=C)CCC=1'],"{31816, 34704, 28295}"
marts_E00895,mono,CC(C)=CCCC(C)=CCOP([O-])(=O)OP([O-])([O-])=O,CC(C)=CCCC(=C)C=C,['CC(C)=CCCC(C)=CCOP([O-])(=O)OP([O-])([O-])=O'],['CC(C)=CCCC(=C)C=C'],{16966}
marts_E00897,di,CC(C)=CCCC(C)=CCCC(C)=CCCC(C)=CCOP([O-])(=O)OP([O-])([O-])=O,CC1(C)CCC2(C)CC34C(CCC3(C)C(O)CCC4C)C12,['CC(C)=CCCC(C)=CCCC(C)=CCCC(C)=CCOP([O-])(=O)OP([O-])([O-])=O'],['CC1(C)CCC2(C)CC34C(CCC3(C)C(O)CCC4C)C12'],{78404}
marts_E00897,pt,CC(C)=CCCC(C)=CCOP([O-])(=O)OP([O-])([O-])=O.CC(C)=CCCC(C)=CCCC(C)=CCOP([O-])(=O)OP([O-])([O-])=O,CC(C)=CCCC(C)=CCCC(C)=CCCC(C)=CCOP([O-])(=O)OP([O-])([O-])=O,"['CC(C)=CCCC(C)=CCOP([O-])(=O)OP([O-])([O-])=O', 'CC(C)=CCCC(C)=CCCC(C)=CCOP([O-])(=O)OP([O-])([O-])=O']",['CC(C)=CCCC(C)=CCCC(C)=CCCC(C)=CCOP([O-])(=O)OP([O-])([O-])=O'],set()
marts_E00899,tri,CC(C)=CCCC(C)=CCCC(C)=CCCC=C(C)CCC=C(C)CCC1OC1(C)C,CC1(C)CC2C3=CCC4C5(C)CCC(O)C(C)(C)C5CCC4(C)C3(C)CCC2(C)CC1,['CC(C)=CCCC(C)=CCCC(C)=CCCC=C(C)CCC=C(C)CCC1OC1(C)C'],['CC1(C)CC2C3=CCC4C5(C)CCC(O)C(C)(C)C5CCC4(C)C3(C)CCC2(C)CC1'],{31008}
marts_E00900,sesq,CC(C)=CCCC(C)=CCCC(C)=CCOP([O-])(=O)OP([O-])([O-])=O,CC(C)=C1CC2C(=C)CCCC2(C)CC1,['CC(C)=CCCC(C)=CCCC(C)=CCOP([O-])(=O)OP([O-])([O-])=O'],['CC(C)=C1CC2C(=C)CCCC2(C)CC1'],{54113}
marts_E00900,sesq,CC(C)=CCCC(C)=CCCC(C)=CCOP([O-])(=O)OP([O-])([O-])=O,CC(C)=C1CC=C(C)CCC=C(C)CC1,['CC(C)=CCCC(C)=CCCC(C)=CCOP([O-])(=O)OP([O-])([O-])=O'],['CC(C)=C1CC=C(C)CCC=C(C)CC1'],{25445}
marts_E00901,sesq,CC(C)=CCCC(C)=CCCC(C)=CCOP([O-])(=O)OP([O-])([O-])=O,CC1CC(O)CC(C)(C)CC2C(C)CCC=12,['CC(C)=CCCC(C)=CCCC(C)=CCOP([O-])(=O)OP([O-])([O-])=O'],['CC1CC(O)CC(C)(C)CC2C(C)CCC=12'],{54373}
marts_E00902,sesq,CC(C)=CCCC(C)=CCCC(C)=CCOP([O-])(=O)OP([O-])([O-])=O,CC(C)C1CCC(C)(O)C2CCC(C)=CC21,['CC(C)=CCCC(C)=CCCC(C)=CCOP([O-])(=O)OP([O-])([O-])=O'],['CC(C)C1CCC(C)(O)C2CCC(C)=CC21'],"{78272, 69449, 32012, 54053}"
marts_E00903,sesq,CC(C)=CCCC(C)=CCCC(C)=CCOP([O-])(=O)OP([O-])([O-])=O,CC(C)C1CCC(C)=C2CCC(C)=CC21,['CC(C)=CCCC(C)=CCCC(C)=CCOP([O-])(=O)OP([O-])([O-])=O'],['CC(C)C1CCC(C)=C2CCC(C)=CC21'],"{32016, 56557, 19526}"
marts_E00904,di,CC1(C)CCCC2(C)C1CC=C(C)C2CCC(C)=CCOP([O-])(=O)OP([O-])([O-])=O,CC1(C)CCCC2(C)C1CC=C(C)C2CCC(=C)C=C,['CC1(C)CCCC2(C)C1CC=C(C)C2CCC(C)=CCOP([O-])(=O)OP([O-])([O-])=O'],['CC1(C)CCCC2(C)C1CC=C(C)C2CCC(=C)C=C'],{54637}
marts_E00905,mono,CC(C)=CCCC(C)=CCOP([O-])(=O)OP([O-])([O-])=O,CC1(C)OC2(C)CCC1CC2,['CC(C)=CCCC(C)=CCOP([O-])(=O)OP([O-])([O-])=O'],['CC1(C)OC2(C)CCC1CC2'],"{32544, 56633}"
marts_E00905,mono,CC(C)=CCCC(C)=CCOP([O-])(=O)OP([O-])([O-])=O,CC1(C)OC2(C)CCC1CC2,['CC(C)=CCCC(C)=CCOP([O-])(=O)OP([O-])([O-])=O'],['CC1(C)OC2(C)CCC1CC2'],"{32544, 56633}"
marts_E00906,sesq,CC(C)=CCCC(C)=CCCC(C)=CCOP([O-])(=O)OP([O-])([O-])=O,CC(C)C1CCC(C)=CCCC(C)(O)C=C1,['CC(C)=CCCC(C)=CCCC(C)=CCOP([O-])(=O)OP([O-])([O-])=O'],['CC(C)C1CCC(C)=CCCC(C)(O)C=C1'],set()
marts_E00906,sesq,CC(C)=CCCC(C)=CCCC(C)=CCOP([O-])(=O)OP([O-])([O-])=O,CC1CCC(CC=C(C)CCC=1)C(C)=C,['CC(C)=CCCC(C)=CCCC(C)=CCOP([O-])(=O)OP([O-])([O-])=O'],['CC1CCC(CC=C(C)CCC=1)C(C)=C'],"{68777, 25453, 12517}"
marts_E00906,sesq,CC(C)=CCCC(C)=CCCC(C)=CCOP([O-])(=O)OP([O-])([O-])=O,CC1CCC(CC=C(C)CCC=1)C(C)=C,['CC(C)=CCCC(C)=CCCC(C)=CCOP([O-])(=O)OP([O-])([O-])=O'],['CC1CCC(CC=C(C)CCC=1)C(C)=C'],"{68777, 25453, 12517}"
marts_E00906,sesq,CC(C)=CCCC(C)=CCCC(C)=CCOP([O-])(=O)OP([O-])([O-])=O,CC(=C)C1CC2C(C)CCC=2C(C)CC1,['CC(C)=CCCC(C)=CCCC(C)=CCOP([O-])(=O)OP([O-])([O-])=O'],['CC(=C)C1CC2C(C)CCC=2C(C)CC1'],{31808}
marts_E00906,sesq,CC(C)=CCCC(C)=CCCC(C)=CCOP([O-])(=O)OP([O-])([O-])=O,CC1CCC=C(C)CC=CC(C)(C)CC=1,['CC(C)=CCCC(C)=CCCC(C)=CCOP([O-])(=O)OP([O-])([O-])=O'],['CC1CCC=C(C)CC=CC(C)(C)CC=1'],"{31896, 68781}"
marts_E00906,sesq,CC(C)=CCCC(C)=CCCC(C)=CCOP([O-])(=O)OP([O-])([O-])=O,CC1CCC2C(C=1)C(CCC2=C)C(C)C,['CC(C)=CCCC(C)=CCCC(C)=CCOP([O-])(=O)OP([O-])([O-])=O'],['CC1CCC2C(C=1)C(CCC2=C)C(C)C'],"{28640, 68849, 31828, 33108}"
marts_E00906,sesq,CC(C)=CCCC(C)=CCCC(C)=CCOP([O-])(=O)OP([O-])([O-])=O,CC(=C)C1CC2C(=C)CCCC2(C)CC1,['CC(C)=CCCC(C)=CCCC(C)=CCOP([O-])(=O)OP([O-])([O-])=O'],['CC(=C)C1CC2C(=C)CCCC2(C)CC1'],{29484}
marts_E00906,sesq,CC(C)=CCCC(C)=CCCC(C)=CCOP([O-])(=O)OP([O-])([O-])=O,CC1=CCCC2(C)CCC(CC21)C(C)=C,['CC(C)=CCCC(C)=CCCC(C)=CCOP([O-])(=O)OP([O-])([O-])=O'],['CC1=CCCC2(C)CCC(CC21)C(C)=C'],"{30384, 31820, 47053}"
marts_E00906,sesq,CC(C)=CCCC(C)=CCCC(C)=CCOP([O-])(=O)OP([O-])([O-])=O,CC1CCC2C1CC(CCC=2C)C(C)=C,['CC(C)=CCCC(C)=CCCC(C)=CCOP([O-])(=O)OP([O-])([O-])=O'],['CC1CCC2C1CC(CCC=2C)C(C)=C'],{31832}
marts_E00906,sesq,CC(C)=CCCC(C)=CCCC(C)=CCOP([O-])(=O)OP([O-])([O-])=O,CC1CCC2C(C=1)C(CCC2=C)C(C)C,['CC(C)=CCCC(C)=CCCC(C)=CCOP([O-])(=O)OP([O-])([O-])=O'],['CC1CCC2C(C=1)C(CCC2=C)C(C)C'],"{28640, 68849, 31828, 33108}"
marts_E00906,sesq,CC(C)=CCCC(C)=CCCC(C)=CCOP([O-])(=O)OP([O-])([O-])=O,CC(C)C1CCC(C)=C2CCC(C)=CC21,['CC(C)=CCCC(C)=CCCC(C)=CCOP([O-])(=O)OP([O-])([O-])=O'],['CC(C)C1CCC(C)=C2CCC(C)=CC21'],"{32016, 56557, 19526}"
marts_E00906,sesq,CC(C)=CCCC(C)=CCCC(C)=CCOP([O-])(=O)OP([O-])([O-])=O,CC(C)=CCCC(C)=CCCC(C)(O)C=C,['CC(C)=CCCC(C)=CCCC(C)=CCOP([O-])(=O)OP([O-])([O-])=O'],['CC(C)=CCCC(C)=CCCC(C)(O)C=C'],"{68833, 27531, 27535, 68821, 56985}"
marts_E00906,mono,CC(C)=CCCC(C)=CCOP([O-])(=O)OP([O-])([O-])=O,CC(C)=CCCC(C)(O)C=C,['CC(C)=CCCC(C)=CCOP([O-])(=O)OP([O-])([O-])=O'],['CC(C)=CCCC(C)(O)C=C'],"{15810, 68709, 24117}"
marts_E00907,mono,CC(C)=CCCC(C)=CCOP([O-])(=O)OP([O-])([O-])=O,CC1CCC(CC=1)C(C)(C)O,['CC(C)=CCCC(C)=CCOP([O-])(=O)OP([O-])([O-])=O'],['CC1CCC(CC=1)C(C)(C)O'],"{32552, 32556}"
marts_E00907,mono,CC(C)=CCCC(C)=CCOP([O-])(=O)OP([O-])([O-])=O,CC1CCC(CC=1)C(C)=C,['CC(C)=CCCC(C)=CCOP([O-])(=O)OP([O-])([O-])=O'],['CC1CCC(CC=1)C(C)=C'],"{68641, 10941, 12870}"
marts_E00907,mono,CC(C)=CCCC(C)=CCOP([O-])(=O)OP([O-])([O-])=O,CC(C)=CCCC(C)(O)C=C,['CC(C)=CCCC(C)=CCOP([O-])(=O)OP([O-])([O-])=O'],['CC(C)=CCCC(C)(O)C=C'],"{15810, 68709, 24117}"
marts_E00907,mono,CC(C)=CCCC(C)=CCOP([O-])(=O)OP([O-])([O-])=O,CC(C)=CCCC(=C)C=C,['CC(C)=CCCC(C)=CCOP([O-])(=O)OP([O-])([O-])=O'],['CC(C)=CCCC(=C)C=C'],{16966}
marts_E00907,mono,CC(C)=CCCC(C)=CCOP([O-])(=O)OP([O-])([O-])=O,CC1=CCC2CC1C2(C)C,['CC(C)=CCCC(C)=CCOP([O-])(=O)OP([O-])([O-])=O'],['CC1=CCC2CC1C2(C)C'],"{32576, 25489, 25663}"
marts_E00907,mono,CC(C)=CCCC(C)=CCOP([O-])(=O)OP([O-])([O-])=O,CC(C)C12CCC(=C)C1C2,['CC(C)=CCCC(C)=CCOP([O-])(=O)OP([O-])([O-])=O'],['CC(C)C12CCC(=C)C1C2'],"{68637, 32548, 25509}"
marts_E00907,mono,CC(C)=CCCC(C)=CCOP([O-])(=O)OP([O-])([O-])=O,CC(C)=CCCC(C)=CCO,['CC(C)=CCCC(C)=CCOP([O-])(=O)OP([O-])([O-])=O'],['CC(C)=CCCC(C)=CCO'],"{32680, 65829}"
marts_E00907,mono,CC(C)=CCCC(C)=CCOP([O-])(=O)OP([O-])([O-])=O,CC(C)=C1CC=C(C)CC1,['CC(C)=CCCC(C)=CCOP([O-])(=O)OP([O-])([O-])=O'],['CC(C)=C1CC=C(C)CC1'],{25501}
marts_E00907,sesq,CC(C)=CCCC(C)=CCCC(C)=CCOP([O-])(=O)OP([O-])([O-])=O,CC(C)=CCCC(=C)C1CC=C(C)CC1,['CC(C)=CCCC(C)=CCCC(C)=CCOP([O-])(=O)OP([O-])([O-])=O'],['CC(C)=CCCC(=C)C1CC=C(C)CC1'],"{68813, 68529, 28267, 68525}"
marts_E00908,sesq,CC(C)=CCCC(C)=CCCC(C)=CCOP([O-])(=O)OP([O-])([O-])=O,CC(C)=C1CC=C(C)CCC=C(C)CC1,['CC(C)=CCCC(C)=CCCC(C)=CCOP([O-])(=O)OP([O-])([O-])=O'],['CC(C)=C1CC=C(C)CCC=C(C)CC1'],{25445}
marts_E00909,pt,CC(C)=CCCC(C)=CCOP([O-])(=O)OP([O-])([O-])=O.CC(=C)CCOP([O-])(=O)OP([O-])([O-])=O,CC(C)=CCCC(C)=CCCC(C)=CCOP([O-])(=O)OP([O-])([O-])=O,"['CC(C)=CCCC(C)=CCOP([O-])(=O)OP([O-])([O-])=O', 'CC(=C)CCOP([O-])(=O)OP([O-])([O-])=O']",['CC(C)=CCCC(C)=CCCC(C)=CCOP([O-])(=O)OP([O-])([O-])=O'],"{19362, 64573, 23301}"
marts_E00910,sesq,CC(C)=CCCC(C)=CCCC(C)=CCOP([O-])(=O)OP([O-])([O-])=O,CC1(C)CCCC2(C)C3CCC(C13)C2=C,['CC(C)=CCCC(C)=CCCC(C)=CCOP([O-])(=O)OP([O-])([O-])=O'],['CC1(C)CCCC2(C)C3CCC(C13)C2=C'],{25465}
marts_E00910,sesq,CC(C)=CCCC(C)=CCCC(C)=CCOP([O-])(=O)OP([O-])([O-])=O,CC1(C)CCCC2(C)C3CC=C(C)C2C13,['CC(C)=CCCC(C)=CCCC(C)=CCOP([O-])(=O)OP([O-])([O-])=O'],['CC1(C)CCCC2(C)C3CC=C(C)C2C13'],{31440}
marts_E00910,sesq,CC(C)=CCCC(C)=CCCC(C)=CCOP([O-])(=O)OP([O-])([O-])=O,CC(C)C1CCC2(C)C3C1C2CC=C3C,['CC(C)=CCCC(C)=CCCC(C)=CCOP([O-])(=O)OP([O-])([O-])=O'],['CC(C)C1CCC2(C)C3C1C2CC=C3C'],{33992}
marts_E00910,sesq,CC(C)=CCCC(C)=CCCC(C)=CCOP([O-])(=O)OP([O-])([O-])=O,CC1(C)CCCC2(C)C3CC4C(C13)C24C,['CC(C)=CCCC(C)=CCCC(C)=CCOP([O-])(=O)OP([O-])([O-])=O'],['CC1(C)CCCC2(C)C3CC4C(C13)C24C'],set()
marts_E00910,sesq,CC(C)=CCCC(C)=CCCC(C)=CCOP([O-])(=O)OP([O-])([O-])=O,CC1(C)CCCC2(C)C3CCC2(C)C(O)C13,['CC(C)=CCCC(C)=CCCC(C)=CCOP([O-])(=O)OP([O-])([O-])=O'],['CC1(C)CCCC2(C)C3CCC2(C)C(O)C13'],{83908}
marts_E00911,sesq,CC(C)=CCCC(C)=CCCC(C)=CCOP([O-])(=O)OP([O-])([O-])=O,CC(C)C1CCC(C)=CCCC(C)(O)C=C1,['CC(C)=CCCC(C)=CCCC(C)=CCOP([O-])(=O)OP([O-])([O-])=O'],['CC(C)C1CCC(C)=CCCC(C)(O)C=C1'],set()
marts_E00911,sesq,CC(C)=CCCC(C)=CCCC(C)=CCOP([O-])(=O)OP([O-])([O-])=O,CC1CCC(CC=C(C)CCC=1)C(C)=C,['CC(C)=CCCC(C)=CCCC(C)=CCOP([O-])(=O)OP([O-])([O-])=O'],['CC1CCC(CC=C(C)CCC=1)C(C)=C'],"{68777, 25453, 12517}"
marts_E00911,sesq,CC(C)=CCCC(C)=CCCC(C)=CCOP([O-])(=O)OP([O-])([O-])=O,CC1CCC=C(C)CCC2C(C=1)C2(C)C,['CC(C)=CCCC(C)=CCCC(C)=CCOP([O-])(=O)OP([O-])([O-])=O'],['CC1CCC=C(C)CCC2C(C=1)C2(C)C'],{32000}
marts_E00912,sesq,CC(C)=CCCC(C)=CCCC(C)=CCOP([O-])(=O)OP([O-])([O-])=O,CC1CCC2C(CC2(C)C)C(=C)CCC=1,['CC(C)=CCCC(C)=CCCC(C)=CCOP([O-])(=O)OP([O-])([O-])=O'],['CC1CCC2C(CC2(C)C)C(=C)CCC=1'],"{31816, 34704, 28295}"
marts_E00912,sesq,CC(C)=CCCC(C)=CCCC(C)=CCOP([O-])(=O)OP([O-])([O-])=O,CC1CCC=C(C)CC=CC(C)(C)CC=1,['CC(C)=CCCC(C)=CCCC(C)=CCOP([O-])(=O)OP([O-])([O-])=O'],['CC1CCC=C(C)CC=CC(C)(C)CC=1'],"{31896, 68781}"
marts_E00913,tri,CC(C)=CCCC(C)=CCCC(C)=CCCC=C(C)CCC=C(C)CCC=C(C)C,CC1(C)CCCC2(C)C1CCC1(C)C2CCC2C(CCC12C)C(=C)CCC=C(C)C,['CC(C)=CCCC(C)=CCCC(C)=CCCC=C(C)CCC=C(C)CCC=C(C)C'],['CC1(C)CCCC2(C)C1CCC1(C)C2CCC2C(CCC12C)C(=C)CCC=C(C)C'],{31024}
marts_E00914,mono,CC(C)=CCCC(C)=CCOP([O-])(=O)OP([O-])([O-])=O,CC1CCC(CC=1)C(C)(C)O,['CC(C)=CCCC(C)=CCOP([O-])(=O)OP([O-])([O-])=O'],['CC1CCC(CC=1)C(C)(C)O'],"{32552, 32556}"
marts_E00914,sesq,CC(C)=CCCC(C)=CCCC(C)=CCOP([O-])(=O)OP([O-])([O-])=O,CC(C)=CCCC1(C)C2CC1CC=C2C,['CC(C)=CCCC(C)=CCCC(C)=CCOP([O-])(=O)OP([O-])([O-])=O'],['CC(C)=CCCC1(C)C2CC1CC=C2C'],"{30472, 31428}"
marts_E00914,sesq,CC(C)=CCCC(C)=CCCC(C)=CCOP([O-])(=O)OP([O-])([O-])=O,CC(C)=CCCC(C)=CCC=C(C)C=C,['CC(C)=CCCC(C)=CCCC(C)=CCOP([O-])(=O)OP([O-])([O-])=O'],['CC(C)=CCCC(C)=CCC=C(C)C=C'],{27422}
marts_E00914,sesq,CC(C)=CCCC(C)=CCCC(C)=CCOP([O-])(=O)OP([O-])([O-])=O,CC(C)=CCC=C(C)C1CC=C(C)CC1,['CC(C)=CCCC(C)=CCCC(C)=CCOP([O-])(=O)OP([O-])([O-])=O'],['CC(C)=CCC=C(C)C1CC=C(C)CC1'],"{68845, 68817, 68533, 68473, 25437}"
marts_E00914,sesq,CC(C)=CCCC(C)=CCCC(C)=CCOP([O-])(=O)OP([O-])([O-])=O,CC(C)=CCC=C(C)C1CC=C(C)CC1,['CC(C)=CCCC(C)=CCCC(C)=CCOP([O-])(=O)OP([O-])([O-])=O'],['CC(C)=CCC=C(C)C1CC=C(C)CC1'],"{68845, 68817, 68533, 68473, 25437}"
marts_E00914,sesq,CC(C)=CCCC(C)=CCCC(C)=CCOP([O-])(=O)OP([O-])([O-])=O,CC(C)=CCCC(C)C1CCC(=C)C=C1,['CC(C)=CCCC(C)=CCCC(C)=CCOP([O-])(=O)OP([O-])([O-])=O'],['CC(C)=CCCC(C)C1CCC(=C)C=C1'],{32700}
marts_E00914,sesq,CC(C)=CCCC(C)=CCCC(C)=CCOP([O-])(=O)OP([O-])([O-])=O,CC(C)=CCC=C(C)C1CC=C(C)CC1,['CC(C)=CCCC(C)=CCCC(C)=CCOP([O-])(=O)OP([O-])([O-])=O'],['CC(C)=CCC=C(C)C1CC=C(C)CC1'],"{68845, 68817, 68533, 68473, 25437}"
marts_E00915,sesq,CC(C)=CCCC(C)=CCCC(C)=CCOP([O-])(=O)OP([O-])([O-])=O,CC(C)C1CCC(C)C23CCC(=C)C2C31,['CC(C)=CCCC(C)=CCCC(C)=CCOP([O-])(=O)OP([O-])([O-])=O'],['CC(C)C1CCC(C)C23CCC(=C)C2C31'],{32020}
marts_E00915,sesq,CC(C)=CCCC(C)=CCCC(C)=CCOP([O-])(=O)OP([O-])([O-])=O,CC1CCC(CC=C(C)CCC=1)C(C)=C,['CC(C)=CCCC(C)=CCCC(C)=CCOP([O-])(=O)OP([O-])([O-])=O'],['CC1CCC(CC=C(C)CCC=1)C(C)=C'],"{68777, 25453, 12517}"
marts_E00915,sesq,CC(C)=CCCC(C)=CCCC(C)=CCOP([O-])(=O)OP([O-])([O-])=O,CC1CCC=C(C)CCC(=CC=1)C(C)C,['CC(C)=CCCC(C)=CCCC(C)=CCOP([O-])(=O)OP([O-])([O-])=O'],['CC1CCC=C(C)CCC(=CC=1)C(C)C'],"{68773, 28303}"
marts_E00915,sesq,CC(C)=CCCC(C)=CCCC(C)=CCOP([O-])(=O)OP([O-])([O-])=O,CC1CCC2C(C=1)C(CCC2=C)C(C)C,['CC(C)=CCCC(C)=CCCC(C)=CCOP([O-])(=O)OP([O-])([O-])=O'],['CC1CCC2C(C=1)C(CCC2=C)C(C)C'],"{28640, 68849, 31828, 33108}"
marts_E00915,sesq,CC(C)=CCCC(C)=CCCC(C)=CCOP([O-])(=O)OP([O-])([O-])=O,CC(C)C1CC=C(C)C2CCC(C)=CC21,['CC(C)=CCCC(C)=CCCC(C)=CCOP([O-])(=O)OP([O-])([O-])=O'],['CC(C)C1CC=C(C)C2CCC(C)=CC21'],"{33104, 53641, 69445}"
marts_E00915,sesq,CC(C)=CCCC(C)=CCCC(C)=CCOP([O-])(=O)OP([O-])([O-])=O,CC(C)C1CCC(C)(O)C2CCC(C)=CC21,['CC(C)=CCCC(C)=CCCC(C)=CCOP([O-])(=O)OP([O-])([O-])=O'],['CC(C)C1CCC(C)(O)C2CCC(C)=CC21'],"{78272, 69449, 32012, 54053}"
marts_E00916,sesq,CC(C)=CCCC(C)=CCCC(C)=CCOP([O-])(=O)OP([O-])([O-])=O,CC(C)=CCCC(C)=CCC=C(C)C=C,['CC(C)=CCCC(C)=CCCC(C)=CCOP([O-])(=O)OP([O-])([O-])=O'],['CC(C)=CCCC(C)=CCC=C(C)C=C'],{27422}
marts_E00917,sesq,CC(C)=CCCC(C)=CCCC(C)=CCOP([O-])(=O)OP([O-])([O-])=O,CC1CCC2C(C=1)C(CCC2=C)C(C)C,['CC(C)=CCCC(C)=CCCC(C)=CCOP([O-])(=O)OP([O-])([O-])=O'],['CC1CCC2C(C=1)C(CCC2=C)C(C)C'],"{28640, 68849, 31828, 33108}"
marts_E00917,sesq,CC(C)=CCCC(C)=CCCC(C)=CCOP([O-])(=O)OP([O-])([O-])=O,CC(C)C1CCC(C)=C2CCC(C)=CC21,['CC(C)=CCCC(C)=CCCC(C)=CCOP([O-])(=O)OP([O-])([O-])=O'],['CC(C)C1CCC(C)=C2CCC(C)=CC21'],"{32016, 56557, 19526}"
marts_E00917,sesq,CC(C)=CCCC(C)=CCCC(C)=CCOP([O-])(=O)OP([O-])([O-])=O,CC(C)C1CCC2(C)C3C1C2CC=C3C,['CC(C)=CCCC(C)=CCCC(C)=CCOP([O-])(=O)OP([O-])([O-])=O'],['CC(C)C1CCC2(C)C3C1C2CC=C3C'],{33992}
marts_E00918,sesq,CC(C)=CCCC(C)=CCCC(C)=CCOP([O-])(=O)OP([O-])([O-])=O,CC1=CCCC2(C)CCC(CC21)C(C)=C,['CC(C)=CCCC(C)=CCCC(C)=CCOP([O-])(=O)OP([O-])([O-])=O'],['CC1=CCCC2(C)CCC(CC21)C(C)=C'],"{30384, 31820, 47053}"
marts_E00919,di,CC(C)=CCCC(C)=CCCC(C)=CCCC(C)=CCOP([O-])(=O)OP([O-])([O-])=O,CC1(C)CCCC2(C)C1CCC(=C)C2CCC(C)=CCOP([O-])(=O)OP([O-])([O-])=O,['CC(C)=CCCC(C)=CCCC(C)=CCCC(C)=CCOP([O-])(=O)OP([O-])([O-])=O'],['CC1(C)CCCC2(C)C1CCC(=C)C2CCC(C)=CCOP([O-])(=O)OP([O-])([O-])=O'],"{14842, 24317, 25525}"
marts_E00920,di,CC(C)=CCCC(C)=CCCC(C)=CCCC(C)=CCOP([O-])(=O)OP([O-])([O-])=O,CC1(C)CCCC2(C)C1CCC(=C)C2CCC(C)=CCOP([O-])(=O)OP([O-])([O-])=O,['CC(C)=CCCC(C)=CCCC(C)=CCCC(C)=CCOP([O-])(=O)OP([O-])([O-])=O'],['CC1(C)CCCC2(C)C1CCC(=C)C2CCC(C)=CCOP([O-])(=O)OP([O-])([O-])=O'],"{14842, 24317, 25525}"
marts_E00920,di,CC1(C)CCCC2(C)C1CCC(=C)C2CCC(C)=CCOP([O-])(=O)OP([O-])([O-])=O,CC1(C)CCCC2(C)C1CCC13CC(CCC21)C(C)(O)C3,['CC1(C)CCCC2(C)C1CCC(=C)C2CCC(C)=CCOP([O-])(=O)OP([O-])([O-])=O'],['CC1(C)CCCC2(C)C1CCC13CC(CCC21)C(C)(O)C3'],"{81232, 26431}"
marts_E00920,di,CC1(C)CCCC2(C)C1CCC(=C)C2CCC(C)=CCOP([O-])(=O)OP([O-])([O-])=O,CC1(C)CCCC2(C)C1CCC1=CC(C)(CCC21)C=C,['CC1(C)CCCC2(C)C1CCC(=C)C2CCC(C)=CCOP([O-])(=O)OP([O-])([O-])=O'],['CC1(C)CCCC2(C)C1CCC1=CC(C)(CCC21)C=C'],"{25537, 32004, 25541, 32008, 42985}"
marts_E00920,di,CC1(C)CCCC2(C)C1CCC(=C)C2CCC(C)=CCOP([O-])(=O)OP([O-])([O-])=O,CC1(C)CCCC2(C)C1CCC1CC(C)(CCC2=1)C=C,['CC1(C)CCCC2(C)C1CCC(=C)C2CCC(C)=CCOP([O-])(=O)OP([O-])([O-])=O'],['CC1(C)CCCC2(C)C1CCC1CC(C)(CCC2=1)C=C'],set()
marts_E00920,di,CC1(C)CCCC2(C)C1CCC(=C)C2CCC(C)=CCOP([O-])(=O)OP([O-])([O-])=O,CC1(C)CCCC2(C)C1CCC1=CC(C)(CCC21)C=C,['CC1(C)CCCC2(C)C1CCC(=C)C2CCC(C)=CCOP([O-])(=O)OP([O-])([O-])=O'],['CC1(C)CCCC2(C)C1CCC1=CC(C)(CCC21)C=C'],"{25537, 32004, 25541, 32008, 42985}"
marts_E00920,di,CC1(C)CCCC2(C)C1CCC(=C)C2CCC(C)=CCOP([O-])(=O)OP([O-])([O-])=O,CC1(C)CCCC2(C)C1CCC13CC(CCC21)C(=C)C3,['CC1(C)CCCC2(C)C1CCC(=C)C2CCC(C)=CCOP([O-])(=O)OP([O-])([O-])=O'],['CC1(C)CCCC2(C)C1CCC13CC(CCC21)C(=C)C3'],{22221}
marts_E00920,di,CC1(C)CCCC2(C)C1CCC(=C)C2CCC(C)=CCOP([O-])(=O)OP([O-])([O-])=O,CC1(C)CCCC2(C)C1CCC13CC(CCC21)C(=C)C3,['CC1(C)CCCC2(C)C1CCC(=C)C2CCC(C)=CCOP([O-])(=O)OP([O-])([O-])=O'],['CC1(C)CCCC2(C)C1CCC13CC(CCC21)C(=C)C3'],{22221}
marts_E00921,pt,CC(C)=CCCC(C)=CCOP([O-])(=O)OP([O-])([O-])=O.CC(=C)CCOP([O-])(=O)OP([O-])([O-])=O,CC(C)=CCCC(C)=CCCC(C)=CCOP([O-])(=O)OP([O-])([O-])=O,"['CC(C)=CCCC(C)=CCOP([O-])(=O)OP([O-])([O-])=O', 'CC(=C)CCOP([O-])(=O)OP([O-])([O-])=O']",['CC(C)=CCCC(C)=CCCC(C)=CCOP([O-])(=O)OP([O-])([O-])=O'],"{19362, 64573, 23301}"
marts_E00921,pt,CC(C)=CCOP([O-])(=O)OP([O-])([O-])=O.CC(=C)CCOP([O-])(=O)OP([O-])([O-])=O,CC(C)=CCCC(C)=CCOP([O-])(=O)OP([O-])([O-])=O,"['CC(C)=CCOP([O-])(=O)OP([O-])([O-])=O', 'CC(=C)CCOP([O-])(=O)OP([O-])([O-])=O']",['CC(C)=CCCC(C)=CCOP([O-])(=O)OP([O-])([O-])=O'],"{11329, 22409}"
marts_E00921,pt,CC(C)=CCCC(C)=CCOP([O-])(=O)OP([O-])([O-])=O.CC(C)=CCCC(C)=CCCC(C)=CCOP([O-])(=O)OP([O-])([O-])=O,CC(C)=CCCC(C)=CCCC(C)=CCCC(C)=CCOP([O-])(=O)OP([O-])([O-])=O,"['CC(C)=CCCC(C)=CCOP([O-])(=O)OP([O-])([O-])=O', 'CC(C)=CCCC(C)=CCCC(C)=CCOP([O-])(=O)OP([O-])([O-])=O']",['CC(C)=CCCC(C)=CCCC(C)=CCCC(C)=CCOP([O-])(=O)OP([O-])([O-])=O'],set()
marts_E00922,pt,CC(C)=CCCC(C)=CCOP([O-])(=O)OP([O-])([O-])=O.CC(=C)CCOP([O-])(=O)OP([O-])([O-])=O,CC(C)=CCCC(C)=CCCC(C)=CCCC(C)=CCOP([O-])(=O)OP([O-])([O-])=O,"['CC(C)=CCCC(C)=CCOP([O-])(=O)OP([O-])([O-])=O', 'CC(=C)CCOP([O-])(=O)OP([O-])([O-])=O']",['CC(C)=CCCC(C)=CCCC(C)=CCCC(C)=CCOP([O-])(=O)OP([O-])([O-])=O'],set()
marts_E00923,sesq,CC(C)=CCCC(C)=CCCC(C)=CCOP([O-])(=O)OP([O-])([O-])=O,CC1CCC2C(CC2(C)C)C(=C)CCC=1,['CC(C)=CCCC(C)=CCCC(C)=CCOP([O-])(=O)OP([O-])([O-])=O'],['CC1CCC2C(CC2(C)C)C(=C)CCC=1'],"{31816, 34704, 28295}"
marts_E00923,sesq,CC(C)=CCCC(C)=CCCC(C)=CCOP([O-])(=O)OP([O-])([O-])=O,CC1CCC=C(C)CC=CC(C)(C)CC=1,['CC(C)=CCCC(C)=CCCC(C)=CCOP([O-])(=O)OP([O-])([O-])=O'],['CC1CCC=C(C)CC=CC(C)(C)CC=1'],"{31896, 68781}"
marts_E00923,sesq,CC(C)=CCCC(C)=CCCC(C)=CCOP([O-])(=O)OP([O-])([O-])=O,CC1CCC=C(C)CCC(=CC=1)C(C)C,['CC(C)=CCCC(C)=CCCC(C)=CCOP([O-])(=O)OP([O-])([O-])=O'],['CC1CCC=C(C)CCC(=CC=1)C(C)C'],"{68773, 28303}"
marts_E00924,sesq,CC(C)=CCCC(C)=CCCC(C)=CCOP([O-])(=O)OP([O-])([O-])=O,CC1CCC2C(CC2(C)C)C(=C)CCC=1,['CC(C)=CCCC(C)=CCCC(C)=CCOP([O-])(=O)OP([O-])([O-])=O'],['CC1CCC2C(CC2(C)C)C(=C)CCC=1'],"{31816, 34704, 28295}"
marts_E00924,sesq,CC(C)=CCCC(C)=CCCC(C)=CCOP([O-])(=O)OP([O-])([O-])=O,CC1CCC=C(C)CC=CC(C)(C)CC=1,['CC(C)=CCCC(C)=CCCC(C)=CCOP([O-])(=O)OP([O-])([O-])=O'],['CC1CCC=C(C)CC=CC(C)(C)CC=1'],"{31896, 68781}"
marts_E00924,sesq,CC(C)=CCCC(C)=CCCC(C)=CCOP([O-])(=O)OP([O-])([O-])=O,CC1CCC=C(C)CCC(=CC=1)C(C)C,['CC(C)=CCCC(C)=CCCC(C)=CCOP([O-])(=O)OP([O-])([O-])=O'],['CC1CCC=C(C)CCC(=CC=1)C(C)C'],"{68773, 28303}"
marts_E00925,sesq,CC(C)=CCCC(C)=CCCC(C)=CCOP([O-])(=O)OP([O-])([O-])=O,CC1CCC2C(CC2(C)C)C(=C)CCC=1,['CC(C)=CCCC(C)=CCCC(C)=CCOP([O-])(=O)OP([O-])([O-])=O'],['CC1CCC2C(CC2(C)C)C(=C)CCC=1'],"{31816, 34704, 28295}"
marts_E00925,sesq,CC(C)=CCCC(C)=CCCC(C)=CCOP([O-])(=O)OP([O-])([O-])=O,CC1CCC=C(C)CC=CC(C)(C)CC=1,['CC(C)=CCCC(C)=CCCC(C)=CCOP([O-])(=O)OP([O-])([O-])=O'],['CC1CCC=C(C)CC=CC(C)(C)CC=1'],"{31896, 68781}"
marts_E00925,sesq,CC(C)=CCCC(C)=CCCC(C)=CCOP([O-])(=O)OP([O-])([O-])=O,CC1CCC=C(C)CCC(=CC=1)C(C)C,['CC(C)=CCCC(C)=CCCC(C)=CCOP([O-])(=O)OP([O-])([O-])=O'],['CC1CCC=C(C)CCC(=CC=1)C(C)C'],"{68773, 28303}"
marts_E00926,sesq,CC(C)=CCCC(C)=CCCC(C)=CCOP([O-])(=O)OP([O-])([O-])=O,CC1CCC2C(CC2(C)C)C(=C)CCC=1,['CC(C)=CCCC(C)=CCCC(C)=CCOP([O-])(=O)OP([O-])([O-])=O'],['CC1CCC2C(CC2(C)C)C(=C)CCC=1'],"{31816, 34704, 28295}"
marts_E00926,sesq,CC(C)=CCCC(C)=CCCC(C)=CCOP([O-])(=O)OP([O-])([O-])=O,CC1CCC=C(C)CC=CC(C)(C)CC=1,['CC(C)=CCCC(C)=CCCC(C)=CCOP([O-])(=O)OP([O-])([O-])=O'],['CC1CCC=C(C)CC=CC(C)(C)CC=1'],"{31896, 68781}"
marts_E00926,sesq,CC(C)=CCCC(C)=CCCC(C)=CCOP([O-])(=O)OP([O-])([O-])=O,CC1CCC=C(C)CCC(=CC=1)C(C)C,['CC(C)=CCCC(C)=CCCC(C)=CCOP([O-])(=O)OP([O-])([O-])=O'],['CC1CCC=C(C)CCC(=CC=1)C(C)C'],"{68773, 28303}"
marts_E00927,sesq,CC(C)=CCCC(C)=CCCC(C)=CCOP([O-])(=O)OP([O-])([O-])=O,CC1CCC2C(CC2(C)C)C(=C)CCC=1,['CC(C)=CCCC(C)=CCCC(C)=CCOP([O-])(=O)OP([O-])([O-])=O'],['CC1CCC2C(CC2(C)C)C(=C)CCC=1'],"{31816, 34704, 28295}"
marts_E00927,sesq,CC(C)=CCCC(C)=CCCC(C)=CCOP([O-])(=O)OP([O-])([O-])=O,CC1CCC=C(C)CC=CC(C)(C)CC=1,['CC(C)=CCCC(C)=CCCC(C)=CCOP([O-])(=O)OP([O-])([O-])=O'],['CC1CCC=C(C)CC=CC(C)(C)CC=1'],"{31896, 68781}"
marts_E00927,sesq,CC(C)=CCCC(C)=CCCC(C)=CCOP([O-])(=O)OP([O-])([O-])=O,CC1CCC=C(C)CCC(=CC=1)C(C)C,['CC(C)=CCCC(C)=CCCC(C)=CCOP([O-])(=O)OP([O-])([O-])=O'],['CC1CCC=C(C)CCC(=CC=1)C(C)C'],"{68773, 28303}"
marts_E00928,sesq,CC(C)=CCCC(C)=CCCC(C)=CCOP([O-])(=O)OP([O-])([O-])=O,CC1CCC2C(CC2(C)C)C(=C)CCC=1,['CC(C)=CCCC(C)=CCCC(C)=CCOP([O-])(=O)OP([O-])([O-])=O'],['CC1CCC2C(CC2(C)C)C(=C)CCC=1'],"{31816, 34704, 28295}"
marts_E00928,sesq,CC(C)=CCCC(C)=CCCC(C)=CCOP([O-])(=O)OP([O-])([O-])=O,CC1CCC=C(C)CC=CC(C)(C)CC=1,['CC(C)=CCCC(C)=CCCC(C)=CCOP([O-])(=O)OP([O-])([O-])=O'],['CC1CCC=C(C)CC=CC(C)(C)CC=1'],"{31896, 68781}"
marts_E00928,sesq,CC(C)=CCCC(C)=CCCC(C)=CCOP([O-])(=O)OP([O-])([O-])=O,CC1CCC=C(C)CCC(=CC=1)C(C)C,['CC(C)=CCCC(C)=CCCC(C)=CCOP([O-])(=O)OP([O-])([O-])=O'],['CC1CCC=C(C)CCC(=CC=1)C(C)C'],"{68773, 28303}"
marts_E00929,sesq,CC(C)=CCCC(C)=CCCC(C)=CCOP([O-])(=O)OP([O-])([O-])=O,CC1CCC2C(CC2(C)C)C(=C)CCC=1,['CC(C)=CCCC(C)=CCCC(C)=CCOP([O-])(=O)OP([O-])([O-])=O'],['CC1CCC2C(CC2(C)C)C(=C)CCC=1'],"{31816, 34704, 28295}"
marts_E00929,sesq,CC(C)=CCCC(C)=CCCC(C)=CCOP([O-])(=O)OP([O-])([O-])=O,CC1CCC=C(C)CCC(=CC=1)C(C)C,['CC(C)=CCCC(C)=CCCC(C)=CCOP([O-])(=O)OP([O-])([O-])=O'],['CC1CCC=C(C)CCC(=CC=1)C(C)C'],"{68773, 28303}"
marts_E00929,sesq,CC(C)=CCCC(C)=CCCC(C)=CCOP([O-])(=O)OP([O-])([O-])=O,CC1CCC=C(C)CC=CC(C)(C)CC=1,['CC(C)=CCCC(C)=CCCC(C)=CCOP([O-])(=O)OP([O-])([O-])=O'],['CC1CCC=C(C)CC=CC(C)(C)CC=1'],"{31896, 68781}"
marts_E00930,pt,CC(C)=CCCC(C)=CCOP([O-])(=O)OP([O-])([O-])=O.CC(=C)CCOP([O-])(=O)OP([O-])([O-])=O,CC(C)=CCCC(C)=CCCC(C)=CCOP([O-])(=O)OP([O-])([O-])=O,"['CC(C)=CCCC(C)=CCOP([O-])(=O)OP([O-])([O-])=O', 'CC(=C)CCOP([O-])(=O)OP([O-])([O-])=O']",['CC(C)=CCCC(C)=CCCC(C)=CCOP([O-])(=O)OP([O-])([O-])=O'],"{19362, 64573, 23301}"
marts_E00930,pt,CC(C)=CCOP([O-])(=O)OP([O-])([O-])=O.CC(=C)CCOP([O-])(=O)OP([O-])([O-])=O,CC(C)=CCCC(C)=CCOP([O-])(=O)OP([O-])([O-])=O,"['CC(C)=CCOP([O-])(=O)OP([O-])([O-])=O', 'CC(=C)CCOP([O-])(=O)OP([O-])([O-])=O']",['CC(C)=CCCC(C)=CCOP([O-])(=O)OP([O-])([O-])=O'],"{11329, 22409}"
marts_E00930,pt,CC(C)=CCCC(C)=CCOP([O-])(=O)OP([O-])([O-])=O.CC(C)=CCCC(C)=CCCC(C)=CCOP([O-])(=O)OP([O-])([O-])=O,CC(C)=CCCC(C)=CCCC(C)=CCCC(C)=CCOP([O-])(=O)OP([O-])([O-])=O,"['CC(C)=CCCC(C)=CCOP([O-])(=O)OP([O-])([O-])=O', 'CC(C)=CCCC(C)=CCCC(C)=CCOP([O-])(=O)OP([O-])([O-])=O']",['CC(C)=CCCC(C)=CCCC(C)=CCCC(C)=CCOP([O-])(=O)OP([O-])([O-])=O'],set()
marts_E00931,sesq,CC(C)=CCCC(C)=CCCC(C)=CCOP([O-])(=O)OP([O-])([O-])=O,CC1CCC2C(CC2(C)C)C(=C)CCC=1,['CC(C)=CCCC(C)=CCCC(C)=CCOP([O-])(=O)OP([O-])([O-])=O'],['CC1CCC2C(CC2(C)C)C(=C)CCC=1'],"{31816, 34704, 28295}"
marts_E00931,sesq,CC(C)=CCCC(C)=CCCC(C)=CCOP([O-])(=O)OP([O-])([O-])=O,CC1(C)CC2C1CCC1(C)CC2(O)CCC1,['CC(C)=CCCC(C)=CCCC(C)=CCOP([O-])(=O)OP([O-])([O-])=O'],['CC1(C)CC2C1CCC1(C)CC2(O)CCC1'],set()
marts_E00933,sesq,CC(C)=CCCC(C)=CCCC(C)=CCOP([O-])(=O)OP([O-])([O-])=O,CC(C)(O)C1CC2C(=C)CCCC2(C)CC1,['CC(C)=CCCC(C)=CCCC(C)=CCOP([O-])(=O)OP([O-])([O-])=O'],['CC(C)(O)C1CC2C(=C)CCCC2(C)CC1'],{29496}
marts_E00933,sesq,CC(C)=CCCC(C)=CCCC(C)=CCOP([O-])(=O)OP([O-])([O-])=O,CC(C)(O)C1CC2=C(C)CCCC2(C)CC1,['CC(C)=CCCC(C)=CCCC(C)=CCOP([O-])(=O)OP([O-])([O-])=O'],['CC(C)(O)C1CC2=C(C)CCCC2(C)CC1'],"{80408, 30948}"
marts_E00933,sesq,CC(C)=CCCC(C)=CCCC(C)=CCOP([O-])(=O)OP([O-])([O-])=O,CC(C)(O)C1CC2C(C)=CCCC2(C)CC1,['CC(C)=CCCC(C)=CCCC(C)=CCOP([O-])(=O)OP([O-])([O-])=O'],['CC(C)(O)C1CC2C(C)=CCCC2(C)CC1'],"{30952, 54045}"
marts_E00933,sesq,CC(C)=CCCC(C)=CCCC(C)=CCOP([O-])(=O)OP([O-])([O-])=O,CC1(C)C2C1CC=C1CCCC(C)C12C,['CC(C)=CCCC(C)=CCCC(C)=CCOP([O-])(=O)OP([O-])([O-])=O'],['CC1(C)C2C1CC=C1CCCC(C)C12C'],{73964}
marts_E00934,sesq,CC(C)=CCCC(C)=CCCC(C)=CCOP([O-])(=O)OP([O-])([O-])=O,CC1CCC=C(C)CC=CC(C)(C)CC=1,['CC(C)=CCCC(C)=CCCC(C)=CCOP([O-])(=O)OP([O-])([O-])=O'],['CC1CCC=C(C)CC=CC(C)(C)CC=1'],"{31896, 68781}"
marts_E00934,sesq,CC(C)=CCCC(C)=CCCC(C)=CCOP([O-])(=O)OP([O-])([O-])=O,CC1CCC2C(CC2(C)C)C(=C)CCC=1,['CC(C)=CCCC(C)=CCCC(C)=CCOP([O-])(=O)OP([O-])([O-])=O'],['CC1CCC2C(CC2(C)C)C(=C)CCC=1'],"{31816, 34704, 28295}"
marts_E00936,tri,CC(C)=CCCC(C)=CCCC(C)=CCCC=C(C)CCC=C(C)CCC1OC1(C)C,CC(C)(O)C1CCC2(C)C1CCC1(C)C2CCC2C1(C)CCC1C2(C)CCC(O)C1(C)C,['CC(C)=CCCC(C)=CCCC(C)=CCCC=C(C)CCC=C(C)CCC1OC1(C)C'],['CC(C)(O)C1CCC2(C)C1CCC1(C)C2CCC2C1(C)CCC1C2(C)CCC(O)C1(C)C'],set()
marts_E00937,psy,CC(C)=CCCC(C)=CCCC(C)=CCCC(C)=CCOP([O-])(=O)OP([O-])([O-])=O.CC(C)=CCCC(C)=CCCC(C)=CCCC(C)=CCOP([O-])(=O)OP([O-])([O-])=O,CC(C)=CCCC(C)=CCCC(C)=CCCC(C)=CC=CC=C(C)CCC=C(C)CCC=C(C)CCC=C(C)C,"['CC(C)=CCCC(C)=CCCC(C)=CCCC(C)=CCOP([O-])(=O)OP([O-])([O-])=O', 'CC(C)=CCCC(C)=CCCC(C)=CCCC(C)=CCOP([O-])(=O)OP([O-])([O-])=O']",['CC(C)=CCCC(C)=CCCC(C)=CCCC(C)=CC=CC=C(C)CCC=C(C)CCC=C(C)CCC=C(C)C'],{34476}
marts_E00938,sesq,CC(C)=CCCC(C)=CCCC(C)=CCOP([O-])(=O)OP([O-])([O-])=O,CC1CCC(CC=C(C)CCC=1)C(C)=C,['CC(C)=CCCC(C)=CCCC(C)=CCOP([O-])(=O)OP([O-])([O-])=O'],['CC1CCC(CC=C(C)CCC=1)C(C)=C'],"{68777, 25453, 12517}"
marts_E00941,sesq,CC(C)=CCCC(C)=CCCC(C)=CCOP([O-])(=O)OP([O-])([O-])=O,CC1(O)CCC23C1C2C(CCC3C)C(C)C,['CC(C)=CCCC(C)=CCCC(C)=CCOP([O-])(=O)OP([O-])([O-])=O'],['CC1(O)CCC23C1C2C(CCC3C)C(C)C'],"{31824, 54049, 54065}"
marts_E00941,sesq,CC(C)=CCCC(C)=CCCC(C)=CCOP([O-])(=O)OP([O-])([O-])=O,CC1CCC(C=CC(=C)CCC=1)C(C)C,['CC(C)=CCCC(C)=CCCC(C)=CCOP([O-])(=O)OP([O-])([O-])=O'],['CC1CCC(C=CC(=C)CCC=1)C(C)C'],"{12017, 30428, 68717}"
marts_E00941,sesq,CC(C)=CCCC(C)=CCCC(C)=CCOP([O-])(=O)OP([O-])([O-])=O,CC1(O)CCC23C1C2C(CCC3C)C(C)C,['CC(C)=CCCC(C)=CCCC(C)=CCOP([O-])(=O)OP([O-])([O-])=O'],['CC1(O)CCC23C1C2C(CCC3C)C(C)C'],"{31824, 54049, 54065}"
marts_E00941,sesq,CC(C)=CCCC(C)=CCCC(C)=CCOP([O-])(=O)OP([O-])([O-])=O,CC(C)C1CCC(C)=C2CCC(C)=CC21,['CC(C)=CCCC(C)=CCCC(C)=CCOP([O-])(=O)OP([O-])([O-])=O'],['CC(C)C1CCC(C)=C2CCC(C)=CC21'],"{32016, 56557, 19526}"
marts_E00941,sesq,CC(C)=CCCC(C)=CCCC(C)=CCOP([O-])(=O)OP([O-])([O-])=O,CC(C)C1CCC(C)(O)C2CCC(C)=CC21,['CC(C)=CCCC(C)=CCCC(C)=CCOP([O-])(=O)OP([O-])([O-])=O'],['CC(C)C1CCC(C)(O)C2CCC(C)=CC21'],"{78272, 69449, 32012, 54053}"
marts_E00941,sesq,CC(C)=CCCC(C)=CCCC(C)=CCOP([O-])(=O)OP([O-])([O-])=O,CC(C)C1CCC(C)C2(O)CCC(C)=CC21,['CC(C)=CCCC(C)=CCCC(C)=CCOP([O-])(=O)OP([O-])([O-])=O'],['CC(C)C1CCC(C)C2(O)CCC(C)=CC21'],{29480}
marts_E00941,sesq,CC(C)=CCCC(C)=CCCC(C)=CCOP([O-])(=O)OP([O-])([O-])=O,CC(C)C1CCC(C)(O)C2CCC(C)=CC21,['CC(C)=CCCC(C)=CCCC(C)=CCOP([O-])(=O)OP([O-])([O-])=O'],['CC(C)C1CCC(C)(O)C2CCC(C)=CC21'],"{78272, 69449, 32012, 54053}"
marts_E00941,sesq,CC(C)=CCCC(C)=CCCC(C)=CCOP([O-])(=O)OP([O-])([O-])=O,CC1CCC2C(C)CCC(C(C)C)=C2C=1,['CC(C)=CCCC(C)=CCCC(C)=CCOP([O-])(=O)OP([O-])([O-])=O'],['CC1CCC2C(C)CCC(C(C)C)=C2C=1'],set()
marts_E00941,sesq,CC(C)=CCCC(C)=CCCC(C)=CCOP([O-])(=O)OP([O-])([O-])=O,CC(C)C1CCC(C)C23CC=C(C)C2C31,['CC(C)=CCCC(C)=CCCC(C)=CCOP([O-])(=O)OP([O-])([O-])=O'],['CC(C)C1CCC(C)C23CC=C(C)C2C31'],set()
marts_E00941,sesq,CC(C)=CCCC(C)=CCCC(C)=CCOP([O-])(=O)OP([O-])([O-])=O,CC(C)C1CCC(C)C23CCC(=C)C2C31,['CC(C)=CCCC(C)=CCCC(C)=CCOP([O-])(=O)OP([O-])([O-])=O'],['CC(C)C1CCC(C)C23CCC(=C)C2C31'],{32020}
marts_E00941,sesq,CC(C)=CCCC(C)=CCCC(C)=CCOP([O-])(=O)OP([O-])([O-])=O,CC1C=C2C(CCC(C)C2CC=1)C(C)C,['CC(C)=CCCC(C)=CCCC(C)=CCOP([O-])(=O)OP([O-])([O-])=O'],['CC1C=C2C(CCC(C)C2CC=1)C(C)C'],{29488}
marts_E00941,sesq,CC(C)=CCCC(C)=CCCC(C)=CCOP([O-])(=O)OP([O-])([O-])=O,CC(C)C1CCC(C)C2CCC(=C)C=C21,['CC(C)=CCCC(C)=CCCC(C)=CCOP([O-])(=O)OP([O-])([O-])=O'],['CC(C)C1CCC(C)C2CCC(=C)C=C21'],{29492}
marts_E00941,sesq,CC(C)=CCCC(C)=CCCC(C)=CCOP([O-])(=O)OP([O-])([O-])=O,CC(C)C1CCC(C)C2(O)CCC(C)=CC21,['CC(C)=CCCC(C)=CCCC(C)=CCOP([O-])(=O)OP([O-])([O-])=O'],['CC(C)C1CCC(C)C2(O)CCC(C)=CC21'],{29480}
marts_E00942,sesq,CC(C)=CCCC(C)=CCCC(C)=CCOP([O-])(=O)OP([O-])([O-])=O,CC(=C)C1CC2(C)C(C)CCC=C2CC1,['CC(C)=CCCC(C)=CCCC(C)=CCOP([O-])(=O)OP([O-])([O-])=O'],['CC(=C)C1CC2(C)C(C)CCC=C2CC1'],"{29512, 58169, 52805}"
marts_E00943,di,CC(C)=CCCC(C)=CCCC(C)=CCCC(C)=CCOP([O-])(=O)OP([O-])([O-])=O,CC1CCC2(C)C(CCC=C2C)C1(C)CCC(C)=CCOP([O-])(=O)OP([O-])([O-])=O,['CC(C)=CCCC(C)=CCCC(C)=CCCC(C)=CCOP([O-])(=O)OP([O-])([O-])=O'],['CC1CCC2(C)C(CCC=C2C)C1(C)CCC(C)=CCOP([O-])(=O)OP([O-])([O-])=O'],"{54685, 54677, 25614}"
marts_E00944,tri,CC(C)=CCCC(C)=CCCC(C)=CCCC=C(C)CCC=C(C)CCC1OC1(C)C,CC1(C)C(O)CCC23CC42CCC2(C)C(CCC2(C)C4CCC13)C(C)CCC=C(C)C,['CC(C)=CCCC(C)=CCCC(C)=CCCC=C(C)CCC=C(C)CCC1OC1(C)C'],['CC1(C)C(O)CCC23CC42CCC2(C)C(CCC2(C)C4CCC13)C(C)CCC=C(C)C'],{21309}
marts_E00945,sesq,CC(C)=CCCC(C)=CCCC(C)=CCOP([O-])(=O)OP([O-])([O-])=O,CC1(O)CCC23C1C2C(CCC3C)C(C)C,['CC(C)=CCCC(C)=CCCC(C)=CCOP([O-])(=O)OP([O-])([O-])=O'],['CC1(O)CCC23C1C2C(CCC3C)C(C)C'],"{31824, 54049, 54065}"
marts_E00945,sesq,CC(C)=CCCC(C)=CCCC(C)=CCOP([O-])(=O)OP([O-])([O-])=O,CC(C)C1CCC2(C)C3C1C2CCC3=C,['CC(C)=CCCC(C)=CCCC(C)=CCOP([O-])(=O)OP([O-])([O-])=O'],['CC(C)C1CCC2(C)C3C1C2CCC3=C'],"{33112, 69776}"
marts_E00945,sesq,CC(C)=CCCC(C)=CCCC(C)=CCOP([O-])(=O)OP([O-])([O-])=O,CC(C)C1CCC(C)C23CCC(=C)C2C31,['CC(C)=CCCC(C)=CCCC(C)=CCOP([O-])(=O)OP([O-])([O-])=O'],['CC(C)C1CCC(C)C23CCC(=C)C2C31'],{32020}
marts_E00945,sesq,CC(C)=CCCC(C)=CCCC(C)=CCOP([O-])(=O)OP([O-])([O-])=O,CC(C)C1CCC2(C)C3CCC(C31)C2=C,['CC(C)=CCCC(C)=CCCC(C)=CCOP([O-])(=O)OP([O-])([O-])=O'],['CC(C)C1CCC2(C)C3CCC(C31)C2=C'],"{33120, 81540}"
marts_E00945,sesq,CC(C)=CCCC(C)=CCCC(C)=CCOP([O-])(=O)OP([O-])([O-])=O,CC1CCC(C=CC(=C)CCC=1)C(C)C,['CC(C)=CCCC(C)=CCCC(C)=CCOP([O-])(=O)OP([O-])([O-])=O'],['CC1CCC(C=CC(=C)CCC=1)C(C)C'],"{12017, 30428, 68717}"
marts_E00945,sesq,CC(C)=CCCC(C)=CCCC(C)=CCOP([O-])(=O)OP([O-])([O-])=O,CC(C)C1CCC(C)=C2CCC(C)=CC21,['CC(C)=CCCC(C)=CCCC(C)=CCOP([O-])(=O)OP([O-])([O-])=O'],['CC(C)C1CCC(C)=C2CCC(C)=CC21'],"{32016, 56557, 19526}"
marts_E00945,mono,CC(C)=CCCC(C)=CCOP([O-])(=O)OP([O-])([O-])=O,CC(C)=CCC=C(C)C=C,['CC(C)=CCCC(C)=CCOP([O-])(=O)OP([O-])([O-])=O'],['CC(C)=CCC=C(C)C=C'],"{68825, 32692}"
marts_E00945,mono,CC(C)=CCCC(C)=CCOP([O-])(=O)OP([O-])([O-])=O,CC(C)=CCC=C(C)C=C,['CC(C)=CCCC(C)=CCOP([O-])(=O)OP([O-])([O-])=O'],['CC(C)=CCC=C(C)C=C'],"{68825, 32692}"
marts_E00945,mono,CC(C)=CCCC(C)=CCOP([O-])(=O)OP([O-])([O-])=O,CC1CCC(CC=1)C(C)=C,['CC(C)=CCCC(C)=CCOP([O-])(=O)OP([O-])([O-])=O'],['CC1CCC(CC=1)C(C)=C'],"{68641, 10941, 12870}"
marts_E00945,mono,CC(C)=CCCC(C)=CCOP([O-])(=O)OP([O-])([O-])=O,CC(C)=C1CC=C(C)CC1,['CC(C)=CCCC(C)=CCOP([O-])(=O)OP([O-])([O-])=O'],['CC(C)=C1CC=C(C)CC1'],{25501}
marts_E00945,mono,CC(C)=CCCC(C)=CCOP([O-])(=O)OP([O-])([O-])=O,CC(C)C1CC=C(C)C=C1,['CC(C)=CCCC(C)=CCOP([O-])(=O)OP([O-])([O-])=O'],['CC(C)C1CC=C(C)C=C1'],set()
marts_E00946,sesq,CC(C)=CCCC(C)=CCCC(C)=CCOP([O-])(=O)OP([O-])([O-])=O,CC(C)C1CC=C(C)C2CCC(C)=CC21,['CC(C)=CCCC(C)=CCCC(C)=CCOP([O-])(=O)OP([O-])([O-])=O'],['CC(C)C1CC=C(C)C2CCC(C)=CC21'],"{33104, 53641, 69445}"
marts_E00946,sesq,CC(C)=CCCC(C)=CCCC(C)=CCOP([O-])(=O)OP([O-])([O-])=O,CC1CCC2C(C=1)C(CCC2=C)C(C)C,['CC(C)=CCCC(C)=CCCC(C)=CCOP([O-])(=O)OP([O-])([O-])=O'],['CC1CCC2C(C=1)C(CCC2=C)C(C)C'],"{28640, 68849, 31828, 33108}"
marts_E00946,sesq,CC(C)=CCCC(C)=CCCC(C)=CCOP([O-])(=O)OP([O-])([O-])=O,CC1CCC(CC=C(C)CCC=1)C(C)=C,['CC(C)=CCCC(C)=CCCC(C)=CCOP([O-])(=O)OP([O-])([O-])=O'],['CC1CCC(CC=C(C)CCC=1)C(C)=C'],"{68777, 25453, 12517}"
marts_E00946,sesq,CC(C)=CCCC(C)=CCCC(C)=CCOP([O-])(=O)OP([O-])([O-])=O,CC(C)C1CCC2(C)C3C1C2CC=C3C,['CC(C)=CCCC(C)=CCCC(C)=CCOP([O-])(=O)OP([O-])([O-])=O'],['CC(C)C1CCC2(C)C3C1C2CC=C3C'],{33992}
marts_E00946,sesq,CC(C)=CCCC(C)=CCCC(C)=CCOP([O-])(=O)OP([O-])([O-])=O,CC1CCC(C=CC(=C)CCC=1)C(C)C,['CC(C)=CCCC(C)=CCCC(C)=CCOP([O-])(=O)OP([O-])([O-])=O'],['CC1CCC(C=CC(=C)CCC=1)C(C)C'],"{12017, 30428, 68717}"
marts_E00946,sesq,CC(C)=CCCC(C)=CCCC(C)=CCOP([O-])(=O)OP([O-])([O-])=O,CC(C)C1CCC(C)=C2CCC(C)=CC21,['CC(C)=CCCC(C)=CCCC(C)=CCOP([O-])(=O)OP([O-])([O-])=O'],['CC(C)C1CCC(C)=C2CCC(C)=CC21'],"{32016, 56557, 19526}"
marts_E00947,sesq,CC(C)=CCCC(C)=CCCC(C)=CCOP([O-])(=O)OP([O-])([O-])=O,CC1(C)CCCC1(C)C1CCC(C)=CC=1,['CC(C)=CCCC(C)=CCCC(C)=CCOP([O-])(=O)OP([O-])([O-])=O'],['CC1(C)CCCC1(C)C1CCC(C)=CC=1'],{32028}
marts_E00947,mono,CC(C)=CCCC(C)=CCOP([O-])(=O)OP([O-])([O-])=O,CC(C)=CCC=C(C)C=C,['CC(C)=CCCC(C)=CCOP([O-])(=O)OP([O-])([O-])=O'],['CC(C)=CCC=C(C)C=C'],"{68825, 32692}"
marts_E00947,mono,CC(C)=CCCC(C)=CCOP([O-])(=O)OP([O-])([O-])=O,CC(C)=CCC=C(C)C=C,['CC(C)=CCCC(C)=CCOP([O-])(=O)OP([O-])([O-])=O'],['CC(C)=CCC=C(C)C=C'],"{68825, 32692}"
marts_E00947,mono,CC(C)=CCCC(C)=CCOP([O-])(=O)OP([O-])([O-])=O,CC(C)=CCCC(C)(O)C=C,['CC(C)=CCCC(C)=CCOP([O-])(=O)OP([O-])([O-])=O'],['CC(C)=CCCC(C)(O)C=C'],"{15810, 68709, 24117}"
marts_E00948,tri,CC(C)=CCCC(C)=CCCC(C)=CCCC=C(C)CCC=C(C)CCC1OC1(C)C,CC1(C)C(O)CCC2(C)C1CCC1(C)C2CCC2C3C(CCC3(C)CCC12C)C(C)=C,['CC(C)=CCCC(C)=CCCC(C)=CCCC=C(C)CCC=C(C)CCC1OC1(C)C'],['CC1(C)C(O)CCC2(C)C1CCC1(C)C2CCC2C3C(CCC3(C)CCC12C)C(C)=C'],{31384}
marts_E00949,tri,CC(C)=CCCC(C)=CCCC(C)=CCCC=C(C)CCC=C(C)CCC1OC1(C)C,CC1(C)CC2C3=CCC4C5(C)CCC(O)C(C)(C)C5CCC4(C)C3(C)CCC2(C)CC1,['CC(C)=CCCC(C)=CCCC(C)=CCCC=C(C)CCC=C(C)CCC1OC1(C)C'],['CC1(C)CC2C3=CCC4C5(C)CCC(O)C(C)(C)C5CCC4(C)C3(C)CCC2(C)CC1'],{31008}
marts_E00950,tri,CC(C)=CCCC(C)=CCCC(C)=CCCC=C(C)CCC=C(C)CCC1OC1(C)C,CC1(C)CC2C3(C)CCC4C5(C)CCC(O)C(C)(C)C5CCC4(C)C3=CCC2(C)CC1,['CC(C)=CCCC(C)=CCCC(C)=CCCC=C(C)CCC=C(C)CCC1OC1(C)C'],['CC1(C)CC2C3(C)CCC4C5(C)CCC(O)C(C)(C)C5CCC4(C)C3=CCC2(C)CC1'],{30432}
marts_E00950,tri,CC(C)=CCCC(C)=CCCC(C)=CCCC=C(C)CCC=C(C)CCC1OC1(C)C,CC1(C)C(O)CCC2(C)C1CCC1(C)C2CCC2C3C(CCC3(C)CCC12C)C(C)=C,['CC(C)=CCCC(C)=CCCC(C)=CCCC=C(C)CCC=C(C)CCC1OC1(C)C'],['CC1(C)C(O)CCC2(C)C1CCC1(C)C2CCC2C3C(CCC3(C)CCC12C)C(C)=C'],{31384}
marts_E00950,tri,CC(C)=CCCC(C)=CCCC(C)=CCCC=C(C)CCC=C(C)CCC1OC1(C)C,CC1(C)CC2C3=CCC4C5(C)CCC(O)C(C)(C)C5CCC4(C)C3(C)CCC2(C)CC1,['CC(C)=CCCC(C)=CCCC(C)=CCCC=C(C)CCC=C(C)CCC1OC1(C)C'],['CC1(C)CC2C3=CCC4C5(C)CCC(O)C(C)(C)C5CCC4(C)C3(C)CCC2(C)CC1'],{31008}
marts_E00951,tri,CC(C)=CCCC(C)=CCCC(C)=CCCC=C(C)CCC=C(C)CCC1OC1(C)C,CC1(C)CCC2(C)CCC3(C)C(CCC4C5(C)CCC(O)C(C)(C)C5CCC34C)C2=C1,['CC(C)=CCCC(C)=CCCC(C)=CCCC=C(C)CCC=C(C)CCC1OC1(C)C'],['CC1(C)CCC2(C)CCC3(C)C(CCC4C5(C)CCC(O)C(C)(C)C5CCC34C)C2=C1'],{31004}
marts_E00951,tri,CC(C)=CCCC(C)=CCCC(C)=CCCC=C(C)CCC=C(C)CCC1OC1(C)C,CC1(C)C(O)CCC2(C)C1CCC1(C)C2CCC2C3C(CCC3(C)CCC12C)C(C)=C,['CC(C)=CCCC(C)=CCCC(C)=CCCC=C(C)CCC=C(C)CCC1OC1(C)C'],['CC1(C)C(O)CCC2(C)C1CCC1(C)C2CCC2C3C(CCC3(C)CCC12C)C(C)=C'],{31384}
marts_E00951,tri,CC(C)=CCCC(C)=CCCC(C)=CCCC=C(C)CCC=C(C)CCC1OC1(C)C,CC1(C)CC2C3=CCC4C5(C)CCC(O)C(C)(C)C5CCC4(C)C3(C)CCC2(C)CC1,['CC(C)=CCCC(C)=CCCC(C)=CCCC=C(C)CCC=C(C)CCC1OC1(C)C'],['CC1(C)CC2C3=CCC4C5(C)CCC(O)C(C)(C)C5CCC4(C)C3(C)CCC2(C)CC1'],{31008}
marts_E00952,sesq,CC(C)=CCCC(C)=CCCC(C)=CCOP([O-])(=O)OP([O-])([O-])=O,CC(C)C1CCC(C)(O)C2CCC(C)=CC21,['CC(C)=CCCC(C)=CCCC(C)=CCOP([O-])(=O)OP([O-])([O-])=O'],['CC(C)C1CCC(C)(O)C2CCC(C)=CC21'],"{78272, 69449, 32012, 54053}"
marts_E00952,sesq,CC(C)=CCCC(C)=CCCC(C)=CCOP([O-])(=O)OP([O-])([O-])=O,CC(C)C1CCC(C)=C2CCC(C)=CC21,['CC(C)=CCCC(C)=CCCC(C)=CCOP([O-])(=O)OP([O-])([O-])=O'],['CC(C)C1CCC(C)=C2CCC(C)=CC21'],"{32016, 56557, 19526}"
marts_E00952,sesq,CC(C)=CCCC(C)=CCCC(C)=CCOP([O-])(=O)OP([O-])([O-])=O,CC(C)C1CC=C(C)C2CCC(C)=CC21,['CC(C)=CCCC(C)=CCCC(C)=CCOP([O-])(=O)OP([O-])([O-])=O'],['CC(C)C1CC=C(C)C2CCC(C)=CC21'],"{33104, 53641, 69445}"
marts_E00952,sesq,CC(C)=CCCC(C)=CCCC(C)=CCOP([O-])(=O)OP([O-])([O-])=O,CC1CCC2C(C=1)C(CCC2=C)C(C)C,['CC(C)=CCCC(C)=CCCC(C)=CCOP([O-])(=O)OP([O-])([O-])=O'],['CC1CCC2C(C=1)C(CCC2=C)C(C)C'],"{28640, 68849, 31828, 33108}"
marts_E00953,mono,CC(C)=CCCC(C)=CCOP([O-])(=O)OP([O-])([O-])=O,CC1=CCC2CC1C2(C)C,['CC(C)=CCCC(C)=CCOP([O-])(=O)OP([O-])([O-])=O'],['CC1=CCC2CC1C2(C)C'],"{32576, 25489, 25663}"
marts_E00953,mono,CC(C)=CCCC(C)=CCOP([O-])(=O)OP([O-])([O-])=O,CC1CCC(CC=1)C(C)=C,['CC(C)=CCCC(C)=CCOP([O-])(=O)OP([O-])([O-])=O'],['CC1CCC(CC=1)C(C)=C'],"{68641, 10941, 12870}"
marts_E00953,mono,CC(C)=CCCC(C)=CCOP([O-])(=O)OP([O-])([O-])=O,CC(C)=CCCC(=C)C=C,['CC(C)=CCCC(C)=CCOP([O-])(=O)OP([O-])([O-])=O'],['CC(C)=CCCC(=C)C=C'],{16966}
marts_E00953,mono,CC(C)=CCCC(C)=CCOP([O-])(=O)OP([O-])([O-])=O,CC1(C)C2CC1CCC2=C,['CC(C)=CCCC(C)=CCOP([O-])(=O)OP([O-])([O-])=O'],['CC1(C)C2CC1CCC2=C'],"{25497, 25667, 32580}"
marts_E00954,mono,CC(C)=CCCC(C)=CCOP([O-])(=O)OP([O-])([O-])=O,CC1CCC(CC=1)C(C)=C,['CC(C)=CCCC(C)=CCOP([O-])(=O)OP([O-])([O-])=O'],['CC1CCC(CC=1)C(C)=C'],"{68641, 10941, 12870}"
marts_E00954,mono,CC(C)=CCCC(C)=CCOP([O-])(=O)OP([O-])([O-])=O,CC(C)=CCCC(=C)C=C,['CC(C)=CCCC(C)=CCOP([O-])(=O)OP([O-])([O-])=O'],['CC(C)=CCCC(=C)C=C'],{16966}
marts_E00954,mono,CC(C)=CCCC(C)=CCOP([O-])(=O)OP([O-])([O-])=O,CC1(C)C2CC1CCC2=C,['CC(C)=CCCC(C)=CCOP([O-])(=O)OP([O-])([O-])=O'],['CC1(C)C2CC1CCC2=C'],"{25497, 25667, 32580}"
marts_E00954,mono,CC(C)=CCCC(C)=CCOP([O-])(=O)OP([O-])([O-])=O,CC1=CCC2CC1C2(C)C,['CC(C)=CCCC(C)=CCOP([O-])(=O)OP([O-])([O-])=O'],['CC1=CCC2CC1C2(C)C'],"{32576, 25489, 25663}"
marts_E00954,mono,CC(C)=CCCC(C)=CCOP([O-])(=O)OP([O-])([O-])=O,CC(C)=C1CC=C(C)CC1,['CC(C)=CCCC(C)=CCOP([O-])(=O)OP([O-])([O-])=O'],['CC(C)=C1CC=C(C)CC1'],{25501}
marts_E00955,tri,CC(C)=CCCC(C)=CCCC(C)=CCCC=C(C)CCC=C(C)CCC1OC1(C)C,CC1(C)C(O)CCC23CC42CCC2(C)C(CCC2(C)C4CCC13)C(C)CCC=C(C)C,['CC(C)=CCCC(C)=CCCC(C)=CCCC=C(C)CCC=C(C)CCC1OC1(C)C'],['CC1(C)C(O)CCC23CC42CCC2(C)C(CCC2(C)C4CCC13)C(C)CCC=C(C)C'],{21309}
marts_E00956,tri,CC(C)=CCCC(C)=CCCC(C)=CCCC=C(C)CCC=C(C)CCC1OC1(C)C,CC1(C)C(O)CCC23CC42CCC2(C)C(CCC2(C)C4CCC13)C(C)CCC=C(C)C,['CC(C)=CCCC(C)=CCCC(C)=CCCC=C(C)CCC=C(C)CCC1OC1(C)C'],['CC1(C)C(O)CCC23CC42CCC2(C)C(CCC2(C)C4CCC13)C(C)CCC=C(C)C'],{21309}
marts_E00957,mono,CC(C)=CCCC(C)=CCOP([O-])(=O)OP([O-])([O-])=O,CC1(C)C2CC1CCC2=C,['CC(C)=CCCC(C)=CCOP([O-])(=O)OP([O-])([O-])=O'],['CC1(C)C2CC1CCC2=C'],"{25497, 25667, 32580}"
marts_E00957,mono,CC(C)=CCCC(C)=CCOP([O-])(=O)OP([O-])([O-])=O,CC(C)C12CCC(=C)C1C2,['CC(C)=CCCC(C)=CCOP([O-])(=O)OP([O-])([O-])=O'],['CC(C)C12CCC(=C)C1C2'],"{68637, 32548, 25509}"
marts_E00957,mono,CC(C)=CCCC(C)=CCOP([O-])(=O)OP([O-])([O-])=O,CC1=CCC2CC1C2(C)C,['CC(C)=CCCC(C)=CCOP([O-])(=O)OP([O-])([O-])=O'],['CC1=CCC2CC1C2(C)C'],"{32576, 25489, 25663}"
marts_E00957,mono,CC(C)=CCCC(C)=CCOP([O-])(=O)OP([O-])([O-])=O,CC(C)C1CCC(=C)C=C1,['CC(C)=CCCC(C)=CCOP([O-])(=O)OP([O-])([O-])=O'],['CC(C)C1CCC(=C)C=C1'],"{25505, 25493, 27831}"
marts_E00958,mono,CC(C)=CCCC(C)=CCOP([O-])(=O)OP([O-])([O-])=O,CC(C)C12CCC(=C)C1C2,['CC(C)=CCCC(C)=CCOP([O-])(=O)OP([O-])([O-])=O'],['CC(C)C12CCC(=C)C1C2'],"{68637, 32548, 25509}"
marts_E00958,mono,CC(C)=CCCC(C)=CCOP([O-])(=O)OP([O-])([O-])=O,CC(C)=CCCC(=C)C=C,['CC(C)=CCCC(C)=CCOP([O-])(=O)OP([O-])([O-])=O'],['CC(C)=CCCC(=C)C=C'],{16966}
marts_E00959,mono,CC(C)=CCCC(C)=CCOP([O-])(=O)OP([O-])([O-])=O,CC1(C)OC2(C)CCC1CC2,['CC(C)=CCCC(C)=CCOP([O-])(=O)OP([O-])([O-])=O'],['CC1(C)OC2(C)CCC1CC2'],"{32544, 56633}"
marts_E00959,mono,CC(C)=CCCC(C)=CCOP([O-])(=O)OP([O-])([O-])=O,CC1=CCC2CC1C2(C)C,['CC(C)=CCCC(C)=CCOP([O-])(=O)OP([O-])([O-])=O'],['CC1=CCC2CC1C2(C)C'],"{32576, 25489, 25663}"
marts_E00959,mono,CC(C)=CCCC(C)=CCOP([O-])(=O)OP([O-])([O-])=O,CC(C)C12CCC(=C)C1C2,['CC(C)=CCCC(C)=CCOP([O-])(=O)OP([O-])([O-])=O'],['CC(C)C12CCC(=C)C1C2'],"{68637, 32548, 25509}"
marts_E00959,mono,CC(C)=CCCC(C)=CCOP([O-])(=O)OP([O-])([O-])=O,CC1(C)C2CC1CCC2=C,['CC(C)=CCCC(C)=CCOP([O-])(=O)OP([O-])([O-])=O'],['CC1(C)C2CC1CCC2=C'],"{25497, 25667, 32580}"
marts_E00959,mono,CC(C)=CCCC(C)=CCOP([O-])(=O)OP([O-])([O-])=O,CC(C)=CCCC(=C)C=C,['CC(C)=CCCC(C)=CCOP([O-])(=O)OP([O-])([O-])=O'],['CC(C)=CCCC(=C)C=C'],{16966}
marts_E00959,mono,CC(C)=CCCC(C)=CCOP([O-])(=O)OP([O-])([O-])=O,CC1CCC(CC=1)C(C)=C,['CC(C)=CCCC(C)=CCOP([O-])(=O)OP([O-])([O-])=O'],['CC1CCC(CC=1)C(C)=C'],"{68641, 10941, 12870}"
marts_E00959,mono,CC(C)=CCCC(C)=CCOP([O-])(=O)OP([O-])([O-])=O,CC1CCC(CC=1)C(C)(C)O,['CC(C)=CCCC(C)=CCOP([O-])(=O)OP([O-])([O-])=O'],['CC1CCC(CC=1)C(C)(C)O'],"{32552, 32556}"
marts_E00960,mono,CC(C)=CCCC(C)=CCOP([O-])(=O)OP([O-])([O-])=O,CC1CCC(CC=1)C(C)(C)O,['CC(C)=CCCC(C)=CCOP([O-])(=O)OP([O-])([O-])=O'],['CC1CCC(CC=1)C(C)(C)O'],"{32552, 32556}"
marts_E00960,mono,CC(C)=CCCC(C)=CCOP([O-])(=O)OP([O-])([O-])=O,CC1CCC(CC=1)C(C)=C,['CC(C)=CCCC(C)=CCOP([O-])(=O)OP([O-])([O-])=O'],['CC1CCC(CC=1)C(C)=C'],"{68641, 10941, 12870}"
marts_E00960,mono,CC(C)=CCCC(C)=CCOP([O-])(=O)OP([O-])([O-])=O,CC1CC=C(CC=1)C(C)C,['CC(C)=CCCC(C)=CCOP([O-])(=O)OP([O-])([O-])=O'],['CC1CC=C(CC=1)C(C)C'],{32560}
marts_E00960,mono,CC(C)=CCCC(C)=CCOP([O-])(=O)OP([O-])([O-])=O,CC(C)=C1CC=C(C)CC1,['CC(C)=CCCC(C)=CCOP([O-])(=O)OP([O-])([O-])=O'],['CC(C)=C1CC=C(C)CC1'],{25501}
marts_E00961,mono,CC(C)=CCCC(C)=CCOP([O-])(=O)OP([O-])([O-])=O,CC1(C)OC2(C)CCC1CC2,['CC(C)=CCCC(C)=CCOP([O-])(=O)OP([O-])([O-])=O'],['CC1(C)OC2(C)CCC1CC2'],"{32544, 56633}"
marts_E00961,mono,CC(C)=CCCC(C)=CCOP([O-])(=O)OP([O-])([O-])=O,CC(C)=CCCC(=C)C=C,['CC(C)=CCCC(C)=CCOP([O-])(=O)OP([O-])([O-])=O'],['CC(C)=CCCC(=C)C=C'],{16966}
marts_E00961,mono,CC(C)=CCCC(C)=CCOP([O-])(=O)OP([O-])([O-])=O,CC1CCC(CC=1)C(C)=C,['CC(C)=CCCC(C)=CCOP([O-])(=O)OP([O-])([O-])=O'],['CC1CCC(CC=1)C(C)=C'],"{68641, 10941, 12870}"
marts_E00961,mono,CC(C)=CCCC(C)=CCOP([O-])(=O)OP([O-])([O-])=O,CC1=CCC2CC1C2(C)C,['CC(C)=CCCC(C)=CCOP([O-])(=O)OP([O-])([O-])=O'],['CC1=CCC2CC1C2(C)C'],"{32576, 25489, 25663}"
marts_E00961,mono,CC(C)=CCCC(C)=CCOP([O-])(=O)OP([O-])([O-])=O,CC(C)C12CCC(=C)C1C2,['CC(C)=CCCC(C)=CCOP([O-])(=O)OP([O-])([O-])=O'],['CC(C)C12CCC(=C)C1C2'],"{68637, 32548, 25509}"
marts_E00961,mono,CC(C)=CCCC(C)=CCOP([O-])(=O)OP([O-])([O-])=O,CC1CCC(CC=1)C(C)(C)O,['CC(C)=CCCC(C)=CCOP([O-])(=O)OP([O-])([O-])=O'],['CC1CCC(CC=1)C(C)(C)O'],"{32552, 32556}"
marts_E00961,mono,CC(C)=CCCC(C)=CCOP([O-])(=O)OP([O-])([O-])=O,CC(C)=CCC=C(C)C=C,['CC(C)=CCCC(C)=CCOP([O-])(=O)OP([O-])([O-])=O'],['CC(C)=CCC=C(C)C=C'],"{68825, 32692}"
marts_E00962,tri,CC(C)=CCCC(C)=CCCC(C)=CCCC=C(C)CCC=C(C)CCC1OC1(C)C,CC1(C)C(O)CCC2(C)C1CCC1(C)C2CC=C2C3C(C)C(C)CCC3(C)CCC12C,['CC(C)=CCCC(C)=CCCC(C)=CCCC=C(C)CCC=C(C)CCC1OC1(C)C'],['CC1(C)C(O)CCC2(C)C1CCC1(C)C2CC=C2C3C(C)C(C)CCC3(C)CCC12C'],{31388}
marts_E00962,tri,CC(C)=CCCC(C)=CCCC(C)=CCCC=C(C)CCC=C(C)CCC1OC1(C)C,CC1(C)CC2C3=CCC4C5(C)CCC(O)C(C)(C)C5CCC4(C)C3(C)CCC2(C)CC1,['CC(C)=CCCC(C)=CCCC(C)=CCCC=C(C)CCC=C(C)CCC1OC1(C)C'],['CC1(C)CC2C3=CCC4C5(C)CCC(O)C(C)(C)C5CCC4(C)C3(C)CCC2(C)CC1'],{31008}
marts_E00962,tri,CC(C)=CCCC(C)=CCCC(C)=CCCC=C(C)CCC=C(C)CCC1OC1(C)C,CC1(C)C(O)CCC2(C)C1CCC1(C)C2CCC2C3C(C)C(C)=CCC3(C)CCC12C,['CC(C)=CCCC(C)=CCCC(C)=CCCC=C(C)CCC=C(C)CCC1OC1(C)C'],['CC1(C)C(O)CCC2(C)C1CCC1(C)C2CCC2C3C(C)C(C)=CCC3(C)CCC12C'],set()
marts_E00962,tri,CC(C)=CCCC(C)=CCCC(C)=CCCC=C(C)CCC=C(C)CCC1OC1(C)C,CC1(C)C(O)CCC2(C)C1CC=C1C2CCC2(C)C(CCC21C)C(C)CCC=C(C)C,['CC(C)=CCCC(C)=CCCC(C)=CCCC=C(C)CCC=C(C)CCC1OC1(C)C'],['CC1(C)C(O)CCC2(C)C1CC=C1C2CCC2(C)C(CCC21C)C(C)CCC=C(C)C'],{31888}
marts_E00963,sesq,CC(C)=CCCC(C)=CCCC(C)=CCOP([O-])(=O)OP([O-])([O-])=O,CC(C)C1CCC(C)C23CC=C(C)C2C31,['CC(C)=CCCC(C)=CCCC(C)=CCOP([O-])(=O)OP([O-])([O-])=O'],['CC(C)C1CCC(C)C23CC=C(C)C2C31'],set()
marts_E00963,sesq,CC(C)=CCCC(C)=CCCC(C)=CCOP([O-])(=O)OP([O-])([O-])=O,CC(C)C1CCC2(C)C3C1C2CC=C3C,['CC(C)=CCCC(C)=CCCC(C)=CCOP([O-])(=O)OP([O-])([O-])=O'],['CC(C)C1CCC2(C)C3C1C2CC=C3C'],{33992}
marts_E00963,sesq,CC(C)=CCCC(C)=CCCC(C)=CCOP([O-])(=O)OP([O-])([O-])=O,CC(C)C1CCC(C)C23CCC(=C)C2C31,['CC(C)=CCCC(C)=CCCC(C)=CCOP([O-])(=O)OP([O-])([O-])=O'],['CC(C)C1CCC(C)C23CCC(=C)C2C31'],{32020}
marts_E00963,sesq,CC(C)=CCCC(C)=CCCC(C)=CCOP([O-])(=O)OP([O-])([O-])=O,CC1CCC2C(C)CCC3C(C=12)C3(C)C,['CC(C)=CCCC(C)=CCCC(C)=CCOP([O-])(=O)OP([O-])([O-])=O'],['CC1CCC2C(C)CCC3C(C=12)C3(C)C'],{29508}
marts_E00963,sesq,CC(C)=CCCC(C)=CCCC(C)=CCOP([O-])(=O)OP([O-])([O-])=O,CC1CCC2C(CC2(C)C)C(=C)CCC=1,['CC(C)=CCCC(C)=CCCC(C)=CCOP([O-])(=O)OP([O-])([O-])=O'],['CC1CCC2C(CC2(C)C)C(=C)CCC=1'],"{31816, 34704, 28295}"
marts_E00963,sesq,CC(C)=CCCC(C)=CCCC(C)=CCOP([O-])(=O)OP([O-])([O-])=O,CC(C)C1CCC(C)=C2CCC(C)=CC21,['CC(C)=CCCC(C)=CCCC(C)=CCOP([O-])(=O)OP([O-])([O-])=O'],['CC(C)C1CCC(C)=C2CCC(C)=CC21'],"{32016, 56557, 19526}"
marts_E00963,sesq,CC(C)=CCCC(C)=CCCC(C)=CCOP([O-])(=O)OP([O-])([O-])=O,CC1CC=C2C(C=1)C(CCC2C)C(C)C,['CC(C)=CCCC(C)=CCCC(C)=CCOP([O-])(=O)OP([O-])([O-])=O'],['CC1CC=C2C(C=1)C(CCC2C)C(C)C'],{29476}
marts_E00963,sesq,CC(C)=CCCC(C)=CCCC(C)=CCOP([O-])(=O)OP([O-])([O-])=O,CC(C)C1CC=C(C)C2CCC(C)=CC21,['CC(C)=CCCC(C)=CCCC(C)=CCOP([O-])(=O)OP([O-])([O-])=O'],['CC(C)C1CC=C(C)C2CCC(C)=CC21'],"{33104, 53641, 69445}"
marts_E00963,sesq,CC(C)=CCCC(C)=CCCC(C)=CCOP([O-])(=O)OP([O-])([O-])=O,CC(C)C1CCC(C)(O)C2CCC(C)=CC21,['CC(C)=CCCC(C)=CCCC(C)=CCOP([O-])(=O)OP([O-])([O-])=O'],['CC(C)C1CCC(C)(O)C2CCC(C)=CC21'],"{78272, 69449, 32012, 54053}"
marts_E00963,sesq,CC(C)=CCCC(C)=CCCC(C)=CCOP([O-])(=O)OP([O-])([O-])=O,CC1CCC2C(C=1)C(CCC2=C)C(C)C,['CC(C)=CCCC(C)=CCCC(C)=CCOP([O-])(=O)OP([O-])([O-])=O'],['CC1CCC2C(C=1)C(CCC2=C)C(C)C'],"{28640, 68849, 31828, 33108}"
marts_E00964,sesq,CC(C)=CCCC(C)=CCCC(C)=CCOP([O-])(=O)OP([O-])([O-])=O,CC1CCC=C(C)CC=CC(C)(C)CC=1,['CC(C)=CCCC(C)=CCCC(C)=CCOP([O-])(=O)OP([O-])([O-])=O'],['CC1CCC=C(C)CC=CC(C)(C)CC=1'],"{31896, 68781}"
marts_E00964,sesq,CC(C)=CCCC(C)=CCCC(C)=CCOP([O-])(=O)OP([O-])([O-])=O,CC1CCC=C(C)CC(O)CC(C)(C)CC=1,['CC(C)=CCCC(C)=CCCC(C)=CCOP([O-])(=O)OP([O-])([O-])=O'],['CC1CCC=C(C)CC(O)CC(C)(C)CC=1'],set()
marts_E00964,sesq,CC(C)=CCCC(C)=CCCC(C)=CCOP([O-])(=O)OP([O-])([O-])=O,CC1CCC2C(CC2(C)C)C(=C)CCC=1,['CC(C)=CCCC(C)=CCCC(C)=CCOP([O-])(=O)OP([O-])([O-])=O'],['CC1CCC2C(CC2(C)C)C(=C)CCC=1'],"{31816, 34704, 28295}"
marts_E00965,di,CC(C)=CCCC(C)=CCCC(C)=CCCC(C)=CCOP([O-])(=O)OP([O-])([O-])=O,CC1(C)CCCC2(C)C1CCC(=C)C2CCC(C)=CCOP([O-])(=O)OP([O-])([O-])=O,['CC(C)=CCCC(C)=CCCC(C)=CCCC(C)=CCOP([O-])(=O)OP([O-])([O-])=O'],['CC1(C)CCCC2(C)C1CCC(=C)C2CCC(C)=CCOP([O-])(=O)OP([O-])([O-])=O'],"{14842, 24317, 25525}"
marts_E00965,di,CC1(C)CCCC2(C)C1CCC(=C)C2CCC(C)=CCOP([O-])(=O)OP([O-])([O-])=O,CC1(C)CCCC2(C)C1CCC13CC(CCC21)C(=C)C3,['CC1(C)CCCC2(C)C1CCC(=C)C2CCC(C)=CCOP([O-])(=O)OP([O-])([O-])=O'],['CC1(C)CCCC2(C)C1CCC13CC(CCC21)C(=C)C3'],{22221}
marts_E00965,di,CC1(C)CCCC2(C)C1CCC(=C)C2CCC(C)=CCOP([O-])(=O)OP([O-])([O-])=O,CC1(C)CCCC2(C)C1CCC13CC(CCC21)C(C)=C3,['CC1(C)CCCC2(C)C1CCC(=C)C2CCC(C)=CCOP([O-])(=O)OP([O-])([O-])=O'],['CC1(C)CCCC2(C)C1CCC13CC(CCC21)C(C)=C3'],{25760}
marts_E00965,di,CC1(C)CCCC2(C)C1CCC(=C)C2CCC(C)=CCOP([O-])(=O)OP([O-])([O-])=O,CC1(C)CCCC2(C)C1CCC1=CC(C)(CCC21)C=C,['CC1(C)CCCC2(C)C1CCC(=C)C2CCC(C)=CCOP([O-])(=O)OP([O-])([O-])=O'],['CC1(C)CCCC2(C)C1CCC1=CC(C)(CCC21)C=C'],"{25537, 32004, 25541, 32008, 42985}"
marts_E00965,di,CC1(C)CCCC2(C)C1CCC(=C)C2CCC(C)=CCOP([O-])(=O)OP([O-])([O-])=O,CC1(C)CCCC2(C)C1CCC13CC(CCC21)C(C)=C3,['CC1(C)CCCC2(C)C1CCC(=C)C2CCC(C)=CCOP([O-])(=O)OP([O-])([O-])=O'],['CC1(C)CCCC2(C)C1CCC13CC(CCC21)C(C)=C3'],{25760}
marts_E00965,di,CC1(C)CCCC2(C)C1CCC(=C)C2CCC(C)=CCOP([O-])(=O)OP([O-])([O-])=O,CC1(C)CCCC2(C)C1CCC13CC(CCC21)C(C)(O)C3,['CC1(C)CCCC2(C)C1CCC(=C)C2CCC(C)=CCOP([O-])(=O)OP([O-])([O-])=O'],['CC1(C)CCCC2(C)C1CCC13CC(CCC21)C(C)(O)C3'],"{81232, 26431}"
marts_E00968,di,CC1(C)CCCC2(C)C1CCC(=C)C2CCC(C)=CCOP([O-])(=O)OP([O-])([O-])=O,CC1(C)CCCC2(C)C1CCC13CC(CCC21)C(C)=C3,['CC1(C)CCCC2(C)C1CCC(=C)C2CCC(C)=CCOP([O-])(=O)OP([O-])([O-])=O'],['CC1(C)CCCC2(C)C1CCC13CC(CCC21)C(C)=C3'],{25760}
marts_E00969,di,CC1(C)CCCC2(C)C1CCC(=C)C2CCC(C)=CCOP([O-])(=O)OP([O-])([O-])=O,CC1(C)CCCC2(C)C1CCC13CC(CCC21)C(C)=C3,['CC1(C)CCCC2(C)C1CCC(=C)C2CCC(C)=CCOP([O-])(=O)OP([O-])([O-])=O'],['CC1(C)CCCC2(C)C1CCC13CC(CCC21)C(C)=C3'],{25760}
marts_E00970,mono,CC(C)=CCCC(C)=CCOP([O-])(=O)OP([O-])([O-])=O,CC(C)=CCC=C(C)C=C,['CC(C)=CCCC(C)=CCOP([O-])(=O)OP([O-])([O-])=O'],['CC(C)=CCC=C(C)C=C'],"{68825, 32692}"
marts_E00970,mono,CC(C)=CCCC(C)=CCOP([O-])(=O)OP([O-])([O-])=O,CC(C)=CCC=C(C)C=C,['CC(C)=CCCC(C)=CCOP([O-])(=O)OP([O-])([O-])=O'],['CC(C)=CCC=C(C)C=C'],"{68825, 32692}"
marts_E00970,mono,CC(C)=CCCC(C)=CCOP([O-])(=O)OP([O-])([O-])=O,CC(C)=CCCC(=C)C=C,['CC(C)=CCCC(C)=CCOP([O-])(=O)OP([O-])([O-])=O'],['CC(C)=CCCC(=C)C=C'],{16966}
marts_E00970,sesq,CC(C)=CCCC(C)=CCCC(C)=CCOP([O-])(=O)OP([O-])([O-])=O,CC(C)=CCCC(C)=CCC=C(C)C=C,['CC(C)=CCCC(C)=CCCC(C)=CCOP([O-])(=O)OP([O-])([O-])=O'],['CC(C)=CCCC(C)=CCC=C(C)C=C'],{27422}
marts_E00970,sesq,CC(C)=CCCC(C)=CCCC(C)=CCOP([O-])(=O)OP([O-])([O-])=O,CC(C)=CCCC(C)=CCCC(=C)C=C,['CC(C)=CCCC(C)=CCCC(C)=CCOP([O-])(=O)OP([O-])([O-])=O'],['CC(C)=CCCC(C)=CCCC(=C)C=C'],"{68545, 27426, 68857, 68505, 68509}"
marts_E00971,mono,CC(C)=CCCC(C)=C(C)COP([O-])(=O)OP([O-])([O-])=O,CC1(C)C2CC(C)(O)C1(C)CC2,['CC(C)=CCCC(C)=C(C)COP([O-])(=O)OP([O-])([O-])=O'],['CC1(C)C2CC(C)(O)C1(C)CC2'],{32572}
marts_E00972,mono,CC(C)=CCCC(C)=C(C)COP([O-])(=O)OP([O-])([O-])=O,CC1(C)C2CC(C)(O)C1(C)CC2,['CC(C)=CCCC(C)=C(C)COP([O-])(=O)OP([O-])([O-])=O'],['CC1(C)C2CC(C)(O)C1(C)CC2'],{32572}
marts_E00973,di,CC(C)=CCCC(C)=CCCC(C)=CCCC(C)=CCOP([O-])(=O)OP([O-])([O-])=O,CC1CCC2C(C)CCC3=C(CCC3(C)CC=12)C(C)C,['CC(C)=CCCC(C)=CCCC(C)=CCCC(C)=CCOP([O-])(=O)OP([O-])([O-])=O'],['CC1CCC2C(C)CCC3=C(CCC3(C)CC=12)C(C)C'],{26246}
marts_E00973,di,CC(C)=CCCC(C)=CCCC(C)=CCCC(C)=CCOP([O-])(=O)OP([O-])([O-])=O,CC1CCC2=C(CCC2(C)CC=C(C)CCC=1)C(C)C,['CC(C)=CCCC(C)=CCCC(C)=CCCC(C)=CCOP([O-])(=O)OP([O-])([O-])=O'],['CC1CCC2=C(CCC2(C)CC=C(C)CCC=1)C(C)C'],{78276}
marts_E00973,pt,CC(C)=CCCC(C)=CCCC(C)=CCOP([O-])(=O)OP([O-])([O-])=O.CC(=C)CCOP([O-])(=O)OP([O-])([O-])=O,CC(C)=CCCC(C)=CCCC(C)=CCCC(C)=CCOP([O-])(=O)OP([O-])([O-])=O,"['CC(C)=CCCC(C)=CCCC(C)=CCOP([O-])(=O)OP([O-])([O-])=O', 'CC(=C)CCOP([O-])(=O)OP([O-])([O-])=O']",['CC(C)=CCCC(C)=CCCC(C)=CCCC(C)=CCOP([O-])(=O)OP([O-])([O-])=O'],"{31280, 64581, 17654}"
marts_E00973,pt,CC(C)=CCCC(C)=CCOP([O-])(=O)OP([O-])([O-])=O.CC(=C)CCOP([O-])(=O)OP([O-])([O-])=O,CC(C)=CCCC(C)=CCCC(C)=CCCC(C)=CCOP([O-])(=O)OP([O-])([O-])=O,"['CC(C)=CCCC(C)=CCOP([O-])(=O)OP([O-])([O-])=O', 'CC(=C)CCOP([O-])(=O)OP([O-])([O-])=O']",['CC(C)=CCCC(C)=CCCC(C)=CCCC(C)=CCOP([O-])(=O)OP([O-])([O-])=O'],set()
marts_E00973,pt,CC(C)=CCOP([O-])(=O)OP([O-])([O-])=O.CC(=C)CCOP([O-])(=O)OP([O-])([O-])=O,CC(C)=CCCC(C)=CCCC(C)=CCCC(C)=CCOP([O-])(=O)OP([O-])([O-])=O,"['CC(C)=CCOP([O-])(=O)OP([O-])([O-])=O', 'CC(=C)CCOP([O-])(=O)OP([O-])([O-])=O']",['CC(C)=CCCC(C)=CCCC(C)=CCCC(C)=CCOP([O-])(=O)OP([O-])([O-])=O'],{55521}
marts_E00976,sester,CC(C)=CCCC(C)=CCCC(C)=CCCC(C)=CCCC(C)=CCOP([O-])(=O)OP([O-])([O-])=O,CC12CC3C(C)CCC4C(C)CCC4=C(C)C3(O)CC1C(CC2)C(C)C,['CC(C)=CCCC(C)=CCCC(C)=CCCC(C)=CCCC(C)=CCOP([O-])(=O)OP([O-])([O-])=O'],['CC12CC3C(C)CCC4C(C)CCC4=C(C)C3(O)CC1C(CC2)C(C)C'],{54069}
marts_E00976,pt,CC(C)=CCCC(C)=CCCC(C)=CCOP([O-])(=O)OP([O-])([O-])=O.CC(C)=CCCC(C)=CCCC(C)=CCCC(C)=CCOP([O-])(=O)OP([O-])([O-])=O,CC(C)=CCCC(C)=CCCC(C)=CCCC(C)=CCCC(C)=CCOP([O-])(=O)OP([O-])([O-])=O,"['CC(C)=CCCC(C)=CCCC(C)=CCOP([O-])(=O)OP([O-])([O-])=O', 'CC(C)=CCCC(C)=CCCC(C)=CCCC(C)=CCOP([O-])(=O)OP([O-])([O-])=O']",['CC(C)=CCCC(C)=CCCC(C)=CCCC(C)=CCCC(C)=CCOP([O-])(=O)OP([O-])([O-])=O'],set()
marts_E00976,pt,CC(C)=CCOP([O-])(=O)OP([O-])([O-])=O.CC(=C)CCOP([O-])(=O)OP([O-])([O-])=O,CC(C)=CCCC(C)=CCOP([O-])(=O)OP([O-])([O-])=O,"['CC(C)=CCOP([O-])(=O)OP([O-])([O-])=O', 'CC(=C)CCOP([O-])(=O)OP([O-])([O-])=O']",['CC(C)=CCCC(C)=CCOP([O-])(=O)OP([O-])([O-])=O'],"{11329, 22409}"
marts_E00976,pt,CC(C)=CCCC(C)=CCOP([O-])(=O)OP([O-])([O-])=O.CC(=C)CCOP([O-])(=O)OP([O-])([O-])=O,CC(C)=CCCC(C)=CCCC(C)=CCOP([O-])(=O)OP([O-])([O-])=O,"['CC(C)=CCCC(C)=CCOP([O-])(=O)OP([O-])([O-])=O', 'CC(=C)CCOP([O-])(=O)OP([O-])([O-])=O']",['CC(C)=CCCC(C)=CCCC(C)=CCOP([O-])(=O)OP([O-])([O-])=O'],"{19362, 64573, 23301}"
marts_E00976,pt,CC(C)=CCCC(C)=CCOP([O-])(=O)OP([O-])([O-])=O.CC(C)=CCCC(C)=CCCC(C)=CCOP([O-])(=O)OP([O-])([O-])=O,CC(C)=CCCC(C)=CCCC(C)=CCCC(C)=CCOP([O-])(=O)OP([O-])([O-])=O,"['CC(C)=CCCC(C)=CCOP([O-])(=O)OP([O-])([O-])=O', 'CC(C)=CCCC(C)=CCCC(C)=CCOP([O-])(=O)OP([O-])([O-])=O']",['CC(C)=CCCC(C)=CCCC(C)=CCCC(C)=CCOP([O-])(=O)OP([O-])([O-])=O'],set()
marts_E00978,sester,CC(C)=CCCC(C)=CCCC(C)=CCCC(C)=CCCC(C)=CCOP([O-])(=O)OP([O-])([O-])=O,CC(C)=CCCC(C)C1CCC2(C)CC3C(CCC3(C)O)C(C)=CCC21,['CC(C)=CCCC(C)=CCCC(C)=CCCC(C)=CCCC(C)=CCOP([O-])(=O)OP([O-])([O-])=O'],['CC(C)=CCCC(C)C1CCC2(C)CC3C(CCC3(C)O)C(C)=CCC21'],{41553}
marts_E00978,pt,CC(C)=CCCC(C)=CCCC(C)=CCOP([O-])(=O)OP([O-])([O-])=O.CC(C)=CCCC(C)=CCCC(C)=CCCC(C)=CCOP([O-])(=O)OP([O-])([O-])=O,CC(C)=CCCC(C)=CCCC(C)=CCCC(C)=CCCC(C)=CCOP([O-])(=O)OP([O-])([O-])=O,"['CC(C)=CCCC(C)=CCCC(C)=CCOP([O-])(=O)OP([O-])([O-])=O', 'CC(C)=CCCC(C)=CCCC(C)=CCCC(C)=CCOP([O-])(=O)OP([O-])([O-])=O']",['CC(C)=CCCC(C)=CCCC(C)=CCCC(C)=CCCC(C)=CCOP([O-])(=O)OP([O-])([O-])=O'],set()
marts_E00978,pt,CC(C)=CCCC(C)=CCOP([O-])(=O)OP([O-])([O-])=O.CC(=C)CCOP([O-])(=O)OP([O-])([O-])=O,CC(C)=CCCC(C)=CCCC(C)=CCOP([O-])(=O)OP([O-])([O-])=O,"['CC(C)=CCCC(C)=CCOP([O-])(=O)OP([O-])([O-])=O', 'CC(=C)CCOP([O-])(=O)OP([O-])([O-])=O']",['CC(C)=CCCC(C)=CCCC(C)=CCOP([O-])(=O)OP([O-])([O-])=O'],"{19362, 64573, 23301}"
marts_E00978,pt,CC(C)=CCCC(C)=CCOP([O-])(=O)OP([O-])([O-])=O.CC(C)=CCCC(C)=CCCC(C)=CCOP([O-])(=O)OP([O-])([O-])=O,CC(C)=CCCC(C)=CCCC(C)=CCCC(C)=CCOP([O-])(=O)OP([O-])([O-])=O,"['CC(C)=CCCC(C)=CCOP([O-])(=O)OP([O-])([O-])=O', 'CC(C)=CCCC(C)=CCCC(C)=CCOP([O-])(=O)OP([O-])([O-])=O']",['CC(C)=CCCC(C)=CCCC(C)=CCCC(C)=CCOP([O-])(=O)OP([O-])([O-])=O'],set()
marts_E00978,sester,CC(C)=CCCC(C)=CCCC(C)=CCCC(C)=CCCC(C)=CCOP([O-])(=O)OP([O-])([O-])=O,CC(C)=CCCC(C)=CCCC1(C)CC2C1CCC(C)=CCCC2=C,['CC(C)=CCCC(C)=CCCC(C)=CCCC(C)=CCCC(C)=CCOP([O-])(=O)OP([O-])([O-])=O'],['CC(C)=CCCC(C)=CCCC1(C)CC2C1CCC(C)=CCCC2=C'],set()
marts_E00978,sester,CC(C)=CCCC(C)=CCCC(C)=CCCC(C)=CCCC(C)=CCOP([O-])(=O)OP([O-])([O-])=O,CC(C)=CCCC(C)C1CCC2(C)C=C3C(CCC3C)C(C)=CCC21,['CC(C)=CCCC(C)=CCCC(C)=CCCC(C)=CCCC(C)=CCOP([O-])(=O)OP([O-])([O-])=O'],['CC(C)=CCCC(C)C1CCC2(C)C=C3C(CCC3C)C(C)=CCC21'],set()
marts_E00978,sester,CC(C)=CCCC(C)=CCCC(C)=CCCC(C)=CCCC(C)=CCOP([O-])(=O)OP([O-])([O-])=O,CC(C)=CCCC(C)C1CCC2(C)CC3C(CCC3=C)C(C)=CCC21,['CC(C)=CCCC(C)=CCCC(C)=CCCC(C)=CCCC(C)=CCOP([O-])(=O)OP([O-])([O-])=O'],['CC(C)=CCCC(C)C1CCC2(C)CC3C(CCC3=C)C(C)=CCC21'],set()
marts_E00980,sesq,CC(C)=CCCC(C)=CCCC(C)=CCOP([O-])(=O)OP([O-])([O-])=O,CC1CCC2C(CC2(C)C)C(=C)CCC=1,['CC(C)=CCCC(C)=CCCC(C)=CCOP([O-])(=O)OP([O-])([O-])=O'],['CC1CCC2C(CC2(C)C)C(=C)CCC=1'],"{31816, 34704, 28295}"
marts_E00980,sesq,CC(C)=CCCC(C)=CCCC(C)=CCOP([O-])(=O)OP([O-])([O-])=O,CC1CCC=C(C)CC=CC(C)(C)CC=1,['CC(C)=CCCC(C)=CCCC(C)=CCOP([O-])(=O)OP([O-])([O-])=O'],['CC1CCC=C(C)CC=CC(C)(C)CC=1'],"{31896, 68781}"
marts_E00981,sesq,CC(C)=CCCC(C)=CCCC(C)=CCOP([O-])(=O)OP([O-])([O-])=O,CC1(O)CCC23C1C2C(CCC3C)C(C)C,['CC(C)=CCCC(C)=CCCC(C)=CCOP([O-])(=O)OP([O-])([O-])=O'],['CC1(O)CCC23C1C2C(CCC3C)C(C)C'],"{31824, 54049, 54065}"
marts_E00981,sesq,CC(C)=CCCC(C)=CCCC(C)=CCOP([O-])(=O)OP([O-])([O-])=O,CC1CCC(C=CC(=C)CCC=1)C(C)C,['CC(C)=CCCC(C)=CCCC(C)=CCOP([O-])(=O)OP([O-])([O-])=O'],['CC1CCC(C=CC(=C)CCC=1)C(C)C'],"{12017, 30428, 68717}"
marts_E00981,sesq,CC(C)=CCCC(C)=CCCC(C)=CCOP([O-])(=O)OP([O-])([O-])=O,CC(C)C1CCC2(C)C3C1C2CC=C3C,['CC(C)=CCCC(C)=CCCC(C)=CCOP([O-])(=O)OP([O-])([O-])=O'],['CC(C)C1CCC2(C)C3C1C2CC=C3C'],{33992}
marts_E00981,sesq,CC(C)=CCCC(C)=CCCC(C)=CCOP([O-])(=O)OP([O-])([O-])=O,CC(C)C1CCC(C)C23CCC(=C)C2C31,['CC(C)=CCCC(C)=CCCC(C)=CCOP([O-])(=O)OP([O-])([O-])=O'],['CC(C)C1CCC(C)C23CCC(=C)C2C31'],{32020}
marts_E00981,sesq,CC(C)=CCCC(C)=CCCC(C)=CCOP([O-])(=O)OP([O-])([O-])=O,CC1CCC2C(CC2(C)C)C(=C)CCC=1,['CC(C)=CCCC(C)=CCCC(C)=CCOP([O-])(=O)OP([O-])([O-])=O'],['CC1CCC2C(CC2(C)C)C(=C)CCC=1'],"{31816, 34704, 28295}"
marts_E00981,sesq,CC(C)=CCCC(C)=CCCC(C)=CCOP([O-])(=O)OP([O-])([O-])=O,CC(C)C1CCC2(C)C3C1C2CCC3=C,['CC(C)=CCCC(C)=CCCC(C)=CCOP([O-])(=O)OP([O-])([O-])=O'],['CC(C)C1CCC2(C)C3C1C2CCC3=C'],"{33112, 69776}"
marts_E00981,sesq,CC(C)=CCCC(C)=CCCC(C)=CCOP([O-])(=O)OP([O-])([O-])=O,CC1CCC=C(C)CC=CC(C)(C)CC=1,['CC(C)=CCCC(C)=CCCC(C)=CCOP([O-])(=O)OP([O-])([O-])=O'],['CC1CCC=C(C)CC=CC(C)(C)CC=1'],"{31896, 68781}"
marts_E00981,sesq,CC(C)=CCCC(C)=CCCC(C)=CCOP([O-])(=O)OP([O-])([O-])=O,CC1CCC2C1C1C(CCC2=C)C1(C)C,['CC(C)=CCCC(C)=CCCC(C)=CCOP([O-])(=O)OP([O-])([O-])=O'],['CC1CCC2C1C1C(CCC2=C)C1(C)C'],{67401}
marts_E00981,sesq,CC(C)=CCCC(C)=CCCC(C)=CCOP([O-])(=O)OP([O-])([O-])=O,CC1CCC2C(C=1)C(CCC2=C)C(C)C,['CC(C)=CCCC(C)=CCCC(C)=CCOP([O-])(=O)OP([O-])([O-])=O'],['CC1CCC2C(C=1)C(CCC2=C)C(C)C'],"{28640, 68849, 31828, 33108}"
marts_E00981,sesq,CC(C)=CCCC(C)=CCCC(C)=CCOP([O-])(=O)OP([O-])([O-])=O,CC(C)C1CC=C(C)C2CCC(C)=CC21,['CC(C)=CCCC(C)=CCCC(C)=CCOP([O-])(=O)OP([O-])([O-])=O'],['CC(C)C1CC=C(C)C2CCC(C)=CC21'],"{33104, 53641, 69445}"
marts_E00981,sesq,CC(C)=CCCC(C)=CCCC(C)=CCOP([O-])(=O)OP([O-])([O-])=O,CC(C)C1CCC(C)=C2CCC(C)=CC21,['CC(C)=CCCC(C)=CCCC(C)=CCOP([O-])(=O)OP([O-])([O-])=O'],['CC(C)C1CCC(C)=C2CCC(C)=CC21'],"{32016, 56557, 19526}"
marts_E00981,sesq,CC(C)=CCCC(C)=CCCC(C)=CCOP([O-])(=O)OP([O-])([O-])=O,CC(C)=CCCC(C)=CCCC(C)(O)C=C,['CC(C)=CCCC(C)=CCCC(C)=CCOP([O-])(=O)OP([O-])([O-])=O'],['CC(C)=CCCC(C)=CCCC(C)(O)C=C'],"{68833, 27531, 27535, 68821, 56985}"
marts_E00982,pt,CC(C)=CCOP([O-])(=O)OP([O-])([O-])=O.CC(=C)CCOP([O-])(=O)OP([O-])([O-])=O,CC(C)=CCCC(C)=CCCC(C)=CCCC(C)=CCOP([O-])(=O)OP([O-])([O-])=O,"['CC(C)=CCOP([O-])(=O)OP([O-])([O-])=O', 'CC(=C)CCOP([O-])(=O)OP([O-])([O-])=O']",['CC(C)=CCCC(C)=CCCC(C)=CCCC(C)=CCOP([O-])(=O)OP([O-])([O-])=O'],{55521}
marts_E00982,di,CC(C)=CCCC(C)=CCCC(C)=CCCC(C)=CCOP([O-])(=O)OP([O-])([O-])=O,CC1(C)CCC2(C)CC3C(CCC3C)C(C)=CCC2=C1,['CC(C)=CCCC(C)=CCCC(C)=CCCC(C)=CCOP([O-])(=O)OP([O-])([O-])=O'],['CC1(C)CCC2(C)CC3C(CCC3C)C(C)=CCC2=C1'],{74548}
marts_E00983,sester,CC(C)=CCCC(C)=CCCC(C)=CCCC(C)=CCCC(C)=CCOP([O-])(=O)OP([O-])([O-])=O,CC(C)C1CCC2(C)CC=C(C)CCC=C(C)CCC(O)C(C)=CCC21,['CC(C)=CCCC(C)=CCCC(C)=CCCC(C)=CCCC(C)=CCOP([O-])(=O)OP([O-])([O-])=O'],['CC(C)C1CCC2(C)CC=C(C)CCC=C(C)CCC(O)C(C)=CCC21'],set()
marts_E00983,pt,CC(C)=CCOP([O-])(=O)OP([O-])([O-])=O.CC(=C)CCOP([O-])(=O)OP([O-])([O-])=O,CC(C)=CCCC(C)=CCCC(C)=CCCC(C)=CCCC(C)=CCOP([O-])(=O)OP([O-])([O-])=O,"['CC(C)=CCOP([O-])(=O)OP([O-])([O-])=O', 'CC(=C)CCOP([O-])(=O)OP([O-])([O-])=O']",['CC(C)=CCCC(C)=CCCC(C)=CCCC(C)=CCCC(C)=CCOP([O-])(=O)OP([O-])([O-])=O'],{66861}
marts_E00984,sester,CC(C)=CCCC(C)=CCCC(C)=CCCC(C)=CCCC(C)=CCOP([O-])(=O)OP([O-])([O-])=O,CC1CCC2C=1CC1(C)CCC3(C)CCC(C3C1C1CC12C)C(C)C,['CC(C)=CCCC(C)=CCCC(C)=CCCC(C)=CCCC(C)=CCOP([O-])(=O)OP([O-])([O-])=O'],['CC1CCC2C=1CC1(C)CCC3(C)CCC(C3C1C1CC12C)C(C)C'],{66833}
marts_E00984,pt,CC(C)=CCOP([O-])(=O)OP([O-])([O-])=O.CC(=C)CCOP([O-])(=O)OP([O-])([O-])=O,CC(C)=CCCC(C)=CCCC(C)=CCCC(C)=CCCC(C)=CCOP([O-])(=O)OP([O-])([O-])=O,"['CC(C)=CCOP([O-])(=O)OP([O-])([O-])=O', 'CC(=C)CCOP([O-])(=O)OP([O-])([O-])=O']",['CC(C)=CCCC(C)=CCCC(C)=CCCC(C)=CCCC(C)=CCOP([O-])(=O)OP([O-])([O-])=O'],{66861}
marts_E00985,sester,CC(C)=CCCC(C)=CCCC(C)=CCCC(C)=CCCC(C)=CCOP([O-])(=O)OP([O-])([O-])=O,CC(C)=CCCC(C)C1CCC2(C)CC3C(CCC3(C)O)C(C)=CCC21,['CC(C)=CCCC(C)=CCCC(C)=CCCC(C)=CCCC(C)=CCOP([O-])(=O)OP([O-])([O-])=O'],['CC(C)=CCCC(C)C1CCC2(C)CC3C(CCC3(C)O)C(C)=CCC21'],{41553}
marts_E00985,pt,CC(C)=CCOP([O-])(=O)OP([O-])([O-])=O.CC(=C)CCOP([O-])(=O)OP([O-])([O-])=O,CC(C)=CCCC(C)=CCCC(C)=CCCC(C)=CCCC(C)=CCOP([O-])(=O)OP([O-])([O-])=O,"['CC(C)=CCOP([O-])(=O)OP([O-])([O-])=O', 'CC(=C)CCOP([O-])(=O)OP([O-])([O-])=O']",['CC(C)=CCCC(C)=CCCC(C)=CCCC(C)=CCCC(C)=CCOP([O-])(=O)OP([O-])([O-])=O'],{66861}
marts_E00986,sester,CC(C)=CCCC(C)=CCCC(C)=CCCC(C)=CCCC(C)=CCOP([O-])(=O)OP([O-])([O-])=O,CC(C)C1CCC2(C)CC=C(C)CCC=C(C)CC=CC(C)=CCC21,['CC(C)=CCCC(C)=CCCC(C)=CCCC(C)=CCCC(C)=CCOP([O-])(=O)OP([O-])([O-])=O'],['CC(C)C1CCC2(C)CC=C(C)CCC=C(C)CC=CC(C)=CCC21'],set()
marts_E00986,pt,CC(C)=CCOP([O-])(=O)OP([O-])([O-])=O.CC(=C)CCOP([O-])(=O)OP([O-])([O-])=O,CC(C)=CCCC(C)=CCCC(C)=CCCC(C)=CCCC(C)=CCOP([O-])(=O)OP([O-])([O-])=O,"['CC(C)=CCOP([O-])(=O)OP([O-])([O-])=O', 'CC(=C)CCOP([O-])(=O)OP([O-])([O-])=O']",['CC(C)=CCCC(C)=CCCC(C)=CCCC(C)=CCCC(C)=CCOP([O-])(=O)OP([O-])([O-])=O'],{66861}
marts_E00987,sester,CC(C)=CCCC(C)=CCCC(C)=CCCC(C)=CCCC(C)=CCOP([O-])(=O)OP([O-])([O-])=O,CC(C)C1CCC2(C)CC=C(C)CCC3C(C)CCC=3C(C)=CCC21,['CC(C)=CCCC(C)=CCCC(C)=CCCC(C)=CCCC(C)=CCOP([O-])(=O)OP([O-])([O-])=O'],['CC(C)C1CCC2(C)CC=C(C)CCC3C(C)CCC=3C(C)=CCC21'],set()
marts_E00987,pt,CC(C)=CCOP([O-])(=O)OP([O-])([O-])=O.CC(=C)CCOP([O-])(=O)OP([O-])([O-])=O,CC(C)=CCCC(C)=CCCC(C)=CCCC(C)=CCCC(C)=CCOP([O-])(=O)OP([O-])([O-])=O,"['CC(C)=CCOP([O-])(=O)OP([O-])([O-])=O', 'CC(=C)CCOP([O-])(=O)OP([O-])([O-])=O']",['CC(C)=CCCC(C)=CCCC(C)=CCCC(C)=CCCC(C)=CCOP([O-])(=O)OP([O-])([O-])=O'],{66861}
marts_E00988,sester,CC(C)=CCCC(C)=CCCC(C)=CCCC(C)=CCCC(C)=CCOP([O-])(=O)OP([O-])([O-])=O,CC(C)C1CCC2(C)CC=C(C)CCC3C(C)CCC=3C(C)=CCC21,['CC(C)=CCCC(C)=CCCC(C)=CCCC(C)=CCCC(C)=CCOP([O-])(=O)OP([O-])([O-])=O'],['CC(C)C1CCC2(C)CC=C(C)CCC3C(C)CCC=3C(C)=CCC21'],set()
marts_E00988,pt,CC(C)=CCOP([O-])(=O)OP([O-])([O-])=O.CC(=C)CCOP([O-])(=O)OP([O-])([O-])=O,CC(C)=CCCC(C)=CCCC(C)=CCCC(C)=CCCC(C)=CCOP([O-])(=O)OP([O-])([O-])=O,"['CC(C)=CCOP([O-])(=O)OP([O-])([O-])=O', 'CC(=C)CCOP([O-])(=O)OP([O-])([O-])=O']",['CC(C)=CCCC(C)=CCCC(C)=CCCC(C)=CCCC(C)=CCOP([O-])(=O)OP([O-])([O-])=O'],{66861}
marts_E00989,di,CC(C)=CCCC(C)=CCCC(C)=CCCC(C)=CCOP([O-])(=O)OP([O-])([O-])=O,CC1(C)CCC2(C)CC3C(CCC(C)=CCCC3=C)C12,['CC(C)=CCCC(C)=CCCC(C)=CCCC(C)=CCOP([O-])(=O)OP([O-])([O-])=O'],['CC1(C)CCC2(C)CC3C(CCC(C)=CCCC3=C)C12'],set()
marts_E00989,di,CC(C)=CCCC(C)=CCCC(C)=CCCC(C)=CCOP([O-])(=O)OP([O-])([O-])=O,CC1(C)CCC2(C)CC3C(CCC(C)=CCCC=3C)C12,['CC(C)=CCCC(C)=CCCC(C)=CCCC(C)=CCOP([O-])(=O)OP([O-])([O-])=O'],['CC1(C)CCC2(C)CC3C(CCC(C)=CCCC=3C)C12'],{78288}
marts_E00989,pt,CC(C)=CCOP([O-])(=O)OP([O-])([O-])=O.CC(=C)CCOP([O-])(=O)OP([O-])([O-])=O,CC(C)=CCCC(C)=CCCC(C)=CCCC(C)=CCOP([O-])(=O)OP([O-])([O-])=O,"['CC(C)=CCOP([O-])(=O)OP([O-])([O-])=O', 'CC(=C)CCOP([O-])(=O)OP([O-])([O-])=O']",['CC(C)=CCCC(C)=CCCC(C)=CCCC(C)=CCOP([O-])(=O)OP([O-])([O-])=O'],{55521}
marts_E00991,sester,CC(C)=CCCC(C)=CCCC(C)=CCCC(C)=CCCC(C)=CCOP([O-])(=O)OP([O-])([O-])=O,CC(C)C1CCC2(C)CC=C(C)CC=C3C(CCC3C)C(C)=CCC21,['CC(C)=CCCC(C)=CCCC(C)=CCCC(C)=CCCC(C)=CCOP([O-])(=O)OP([O-])([O-])=O'],['CC(C)C1CCC2(C)CC=C(C)CC=C3C(CCC3C)C(C)=CCC21'],{71988}
marts_E00991,pt,CC(C)=CCOP([O-])(=O)OP([O-])([O-])=O.CC(=C)CCOP([O-])(=O)OP([O-])([O-])=O,CC(C)=CCCC(C)=CCCC(C)=CCCC(C)=CCCC(C)=CCOP([O-])(=O)OP([O-])([O-])=O,"['CC(C)=CCOP([O-])(=O)OP([O-])([O-])=O', 'CC(=C)CCOP([O-])(=O)OP([O-])([O-])=O']",['CC(C)=CCCC(C)=CCCC(C)=CCCC(C)=CCCC(C)=CCOP([O-])(=O)OP([O-])([O-])=O'],{66861}
marts_E00992,sester,CC(C)=CCCC(C)=CCCC(C)=CCCC(C)=CCCC(C)=CCOP([O-])(=O)OP([O-])([O-])=O,CC(C)C1CCC2(C)CC=C(C)CCC3C(C)CCC=3C(C)=CCC21,['CC(C)=CCCC(C)=CCCC(C)=CCCC(C)=CCCC(C)=CCOP([O-])(=O)OP([O-])([O-])=O'],['CC(C)C1CCC2(C)CC=C(C)CCC3C(C)CCC=3C(C)=CCC21'],set()
marts_E00992,pt,CC(C)=CCOP([O-])(=O)OP([O-])([O-])=O.CC(=C)CCOP([O-])(=O)OP([O-])([O-])=O,CC(C)=CCCC(C)=CCCC(C)=CCCC(C)=CCCC(C)=CCOP([O-])(=O)OP([O-])([O-])=O,"['CC(C)=CCOP([O-])(=O)OP([O-])([O-])=O', 'CC(=C)CCOP([O-])(=O)OP([O-])([O-])=O']",['CC(C)=CCCC(C)=CCCC(C)=CCCC(C)=CCCC(C)=CCOP([O-])(=O)OP([O-])([O-])=O'],{66861}
marts_E00993,sester,CC(C)=CCCC(C)=CCCC(C)=CCCC(C)=CCCC(C)=CCOP([O-])(=O)OP([O-])([O-])=O,CC(C)C1CCC2(C)CC=C(C)CCC3C(C)CCC=3C(C)=CCC21,['CC(C)=CCCC(C)=CCCC(C)=CCCC(C)=CCCC(C)=CCOP([O-])(=O)OP([O-])([O-])=O'],['CC(C)C1CCC2(C)CC=C(C)CCC3C(C)CCC=3C(C)=CCC21'],set()
marts_E00993,pt,CC(C)=CCOP([O-])(=O)OP([O-])([O-])=O.CC(=C)CCOP([O-])(=O)OP([O-])([O-])=O,CC(C)=CCCC(C)=CCCC(C)=CCCC(C)=CCCC(C)=CCOP([O-])(=O)OP([O-])([O-])=O,"['CC(C)=CCOP([O-])(=O)OP([O-])([O-])=O', 'CC(=C)CCOP([O-])(=O)OP([O-])([O-])=O']",['CC(C)=CCCC(C)=CCCC(C)=CCCC(C)=CCCC(C)=CCOP([O-])(=O)OP([O-])([O-])=O'],{66861}
marts_E00994,sester,CC(C)=CCCC(C)=CCCC(C)=CCCC(C)=CCCC(C)=CCOP([O-])(=O)OP([O-])([O-])=O,CC(C)C1CCC2(C)CC=C(C)CCC3C(CCC3=C)C(C)=CCC21,['CC(C)=CCCC(C)=CCCC(C)=CCCC(C)=CCCC(C)=CCOP([O-])(=O)OP([O-])([O-])=O'],['CC(C)C1CCC2(C)CC=C(C)CCC3C(CCC3=C)C(C)=CCC21'],set()
marts_E00994,pt,CC(C)=CCOP([O-])(=O)OP([O-])([O-])=O.CC(=C)CCOP([O-])(=O)OP([O-])([O-])=O,CC(C)=CCCC(C)=CCCC(C)=CCCC(C)=CCCC(C)=CCOP([O-])(=O)OP([O-])([O-])=O,"['CC(C)=CCOP([O-])(=O)OP([O-])([O-])=O', 'CC(=C)CCOP([O-])(=O)OP([O-])([O-])=O']",['CC(C)=CCCC(C)=CCCC(C)=CCCC(C)=CCCC(C)=CCOP([O-])(=O)OP([O-])([O-])=O'],{66861}
marts_E00995,di,CC(C)=CCCC(C)=CCCC(C)=CCCC(C)=CCOP([O-])(=O)OP([O-])([O-])=O,CC1(C)CCC2(C)CC3C(CCC(C)=CCCC=3C)C12,['CC(C)=CCCC(C)=CCCC(C)=CCCC(C)=CCOP([O-])(=O)OP([O-])([O-])=O'],['CC1(C)CCC2(C)CC3C(CCC(C)=CCCC=3C)C12'],{78288}
marts_E00995,di,CC(C)=CCCC(C)=CCCC(C)=CCCC(C)=CCOP([O-])(=O)OP([O-])([O-])=O,CC(C)=CCCC(C)=CCCC(C)=CCCC(C)=CCO,['CC(C)=CCCC(C)=CCCC(C)=CCCC(C)=CCOP([O-])(=O)OP([O-])([O-])=O'],['CC(C)=CCCC(C)=CCCC(C)=CCCC(C)=CCO'],{26238}
marts_E00995,pt,CC(C)=CCOP([O-])(=O)OP([O-])([O-])=O.CC(=C)CCOP([O-])(=O)OP([O-])([O-])=O,CC(C)=CCCC(C)=CCCC(C)=CCCC(C)=CCOP([O-])(=O)OP([O-])([O-])=O,"['CC(C)=CCOP([O-])(=O)OP([O-])([O-])=O', 'CC(=C)CCOP([O-])(=O)OP([O-])([O-])=O']",['CC(C)=CCCC(C)=CCCC(C)=CCCC(C)=CCOP([O-])(=O)OP([O-])([O-])=O'],{55521}
marts_E00996,sester,CC(C)=CCCC(C)=CCCC(C)=CCCC(C)=CCCC(C)=CCOP([O-])(=O)OP([O-])([O-])=O,CC(C)=CCCC(C)=CCCC(C)=CCCC(C)=CCCC(C)=CCO,['CC(C)=CCCC(C)=CCCC(C)=CCCC(C)=CCCC(C)=CCOP([O-])(=O)OP([O-])([O-])=O'],['CC(C)=CCCC(C)=CCCC(C)=CCCC(C)=CCCC(C)=CCO'],set()
marts_E00996,di,CC(C)=CCCC(C)=CCCC(C)=CCCC(C)=CCOP([O-])(=O)OP([O-])([O-])=O,CC1(C)CCC2(C)CC3C(CCC(C)=CCCC3=C)C12,['CC(C)=CCCC(C)=CCCC(C)=CCCC(C)=CCOP([O-])(=O)OP([O-])([O-])=O'],['CC1(C)CCC2(C)CC3C(CCC(C)=CCCC3=C)C12'],set()
marts_E00996,di,CC(C)=CCCC(C)=CCCC(C)=CCCC(C)=CCOP([O-])(=O)OP([O-])([O-])=O,CC1(C)CCC2(C)CC3C(CCC(C)=CCCC=3C)C12,['CC(C)=CCCC(C)=CCCC(C)=CCCC(C)=CCOP([O-])(=O)OP([O-])([O-])=O'],['CC1(C)CCC2(C)CC3C(CCC(C)=CCCC=3C)C12'],{78288}
marts_E00996,pt,CC(C)=CCOP([O-])(=O)OP([O-])([O-])=O.CC(=C)CCOP([O-])(=O)OP([O-])([O-])=O,CC(C)=CCCC(C)=CCCC(C)=CCCC(C)=CCOP([O-])(=O)OP([O-])([O-])=O,"['CC(C)=CCOP([O-])(=O)OP([O-])([O-])=O', 'CC(=C)CCOP([O-])(=O)OP([O-])([O-])=O']",['CC(C)=CCCC(C)=CCCC(C)=CCCC(C)=CCOP([O-])(=O)OP([O-])([O-])=O'],{55521}
marts_E00997,sester,CC(C)=CCCC(C)=CCCC(C)=CCCC(C)=CCCC(C)=CCOP([O-])(=O)OP([O-])([O-])=O,CC(C)C1CCC2(C)CC=C(C)CCC3C(CCC=3C)C(C)=CCC21,['CC(C)=CCCC(C)=CCCC(C)=CCCC(C)=CCCC(C)=CCOP([O-])(=O)OP([O-])([O-])=O'],['CC(C)C1CCC2(C)CC=C(C)CCC3C(CCC=3C)C(C)=CCC21'],set()
marts_E00997,sester,CC(C)=CCCC(C)=CCCC(C)=CCCC(C)=CCCC(C)=CCOP([O-])(=O)OP([O-])([O-])=O,CC(C)=CCCC(C)=CCCC1(C)CC2C1CCC(C)=CCCC2=C,['CC(C)=CCCC(C)=CCCC(C)=CCCC(C)=CCCC(C)=CCOP([O-])(=O)OP([O-])([O-])=O'],['CC(C)=CCCC(C)=CCCC1(C)CC2C1CCC(C)=CCCC2=C'],set()
marts_E00997,sester,CC(C)=CCCC(C)=CCCC(C)=CCCC(C)=CCCC(C)=CCOP([O-])(=O)OP([O-])([O-])=O,CC(C)=CCCC(C)=CCCC(C)=CCCC(C)=CCCC(=C)C=C,['CC(C)=CCCC(C)=CCCC(C)=CCCC(C)=CCCC(C)=CCOP([O-])(=O)OP([O-])([O-])=O'],['CC(C)=CCCC(C)=CCCC(C)=CCCC(C)=CCCC(=C)C=C'],{54501}
marts_E00997,pt,CC(C)=CCOP([O-])(=O)OP([O-])([O-])=O.CC(=C)CCOP([O-])(=O)OP([O-])([O-])=O,CC(C)=CCCC(C)=CCCC(C)=CCCC(C)=CCCC(C)=CCOP([O-])(=O)OP([O-])([O-])=O,"['CC(C)=CCOP([O-])(=O)OP([O-])([O-])=O', 'CC(=C)CCOP([O-])(=O)OP([O-])([O-])=O']",['CC(C)=CCCC(C)=CCCC(C)=CCCC(C)=CCCC(C)=CCOP([O-])(=O)OP([O-])([O-])=O'],{66861}
marts_E00998,sester,CC(C)=CCCC(C)=CCCC(C)=CCCC(C)=CCCC(C)=CCOP([O-])(=O)OP([O-])([O-])=O,CC(=C)C1CCC2(C)CC=C(C)CCC=C(C)CCC=C(C)CCC21,['CC(C)=CCCC(C)=CCCC(C)=CCCC(C)=CCCC(C)=CCOP([O-])(=O)OP([O-])([O-])=O'],['CC(=C)C1CCC2(C)CC=C(C)CCC=C(C)CCC=C(C)CCC21'],set()
marts_E00998,sester,CC(C)=CCCC(C)=CCCC(C)=CCCC(C)=CCCC(C)=CCOP([O-])(=O)OP([O-])([O-])=O,CC(=C)C1CCC2(C)CC=C(C)CCC=C(C)CCC=C(C)CCC21,['CC(C)=CCCC(C)=CCCC(C)=CCCC(C)=CCCC(C)=CCOP([O-])(=O)OP([O-])([O-])=O'],['CC(=C)C1CCC2(C)CC=C(C)CCC=C(C)CCC=C(C)CCC21'],set()
marts_E00998,pt,CC(C)=CCOP([O-])(=O)OP([O-])([O-])=O.CC(=C)CCOP([O-])(=O)OP([O-])([O-])=O,CC(C)=CCCC(C)=CCCC(C)=CCCC(C)=CCCC(C)=CCOP([O-])(=O)OP([O-])([O-])=O,"['CC(C)=CCOP([O-])(=O)OP([O-])([O-])=O', 'CC(=C)CCOP([O-])(=O)OP([O-])([O-])=O']",['CC(C)=CCCC(C)=CCCC(C)=CCCC(C)=CCCC(C)=CCOP([O-])(=O)OP([O-])([O-])=O'],{66861}
marts_E00999,sester,CC(C)=CCCC(C)=CCCC(C)=CCCC(C)=CCCC(C)=CCOP([O-])(=O)OP([O-])([O-])=O,CC(C)C1CCC2(C)CC=C(C)CCC=C(C)CCC(O)C(C)=CCC21,['CC(C)=CCCC(C)=CCCC(C)=CCCC(C)=CCCC(C)=CCOP([O-])(=O)OP([O-])([O-])=O'],['CC(C)C1CCC2(C)CC=C(C)CCC=C(C)CCC(O)C(C)=CCC21'],set()
marts_E00999,pt,CC(C)=CCOP([O-])(=O)OP([O-])([O-])=O.CC(=C)CCOP([O-])(=O)OP([O-])([O-])=O,CC(C)=CCCC(C)=CCCC(C)=CCCC(C)=CCCC(C)=CCOP([O-])(=O)OP([O-])([O-])=O,"['CC(C)=CCOP([O-])(=O)OP([O-])([O-])=O', 'CC(=C)CCOP([O-])(=O)OP([O-])([O-])=O']",['CC(C)=CCCC(C)=CCCC(C)=CCCC(C)=CCCC(C)=CCOP([O-])(=O)OP([O-])([O-])=O'],{66861}
marts_E01000,sester,CC(C)=CCCC(C)=CCCC(C)=CCCC(C)=CCCC(C)=CCOP([O-])(=O)OP([O-])([O-])=O,CC1CCC2C=1CC1(C)CCC3(C)CCC(C3C1C1CC12C)C(C)C,['CC(C)=CCCC(C)=CCCC(C)=CCCC(C)=CCCC(C)=CCOP([O-])(=O)OP([O-])([O-])=O'],['CC1CCC2C=1CC1(C)CCC3(C)CCC(C3C1C1CC12C)C(C)C'],{66833}
marts_E01000,pt,CC(C)=CCOP([O-])(=O)OP([O-])([O-])=O.CC(=C)CCOP([O-])(=O)OP([O-])([O-])=O,CC(C)=CCCC(C)=CCCC(C)=CCCC(C)=CCCC(C)=CCOP([O-])(=O)OP([O-])([O-])=O,"['CC(C)=CCOP([O-])(=O)OP([O-])([O-])=O', 'CC(=C)CCOP([O-])(=O)OP([O-])([O-])=O']",['CC(C)=CCCC(C)=CCCC(C)=CCCC(C)=CCCC(C)=CCOP([O-])(=O)OP([O-])([O-])=O'],{66861}
marts_E01002,sester,CC(C)=CCCC(C)=CCCC(C)=CCCC(C)=CCCC(C)=CCOP([O-])(=O)OP([O-])([O-])=O,CC(C)C1CCC2(C)CC=C(C)CCC3C(C)CCC=3C(C)=CCC21,['CC(C)=CCCC(C)=CCCC(C)=CCCC(C)=CCCC(C)=CCOP([O-])(=O)OP([O-])([O-])=O'],['CC(C)C1CCC2(C)CC=C(C)CCC3C(C)CCC=3C(C)=CCC21'],set()
marts_E01002,pt,CC(C)=CCOP([O-])(=O)OP([O-])([O-])=O.CC(=C)CCOP([O-])(=O)OP([O-])([O-])=O,CC(C)=CCCC(C)=CCCC(C)=CCCC(C)=CCCC(C)=CCOP([O-])(=O)OP([O-])([O-])=O,"['CC(C)=CCOP([O-])(=O)OP([O-])([O-])=O', 'CC(=C)CCOP([O-])(=O)OP([O-])([O-])=O']",['CC(C)=CCCC(C)=CCCC(C)=CCCC(C)=CCCC(C)=CCOP([O-])(=O)OP([O-])([O-])=O'],{66861}
marts_E01003,sester,CC(C)=CCCC(C)=CCCC(C)=CCCC(C)=CCCC(C)=CCOP([O-])(=O)OP([O-])([O-])=O,CC(C)C1CCC2(C)CC=C(C)CCC=C(C)CC=CC(C)=CCC21,['CC(C)=CCCC(C)=CCCC(C)=CCCC(C)=CCCC(C)=CCOP([O-])(=O)OP([O-])([O-])=O'],['CC(C)C1CCC2(C)CC=C(C)CCC=C(C)CC=CC(C)=CCC21'],set()
marts_E01003,pt,CC(C)=CCOP([O-])(=O)OP([O-])([O-])=O.CC(=C)CCOP([O-])(=O)OP([O-])([O-])=O,CC(C)=CCCC(C)=CCCC(C)=CCCC(C)=CCCC(C)=CCOP([O-])(=O)OP([O-])([O-])=O,"['CC(C)=CCOP([O-])(=O)OP([O-])([O-])=O', 'CC(=C)CCOP([O-])(=O)OP([O-])([O-])=O']",['CC(C)=CCCC(C)=CCCC(C)=CCCC(C)=CCCC(C)=CCOP([O-])(=O)OP([O-])([O-])=O'],{66861}
marts_E01004,sester,CC(C)=CCCC(C)=CCCC(C)=CCCC(C)=CCCC(C)=CCOP([O-])(=O)OP([O-])([O-])=O,CC(C)C1CCC2(C)CC=C(C)CC=C3C(CCC3C)C(C)=CCC21,['CC(C)=CCCC(C)=CCCC(C)=CCCC(C)=CCCC(C)=CCOP([O-])(=O)OP([O-])([O-])=O'],['CC(C)C1CCC2(C)CC=C(C)CC=C3C(CCC3C)C(C)=CCC21'],{71988}
marts_E01004,pt,CC(C)=CCOP([O-])(=O)OP([O-])([O-])=O.CC(=C)CCOP([O-])(=O)OP([O-])([O-])=O,CC(C)=CCCC(C)=CCCC(C)=CCCC(C)=CCCC(C)=CCOP([O-])(=O)OP([O-])([O-])=O,"['CC(C)=CCOP([O-])(=O)OP([O-])([O-])=O', 'CC(=C)CCOP([O-])(=O)OP([O-])([O-])=O']",['CC(C)=CCCC(C)=CCCC(C)=CCCC(C)=CCCC(C)=CCOP([O-])(=O)OP([O-])([O-])=O'],{66861}
marts_E01005,sester,CC(C)=CCCC(C)=CCCC(C)=CCCC(C)=CCCC(C)=CCOP([O-])(=O)OP([O-])([O-])=O,CC(C)=CCCC(C)=CCCC(C)=CCCC(C)=CCCC(C)=CCO,['CC(C)=CCCC(C)=CCCC(C)=CCCC(C)=CCCC(C)=CCOP([O-])(=O)OP([O-])([O-])=O'],['CC(C)=CCCC(C)=CCCC(C)=CCCC(C)=CCCC(C)=CCO'],set()
marts_E01005,di,CC(C)=CCCC(C)=CCCC(C)=CCCC(C)=CCOP([O-])(=O)OP([O-])([O-])=O,CC(C)=CCCC(C)=CCCC(C)=CCCC(C)=CCO,['CC(C)=CCCC(C)=CCCC(C)=CCCC(C)=CCOP([O-])(=O)OP([O-])([O-])=O'],['CC(C)=CCCC(C)=CCCC(C)=CCCC(C)=CCO'],{26238}
marts_E01005,pt,CC(C)=CCOP([O-])(=O)OP([O-])([O-])=O.CC(=C)CCOP([O-])(=O)OP([O-])([O-])=O,CC(C)=CCCC(C)=CCCC(C)=CCCC(C)=CCOP([O-])(=O)OP([O-])([O-])=O,"['CC(C)=CCOP([O-])(=O)OP([O-])([O-])=O', 'CC(=C)CCOP([O-])(=O)OP([O-])([O-])=O']",['CC(C)=CCCC(C)=CCCC(C)=CCCC(C)=CCOP([O-])(=O)OP([O-])([O-])=O'],{55521}
marts_E01006,sesq,CC(C)=CCCC(C)=CCCC(C)=CCOP([O-])(=O)OP([O-])([O-])=O,CC(C)=CCCC(C)=CCC=C(C)C=C,['CC(C)=CCCC(C)=CCCC(C)=CCOP([O-])(=O)OP([O-])([O-])=O'],['CC(C)=CCCC(C)=CCC=C(C)C=C'],{27422}
marts_E01006,sesq,CC(C)=CCCC(C)=CCCC(C)=CCOP([O-])(=O)OP([O-])([O-])=O,CC(C)=CCCC(C)=CCCC(C)(O)C=C,['CC(C)=CCCC(C)=CCCC(C)=CCOP([O-])(=O)OP([O-])([O-])=O'],['CC(C)=CCCC(C)=CCCC(C)(O)C=C'],"{68833, 27531, 27535, 68821, 56985}"
marts_E01006,sesq,CC(C)=CCCC(C)=CCCC(C)=CCOP([O-])(=O)OP([O-])([O-])=O,CC(C)=CCCC(C)(O)C1CC=C(C)CC1,['CC(C)=CCCC(C)=CCCC(C)=CCOP([O-])(=O)OP([O-])([O-])=O'],['CC(C)=CCCC(C)(O)C1CC=C(C)CC1'],{34504}
marts_E01006,mono,CC(C)=CCCC(C)=CCOP([O-])(=O)OP([O-])([O-])=O,CC(C)=CCCC(C)=CCO,['CC(C)=CCCC(C)=CCOP([O-])(=O)OP([O-])([O-])=O'],['CC(C)=CCCC(C)=CCO'],"{32680, 65829}"
marts_E01007,sesq,CC(C)=CCCC(C)=CCCC(C)=CCOP([O-])(=O)OP([O-])([O-])=O,CC(C)=CCCC(C)=CCCC(C)(O)C=C,['CC(C)=CCCC(C)=CCCC(C)=CCOP([O-])(=O)OP([O-])([O-])=O'],['CC(C)=CCCC(C)=CCCC(C)(O)C=C'],"{68833, 27531, 27535, 68821, 56985}"
marts_E01007,mono,CC(C)=CCCC(C)=CCOP([O-])(=O)OP([O-])([O-])=O,CC(C)=CCCC(C)(O)C=C,['CC(C)=CCCC(C)=CCOP([O-])(=O)OP([O-])([O-])=O'],['CC(C)=CCCC(C)(O)C=C'],"{15810, 68709, 24117}"
marts_E01007,di,CC(C)=CCCC(C)=CCCC(C)=CCCC(C)=CCOP([O-])(=O)OP([O-])([O-])=O,CC(C)=CCCC(C)=CCCC(C)=CCCC(C)(O)C=C,['CC(C)=CCCC(C)=CCCC(C)=CCCC(C)=CCOP([O-])(=O)OP([O-])([O-])=O'],['CC(C)=CCCC(C)=CCCC(C)=CCCC(C)(O)C=C'],{38156}
marts_E01008,sesq,CC(C)=CCCC(C)=CCCC(C)=CCOP([O-])(=O)OP([O-])([O-])=O,CC(C)=CCCC(C)=CCCC(C)(O)C=C,['CC(C)=CCCC(C)=CCCC(C)=CCOP([O-])(=O)OP([O-])([O-])=O'],['CC(C)=CCCC(C)=CCCC(C)(O)C=C'],"{68833, 27531, 27535, 68821, 56985}"
marts_E01008,sesq,CC(C)=CCCC(C)=CCCC(C)=CCOP([O-])(=O)OP([O-])([O-])=O,CC(C)=CCCC1(C)C2CC1CC=C2C,['CC(C)=CCCC(C)=CCCC(C)=CCOP([O-])(=O)OP([O-])([O-])=O'],['CC(C)=CCCC1(C)C2CC1CC=C2C'],"{30472, 31428}"
marts_E01008,sesq,CC(C)=CCCC(C)=CCCC(C)=CCOP([O-])(=O)OP([O-])([O-])=O,CC(C)=CCCC(C)=CCC=C(C)C=C,['CC(C)=CCCC(C)=CCCC(C)=CCOP([O-])(=O)OP([O-])([O-])=O'],['CC(C)=CCCC(C)=CCC=C(C)C=C'],{27422}
marts_E01008,mono,CC(C)=CCCC(C)=CCOP([O-])(=O)OP([O-])([O-])=O,CC(C)=CCCC(C)(O)C=C,['CC(C)=CCCC(C)=CCOP([O-])(=O)OP([O-])([O-])=O'],['CC(C)=CCCC(C)(O)C=C'],"{15810, 68709, 24117}"
marts_E01008,di,CC(C)=CCCC(C)=CCCC(C)=CCCC(C)=CCOP([O-])(=O)OP([O-])([O-])=O,CC(C)=CCCC(C)=CCCC(C)=CCCC(C)(O)C=C,['CC(C)=CCCC(C)=CCCC(C)=CCCC(C)=CCOP([O-])(=O)OP([O-])([O-])=O'],['CC(C)=CCCC(C)=CCCC(C)=CCCC(C)(O)C=C'],{38156}
marts_E01009,sesq,CC(C)=CCCC(C)=CCCC(C)=CCOP([O-])(=O)OP([O-])([O-])=O,CC(C)=CCCC(C)=CCCC(C)(O)C=C,['CC(C)=CCCC(C)=CCCC(C)=CCOP([O-])(=O)OP([O-])([O-])=O'],['CC(C)=CCCC(C)=CCCC(C)(O)C=C'],"{68833, 27531, 27535, 68821, 56985}"
marts_E01009,sesq,CC(C)=CCCC(C)=CCCC(C)=CCOP([O-])(=O)OP([O-])([O-])=O,CC(C)=CCCC1(C)C2CC1CC=C2C,['CC(C)=CCCC(C)=CCCC(C)=CCOP([O-])(=O)OP([O-])([O-])=O'],['CC(C)=CCCC1(C)C2CC1CC=C2C'],"{30472, 31428}"
marts_E01009,sesq,CC(C)=CCCC(C)=CCCC(C)=CCOP([O-])(=O)OP([O-])([O-])=O,CC(C)=CCCC(C)=CCC=C(C)C=C,['CC(C)=CCCC(C)=CCCC(C)=CCOP([O-])(=O)OP([O-])([O-])=O'],['CC(C)=CCCC(C)=CCC=C(C)C=C'],{27422}
marts_E01010,sesq,CC(C)=CCCC(C)=CCCC(C)=CCOP([O-])(=O)OP([O-])([O-])=O,CC(C)=CCCC(C)=CCCC(C)(O)C=C,['CC(C)=CCCC(C)=CCCC(C)=CCOP([O-])(=O)OP([O-])([O-])=O'],['CC(C)=CCCC(C)=CCCC(C)(O)C=C'],"{68833, 27531, 27535, 68821, 56985}"
marts_E01010,sesq,CC(C)=CCCC(C)=CCCC(C)=CCOP([O-])(=O)OP([O-])([O-])=O,CC(C)=CCCC(C)(O)C1CC=C(C)CC1,['CC(C)=CCCC(C)=CCCC(C)=CCOP([O-])(=O)OP([O-])([O-])=O'],['CC(C)=CCCC(C)(O)C1CC=C(C)CC1'],{34504}
marts_E01011,sesq,CC(C)=CCCC(C)=CCCC(C)=CCOP([O-])(=O)OP([O-])([O-])=O,CC1CCC2C(CC2(C)C)C(=C)CCC=1,['CC(C)=CCCC(C)=CCCC(C)=CCOP([O-])(=O)OP([O-])([O-])=O'],['CC1CCC2C(CC2(C)C)C(=C)CCC=1'],"{31816, 34704, 28295}"
marts_E01011,sesq,CC(C)=CCCC(C)=CCCC(C)=CCOP([O-])(=O)OP([O-])([O-])=O,CC1CCC=C(C)CC=CC(C)(C)CC=1,['CC(C)=CCCC(C)=CCCC(C)=CCOP([O-])(=O)OP([O-])([O-])=O'],['CC1CCC=C(C)CC=CC(C)(C)CC=1'],"{31896, 68781}"
marts_E01012,mono,CC(C)=CCCC(C)=CCOP([O-])(=O)OP([O-])([O-])=O,CC1(C)OC2(C)CCC1CC2,['CC(C)=CCCC(C)=CCOP([O-])(=O)OP([O-])([O-])=O'],['CC1(C)OC2(C)CCC1CC2'],"{32544, 56633}"
marts_E01012,mono,CC(C)=CCCC(C)=CCOP([O-])(=O)OP([O-])([O-])=O,CC1=CCC2CC1C2(C)C,['CC(C)=CCCC(C)=CCOP([O-])(=O)OP([O-])([O-])=O'],['CC1=CCC2CC1C2(C)C'],"{32576, 25489, 25663}"
marts_E01012,mono,CC(C)=CCCC(C)=CCOP([O-])(=O)OP([O-])([O-])=O,CC1(C)C2CC1CCC2=C,['CC(C)=CCCC(C)=CCOP([O-])(=O)OP([O-])([O-])=O'],['CC1(C)C2CC1CCC2=C'],"{25497, 25667, 32580}"
marts_E01012,mono,CC(C)=CCCC(C)=CCOP([O-])(=O)OP([O-])([O-])=O,CC(C)C12CC=C(C)C1C2,['CC(C)=CCCC(C)=CCOP([O-])(=O)OP([O-])([O-])=O'],['CC(C)C12CC=C(C)C1C2'],{68645}
marts_E01012,mono,CC(C)=CCCC(C)=CCOP([O-])(=O)OP([O-])([O-])=O,CC(C)C12CCC(=C)C1C2,['CC(C)=CCCC(C)=CCOP([O-])(=O)OP([O-])([O-])=O'],['CC(C)C12CCC(=C)C1C2'],"{68637, 32548, 25509}"
marts_E01012,mono,CC(C)=CCCC(C)=CCOP([O-])(=O)OP([O-])([O-])=O,CC1CCC(=CC=1)C(C)C,['CC(C)=CCCC(C)=CCOP([O-])(=O)OP([O-])([O-])=O'],['CC1CCC(=CC=1)C(C)C'],{32564}
marts_E01012,mono,CC(C)=CCCC(C)=CCOP([O-])(=O)OP([O-])([O-])=O,CC(C)C1CCC(C)CC1,['CC(C)=CCCC(C)=CCOP([O-])(=O)OP([O-])([O-])=O'],['CC(C)C1CCC(C)CC1'],set()
marts_E01012,mono,CC(C)=CCCC(C)=CCOP([O-])(=O)OP([O-])([O-])=O,CC1CC=C(CC=1)C(C)C,['CC(C)=CCCC(C)=CCOP([O-])(=O)OP([O-])([O-])=O'],['CC1CC=C(CC=1)C(C)C'],{32560}
marts_E01012,mono,CC(C)=CCCC(C)=CCOP([O-])(=O)OP([O-])([O-])=O,CC(C)=C1CC=C(C)CC1,['CC(C)=CCCC(C)=CCOP([O-])(=O)OP([O-])([O-])=O'],['CC(C)=C1CC=C(C)CC1'],{25501}
marts_E01012,mono,CC(C)=CCCC(C)=CCOP([O-])(=O)OP([O-])([O-])=O,CC1CCC(CC=1)C(C)(C)O,['CC(C)=CCCC(C)=CCOP([O-])(=O)OP([O-])([O-])=O'],['CC1CCC(CC=1)C(C)(C)O'],"{32552, 32556}"
marts_E01013,sesq,CC(C)=CCCC(C)=CCCC(C)=CCOP([O-])(=O)OP([O-])([O-])=O,CC1CCC(C=CC(=C)CCC=1)C(C)C,['CC(C)=CCCC(C)=CCCC(C)=CCOP([O-])(=O)OP([O-])([O-])=O'],['CC1CCC(C=CC(=C)CCC=1)C(C)C'],"{12017, 30428, 68717}"
marts_E01013,sesq,CC(C)=CCCC(C)=CCCC(C)=CCOP([O-])(=O)OP([O-])([O-])=O,CC(C)C1CCC(C)C23CC=C(C)C2C31,['CC(C)=CCCC(C)=CCCC(C)=CCOP([O-])(=O)OP([O-])([O-])=O'],['CC(C)C1CCC(C)C23CC=C(C)C2C31'],set()
marts_E01013,sesq,CC(C)=CCCC(C)=CCCC(C)=CCOP([O-])(=O)OP([O-])([O-])=O,CC(C)C1CCC(C)C23CCC(=C)C2C31,['CC(C)=CCCC(C)=CCCC(C)=CCOP([O-])(=O)OP([O-])([O-])=O'],['CC(C)C1CCC(C)C23CCC(=C)C2C31'],{32020}
marts_E01013,sesq,CC(C)=CCCC(C)=CCCC(C)=CCOP([O-])(=O)OP([O-])([O-])=O,CC(C)C1CCC2(C)C3C1C2CC=C3C,['CC(C)=CCCC(C)=CCCC(C)=CCOP([O-])(=O)OP([O-])([O-])=O'],['CC(C)C1CCC2(C)C3C1C2CC=C3C'],{33992}
marts_E01013,sesq,CC(C)=CCCC(C)=CCCC(C)=CCOP([O-])(=O)OP([O-])([O-])=O,CC(C)C1CCC2(C)C3C1C2CC=C3C,['CC(C)=CCCC(C)=CCCC(C)=CCOP([O-])(=O)OP([O-])([O-])=O'],['CC(C)C1CCC2(C)C3C1C2CC=C3C'],{33992}
marts_E01013,sesq,CC(C)=CCCC(C)=CCCC(C)=CCOP([O-])(=O)OP([O-])([O-])=O,CC(C)C1CCC2(C)C3C1C2CCC3=C,['CC(C)=CCCC(C)=CCCC(C)=CCOP([O-])(=O)OP([O-])([O-])=O'],['CC(C)C1CCC2(C)C3C1C2CCC3=C'],"{33112, 69776}"
marts_E01013,sesq,CC(C)=CCCC(C)=CCCC(C)=CCOP([O-])(=O)OP([O-])([O-])=O,CC1CCC2C(CC2(C)C)C(=C)CCC=1,['CC(C)=CCCC(C)=CCCC(C)=CCOP([O-])(=O)OP([O-])([O-])=O'],['CC1CCC2C(CC2(C)C)C(=C)CCC=1'],"{31816, 34704, 28295}"
marts_E01013,sesq,CC(C)=CCCC(C)=CCCC(C)=CCOP([O-])(=O)OP([O-])([O-])=O,CC1C=C2C(CCC(C)C2CC=1)C(C)C,['CC(C)=CCCC(C)=CCCC(C)=CCOP([O-])(=O)OP([O-])([O-])=O'],['CC1C=C2C(CCC(C)C2CC=1)C(C)C'],{29488}
marts_E01013,sesq,CC(C)=CCCC(C)=CCCC(C)=CCOP([O-])(=O)OP([O-])([O-])=O,CC1CCC=C(C)CC=CC(C)(C)CC=1,['CC(C)=CCCC(C)=CCCC(C)=CCOP([O-])(=O)OP([O-])([O-])=O'],['CC1CCC=C(C)CC=CC(C)(C)CC=1'],"{31896, 68781}"
marts_E01013,sesq,CC(C)=CCCC(C)=CCCC(C)=CCOP([O-])(=O)OP([O-])([O-])=O,CC1CCC2C(C=1)C(CCC2=C)C(C)C,['CC(C)=CCCC(C)=CCCC(C)=CCOP([O-])(=O)OP([O-])([O-])=O'],['CC1CCC2C(C=1)C(CCC2=C)C(C)C'],"{28640, 68849, 31828, 33108}"
marts_E01013,sesq,CC(C)=CCCC(C)=CCCC(C)=CCOP([O-])(=O)OP([O-])([O-])=O,CC(C)C1=CCC(C)C2CCC(C)C=C12,['CC(C)=CCCC(C)=CCCC(C)=CCOP([O-])(=O)OP([O-])([O-])=O'],['CC(C)C1=CCC(C)C2CCC(C)C=C12'],set()
marts_E01013,sesq,CC(C)=CCCC(C)=CCCC(C)=CCOP([O-])(=O)OP([O-])([O-])=O,CC1CCC=C(C)CCC2C(C=1)C2(C)C,['CC(C)=CCCC(C)=CCCC(C)=CCOP([O-])(=O)OP([O-])([O-])=O'],['CC1CCC=C(C)CCC2C(C=1)C2(C)C'],{32000}
marts_E01013,sesq,CC(C)=CCCC(C)=CCCC(C)=CCOP([O-])(=O)OP([O-])([O-])=O,CC1CCC2C(C=1)C(CCC2=C)C(C)C,['CC(C)=CCCC(C)=CCCC(C)=CCOP([O-])(=O)OP([O-])([O-])=O'],['CC1CCC2C(C=1)C(CCC2=C)C(C)C'],"{28640, 68849, 31828, 33108}"
marts_E01013,sesq,CC(C)=CCCC(C)=CCCC(C)=CCOP([O-])(=O)OP([O-])([O-])=O,CC(C)C1CC=C(C)C2CCC(C)=CC21,['CC(C)=CCCC(C)=CCCC(C)=CCOP([O-])(=O)OP([O-])([O-])=O'],['CC(C)C1CC=C(C)C2CCC(C)=CC21'],"{33104, 53641, 69445}"
marts_E01013,sesq,CC(C)=CCCC(C)=CCCC(C)=CCOP([O-])(=O)OP([O-])([O-])=O,CC1CCC2C(C=1)C(CCC2=C)C(C)C,['CC(C)=CCCC(C)=CCCC(C)=CCOP([O-])(=O)OP([O-])([O-])=O'],['CC1CCC2C(C=1)C(CCC2=C)C(C)C'],"{28640, 68849, 31828, 33108}"
marts_E01013,sesq,CC(C)=CCCC(C)=CCCC(C)=CCOP([O-])(=O)OP([O-])([O-])=O,CC(C)C1CCC(C)=C2CCC(C)=CC21,['CC(C)=CCCC(C)=CCCC(C)=CCOP([O-])(=O)OP([O-])([O-])=O'],['CC(C)C1CCC(C)=C2CCC(C)=CC21'],"{32016, 56557, 19526}"
marts_E01013,sesq,CC(C)=CCCC(C)=CCCC(C)=CCOP([O-])(=O)OP([O-])([O-])=O,CC(C)C1CC=C(C)C2CCC(C)=CC21,['CC(C)=CCCC(C)=CCCC(C)=CCOP([O-])(=O)OP([O-])([O-])=O'],['CC(C)C1CC=C(C)C2CCC(C)=CC21'],"{33104, 53641, 69445}"
marts_E01013,sesq,CC(C)=CCCC(C)=CCCC(C)=CCOP([O-])(=O)OP([O-])([O-])=O,CC1CC=C2C(C=1)C(CCC2C)C(C)C,['CC(C)=CCCC(C)=CCCC(C)=CCOP([O-])(=O)OP([O-])([O-])=O'],['CC1CC=C2C(C=1)C(CCC2C)C(C)C'],{29476}
marts_E01014,sesq,CC(C)=CCCC(C)=CCCC(C)=CCOP([O-])(=O)OP([O-])([O-])=O,CC1CCC=C(C)CCC(=CC=1)C(C)C,['CC(C)=CCCC(C)=CCCC(C)=CCOP([O-])(=O)OP([O-])([O-])=O'],['CC1CCC=C(C)CCC(=CC=1)C(C)C'],"{68773, 28303}"
marts_E01014,sesq,CC(C)=CCCC(C)=CCCC(C)=CCOP([O-])(=O)OP([O-])([O-])=O,CC1CCC(CC=C(C)CCC=1)C(C)=C,['CC(C)=CCCC(C)=CCCC(C)=CCOP([O-])(=O)OP([O-])([O-])=O'],['CC1CCC(CC=C(C)CCC=1)C(C)=C'],"{68777, 25453, 12517}"
marts_E01014,sesq,CC(C)=CCCC(C)=CCCC(C)=CCOP([O-])(=O)OP([O-])([O-])=O,CC1CCC=C(C)CC=CC(C)(C)CC=1,['CC(C)=CCCC(C)=CCCC(C)=CCOP([O-])(=O)OP([O-])([O-])=O'],['CC1CCC=C(C)CC=CC(C)(C)CC=1'],"{31896, 68781}"
marts_E01014,sesq,CC(C)=CCCC(C)=CCCC(C)=CCOP([O-])(=O)OP([O-])([O-])=O,CC(C)=C1CC=C(C)CCC=C(C)CC1,['CC(C)=CCCC(C)=CCCC(C)=CCOP([O-])(=O)OP([O-])([O-])=O'],['CC(C)=C1CC=C(C)CCC=C(C)CC1'],{25445}
marts_E01014,sesq,CC(C)=CCCC(C)=CCCC(C)=CCOP([O-])(=O)OP([O-])([O-])=O,CC1CCC2C(CC2(C)C)C(=C)CCC=1,['CC(C)=CCCC(C)=CCCC(C)=CCOP([O-])(=O)OP([O-])([O-])=O'],['CC1CCC2C(CC2(C)C)C(=C)CCC=1'],"{31816, 34704, 28295}"
marts_E01014,sesq,CC(C)=CCCC(C)=CCCC(C)=CCOP([O-])(=O)OP([O-])([O-])=O,CC1CCC2C(C=1)C(CCC2=C)C(C)C,['CC(C)=CCCC(C)=CCCC(C)=CCOP([O-])(=O)OP([O-])([O-])=O'],['CC1CCC2C(C=1)C(CCC2=C)C(C)C'],"{28640, 68849, 31828, 33108}"
marts_E01015,sesq,CC(C)=CCCC(C)=CCCC(C)=CCOP([O-])(=O)OP([O-])([O-])=O,CC(C)C1CCC(C)=C2CCC(C)=CC21,['CC(C)=CCCC(C)=CCCC(C)=CCOP([O-])(=O)OP([O-])([O-])=O'],['CC(C)C1CCC(C)=C2CCC(C)=CC21'],"{32016, 56557, 19526}"
marts_E01015,mono,CC(C)=CCCC(C)=CCOP([O-])(=O)OP([O-])([O-])=O,CC1=CCC2CC1C2(C)C,['CC(C)=CCCC(C)=CCOP([O-])(=O)OP([O-])([O-])=O'],['CC1=CCC2CC1C2(C)C'],"{32576, 25489, 25663}"
marts_E01015,sesq,CC(C)=CCCC(C)=CCCC(C)=CCOP([O-])(=O)OP([O-])([O-])=O,CC(C)C1CCC(C)C23CC=C(C)C2C31,['CC(C)=CCCC(C)=CCCC(C)=CCOP([O-])(=O)OP([O-])([O-])=O'],['CC(C)C1CCC(C)C23CC=C(C)C2C31'],set()
marts_E01015,sesq,CC(C)=CCCC(C)=CCCC(C)=CCOP([O-])(=O)OP([O-])([O-])=O,CC(C)C1CCC(C)C23CCC(=C)C2C31,['CC(C)=CCCC(C)=CCCC(C)=CCOP([O-])(=O)OP([O-])([O-])=O'],['CC(C)C1CCC(C)C23CCC(=C)C2C31'],{32020}
marts_E01015,sesq,CC(C)=CCCC(C)=CCCC(C)=CCOP([O-])(=O)OP([O-])([O-])=O,CC(C)C1CCC2(C)C3C1C2CC=C3C,['CC(C)=CCCC(C)=CCCC(C)=CCOP([O-])(=O)OP([O-])([O-])=O'],['CC(C)C1CCC2(C)C3C1C2CC=C3C'],{33992}
marts_E01015,sesq,CC(C)=CCCC(C)=CCCC(C)=CCOP([O-])(=O)OP([O-])([O-])=O,CC1CCC2C1C1C(CCC2=C)C1(C)C,['CC(C)=CCCC(C)=CCCC(C)=CCOP([O-])(=O)OP([O-])([O-])=O'],['CC1CCC2C1C1C(CCC2=C)C1(C)C'],{67401}
marts_E01015,sesq,CC(C)=CCCC(C)=CCCC(C)=CCOP([O-])(=O)OP([O-])([O-])=O,CC1CCC(C=CC(=C)CCC=1)C(C)C,['CC(C)=CCCC(C)=CCCC(C)=CCOP([O-])(=O)OP([O-])([O-])=O'],['CC1CCC(C=CC(=C)CCC=1)C(C)C'],"{12017, 30428, 68717}"
marts_E01015,sesq,CC(C)=CCCC(C)=CCCC(C)=CCOP([O-])(=O)OP([O-])([O-])=O,CC1CCC2C(C=1)C(CCC2=C)C(C)C,['CC(C)=CCCC(C)=CCCC(C)=CCOP([O-])(=O)OP([O-])([O-])=O'],['CC1CCC2C(C=1)C(CCC2=C)C(C)C'],"{28640, 68849, 31828, 33108}"
marts_E01015,sesq,CC(C)=CCCC(C)=CCCC(C)=CCOP([O-])(=O)OP([O-])([O-])=O,CC1CC=C2C(C=1)C(CCC2C)C(C)C,['CC(C)=CCCC(C)=CCCC(C)=CCOP([O-])(=O)OP([O-])([O-])=O'],['CC1CC=C2C(C=1)C(CCC2C)C(C)C'],{29476}
marts_E01015,sesq,CC(C)=CCCC(C)=CCCC(C)=CCOP([O-])(=O)OP([O-])([O-])=O,CC(C)C1CC=C(C)C2CCC(C)=CC21,['CC(C)=CCCC(C)=CCCC(C)=CCOP([O-])(=O)OP([O-])([O-])=O'],['CC(C)C1CC=C(C)C2CCC(C)=CC21'],"{33104, 53641, 69445}"
marts_E01015,sesq,CC(C)=CCCC(C)=CCCC(C)=CCOP([O-])(=O)OP([O-])([O-])=O,CC(C)C1CC=C(C)C2CCC(C)=CC21,['CC(C)=CCCC(C)=CCCC(C)=CCOP([O-])(=O)OP([O-])([O-])=O'],['CC(C)C1CC=C(C)C2CCC(C)=CC21'],"{33104, 53641, 69445}"
marts_E01015,sesq,CC(C)=CCCC(C)=CCCC(C)=CCOP([O-])(=O)OP([O-])([O-])=O,CC(C)C1CCC(C)(O)C2CCC(C)=CC21,['CC(C)=CCCC(C)=CCCC(C)=CCOP([O-])(=O)OP([O-])([O-])=O'],['CC(C)C1CCC(C)(O)C2CCC(C)=CC21'],"{78272, 69449, 32012, 54053}"
marts_E01015,sesq,CC(C)=CCCC(C)=CCCC(C)=CCOP([O-])(=O)OP([O-])([O-])=O,CC1(C)C2C1CCC(C)(O)C1CCC(C)C12,['CC(C)=CCCC(C)=CCCC(C)=CCOP([O-])(=O)OP([O-])([O-])=O'],['CC1(C)C2C1CCC(C)(O)C1CCC(C)C12'],set()
marts_E01015,mono,CC(C)=CCCC(C)=CCOP([O-])(=O)OP([O-])([O-])=O,CC(C)=CCCC(=C)C=C,['CC(C)=CCCC(C)=CCOP([O-])(=O)OP([O-])([O-])=O'],['CC(C)=CCCC(=C)C=C'],{16966}
marts_E01015,mono,CC(C)=CCCC(C)=CCOP([O-])(=O)OP([O-])([O-])=O,CC(C)C1CC=C(C)C=C1,['CC(C)=CCCC(C)=CCOP([O-])(=O)OP([O-])([O-])=O'],['CC(C)C1CC=C(C)C=C1'],set()
marts_E01015,mono,CC(C)=CCCC(C)=CCOP([O-])(=O)OP([O-])([O-])=O,CC1CCC(=CC=1)C(C)C,['CC(C)=CCCC(C)=CCOP([O-])(=O)OP([O-])([O-])=O'],['CC1CCC(=CC=1)C(C)C'],{32564}
marts_E01015,mono,CC(C)=CCCC(C)=CCOP([O-])(=O)OP([O-])([O-])=O,CC1CCC(CC=1)C(C)=C,['CC(C)=CCCC(C)=CCOP([O-])(=O)OP([O-])([O-])=O'],['CC1CCC(CC=1)C(C)=C'],"{68641, 10941, 12870}"
marts_E01015,mono,CC(C)=CCCC(C)=CCOP([O-])(=O)OP([O-])([O-])=O,CC(C)=C1CC=C(C)CC1,['CC(C)=CCCC(C)=CCOP([O-])(=O)OP([O-])([O-])=O'],['CC(C)=C1CC=C(C)CC1'],{25501}
marts_E01015,mono,CC(C)=CCCC(C)=CCOP([O-])(=O)OP([O-])([O-])=O,CC(C)=CCCC(C)(O)C=C,['CC(C)=CCCC(C)=CCOP([O-])(=O)OP([O-])([O-])=O'],['CC(C)=CCCC(C)(O)C=C'],"{15810, 68709, 24117}"
marts_E01015,mono,CC(C)=CCCC(C)=CCOP([O-])(=O)OP([O-])([O-])=O,CC(C)=CCCC(C)=CCO,['CC(C)=CCCC(C)=CCOP([O-])(=O)OP([O-])([O-])=O'],['CC(C)=CCCC(C)=CCO'],"{32680, 65829}"
marts_E01016,mono,CC(C)=CCCC(C)=CCOP([O-])(=O)OP([O-])([O-])=O,CC(C)=CCCC(C)=CCO,['CC(C)=CCCC(C)=CCOP([O-])(=O)OP([O-])([O-])=O'],['CC(C)=CCCC(C)=CCO'],"{32680, 65829}"
marts_E01017,sesq,CC(C)=CCCC(C)=CCCC(C)=CCOP([O-])(=O)OP([O-])([O-])=O,CC(C)=CCCC1(C)C2CC1CC=C2C,['CC(C)=CCCC(C)=CCCC(C)=CCOP([O-])(=O)OP([O-])([O-])=O'],['CC(C)=CCCC1(C)C2CC1CC=C2C'],"{30472, 31428}"
marts_E01018,sesq,CC(C)=CCCC(C)=CCCC(C)=CCOP([O-])(=O)OP([O-])([O-])=O,CC(C)C1CCC2(C)C3C1C2CCC3=C,['CC(C)=CCCC(C)=CCCC(C)=CCOP([O-])(=O)OP([O-])([O-])=O'],['CC(C)C1CCC2(C)C3C1C2CCC3=C'],"{33112, 69776}"
marts_E01018,sesq,CC(C)=CCCC(C)=CCCC(C)=CCOP([O-])(=O)OP([O-])([O-])=O,CC(C)C1CCC(C)C23CCC(=C)C2C31,['CC(C)=CCCC(C)=CCCC(C)=CCOP([O-])(=O)OP([O-])([O-])=O'],['CC(C)C1CCC(C)C23CCC(=C)C2C31'],{32020}
marts_E01018,sesq,CC(C)=CCCC(C)=CCCC(C)=CCOP([O-])(=O)OP([O-])([O-])=O,CC(C)C1CCC2(C)C3C1C2CCC3=C,['CC(C)=CCCC(C)=CCCC(C)=CCOP([O-])(=O)OP([O-])([O-])=O'],['CC(C)C1CCC2(C)C3C1C2CCC3=C'],"{33112, 69776}"
marts_E01019,mono,CC(C)=CCCC(C)=CCOP([O-])(=O)OP([O-])([O-])=O,CC1=CCC2CC1C2(C)C,['CC(C)=CCCC(C)=CCOP([O-])(=O)OP([O-])([O-])=O'],['CC1=CCC2CC1C2(C)C'],"{32576, 25489, 25663}"
marts_E01019,mono,CC(C)=CCCC(C)=CCOP([O-])(=O)OP([O-])([O-])=O,CC(C)C12CC1C(C)C=C2,['CC(C)=CCCC(C)=CCOP([O-])(=O)OP([O-])([O-])=O'],['CC(C)C12CC1C(C)C=C2'],{54073}
marts_E01019,mono,CC(C)=CCCC(C)=CCOP([O-])(=O)OP([O-])([O-])=O,CC1CCC(=CC=1)C(C)C,['CC(C)=CCCC(C)=CCOP([O-])(=O)OP([O-])([O-])=O'],['CC1CCC(=CC=1)C(C)C'],{32564}
marts_E01019,mono,CC(C)=CCCC(C)=CCOP([O-])(=O)OP([O-])([O-])=O,CC(C)C12CCC(=C)C1C2,['CC(C)=CCCC(C)=CCOP([O-])(=O)OP([O-])([O-])=O'],['CC(C)C12CCC(=C)C1C2'],"{68637, 32548, 25509}"
marts_E01020,mono,CC(C)=CCCC(C)=CCOP([O-])(=O)OP([O-])([O-])=O,CC(C)=CCCC(C)=CCO,['CC(C)=CCCC(C)=CCOP([O-])(=O)OP([O-])([O-])=O'],['CC(C)=CCCC(C)=CCO'],"{32680, 65829}"
marts_E01021,di,CC1(CCC(C)=CCOP([O-])(=O)OP([O-])([O-])=O)C2CCCC2(CCC1C)C(C)=C,CC1(CC(C)C23CCCC2C(C)(C(O)C1)C(C)CC3)C=C,['CC1(CCC(C)=CCOP([O-])(=O)OP([O-])([O-])=O)C2CCCC2(CCC1C)C(C)=C'],['CC1(CC(C)C23CCCC2C(C)(C(O)C1)C(C)CC3)C=C'],{57925}
marts_E01021,di,CC(C)=CCCC(C)=CCCC(C)=CCCC(C)=CCOP([O-])(=O)OP([O-])([O-])=O,CC1(CCC(C)=CCOP([O-])(=O)OP([O-])([O-])=O)C2CCCC2(CCC1C)C(C)=C,['CC(C)=CCCC(C)=CCCC(C)=CCCC(C)=CCOP([O-])(=O)OP([O-])([O-])=O'],['CC1(CCC(C)=CCOP([O-])(=O)OP([O-])([O-])=O)C2CCCC2(CCC1C)C(C)=C'],{35780}
marts_E01022,pt,CC(C)=CCCC(C)=CCOP([O-])(=O)OP([O-])([O-])=O.CC(=C)CCOP([O-])(=O)OP([O-])([O-])=O,CC(C)=CCCC(C)=CCCC(C)=CCOP([O-])(=O)OP([O-])([O-])=O,"['CC(C)=CCCC(C)=CCOP([O-])(=O)OP([O-])([O-])=O', 'CC(=C)CCOP([O-])(=O)OP([O-])([O-])=O']",['CC(C)=CCCC(C)=CCCC(C)=CCOP([O-])(=O)OP([O-])([O-])=O'],"{19362, 64573, 23301}"
marts_E01022,pt,CC(C)=CCOP([O-])(=O)OP([O-])([O-])=O.CC(=C)CCOP([O-])(=O)OP([O-])([O-])=O,CC(C)=CCCC(C)=CCOP([O-])(=O)OP([O-])([O-])=O,"['CC(C)=CCOP([O-])(=O)OP([O-])([O-])=O', 'CC(=C)CCOP([O-])(=O)OP([O-])([O-])=O']",['CC(C)=CCCC(C)=CCOP([O-])(=O)OP([O-])([O-])=O'],"{11329, 22409}"
marts_E01022,pt,CC(C)=CCCC(C)=CCOP([O-])(=O)OP([O-])([O-])=O.CC(C)=CCCC(C)=CCCC(C)=CCOP([O-])(=O)OP([O-])([O-])=O,CC(C)=CCCC(C)=CCCC(C)=CCCC(C)=CCOP([O-])(=O)OP([O-])([O-])=O,"['CC(C)=CCCC(C)=CCOP([O-])(=O)OP([O-])([O-])=O', 'CC(C)=CCCC(C)=CCCC(C)=CCOP([O-])(=O)OP([O-])([O-])=O']",['CC(C)=CCCC(C)=CCCC(C)=CCCC(C)=CCOP([O-])(=O)OP([O-])([O-])=O'],set()
marts_E01023,di,CC(C)=CCCC(C)=CCCC(C)=CCCC(C)=CCOP([O-])(=O)OP([O-])([O-])=O,CC1CCC2C(C)CCC3=C(CCC3(C)CC=12)C(C)C,['CC(C)=CCCC(C)=CCCC(C)=CCCC(C)=CCOP([O-])(=O)OP([O-])([O-])=O'],['CC1CCC2C(C)CCC3=C(CCC3(C)CC=12)C(C)C'],{26246}
marts_E01023,sester,CC(C)=CCCC(C)=CCCC(C)=CCCC(C)=CCCC(C)=CCOP([O-])(=O)OP([O-])([O-])=O,CC(C)=CCCC(C)=CCCC(C)=CCCC(C)=CCCC(C)=CCO,['CC(C)=CCCC(C)=CCCC(C)=CCCC(C)=CCCC(C)=CCOP([O-])(=O)OP([O-])([O-])=O'],['CC(C)=CCCC(C)=CCCC(C)=CCCC(C)=CCCC(C)=CCO'],set()
marts_E01023,pt,CC(C)=CCOP([O-])(=O)OP([O-])([O-])=O.CC(=C)CCOP([O-])(=O)OP([O-])([O-])=O,CC(C)=CCCC(C)=CCCC(C)=CCCC(C)=CCOP([O-])(=O)OP([O-])([O-])=O,"['CC(C)=CCOP([O-])(=O)OP([O-])([O-])=O', 'CC(=C)CCOP([O-])(=O)OP([O-])([O-])=O']",['CC(C)=CCCC(C)=CCCC(C)=CCCC(C)=CCOP([O-])(=O)OP([O-])([O-])=O'],{55521}
marts_E01026,mono,CC(C)=CCCC(C)=CCOP([O-])(=O)OP([O-])([O-])=O,CC1(C)C2CC(OP(O)(=O)OP(O)(O)=O)C1(C)CC2,['CC(C)=CCCC(C)=CCOP([O-])(=O)OP([O-])([O-])=O'],['CC1(C)C2CC(OP(O)(=O)OP(O)(O)=O)C1(C)CC2'],set()
marts_E01026,mono,CC(C)=CCCC(C)=CCOP([O-])(=O)OP([O-])([O-])=O,CC1=CCC2CC1C2(C)C,['CC(C)=CCCC(C)=CCOP([O-])(=O)OP([O-])([O-])=O'],['CC1=CCC2CC1C2(C)C'],"{32576, 25489, 25663}"
marts_E01026,mono,CC(C)=CCCC(C)=CCOP([O-])(=O)OP([O-])([O-])=O,CC1(C)C2CC(CC2)C1=C,['CC(C)=CCCC(C)=CCOP([O-])(=O)OP([O-])([O-])=O'],['CC1(C)C2CC(CC2)C1=C'],"{32568, 80392, 25485}"
marts_E01026,mono,CC(C)=CCCC(C)=CCOP([O-])(=O)OP([O-])([O-])=O,CC1(C)C2CC(CC2)C1=C,['CC(C)=CCCC(C)=CCOP([O-])(=O)OP([O-])([O-])=O'],['CC1(C)C2CC(CC2)C1=C'],"{32568, 80392, 25485}"
marts_E01026,mono,CC(C)=CCCC(C)=CCOP([O-])(=O)OP([O-])([O-])=O,CC1CCC(CC=1)C(C)=C,['CC(C)=CCCC(C)=CCOP([O-])(=O)OP([O-])([O-])=O'],['CC1CCC(CC=1)C(C)=C'],"{68641, 10941, 12870}"
marts_E01026,mono,CC(C)=CCCC(C)=CCOP([O-])(=O)OP([O-])([O-])=O,CC1CCC(CC=1)C(C)=C,['CC(C)=CCCC(C)=CCOP([O-])(=O)OP([O-])([O-])=O'],['CC1CCC(CC=1)C(C)=C'],"{68641, 10941, 12870}"
marts_E01026,mono,CC(C)=CCCC(C)=CCOP([O-])(=O)OP([O-])([O-])=O,CC(C)=C1CC=C(C)CC1,['CC(C)=CCCC(C)=CCOP([O-])(=O)OP([O-])([O-])=O'],['CC(C)=C1CC=C(C)CC1'],{25501}
marts_E01026,mono,CC(C)=CCCC(C)=CCOP([O-])(=O)OP([O-])([O-])=O,CC(C)=CCCC(=C)C=C,['CC(C)=CCCC(C)=CCOP([O-])(=O)OP([O-])([O-])=O'],['CC(C)=CCCC(=C)C=C'],{16966}
marts_E01027,sester,CC(C)=CCCC(C)=CCCC(C)=CCCC(C)=CCCC(C)=CCOP([O-])(=O)OP([O-])([O-])=O,CC(C)=CCCC(C)C1CCC2(C)CC3C(CCC3(C)O)C(C)=CCC21,['CC(C)=CCCC(C)=CCCC(C)=CCCC(C)=CCCC(C)=CCOP([O-])(=O)OP([O-])([O-])=O'],['CC(C)=CCCC(C)C1CCC2(C)CC3C(CCC3(C)O)C(C)=CCC21'],{41553}
marts_E01027,pt,CC(C)=CCOP([O-])(=O)OP([O-])([O-])=O.CC(=C)CCOP([O-])(=O)OP([O-])([O-])=O,CC(C)=CCCC(C)=CCCC(C)=CCCC(C)=CCCC(C)=CCOP([O-])(=O)OP([O-])([O-])=O,"['CC(C)=CCOP([O-])(=O)OP([O-])([O-])=O', 'CC(=C)CCOP([O-])(=O)OP([O-])([O-])=O']",['CC(C)=CCCC(C)=CCCC(C)=CCCC(C)=CCCC(C)=CCOP([O-])(=O)OP([O-])([O-])=O'],{66861}
marts_E01028,sesq,CC(C)=CCCC(C)=CCCC(C)=CCOP([O-])(=O)OP([O-])([O-])=O,CC1(C)CCCC2(C)C3CCC(C13)C2=C,['CC(C)=CCCC(C)=CCCC(C)=CCOP([O-])(=O)OP([O-])([O-])=O'],['CC1(C)CCCC2(C)C3CCC(C13)C2=C'],{25465}
marts_E01029,sesq,CC(C)=CCCC(C)=CCCC(C)=CCOP([O-])(=O)OP([O-])([O-])=O,CC1(C)C2CCC(C)C32CC1C(C)(O)CC3,['CC(C)=CCCC(C)=CCCC(C)=CCOP([O-])(=O)OP([O-])([O-])=O'],['CC1(C)C2CCC(C)C32CC1C(C)(O)CC3'],{26116}
marts_E01030,sesq,CC(C)=CCCC(C)=CCCC(C)=CCOP([O-])(=O)OP([O-])([O-])=O,CC1CCC(C=CC(=C)CCC=1)C(C)C,['CC(C)=CCCC(C)=CCCC(C)=CCOP([O-])(=O)OP([O-])([O-])=O'],['CC1CCC(C=CC(=C)CCC=1)C(C)C'],"{12017, 30428, 68717}"
marts_E01031,sesq,CC(C)=CCCC(C)=CCCC(C)=CCOP([O-])(=O)OP([O-])([O-])=O,CC(C)=CCCC(C)C1CC=C(C)C=C1,['CC(C)=CCCC(C)=CCCC(C)=CCOP([O-])(=O)OP([O-])([O-])=O'],['CC(C)=CCCC(C)C1CC=C(C)C=C1'],"{35748, 28644}"
marts_E01031,mono,CC(C)=CCCC(C)=CCOP([O-])(=O)OP([O-])([O-])=O,CC(C)=CCC=C(C)C=C,['CC(C)=CCCC(C)=CCOP([O-])(=O)OP([O-])([O-])=O'],['CC(C)=CCC=C(C)C=C'],"{68825, 32692}"
marts_E01031,mono,CC(C)=CCCC(C)=CCOP([O-])(=O)OP([O-])([O-])=O,CC(C)=CCCC(C)(O)C=C,['CC(C)=CCCC(C)=CCOP([O-])(=O)OP([O-])([O-])=O'],['CC(C)=CCCC(C)(O)C=C'],"{15810, 68709, 24117}"
marts_E01032,sesq,CC(C)=CCCC(C)=CCCC(C)=CCOP([O-])(=O)OP([O-])([O-])=O,CC(C)C1CCC(C)=C2CCC(C)=CC21,['CC(C)=CCCC(C)=CCCC(C)=CCOP([O-])(=O)OP([O-])([O-])=O'],['CC(C)C1CCC(C)=C2CCC(C)=CC21'],"{32016, 56557, 19526}"
marts_E01032,sesq,CC(C)=CCCC(C)=CCCC(C)=CCOP([O-])(=O)OP([O-])([O-])=O,CC(C)C1CCC(C)=CCCC(C)(O)C=C1,['CC(C)=CCCC(C)=CCCC(C)=CCOP([O-])(=O)OP([O-])([O-])=O'],['CC(C)C1CCC(C)=CCCC(C)(O)C=C1'],set()
marts_E01033,sesq,CC(C)=CCCC(C)=CCCC(C)=CCOP([O-])(=O)OP([O-])([O-])=O,CC(C)C1CCC(C)=CCCC(C)(O)C=C1,['CC(C)=CCCC(C)=CCCC(C)=CCOP([O-])(=O)OP([O-])([O-])=O'],['CC(C)C1CCC(C)=CCCC(C)(O)C=C1'],set()
marts_E01034,sesq,CC(C)=CCCC(C)=CCCC(C)=CCOP([O-])(=O)OP([O-])([O-])=O,CC(C)C1CCC(C)=C2CCC(C)=CC21,['CC(C)=CCCC(C)=CCCC(C)=CCOP([O-])(=O)OP([O-])([O-])=O'],['CC(C)C1CCC(C)=C2CCC(C)=CC21'],"{32016, 56557, 19526}"
marts_E01035,sesq,CC(C)=CCCC(C)=CCCC(C)=CCOP([O-])(=O)OP([O-])([O-])=O,CC1CCC2C(CC2(C)C)C(=C)CCC=1,['CC(C)=CCCC(C)=CCCC(C)=CCOP([O-])(=O)OP([O-])([O-])=O'],['CC1CCC2C(CC2(C)C)C(=C)CCC=1'],"{31816, 34704, 28295}"
marts_E01036,di,CC(C)=CCCC(C)=CCCC(C)=CCCC(C)=CCOP([O-])(=O)OP([O-])([O-])=O,CC1(C)CCC2(C)CC34C(CCC3(C)C(O)CCC4C)C12,['CC(C)=CCCC(C)=CCCC(C)=CCCC(C)=CCOP([O-])(=O)OP([O-])([O-])=O'],['CC1(C)CCC2(C)CC34C(CCC3(C)C(O)CCC4C)C12'],{78404}
marts_E01036,di,CC(C)=CCCC(C)=CCCC(C)=CCCC(C)=CCOP([O-])(=O)OP([O-])([O-])=O,CC1(C)CCC2(C)CC34C(CCC(C)=C3CCC4C)C12,['CC(C)=CCCC(C)=CCCC(C)=CCCC(C)=CCOP([O-])(=O)OP([O-])([O-])=O'],['CC1(C)CCC2(C)CC34C(CCC(C)=C3CCC4C)C12'],{64857}
marts_E01036,pt,CC(C)=CCOP([O-])(=O)OP([O-])([O-])=O.CC(=C)CCOP([O-])(=O)OP([O-])([O-])=O,CC(C)=CCCC(C)=CCCC(C)=CCCC(C)=CCOP([O-])(=O)OP([O-])([O-])=O,"['CC(C)=CCOP([O-])(=O)OP([O-])([O-])=O', 'CC(=C)CCOP([O-])(=O)OP([O-])([O-])=O']",['CC(C)=CCCC(C)=CCCC(C)=CCCC(C)=CCOP([O-])(=O)OP([O-])([O-])=O'],{55521}
marts_E01037,di,CC1(C)CCCC2(C)C1CCC(=C)C2CCC(C)=CCOP([O-])(=O)OP([O-])([O-])=O,CC1(C)CCCC2(C)C1CCC1CC(=CCC2=1)C(C)C,['CC1(C)CCCC2(C)C1CCC(=C)C2CCC(C)=CCOP([O-])(=O)OP([O-])([O-])=O'],['CC1(C)CCCC2(C)C1CCC1CC(=CCC2=1)C(C)C'],{33984}
marts_E01038,sesq,CC(C)=CCCC(C)=CCCC(C)=CCOP([O-])(=O)OP([O-])([O-])=O,CC(C)=CCCC(C)C1CC=C(C)C=C1,['CC(C)=CCCC(C)=CCCC(C)=CCOP([O-])(=O)OP([O-])([O-])=O'],['CC(C)=CCCC(C)C1CC=C(C)C=C1'],"{35748, 28644}"
marts_E01038,sesq,CC(C)=CCCC(C)=CCCC(C)=CCOP([O-])(=O)OP([O-])([O-])=O,CC(C)=CCCC(C)C1CCC(=C)C=C1,['CC(C)=CCCC(C)=CCCC(C)=CCOP([O-])(=O)OP([O-])([O-])=O'],['CC(C)=CCCC(C)C1CCC(=C)C=C1'],{32700}
marts_E01038,sesq,CC(C)=CCCC(C)=CCCC(C)=CCOP([O-])(=O)OP([O-])([O-])=O,CC(C)=CCCC(=C)C1CC=C(C)CC1,['CC(C)=CCCC(C)=CCCC(C)=CCOP([O-])(=O)OP([O-])([O-])=O'],['CC(C)=CCCC(=C)C1CC=C(C)CC1'],"{68813, 68529, 28267, 68525}"
marts_E01038,sesq,CC(C)=CCCC(C)=CCCC(C)=CCOP([O-])(=O)OP([O-])([O-])=O,CC(C)=CCCC(C)C12CC=C(C)C1C2,['CC(C)=CCCC(C)=CCCC(C)=CCOP([O-])(=O)OP([O-])([O-])=O'],['CC(C)=CCCC(C)C12CC=C(C)C1C2'],"{31992, 31996}"
marts_E01038,sesq,CC(C)=CCCC(C)=CCCC(C)=CCOP([O-])(=O)OP([O-])([O-])=O,CC(C)=CCCC1(C)C2CC1CC=C2C,['CC(C)=CCCC(C)=CCCC(C)=CCOP([O-])(=O)OP([O-])([O-])=O'],['CC(C)=CCCC1(C)C2CC1CC=C2C'],"{30472, 31428}"
marts_E01038,sesq,CC(C)=CCCC(C)=CCCC(C)=CCOP([O-])(=O)OP([O-])([O-])=O,CC(C)=CCCC(C)C12CC1C(=C)CC2,['CC(C)=CCCC(C)=CCCC(C)=CCOP([O-])(=O)OP([O-])([O-])=O'],['CC(C)=CCCC(C)C12CC1C(=C)CC2'],"{60017, 60021}"
marts_E01038,sesq,CC(C)=CCCC(C)=CCCC(C)=CCOP([O-])(=O)OP([O-])([O-])=O,CC(C)=CCCC(C)=CCCC(=C)C=C,['CC(C)=CCCC(C)=CCCC(C)=CCOP([O-])(=O)OP([O-])([O-])=O'],['CC(C)=CCCC(C)=CCCC(=C)C=C'],"{68545, 27426, 68857, 68505, 68509}"
marts_E01038,sesq,CC(C)=CCCC(C)=CCCC(C)=CCOP([O-])(=O)OP([O-])([O-])=O,CC(C)=CCCC(C)=C1CC=C(C)CC1,['CC(C)=CCCC(C)=CCCC(C)=CCOP([O-])(=O)OP([O-])([O-])=O'],['CC(C)=CCCC(C)=C1CC=C(C)CC1'],"{26082, 79464, 28299, 68469, 68789}"
marts_E01039,sesq,CC(C)=CCCC(C)=CCCC(C)=CCOP([O-])(=O)OP([O-])([O-])=O,CC(C)=CCCC(C)C1CC=C(C)C=C1,['CC(C)=CCCC(C)=CCCC(C)=CCOP([O-])(=O)OP([O-])([O-])=O'],['CC(C)=CCCC(C)C1CC=C(C)C=C1'],"{35748, 28644}"
marts_E01039,sesq,CC(C)=CCCC(C)=CCCC(C)=CCOP([O-])(=O)OP([O-])([O-])=O,CC(C)=CCCC(C)C1CCC(=C)C=C1,['CC(C)=CCCC(C)=CCCC(C)=CCOP([O-])(=O)OP([O-])([O-])=O'],['CC(C)=CCCC(C)C1CCC(=C)C=C1'],{32700}
marts_E01039,sesq,CC(C)=CCCC(C)=CCCC(C)=CCOP([O-])(=O)OP([O-])([O-])=O,CC(C)=CCCC(=C)C1CC=C(C)CC1,['CC(C)=CCCC(C)=CCCC(C)=CCOP([O-])(=O)OP([O-])([O-])=O'],['CC(C)=CCCC(=C)C1CC=C(C)CC1'],"{68813, 68529, 28267, 68525}"
marts_E01039,sesq,CC(C)=CCCC(C)=CCCC(C)=CCOP([O-])(=O)OP([O-])([O-])=O,CC(C)=CCCC(C)C12CC=C(C)C1C2,['CC(C)=CCCC(C)=CCCC(C)=CCOP([O-])(=O)OP([O-])([O-])=O'],['CC(C)=CCCC(C)C12CC=C(C)C1C2'],"{31992, 31996}"
marts_E01039,sesq,CC(C)=CCCC(C)=CCCC(C)=CCOP([O-])(=O)OP([O-])([O-])=O,CC(C)=CCCC1(C)C2CC1CC=C2C,['CC(C)=CCCC(C)=CCCC(C)=CCOP([O-])(=O)OP([O-])([O-])=O'],['CC(C)=CCCC1(C)C2CC1CC=C2C'],"{30472, 31428}"
marts_E01039,sesq,CC(C)=CCCC(C)=CCCC(C)=CCOP([O-])(=O)OP([O-])([O-])=O,CC(C)=CCCC(C)C12CC1C(=C)CC2,['CC(C)=CCCC(C)=CCCC(C)=CCOP([O-])(=O)OP([O-])([O-])=O'],['CC(C)=CCCC(C)C12CC1C(=C)CC2'],"{60017, 60021}"
marts_E01039,sesq,CC(C)=CCCC(C)=CCCC(C)=CCOP([O-])(=O)OP([O-])([O-])=O,CC(C)=CCCC(C)=CCCC(=C)C=C,['CC(C)=CCCC(C)=CCCC(C)=CCOP([O-])(=O)OP([O-])([O-])=O'],['CC(C)=CCCC(C)=CCCC(=C)C=C'],"{68545, 27426, 68857, 68505, 68509}"
marts_E01039,sesq,CC(C)=CCCC(C)=CCCC(C)=CCOP([O-])(=O)OP([O-])([O-])=O,CC(C)=CCCC(C)=C1CC=C(C)CC1,['CC(C)=CCCC(C)=CCCC(C)=CCOP([O-])(=O)OP([O-])([O-])=O'],['CC(C)=CCCC(C)=C1CC=C(C)CC1'],"{26082, 79464, 28299, 68469, 68789}"
marts_E01040,sesq,CC(C)=CCCC(C)=CCCC(C)=CCOP([O-])(=O)OP([O-])([O-])=O,CC(C)=CCCC(=C)C1CC=C(C)CC1,['CC(C)=CCCC(C)=CCCC(C)=CCOP([O-])(=O)OP([O-])([O-])=O'],['CC(C)=CCCC(=C)C1CC=C(C)CC1'],"{68813, 68529, 28267, 68525}"
marts_E01040,sesq,CC(C)=CCCC(C)=CCCC(C)=CCOP([O-])(=O)OP([O-])([O-])=O,CC(C)=CCCC(C)C1CCC(=C)C=C1,['CC(C)=CCCC(C)=CCCC(C)=CCOP([O-])(=O)OP([O-])([O-])=O'],['CC(C)=CCCC(C)C1CCC(=C)C=C1'],{32700}
marts_E01040,sesq,CC(C)=CCCC(C)=CCCC(C)=CCOP([O-])(=O)OP([O-])([O-])=O,CC(C)=CCCC(C)=CCCC(=C)C=C,['CC(C)=CCCC(C)=CCCC(C)=CCOP([O-])(=O)OP([O-])([O-])=O'],['CC(C)=CCCC(C)=CCCC(=C)C=C'],"{68545, 27426, 68857, 68505, 68509}"
marts_E01041,sesq,CC(C)=CCCC(C)=CCCC(C)=CCOP([O-])(=O)OP([O-])([O-])=O,CC(C)=CCCC(=C)C1CC=C(C)CC1,['CC(C)=CCCC(C)=CCCC(C)=CCOP([O-])(=O)OP([O-])([O-])=O'],['CC(C)=CCCC(=C)C1CC=C(C)CC1'],"{68813, 68529, 28267, 68525}"
marts_E01041,sesq,CC(C)=CCCC(C)=CCCC(C)=CCOP([O-])(=O)OP([O-])([O-])=O,CC(C)=CCCC(C)C1CCC(=C)C=C1,['CC(C)=CCCC(C)=CCCC(C)=CCOP([O-])(=O)OP([O-])([O-])=O'],['CC(C)=CCCC(C)C1CCC(=C)C=C1'],{32700}
marts_E01041,sesq,CC(C)=CCCC(C)=CCCC(C)=CCOP([O-])(=O)OP([O-])([O-])=O,CC(C)=CCCC(C)=CCCC(=C)C=C,['CC(C)=CCCC(C)=CCCC(C)=CCOP([O-])(=O)OP([O-])([O-])=O'],['CC(C)=CCCC(C)=CCCC(=C)C=C'],"{68545, 27426, 68857, 68505, 68509}"
marts_E01038,sesq,CC(C)=CCCC(C)=CCCC(C)=CCOP([O-])(=O)OP([O-])([O-])=O,CC(C)=CCCC(=C)C1CC=C(C)CC1,['CC(C)=CCCC(C)=CCCC(C)=CCOP([O-])(=O)OP([O-])([O-])=O'],['CC(C)=CCCC(=C)C1CC=C(C)CC1'],"{68813, 68529, 28267, 68525}"
marts_E01043,sesq,CC(C)=CCCC(C)=CCCC(C)=CCOP([O-])(=O)OP([O-])([O-])=O,CC(C)=CCCC(=C)C1CC=C(C)CC1,['CC(C)=CCCC(C)=CCCC(C)=CCOP([O-])(=O)OP([O-])([O-])=O'],['CC(C)=CCCC(=C)C1CC=C(C)CC1'],"{68813, 68529, 28267, 68525}"
marts_E01043,sesq,CC(C)=CCCC(C)=CCCC(C)=CCOP([O-])(=O)OP([O-])([O-])=O,CC(C)=CCCC(C)C1CCC(=C)C=C1,['CC(C)=CCCC(C)=CCCC(C)=CCOP([O-])(=O)OP([O-])([O-])=O'],['CC(C)=CCCC(C)C1CCC(=C)C=C1'],{32700}
marts_E01043,sesq,CC(C)=CCCC(C)=CCCC(C)=CCOP([O-])(=O)OP([O-])([O-])=O,CC(C)=CCCC(C)=CCCC(=C)C=C,['CC(C)=CCCC(C)=CCCC(C)=CCOP([O-])(=O)OP([O-])([O-])=O'],['CC(C)=CCCC(C)=CCCC(=C)C=C'],"{68545, 27426, 68857, 68505, 68509}"
marts_E01044,sesq,CC(C)=CCCC(C)=CCCC(C)=CCOP([O-])(=O)OP([O-])([O-])=O,CC(C)=CCCC(C)C1CC=C(C)C=C1,['CC(C)=CCCC(C)=CCCC(C)=CCOP([O-])(=O)OP([O-])([O-])=O'],['CC(C)=CCCC(C)C1CC=C(C)C=C1'],"{35748, 28644}"
marts_E01044,sesq,CC(C)=CCCC(C)=CCCC(C)=CCOP([O-])(=O)OP([O-])([O-])=O,CC(C)=CCCC(C)C1CCC(=C)C=C1,['CC(C)=CCCC(C)=CCCC(C)=CCOP([O-])(=O)OP([O-])([O-])=O'],['CC(C)=CCCC(C)C1CCC(=C)C=C1'],{32700}
marts_E01044,sesq,CC(C)=CCCC(C)=CCCC(C)=CCOP([O-])(=O)OP([O-])([O-])=O,CC(C)=CCCC(=C)C1CC=C(C)CC1,['CC(C)=CCCC(C)=CCCC(C)=CCOP([O-])(=O)OP([O-])([O-])=O'],['CC(C)=CCCC(=C)C1CC=C(C)CC1'],"{68813, 68529, 28267, 68525}"
marts_E01044,sesq,CC(C)=CCCC(C)=CCCC(C)=CCOP([O-])(=O)OP([O-])([O-])=O,CC(C)=CCCC(C)C12CC=C(C)C1C2,['CC(C)=CCCC(C)=CCCC(C)=CCOP([O-])(=O)OP([O-])([O-])=O'],['CC(C)=CCCC(C)C12CC=C(C)C1C2'],"{31992, 31996}"
marts_E01044,sesq,CC(C)=CCCC(C)=CCCC(C)=CCOP([O-])(=O)OP([O-])([O-])=O,CC(C)=CCCC(C)C12CC1C(=C)CC2,['CC(C)=CCCC(C)=CCCC(C)=CCOP([O-])(=O)OP([O-])([O-])=O'],['CC(C)=CCCC(C)C12CC1C(=C)CC2'],"{60017, 60021}"
marts_E01044,sesq,CC(C)=CCCC(C)=CCCC(C)=CCOP([O-])(=O)OP([O-])([O-])=O,CC(C)=CCCC1(C)C2CC1CC=C2C,['CC(C)=CCCC(C)=CCCC(C)=CCOP([O-])(=O)OP([O-])([O-])=O'],['CC(C)=CCCC1(C)C2CC1CC=C2C'],"{30472, 31428}"
marts_E01044,sesq,CC(C)=CCCC(C)=CCCC(C)=CCOP([O-])(=O)OP([O-])([O-])=O,CC(C)=CCCC(C)=CCCC(=C)C=C,['CC(C)=CCCC(C)=CCCC(C)=CCOP([O-])(=O)OP([O-])([O-])=O'],['CC(C)=CCCC(C)=CCCC(=C)C=C'],"{68545, 27426, 68857, 68505, 68509}"
marts_E01044,sesq,CC(C)=CCCC(C)=CCCC(C)=CCOP([O-])(=O)OP([O-])([O-])=O,CC(C)=CCCC(C)=C1CC=C(C)CC1,['CC(C)=CCCC(C)=CCCC(C)=CCOP([O-])(=O)OP([O-])([O-])=O'],['CC(C)=CCCC(C)=C1CC=C(C)CC1'],"{26082, 79464, 28299, 68469, 68789}"
marts_E01045,sesq,CC(C)=CCCC(C)=CCCC(C)=CCOP([O-])(=O)OP([O-])([O-])=O,CC(CO)=C1CC(C)(C)CC2C1CCC2C,['CC(C)=CCCC(C)=CCCC(C)=CCOP([O-])(=O)OP([O-])([O-])=O'],['CC(CO)=C1CC(C)(C)CC2C1CCC2C'],{66645}
marts_E01045,sesq,CC(C)=CCCC(C)=CCCC(C)=CCOP([O-])(=O)OP([O-])([O-])=O,CC1CCC=C(C)CC=CC(C)(C)CC=1,['CC(C)=CCCC(C)=CCCC(C)=CCOP([O-])(=O)OP([O-])([O-])=O'],['CC1CCC=C(C)CC=CC(C)(C)CC=1'],"{31896, 68781}"
marts_E01045,sesq,CC(C)=CCCC(C)=CCCC(C)=CCOP([O-])(=O)OP([O-])([O-])=O,CC1CCC2C(CC2(C)C)C(=C)CCC=1,['CC(C)=CCCC(C)=CCCC(C)=CCOP([O-])(=O)OP([O-])([O-])=O'],['CC1CCC2C(CC2(C)C)C(=C)CCC=1'],"{31816, 34704, 28295}"
marts_E01045,sesq,CC(C)=CCCC(C)=CCCC(C)=CCOP([O-])(=O)OP([O-])([O-])=O,CC1CCC2C(CC2(C)C)C(=C)CCC=1,['CC(C)=CCCC(C)=CCCC(C)=CCOP([O-])(=O)OP([O-])([O-])=O'],['CC1CCC2C(CC2(C)C)C(=C)CCC=1'],"{31816, 34704, 28295}"
marts_E01045,sesq,CC(C)=CCCC(C)=CCCC(C)=CCOP([O-])(=O)OP([O-])([O-])=O,CC1(C)CC2CC2(C)C2CCC(C)C2(O)C1,['CC(C)=CCCC(C)=CCCC(C)=CCOP([O-])(=O)OP([O-])([O-])=O'],['CC1(C)CC2CC2(C)C2CCC(C)C2(O)C1'],"{85624, 53617}"
marts_E01045,sesq,CC(C)=CCCC(C)=CCCC(C)=CCOP([O-])(=O)OP([O-])([O-])=O,CC1CC(O)CC(C)(C)CC2C(C)CCC=12,['CC(C)=CCCC(C)=CCCC(C)=CCOP([O-])(=O)OP([O-])([O-])=O'],['CC1CC(O)CC(C)(C)CC2C(C)CCC=12'],{54373}
marts_E01045,sesq,CC(C)=CCCC(C)=CCCC(C)=CCOP([O-])(=O)OP([O-])([O-])=O,CC1(C)CC2CC2(C)C2CC=C(C)C2C1,['CC(C)=CCCC(C)=CCCC(C)=CCOP([O-])(=O)OP([O-])([O-])=O'],['CC1(C)CC2CC2(C)C2CC=C(C)C2C1'],{66649}
marts_E01045,sesq,CC(C)=CCCC(C)=CCCC(C)=CCOP([O-])(=O)OP([O-])([O-])=O,CC1(C)CC2CC2(C)C2CCC(C)C2=C1,['CC(C)=CCCC(C)=CCCC(C)=CCOP([O-])(=O)OP([O-])([O-])=O'],['CC1(C)CC2CC2(C)C2CCC(C)C2=C1'],{66653}
marts_E01046,sesq,CC(C)=CCCC(C)=CCCC(C)=CCOP([O-])(=O)OP([O-])([O-])=O,CC(C)C1CC=C(C)C2CCC(C)=CC21,['CC(C)=CCCC(C)=CCCC(C)=CCOP([O-])(=O)OP([O-])([O-])=O'],['CC(C)C1CC=C(C)C2CCC(C)=CC21'],"{33104, 53641, 69445}"
marts_E01046,sesq,CC(C)=CCCC(C)=CCCC(C)=CCOP([O-])(=O)OP([O-])([O-])=O,CC1CCC2C(C=1)C(CCC2=C)C(C)C,['CC(C)=CCCC(C)=CCCC(C)=CCOP([O-])(=O)OP([O-])([O-])=O'],['CC1CCC2C(C=1)C(CCC2=C)C(C)C'],"{28640, 68849, 31828, 33108}"
marts_E01046,sesq,CC(C)=CCCC(C)=CCCC(C)=CCOP([O-])(=O)OP([O-])([O-])=O,CC(C)C1CCC(C)=C2CCC(C)=CC21,['CC(C)=CCCC(C)=CCCC(C)=CCOP([O-])(=O)OP([O-])([O-])=O'],['CC(C)C1CCC(C)=C2CCC(C)=CC21'],"{32016, 56557, 19526}"
marts_E01046,sesq,CC(C)=CCCC(C)=CCCC(C)=CCOP([O-])(=O)OP([O-])([O-])=O,CC(C)C1CCC(C)(O)C2CCC(C)=CC21,['CC(C)=CCCC(C)=CCCC(C)=CCOP([O-])(=O)OP([O-])([O-])=O'],['CC(C)C1CCC(C)(O)C2CCC(C)=CC21'],"{78272, 69449, 32012, 54053}"
marts_E01046,sesq,CC(C)=CCCC(C)=CCCC(C)=CCOP([O-])(=O)OP([O-])([O-])=O,CC1CCC(C=CC(=C)CCC=1)C(C)C,['CC(C)=CCCC(C)=CCCC(C)=CCOP([O-])(=O)OP([O-])([O-])=O'],['CC1CCC(C=CC(=C)CCC=1)C(C)C'],"{12017, 30428, 68717}"
marts_E01046,sesq,CC(C)=CCCC(C)=CCCC(C)=CCOP([O-])(=O)OP([O-])([O-])=O,CC(C)C1CCC(C)C2(O)CCC(C)=CC21,['CC(C)=CCCC(C)=CCCC(C)=CCOP([O-])(=O)OP([O-])([O-])=O'],['CC(C)C1CCC(C)C2(O)CCC(C)=CC21'],{29480}
marts_E01047,sesq,CC(C)=CCCC(C)=CCCC(C)=CCOP([O-])(=O)OP([O-])([O-])=O,CC1CCC2C(C3C(C)CCC=13)C2(C)C,['CC(C)=CCCC(C)=CCCC(C)=CCOP([O-])(=O)OP([O-])([O-])=O'],['CC1CCC2C(C3C(C)CCC=13)C2(C)C'],{31812}
marts_E01047,sesq,CC(C)=CCCC(C)=CCCC(C)=CCOP([O-])(=O)OP([O-])([O-])=O,CC1(C)C2C1CCC(C)(O)C1CCC(C)C12,['CC(C)=CCCC(C)=CCCC(C)=CCOP([O-])(=O)OP([O-])([O-])=O'],['CC1(C)C2C1CCC(C)(O)C1CCC(C)C12'],set()
marts_E01048,sesq,CC(C)=CCCC(C)=CCCC(C)=CCOP([O-])(=O)OP([O-])([O-])=O,CC(C)C1CCC(C)=C2CCC(C)=CC21,['CC(C)=CCCC(C)=CCCC(C)=CCOP([O-])(=O)OP([O-])([O-])=O'],['CC(C)C1CCC(C)=C2CCC(C)=CC21'],"{32016, 56557, 19526}"
marts_E01048,sesq,CC(C)=CCCC(C)=CCCC(C)=CCOP([O-])(=O)OP([O-])([O-])=O,CC(C)C1CC=C(C)C2CCC(C)=CC21,['CC(C)=CCCC(C)=CCCC(C)=CCOP([O-])(=O)OP([O-])([O-])=O'],['CC(C)C1CC=C(C)C2CCC(C)=CC21'],"{33104, 53641, 69445}"
marts_E01048,sesq,CC(C)=CCCC(C)=CCCC(C)=CCOP([O-])(=O)OP([O-])([O-])=O,CC1CCC2C(C=1)C(CCC2=C)C(C)C,['CC(C)=CCCC(C)=CCCC(C)=CCOP([O-])(=O)OP([O-])([O-])=O'],['CC1CCC2C(C=1)C(CCC2=C)C(C)C'],"{28640, 68849, 31828, 33108}"
marts_E01048,sesq,CC(C)=CCCC(C)=CCCC(C)=CCOP([O-])(=O)OP([O-])([O-])=O,CC1=CCCC2(C)CCC(CC21)C(C)=C,['CC(C)=CCCC(C)=CCCC(C)=CCOP([O-])(=O)OP([O-])([O-])=O'],['CC1=CCCC2(C)CCC(CC21)C(C)=C'],"{30384, 31820, 47053}"
marts_E01048,sesq,CC(C)=CCCC(C)=CCCC(C)=CCOP([O-])(=O)OP([O-])([O-])=O,CC(=C)C1CC2C(=C)CCCC2(C)CC1,['CC(C)=CCCC(C)=CCCC(C)=CCOP([O-])(=O)OP([O-])([O-])=O'],['CC(=C)C1CC2C(=C)CCCC2(C)CC1'],{29484}
marts_E01048,sesq,CC(C)=CCCC(C)=CCCC(C)=CCOP([O-])(=O)OP([O-])([O-])=O,CC(C)C1CCC(C)(O)C2CCC(C)=CC21,['CC(C)=CCCC(C)=CCCC(C)=CCOP([O-])(=O)OP([O-])([O-])=O'],['CC(C)C1CCC(C)(O)C2CCC(C)=CC21'],"{78272, 69449, 32012, 54053}"
marts_E01048,sesq,CC(C)=CCCC(C)=CCCC(C)=CCOP([O-])(=O)OP([O-])([O-])=O,CC(C)C1CCC(C)(O)C2CCC(C)=CC21,['CC(C)=CCCC(C)=CCCC(C)=CCOP([O-])(=O)OP([O-])([O-])=O'],['CC(C)C1CCC(C)(O)C2CCC(C)=CC21'],"{78272, 69449, 32012, 54053}"
marts_E01049,sesq,CC(C)=CCCC(C)=CCCC(C)=CCOP([O-])(=O)OP([O-])([O-])=O,CC(C)C1CCC(C)=C2CCC(C)=CC21,['CC(C)=CCCC(C)=CCCC(C)=CCOP([O-])(=O)OP([O-])([O-])=O'],['CC(C)C1CCC(C)=C2CCC(C)=CC21'],"{32016, 56557, 19526}"
marts_E01049,sesq,CC(C)=CCCC(C)=CCCC(C)=CCOP([O-])(=O)OP([O-])([O-])=O,CC1CCC2C(C=1)C(CCC2=C)C(C)C,['CC(C)=CCCC(C)=CCCC(C)=CCOP([O-])(=O)OP([O-])([O-])=O'],['CC1CCC2C(C=1)C(CCC2=C)C(C)C'],"{28640, 68849, 31828, 33108}"
marts_E01049,sesq,CC(C)=CCCC(C)=CCCC(C)=CCOP([O-])(=O)OP([O-])([O-])=O,CC(C)C1CCC(C)C23CC=C(C)C2C31,['CC(C)=CCCC(C)=CCCC(C)=CCOP([O-])(=O)OP([O-])([O-])=O'],['CC(C)C1CCC(C)C23CC=C(C)C2C31'],set()
marts_E01049,mono,CC(C)=CCCC(C)=CCOP([O-])(=O)OP([O-])([O-])=O,CC(C)=CCCC(=C)C=C,['CC(C)=CCCC(C)=CCOP([O-])(=O)OP([O-])([O-])=O'],['CC(C)=CCCC(=C)C=C'],{16966}
marts_E01049,sesq,CC(C)=CCCC(C)=CCCC(C)=CCOP([O-])(=O)OP([O-])([O-])=O,CC1CCC2C(C)CCC(C(C)C)=C2C=1,['CC(C)=CCCC(C)=CCCC(C)=CCOP([O-])(=O)OP([O-])([O-])=O'],['CC1CCC2C(C)CCC(C(C)C)=C2C=1'],set()
marts_E01049,sesq,CC(C)=CCCC(C)=CCCC(C)=CCOP([O-])(=O)OP([O-])([O-])=O,CC(C)C1CCC(C)C2(O)CCC(C)=CC21,['CC(C)=CCCC(C)=CCCC(C)=CCOP([O-])(=O)OP([O-])([O-])=O'],['CC(C)C1CCC(C)C2(O)CCC(C)=CC21'],{29480}
marts_E01049,sesq,CC(C)=CCCC(C)=CCCC(C)=CCOP([O-])(=O)OP([O-])([O-])=O,CC(C)C1CCC2(C)C3C1C2CCC3=C,['CC(C)=CCCC(C)=CCCC(C)=CCOP([O-])(=O)OP([O-])([O-])=O'],['CC(C)C1CCC2(C)C3C1C2CCC3=C'],"{33112, 69776}"
marts_E01049,sesq,CC(C)=CCCC(C)=CCCC(C)=CCOP([O-])(=O)OP([O-])([O-])=O,CC1CCC2C(C)CCC(C(C)C)C=2C=1,['CC(C)=CCCC(C)=CCCC(C)=CCOP([O-])(=O)OP([O-])([O-])=O'],['CC1CCC2C(C)CCC(C(C)C)C=2C=1'],set()
marts_E01049,sesq,CC(C)=CCCC(C)=CCCC(C)=CCOP([O-])(=O)OP([O-])([O-])=O,CC(C)C1CCC(C)C2(O)CCC(C)=CC21,['CC(C)=CCCC(C)=CCCC(C)=CCOP([O-])(=O)OP([O-])([O-])=O'],['CC(C)C1CCC(C)C2(O)CCC(C)=CC21'],{29480}
marts_E01050,sesq,CC(C)=CCCC(C)=CCCC(C)=CCOP([O-])(=O)OP([O-])([O-])=O,CC1CCC2C(C3C(C)CCC=13)C2(C)C,['CC(C)=CCCC(C)=CCCC(C)=CCOP([O-])(=O)OP([O-])([O-])=O'],['CC1CCC2C(C3C(C)CCC=13)C2(C)C'],{31812}
marts_E01051,sesq,CC(C)=CCCC(C)=CCCC(C)=CCOP([O-])(=O)OP([O-])([O-])=O,CC1(C)CC2CC(C)=C3CCC3(C)C2C1,['CC(C)=CCCC(C)=CCCC(C)=CCOP([O-])(=O)OP([O-])([O-])=O'],['CC1(C)CC2CC(C)=C3CCC3(C)C2C1'],{34696}
marts_E01052,sesq,CC(C)=CCCC(C)=CCCC(C)=CCOP([O-])(=O)OP([O-])([O-])=O,CC1(C)CC2CC(C)=C3CCC3(C)C2C1,['CC(C)=CCCC(C)=CCCC(C)=CCOP([O-])(=O)OP([O-])([O-])=O'],['CC1(C)CC2CC(C)=C3CCC3(C)C2C1'],{34696}
marts_E01053,sesq,CC(C)=CCCC(C)=CCCC(C)=CCOP([O-])(=O)OP([O-])([O-])=O,CC1CCC2C(C=1)C(CCC2=C)C(C)C,['CC(C)=CCCC(C)=CCCC(C)=CCOP([O-])(=O)OP([O-])([O-])=O'],['CC1CCC2C(C=1)C(CCC2=C)C(C)C'],"{28640, 68849, 31828, 33108}"
marts_E01053,sesq,CC(C)=CCCC(C)=CCCC(C)=CCOP([O-])(=O)OP([O-])([O-])=O,CC1=CCCC2(C)CCC(CC21)C(C)=C,['CC(C)=CCCC(C)=CCCC(C)=CCOP([O-])(=O)OP([O-])([O-])=O'],['CC1=CCCC2(C)CCC(CC21)C(C)=C'],"{30384, 31820, 47053}"
marts_E01053,sesq,CC(C)=CCCC(C)=CCCC(C)=CCOP([O-])(=O)OP([O-])([O-])=O,CC(C)C1CCC(C)=C2CCC(C)=CC21,['CC(C)=CCCC(C)=CCCC(C)=CCOP([O-])(=O)OP([O-])([O-])=O'],['CC(C)C1CCC(C)=C2CCC(C)=CC21'],"{32016, 56557, 19526}"
marts_E01053,sesq,CC(C)=CCCC(C)=CCCC(C)=CCOP([O-])(=O)OP([O-])([O-])=O,CC1CCC(CC=C(C)CCC=1)C(C)=C,['CC(C)=CCCC(C)=CCCC(C)=CCOP([O-])(=O)OP([O-])([O-])=O'],['CC1CCC(CC=C(C)CCC=1)C(C)=C'],"{68777, 25453, 12517}"
marts_E01053,sesq,CC(C)=CCCC(C)=CCCC(C)=CCOP([O-])(=O)OP([O-])([O-])=O,CC(=C)C1CC2C(=C)CCCC2(C)CC1,['CC(C)=CCCC(C)=CCCC(C)=CCOP([O-])(=O)OP([O-])([O-])=O'],['CC(=C)C1CC2C(=C)CCCC2(C)CC1'],{29484}
marts_E01053,sesq,CC(C)=CCCC(C)=CCCC(C)=CCOP([O-])(=O)OP([O-])([O-])=O,CC(C)C1CC=C(C)C2CC=C(C)CC21,['CC(C)=CCCC(C)=CCCC(C)=CCOP([O-])(=O)OP([O-])([O-])=O'],['CC(C)C1CC=C(C)C2CC=C(C)CC21'],{68597}
marts_E01053,sesq,CC(C)=CCCC(C)=CCCC(C)=CCOP([O-])(=O)OP([O-])([O-])=O,CC(C)C1CCC(C)(O)C2CCC(C)=CC21,['CC(C)=CCCC(C)=CCCC(C)=CCOP([O-])(=O)OP([O-])([O-])=O'],['CC(C)C1CCC(C)(O)C2CCC(C)=CC21'],"{78272, 69449, 32012, 54053}"
marts_E01054,sesq,CC(C)=CCCC(C)=CCCC(C)=CCOP([O-])(=O)OP([O-])([O-])=O,CC1CCC2C(C=1)C(CCC2=C)C(C)C,['CC(C)=CCCC(C)=CCCC(C)=CCOP([O-])(=O)OP([O-])([O-])=O'],['CC1CCC2C(C=1)C(CCC2=C)C(C)C'],"{28640, 68849, 31828, 33108}"
marts_E01054,sesq,CC(C)=CCCC(C)=CCCC(C)=CCOP([O-])(=O)OP([O-])([O-])=O,CC(C)C1CCC(C)=C2CCC(C)=CC21,['CC(C)=CCCC(C)=CCCC(C)=CCOP([O-])(=O)OP([O-])([O-])=O'],['CC(C)C1CCC(C)=C2CCC(C)=CC21'],"{32016, 56557, 19526}"
marts_E01054,sesq,CC(C)=CCCC(C)=CCCC(C)=CCOP([O-])(=O)OP([O-])([O-])=O,CC(C)C1CC=C(C)C2CC=C(C)CC21,['CC(C)=CCCC(C)=CCCC(C)=CCOP([O-])(=O)OP([O-])([O-])=O'],['CC(C)C1CC=C(C)C2CC=C(C)CC21'],{68597}
marts_E01055,sesq,CC(C)=CCCC(C)=CCCC(C)=CCOP([O-])(=O)OP([O-])([O-])=O,CC(C)=CCCC1(C)C2CC1CC=C2C,['CC(C)=CCCC(C)=CCCC(C)=CCOP([O-])(=O)OP([O-])([O-])=O'],['CC(C)=CCCC1(C)C2CC1CC=C2C'],"{30472, 31428}"
marts_E01055,sesq,CC(C)=CCCC(C)=CCCC(C)=CCOP([O-])(=O)OP([O-])([O-])=O,CC(C)=CCCC(C)=CCCC(=C)C=C,['CC(C)=CCCC(C)=CCCC(C)=CCOP([O-])(=O)OP([O-])([O-])=O'],['CC(C)=CCCC(C)=CCCC(=C)C=C'],"{68545, 27426, 68857, 68505, 68509}"
marts_E01055,sesq,CC(C)=CCCC(C)=CCCC(C)=CCOP([O-])(=O)OP([O-])([O-])=O,CC(C)=CCCC(C)C1CCC(C)=CC=1,['CC(C)=CCCC(C)=CCCC(C)=CCOP([O-])(=O)OP([O-])([O-])=O'],['CC(C)=CCCC(C)C1CCC(C)=CC=1'],"{32032, 68785}"
marts_E01055,sesq,CC(C)=CCCC(C)=CCCC(C)=CCOP([O-])(=O)OP([O-])([O-])=O,CC(C)=CCCC(C)C1CCC(=C)C=C1,['CC(C)=CCCC(C)=CCCC(C)=CCOP([O-])(=O)OP([O-])([O-])=O'],['CC(C)=CCCC(C)C1CCC(=C)C=C1'],{32700}
marts_E01057,sesq,CC(C)=CCCC(C)=CCCC(C)=CCOP([O-])(=O)OP([O-])([O-])=O,CC1CCC(CC=C(C)CCC=1)C(C)(C)O,['CC(C)=CCCC(C)=CCCC(C)=CCOP([O-])(=O)OP([O-])([O-])=O'],['CC1CCC(CC=C(C)CCC=1)C(C)(C)O'],"{54057, 54061}"
marts_E01059,sesq,CC(C)=CCCC(C)=CCCC(C)=CCOP([O-])(=O)OP([O-])([O-])=O,CC(C)=C1CC=C(C)CCC=C(C)CC1,['CC(C)=CCCC(C)=CCCC(C)=CCOP([O-])(=O)OP([O-])([O-])=O'],['CC(C)=C1CC=C(C)CCC=C(C)CC1'],{25445}
marts_E01060,sesq,CC(C)=CCCC(C)=CCCC(C)=CCOP([O-])(=O)OP([O-])([O-])=O,CC1(C)CC2CC(C)=C3CCC3(C)C2C1,['CC(C)=CCCC(C)=CCCC(C)=CCOP([O-])(=O)OP([O-])([O-])=O'],['CC1(C)CC2CC(C)=C3CCC3(C)C2C1'],{34696}
marts_E01061,sesq,CC(C)=CCCC(C)=CCCC(C)=CCOP([O-])(=O)OP([O-])([O-])=O,CC1(C)C2CCC(C)C32CC1C(C)(O)CC3,['CC(C)=CCCC(C)=CCCC(C)=CCOP([O-])(=O)OP([O-])([O-])=O'],['CC1(C)C2CCC(C)C32CC1C(C)(O)CC3'],{26116}
marts_E01062,sesq,CC(C)=CCCC(C)=CCCC(C)=CCOP([O-])(=O)OP([O-])([O-])=O,CC1CCC(C=CC(=C)CCC=1)C(C)C,['CC(C)=CCCC(C)=CCCC(C)=CCOP([O-])(=O)OP([O-])([O-])=O'],['CC1CCC(C=CC(=C)CCC=1)C(C)C'],"{12017, 30428, 68717}"
marts_E01062,mono,CC(C)=CCCC(C)=CCOP([O-])(=O)OP([O-])([O-])=O,CC1(C)C2CC(CC2)C1=C,['CC(C)=CCCC(C)=CCOP([O-])(=O)OP([O-])([O-])=O'],['CC1(C)C2CC(CC2)C1=C'],"{32568, 80392, 25485}"
marts_E01062,sesq,CC(C)=CCCC(C)=CCCC(C)=CCOP([O-])(=O)OP([O-])([O-])=O,CC1CCC2C(C=1)C(CCC2=C)C(C)C,['CC(C)=CCCC(C)=CCCC(C)=CCOP([O-])(=O)OP([O-])([O-])=O'],['CC1CCC2C(C=1)C(CCC2=C)C(C)C'],"{28640, 68849, 31828, 33108}"
marts_E01062,sesq,CC(C)=CCCC(C)=CCCC(C)=CCOP([O-])(=O)OP([O-])([O-])=O,CC(C)C1CC=C(C)C2CCC(C)=CC21,['CC(C)=CCCC(C)=CCCC(C)=CCOP([O-])(=O)OP([O-])([O-])=O'],['CC(C)C1CC=C(C)C2CCC(C)=CC21'],"{33104, 53641, 69445}"
marts_E01064,sesq,CC(C)=CCCC(C)=CCCC(C)=CCOP([O-])(=O)OP([O-])([O-])=O,CC(C)C1CCC2(C)C3C1C2CC=C3C,['CC(C)=CCCC(C)=CCCC(C)=CCOP([O-])(=O)OP([O-])([O-])=O'],['CC(C)C1CCC2(C)C3C1C2CC=C3C'],{33992}
marts_E01064,sesq,CC(C)=CCCC(C)=CCCC(C)=CCOP([O-])(=O)OP([O-])([O-])=O,CC1CCC(CC=C(C)CCC=1)C(C)=C,['CC(C)=CCCC(C)=CCCC(C)=CCOP([O-])(=O)OP([O-])([O-])=O'],['CC1CCC(CC=C(C)CCC=1)C(C)=C'],"{68777, 25453, 12517}"
marts_E01064,sesq,CC(C)=CCCC(C)=CCCC(C)=CCOP([O-])(=O)OP([O-])([O-])=O,CC1(C)C2C1CC=C1CCCC(C)C12C,['CC(C)=CCCC(C)=CCCC(C)=CCOP([O-])(=O)OP([O-])([O-])=O'],['CC1(C)C2C1CC=C1CCCC(C)C12C'],{73964}
marts_E01064,sesq,CC(C)=CCCC(C)=CCCC(C)=CCOP([O-])(=O)OP([O-])([O-])=O,CC(C)C1CCC2(C)C3C1C2CCC3=C,['CC(C)=CCCC(C)=CCCC(C)=CCOP([O-])(=O)OP([O-])([O-])=O'],['CC(C)C1CCC2(C)C3C1C2CCC3=C'],"{33112, 69776}"
marts_E01064,sesq,CC(C)=CCCC(C)=CCCC(C)=CCOP([O-])(=O)OP([O-])([O-])=O,CC(C)C1CC=C(C)C2CCC(C)=CC21,['CC(C)=CCCC(C)=CCCC(C)=CCOP([O-])(=O)OP([O-])([O-])=O'],['CC(C)C1CC=C(C)C2CCC(C)=CC21'],"{33104, 53641, 69445}"
marts_E01064,sesq,CC(C)=CCCC(C)=CCCC(C)=CCOP([O-])(=O)OP([O-])([O-])=O,CC(C)=CCC=C(C)C1CC=C(C)CC1,['CC(C)=CCCC(C)=CCCC(C)=CCOP([O-])(=O)OP([O-])([O-])=O'],['CC(C)=CCC=C(C)C1CC=C(C)CC1'],"{68845, 68817, 68533, 68473, 25437}"
marts_E01065,sesq,CC(C)=CCCC(C)=CCCC(C)=CCOP([O-])(=O)OP([O-])([O-])=O,CC(C)=CCCC(C)=CCCC(C)(O)C=C,['CC(C)=CCCC(C)=CCCC(C)=CCOP([O-])(=O)OP([O-])([O-])=O'],['CC(C)=CCCC(C)=CCCC(C)(O)C=C'],"{68833, 27531, 27535, 68821, 56985}"
marts_E01065,mono,CC(C)=CCCC(C)=CCOP([O-])(=O)OP([O-])([O-])=O,CC(C)=CCCC(C)(O)C=C,['CC(C)=CCCC(C)=CCOP([O-])(=O)OP([O-])([O-])=O'],['CC(C)=CCCC(C)(O)C=C'],"{15810, 68709, 24117}"
marts_E01066,sester,CC(C)=CCCC(C)=CCCC(C)=CCCC(C)=CCCC(C)=CCOP([O-])(=O)OP([O-])([O-])=O,CC1CCC2C=1CC1(C)CCC3(C)CCC(C3C1C1CC12C)C(C)C,['CC(C)=CCCC(C)=CCCC(C)=CCCC(C)=CCCC(C)=CCOP([O-])(=O)OP([O-])([O-])=O'],['CC1CCC2C=1CC1(C)CCC3(C)CCC(C3C1C1CC12C)C(C)C'],{66833}
marts_E01066,pt,CC(C)=CCOP([O-])(=O)OP([O-])([O-])=O.CC(=C)CCOP([O-])(=O)OP([O-])([O-])=O,CC(C)=CCCC(C)=CCCC(C)=CCCC(C)=CCCC(C)=CCOP([O-])(=O)OP([O-])([O-])=O,"['CC(C)=CCOP([O-])(=O)OP([O-])([O-])=O', 'CC(=C)CCOP([O-])(=O)OP([O-])([O-])=O']",['CC(C)=CCCC(C)=CCCC(C)=CCCC(C)=CCCC(C)=CCOP([O-])(=O)OP([O-])([O-])=O'],{66861}
marts_E01069,sesq,CC(C)=CCCC(C)=CCCC(C)=CCOP([O-])(=O)OP([O-])([O-])=O,CC(C)(O)C1CC2C(=C)CCCC2(C)CC1,['CC(C)=CCCC(C)=CCCC(C)=CCOP([O-])(=O)OP([O-])([O-])=O'],['CC(C)(O)C1CC2C(=C)CCCC2(C)CC1'],{29496}
marts_E01070,sesq,CC(C)=CCCC(C)=CCCC(C)=CCOP([O-])(=O)OP([O-])([O-])=O,CC(C)(O)C1CC2C(=C)CCCC2(C)CC1,['CC(C)=CCCC(C)=CCCC(C)=CCOP([O-])(=O)OP([O-])([O-])=O'],['CC(C)(O)C1CC2C(=C)CCCC2(C)CC1'],{29496}
marts_E01071,sesq,CC(C)=CCCC(C)=CCCC(C)=CCOP([O-])(=O)OP([O-])([O-])=O,CC(C)=C1CC=C(C)CCC=C(C)CC1,['CC(C)=CCCC(C)=CCCC(C)=CCOP([O-])(=O)OP([O-])([O-])=O'],['CC(C)=C1CC=C(C)CCC=C(C)CC1'],{25445}
marts_E01072,sesq,CC(C)=CCCC(C)=CCCC(C)=CCOP([O-])(=O)OP([O-])([O-])=O,CC1CCC2C(CC2(C)C)C(=C)CCC=1,['CC(C)=CCCC(C)=CCCC(C)=CCOP([O-])(=O)OP([O-])([O-])=O'],['CC1CCC2C(CC2(C)C)C(=C)CCC=1'],"{31816, 34704, 28295}"
marts_E01072,sesq,CC(C)=CCCC(C)=CCCC(C)=CCOP([O-])(=O)OP([O-])([O-])=O,CC1CCC=C(C)CC=CC(C)(C)CC=1,['CC(C)=CCCC(C)=CCCC(C)=CCOP([O-])(=O)OP([O-])([O-])=O'],['CC1CCC=C(C)CC=CC(C)(C)CC=1'],"{31896, 68781}"
marts_E01073,sesq,CC(C)=CCCC(C)=CCCC(C)=CCOP([O-])(=O)OP([O-])([O-])=O,CC1CCC(C=CC(=C)CCC=1)C(C)C,['CC(C)=CCCC(C)=CCCC(C)=CCOP([O-])(=O)OP([O-])([O-])=O'],['CC1CCC(C=CC(=C)CCC=1)C(C)C'],"{12017, 30428, 68717}"
marts_E01074,sesq,CC(C)=CCCC(C)=CCCC(C)=CCOP([O-])(=O)OP([O-])([O-])=O,CC1CCC2C(CC2(C)C)C(=C)CCC=1,['CC(C)=CCCC(C)=CCCC(C)=CCOP([O-])(=O)OP([O-])([O-])=O'],['CC1CCC2C(CC2(C)C)C(=C)CCC=1'],"{31816, 34704, 28295}"
marts_E01075,di,CC(C)=CCCC(C)=CCCC(C)=CCCC(C)=CCOP([O-])(=O)OP([O-])([O-])=O,CC1(C)CCCC2(C)C1CCC(=C)C2CCC(C)=CCOP([O-])(=O)OP([O-])([O-])=O,['CC(C)=CCCC(C)=CCCC(C)=CCCC(C)=CCOP([O-])(=O)OP([O-])([O-])=O'],['CC1(C)CCCC2(C)C1CCC(=C)C2CCC(C)=CCOP([O-])(=O)OP([O-])([O-])=O'],"{14842, 24317, 25525}"
marts_E01076,di,CC1(C)CCCC2(C)C1CCC(=C)C2CCC(C)=CCOP([O-])(=O)OP([O-])([O-])=O,CC1(C)CCCC2(C)C1CCC13CC(CCC21)C(=C)C3,['CC1(C)CCCC2(C)C1CCC(=C)C2CCC(C)=CCOP([O-])(=O)OP([O-])([O-])=O'],['CC1(C)CCCC2(C)C1CCC13CC(CCC21)C(=C)C3'],{22221}
marts_E01077,sesq,CC(C)=CCCC(C)=CCCC(C)=CCOP([O-])(=O)OP([O-])([O-])=O,CC(C)C1CCC(C)(O)C2CCC(C)=CC21,['CC(C)=CCCC(C)=CCCC(C)=CCOP([O-])(=O)OP([O-])([O-])=O'],['CC(C)C1CCC(C)(O)C2CCC(C)=CC21'],"{78272, 69449, 32012, 54053}"
marts_E01077,sesq,CC(C)=CCCC(C)=CCCC(C)=CCOP([O-])(=O)OP([O-])([O-])=O,CC(C)C1CCC(C)=CCCC(C)(O)C=C1,['CC(C)=CCCC(C)=CCCC(C)=CCOP([O-])(=O)OP([O-])([O-])=O'],['CC(C)C1CCC(C)=CCCC(C)(O)C=C1'],set()
marts_E01077,sesq,CC(C)=CCCC(C)=CCCC(C)=CCOP([O-])(=O)OP([O-])([O-])=O,CC(C)C1CC=C(C)C2CCC(C)=CC21,['CC(C)=CCCC(C)=CCCC(C)=CCOP([O-])(=O)OP([O-])([O-])=O'],['CC(C)C1CC=C(C)C2CCC(C)=CC21'],"{33104, 53641, 69445}"
marts_E01077,sesq,CC(C)=CCCC(C)=CCCC(C)=CCOP([O-])(=O)OP([O-])([O-])=O,CC1CCC2C(C=1)C(CCC2=C)C(C)C,['CC(C)=CCCC(C)=CCCC(C)=CCOP([O-])(=O)OP([O-])([O-])=O'],['CC1CCC2C(C=1)C(CCC2=C)C(C)C'],"{28640, 68849, 31828, 33108}"
marts_E01080,sesq,CC(C)=CCCC(C)=CCCC(C)=CCOP([O-])(=O)OP([O-])([O-])=O,CC(C)=CCC=C(C)C1CC=C(C)CC1,['CC(C)=CCCC(C)=CCCC(C)=CCOP([O-])(=O)OP([O-])([O-])=O'],['CC(C)=CCC=C(C)C1CC=C(C)CC1'],"{68845, 68817, 68533, 68473, 25437}"
marts_E01081,sesq,CC(C)=CCCC(C)=CCCC(C)=CCOP([O-])(=O)OP([O-])([O-])=O,CC(C)=CCCC(C)=CCCC(=C)C=C,['CC(C)=CCCC(C)=CCCC(C)=CCOP([O-])(=O)OP([O-])([O-])=O'],['CC(C)=CCCC(C)=CCCC(=C)C=C'],"{68545, 27426, 68857, 68505, 68509}"
marts_E01081,sesq,CC(C)=CCCC(C)=CCCC(C)=CCOP([O-])(=O)OP([O-])([O-])=O,CC(C)=CCCC(C)=CCC=C(C)C=C,['CC(C)=CCCC(C)=CCCC(C)=CCOP([O-])(=O)OP([O-])([O-])=O'],['CC(C)=CCCC(C)=CCC=C(C)C=C'],{27422}
marts_E01081,mono,CC(C)=CCCC(C)=CCOP([O-])(=O)OP([O-])([O-])=O,CC(C)=CCCC(C)(O)C=C,['CC(C)=CCCC(C)=CCOP([O-])(=O)OP([O-])([O-])=O'],['CC(C)=CCCC(C)(O)C=C'],"{15810, 68709, 24117}"
marts_E01081,di,CC(C)=CCCC(C)=CCCC(C)=CCCC(C)=CCOP([O-])(=O)OP([O-])([O-])=O,CC1CCC=C(C)CCC(CC=C(C)CCC=1)C(C)(C)O,['CC(C)=CCCC(C)=CCCC(C)=CCCC(C)=CCOP([O-])(=O)OP([O-])([O-])=O'],['CC1CCC=C(C)CCC(CC=C(C)CCC=1)C(C)(C)O'],"{42993, 73996}"
marts_E01081,di,CC(C)=CCCC(C)=CCCC(C)=CCCC(C)=CCOP([O-])(=O)OP([O-])([O-])=O,CC1CCC=C(C)CCC(CC=C(C)CCC=1)C(C)=C,['CC(C)=CCCC(C)=CCCC(C)=CCCC(C)=CCOP([O-])(=O)OP([O-])([O-])=O'],['CC1CCC=C(C)CCC(CC=C(C)CCC=1)C(C)=C'],{42997}
marts_E01082,sesq,CC(C)=CCCC(C)=CCCC(C)=CCOP([O-])(=O)OP([O-])([O-])=O,CC1(C)C2C1CC=C1CCCC(C)C12C,['CC(C)=CCCC(C)=CCCC(C)=CCOP([O-])(=O)OP([O-])([O-])=O'],['CC1(C)C2C1CC=C1CCCC(C)C12C'],{73964}
marts_E01082,sesq,CC(C)=CCCC(C)=CCCC(C)=CCOP([O-])(=O)OP([O-])([O-])=O,CC(C)C1CCC2(C)C3C1C2CCC3=C,['CC(C)=CCCC(C)=CCCC(C)=CCOP([O-])(=O)OP([O-])([O-])=O'],['CC(C)C1CCC2(C)C3C1C2CCC3=C'],"{33112, 69776}"
marts_E01082,sesq,CC(C)=CCCC(C)=CCCC(C)=CCOP([O-])(=O)OP([O-])([O-])=O,CC1CCC(CC=C(C)CCC=1)C(C)=C,['CC(C)=CCCC(C)=CCCC(C)=CCOP([O-])(=O)OP([O-])([O-])=O'],['CC1CCC(CC=C(C)CCC=1)C(C)=C'],"{68777, 25453, 12517}"
marts_E01082,di,CC(C)=CCCC(C)=CCCC(C)=CCCC(C)=CCOP([O-])(=O)OP([O-])([O-])=O,CC1CCC=C(C)CCC(CC=C(C)CCC=1)C(C)=C,['CC(C)=CCCC(C)=CCCC(C)=CCCC(C)=CCOP([O-])(=O)OP([O-])([O-])=O'],['CC1CCC=C(C)CCC(CC=C(C)CCC=1)C(C)=C'],{42997}
marts_E01083,sesq,CC(C)=CCCC(C)=CCCC(C)=CCOP([O-])(=O)OP([O-])([O-])=O,CC1CCC(CC=C(C)CCC=1)C(C)=C,['CC(C)=CCCC(C)=CCCC(C)=CCOP([O-])(=O)OP([O-])([O-])=O'],['CC1CCC(CC=C(C)CCC=1)C(C)=C'],"{68777, 25453, 12517}"
marts_E01083,sesq,CC(C)=CCCC(C)=CCCC(C)=CCOP([O-])(=O)OP([O-])([O-])=O,CC(=C)C1CC2(C)C(C)CCC=C2CC1,['CC(C)=CCCC(C)=CCCC(C)=CCOP([O-])(=O)OP([O-])([O-])=O'],['CC(=C)C1CC2(C)C(C)CCC=C2CC1'],"{29512, 58169, 52805}"
marts_E01083,sesq,CC(C)=CCCC(C)=CCCC(C)=CCOP([O-])(=O)OP([O-])([O-])=O,CC1=CCCC2(C)CCC(CC21)C(C)=C,['CC(C)=CCCC(C)=CCCC(C)=CCOP([O-])(=O)OP([O-])([O-])=O'],['CC1=CCCC2(C)CCC(CC21)C(C)=C'],"{30384, 31820, 47053}"
marts_E01083,sesq,CC(C)=CCCC(C)=CCCC(C)=CCOP([O-])(=O)OP([O-])([O-])=O,CC1=CCCC2(C)CCC(CC21)C(C)=C,['CC(C)=CCCC(C)=CCCC(C)=CCOP([O-])(=O)OP([O-])([O-])=O'],['CC1=CCCC2(C)CCC(CC21)C(C)=C'],"{30384, 31820, 47053}"
marts_E01083,mono,CC(C)=CCCC(C)=CCOP([O-])(=O)OP([O-])([O-])=O,CC(C)=CCCC(C)(O)C=C,['CC(C)=CCCC(C)=CCOP([O-])(=O)OP([O-])([O-])=O'],['CC(C)=CCCC(C)(O)C=C'],"{15810, 68709, 24117}"
marts_E01084,sesq,CC(C)=CCCC(C)=CCCC(C)=CCOP([O-])(=O)OP([O-])([O-])=O,CC1(C)CC2C(C1)C=C(C)C1CCC21C,['CC(C)=CCCC(C)=CCCC(C)=CCOP([O-])(=O)OP([O-])([O-])=O'],['CC1(C)CC2C(C1)C=C(C)C1CCC21C'],{53629}
marts_E01085,sesq,CC(C)=CCCC(C)=CCCC(C)=CCOP([O-])(=O)OP([O-])([O-])=O,CC1(C)CC2C(C1)C=C(C)C1CCC21C,['CC(C)=CCCC(C)=CCCC(C)=CCOP([O-])(=O)OP([O-])([O-])=O'],['CC1(C)CC2C(C1)C=C(C)C1CCC21C'],{53629}
marts_E01086,sesq,CC(C)=CCCC(C)=CCCC(C)=CCOP([O-])(=O)OP([O-])([O-])=O,CC1(C)CC2C(C1)C=C(C)C1CCC21C,['CC(C)=CCCC(C)=CCCC(C)=CCOP([O-])(=O)OP([O-])([O-])=O'],['CC1(C)CC2C(C1)C=C(C)C1CCC21C'],{53629}
marts_E01087,di,CC(C)=CCCC(C)=CCCC(C)=CCCC(C)=CCOP([O-])(=O)OP([O-])([O-])=O,CC1(C)CCCC2(C)C1CCC(=C)C2CCC(C)=CCOP([O-])(=O)OP([O-])([O-])=O,['CC(C)=CCCC(C)=CCCC(C)=CCCC(C)=CCOP([O-])(=O)OP([O-])([O-])=O'],['CC1(C)CCCC2(C)C1CCC(=C)C2CCC(C)=CCOP([O-])(=O)OP([O-])([O-])=O'],"{14842, 24317, 25525}"
marts_E01087,pt,CC(C)=CCCC(C)=CCOP([O-])(=O)OP([O-])([O-])=O.CC(C)=CCCC(C)=CCCC(C)=CCOP([O-])(=O)OP([O-])([O-])=O,CC(C)=CCCC(C)=CCCC(C)=CCCC(C)=CCOP([O-])(=O)OP([O-])([O-])=O,"['CC(C)=CCCC(C)=CCOP([O-])(=O)OP([O-])([O-])=O', 'CC(C)=CCCC(C)=CCCC(C)=CCOP([O-])(=O)OP([O-])([O-])=O']",['CC(C)=CCCC(C)=CCCC(C)=CCCC(C)=CCOP([O-])(=O)OP([O-])([O-])=O'],set()
marts_E01087,pt,CC(C)=CCCC(C)=CCOP([O-])(=O)OP([O-])([O-])=O.CC(=C)CCOP([O-])(=O)OP([O-])([O-])=O,CC(C)=CCCC(C)=CCCC(C)=CCOP([O-])(=O)OP([O-])([O-])=O,"['CC(C)=CCCC(C)=CCOP([O-])(=O)OP([O-])([O-])=O', 'CC(=C)CCOP([O-])(=O)OP([O-])([O-])=O']",['CC(C)=CCCC(C)=CCCC(C)=CCOP([O-])(=O)OP([O-])([O-])=O'],"{19362, 64573, 23301}"
marts_E01088,pt,CC(C)=CCOP([O-])(=O)OP([O-])([O-])=O.CC(=C)CCOP([O-])(=O)OP([O-])([O-])=O,CC(C)=CCCC(C)=CCCC(C)=CCCC(C)=CCOP([O-])(=O)OP([O-])([O-])=O,"['CC(C)=CCOP([O-])(=O)OP([O-])([O-])=O', 'CC(=C)CCOP([O-])(=O)OP([O-])([O-])=O']",['CC(C)=CCCC(C)=CCCC(C)=CCCC(C)=CCOP([O-])(=O)OP([O-])([O-])=O'],{55521}
marts_E01088,di,CC(C)=CCCC(C)=CCCC(C)=CCCC(C)=CCOP([O-])(=O)OP([O-])([O-])=O,CC1(C)CCC2(C)CC34C(CCC3(C)C(O)CCC4C)C12,['CC(C)=CCCC(C)=CCCC(C)=CCCC(C)=CCOP([O-])(=O)OP([O-])([O-])=O'],['CC1(C)CCC2(C)CC34C(CCC3(C)C(O)CCC4C)C12'],{78404}
marts_E01089,mono,CC(C)=CCCC(C)=CCOP([O-])(=O)OP([O-])([O-])=O,CC(C)=CCCC(=C)C=C,['CC(C)=CCCC(C)=CCOP([O-])(=O)OP([O-])([O-])=O'],['CC(C)=CCCC(=C)C=C'],{16966}
marts_E01089,mono,CC(C)=CCCC(C)=CCOP([O-])(=O)OP([O-])([O-])=O,CC(C)=CCCC(C)(O)C=C,['CC(C)=CCCC(C)=CCOP([O-])(=O)OP([O-])([O-])=O'],['CC(C)=CCCC(C)(O)C=C'],"{15810, 68709, 24117}"
marts_E01090,sesq,CC(C)=CCCC(C)=CCCC(C)=CCOP([O-])(=O)OP([O-])([O-])=O,CC1(C)CC2CC(C)=C3CCC3(C)C2C1,['CC(C)=CCCC(C)=CCCC(C)=CCOP([O-])(=O)OP([O-])([O-])=O'],['CC1(C)CC2CC(C)=C3CCC3(C)C2C1'],{34696}
marts_E01091,sesq,CC(C)=CCCC(C)=CCCC(C)=CCOP([O-])(=O)OP([O-])([O-])=O,CC1(C)CC2C=C(C)C3CCC(C)C23C1,['CC(C)=CCCC(C)=CCCC(C)=CCOP([O-])(=O)OP([O-])([O-])=O'],['CC1(C)CC2C=C(C)C3CCC(C)C23C1'],{18082}
marts_E01091,sesq,CC(C)=CCCC(C)=CCCC(C)=CCOP([O-])(=O)OP([O-])([O-])=O,CC1CCC2C(CC2(C)C)C(=C)CCC=1,['CC(C)=CCCC(C)=CCCC(C)=CCOP([O-])(=O)OP([O-])([O-])=O'],['CC1CCC2C(CC2(C)C)C(=C)CCC=1'],"{31816, 34704, 28295}"
marts_E01092,sesq,CC(C)=CCCC(C)=CCCC(C)=CCOP([O-])(=O)OP([O-])([O-])=O,CC1(C)CC2CC(C)=C3CCC3(C)C2C1,['CC(C)=CCCC(C)=CCCC(C)=CCOP([O-])(=O)OP([O-])([O-])=O'],['CC1(C)CC2CC(C)=C3CCC3(C)C2C1'],{34696}
marts_E01093,sesq,CC(C)=CCCC(C)=CCCC(C)=CCOP([O-])(=O)OP([O-])([O-])=O,CC(C)C1CCC(C)=C2CCC(C)=CC21,['CC(C)=CCCC(C)=CCCC(C)=CCOP([O-])(=O)OP([O-])([O-])=O'],['CC(C)C1CCC(C)=C2CCC(C)=CC21'],"{32016, 56557, 19526}"
marts_E01093,sesq,CC(C)=CCCC(C)=CCCC(C)=CCOP([O-])(=O)OP([O-])([O-])=O,CC1CCC=C(C)CCC2C(C=1)C2(C)C,['CC(C)=CCCC(C)=CCCC(C)=CCOP([O-])(=O)OP([O-])([O-])=O'],['CC1CCC=C(C)CCC2C(C=1)C2(C)C'],{32000}
marts_E01093,sesq,CC(C)=CCCC(C)=CCCC(C)=CCOP([O-])(=O)OP([O-])([O-])=O,CC1CCC2C(C)CCC3C(C=12)C3(C)C,['CC(C)=CCCC(C)=CCCC(C)=CCOP([O-])(=O)OP([O-])([O-])=O'],['CC1CCC2C(C)CCC3C(C=12)C3(C)C'],{29508}
marts_E01093,sesq,CC(C)=CCCC(C)=CCCC(C)=CCOP([O-])(=O)OP([O-])([O-])=O,CC1CCC2C(CC2(C)C)C(=C)CCC=1,['CC(C)=CCCC(C)=CCCC(C)=CCOP([O-])(=O)OP([O-])([O-])=O'],['CC1CCC2C(CC2(C)C)C(=C)CCC=1'],"{31816, 34704, 28295}"
marts_E01093,sesq,CC(C)=CCCC(C)=CCCC(C)=CCOP([O-])(=O)OP([O-])([O-])=O,CC(C)C1CCC(C)C2CCC(=C)C=C21,['CC(C)=CCCC(C)=CCCC(C)=CCOP([O-])(=O)OP([O-])([O-])=O'],['CC(C)C1CCC(C)C2CCC(=C)C=C21'],{29492}
marts_E01094,sesq,CC(C)=CCCC(C)=CCCC(C)=CCOP([O-])(=O)OP([O-])([O-])=O,CC(C)C1CCC(C)=C2CCC(C)=CC21,['CC(C)=CCCC(C)=CCCC(C)=CCOP([O-])(=O)OP([O-])([O-])=O'],['CC(C)C1CCC(C)=C2CCC(C)=CC21'],"{32016, 56557, 19526}"
marts_E01094,sesq,CC(C)=CCCC(C)=CCCC(C)=CCOP([O-])(=O)OP([O-])([O-])=O,CC1CCC(CC=C(C)CCC=1)C(C)=C,['CC(C)=CCCC(C)=CCCC(C)=CCOP([O-])(=O)OP([O-])([O-])=O'],['CC1CCC(CC=C(C)CCC=1)C(C)=C'],"{68777, 25453, 12517}"
marts_E01094,sesq,CC(C)=CCCC(C)=CCCC(C)=CCOP([O-])(=O)OP([O-])([O-])=O,CC1CCC2C(C=1)C(CCC2=C)C(C)C,['CC(C)=CCCC(C)=CCCC(C)=CCOP([O-])(=O)OP([O-])([O-])=O'],['CC1CCC2C(C=1)C(CCC2=C)C(C)C'],"{28640, 68849, 31828, 33108}"
marts_E01094,sesq,CC(C)=CCCC(C)=CCCC(C)=CCOP([O-])(=O)OP([O-])([O-])=O,CC(C)C1CC=C(C)C2CCC(C)=CC21,['CC(C)=CCCC(C)=CCCC(C)=CCOP([O-])(=O)OP([O-])([O-])=O'],['CC(C)C1CC=C(C)C2CCC(C)=CC21'],"{33104, 53641, 69445}"
marts_E01095,sesq,CC(C)=CCCC(C)=CCCC(C)=CCOP([O-])(=O)OP([O-])([O-])=O,CC(C)C1CCC2(C)C3C1C2CC=C3C,['CC(C)=CCCC(C)=CCCC(C)=CCOP([O-])(=O)OP([O-])([O-])=O'],['CC(C)C1CCC2(C)C3C1C2CC=C3C'],{33992}
marts_E01095,sesq,CC(C)=CCCC(C)=CCCC(C)=CCOP([O-])(=O)OP([O-])([O-])=O,CC(C)C1CCC2(C)C3C1C2CCC3=C,['CC(C)=CCCC(C)=CCCC(C)=CCOP([O-])(=O)OP([O-])([O-])=O'],['CC(C)C1CCC2(C)C3C1C2CCC3=C'],"{33112, 69776}"
marts_E01095,sesq,CC(C)=CCCC(C)=CCCC(C)=CCOP([O-])(=O)OP([O-])([O-])=O,CC(C)C1CC=C(C)C2CCC(C)=CC21,['CC(C)=CCCC(C)=CCCC(C)=CCOP([O-])(=O)OP([O-])([O-])=O'],['CC(C)C1CC=C(C)C2CCC(C)=CC21'],"{33104, 53641, 69445}"
marts_E01095,sesq,CC(C)=CCCC(C)=CCCC(C)=CCOP([O-])(=O)OP([O-])([O-])=O,CC1CCC2C(C=1)C(CCC2=C)C(C)C,['CC(C)=CCCC(C)=CCCC(C)=CCOP([O-])(=O)OP([O-])([O-])=O'],['CC1CCC2C(C=1)C(CCC2=C)C(C)C'],"{28640, 68849, 31828, 33108}"
marts_E01095,sesq,CC(C)=CCCC(C)=CCCC(C)=CCOP([O-])(=O)OP([O-])([O-])=O,CC(C)C1CCC(C)=C2CCC(C)=CC21,['CC(C)=CCCC(C)=CCCC(C)=CCOP([O-])(=O)OP([O-])([O-])=O'],['CC(C)C1CCC(C)=C2CCC(C)=CC21'],"{32016, 56557, 19526}"
marts_E01095,sesq,CC(C)=CCCC(C)=CCCC(C)=CCOP([O-])(=O)OP([O-])([O-])=O,CC1CCC(CC=C(C)CCC=1)C(C)=C,['CC(C)=CCCC(C)=CCCC(C)=CCOP([O-])(=O)OP([O-])([O-])=O'],['CC1CCC(CC=C(C)CCC=1)C(C)=C'],"{68777, 25453, 12517}"
marts_E01096,sesq,CC(C)=CCCC(C)=CCCC(C)=CCOP([O-])(=O)OP([O-])([O-])=O,CC(C)C1CCC2(C)C3C1C2CC=C3C,['CC(C)=CCCC(C)=CCCC(C)=CCOP([O-])(=O)OP([O-])([O-])=O'],['CC(C)C1CCC2(C)C3C1C2CC=C3C'],{33992}
marts_E01096,sesq,CC(C)=CCCC(C)=CCCC(C)=CCOP([O-])(=O)OP([O-])([O-])=O,CC(C)C1CCC2(C)C3C1C2CCC3=C,['CC(C)=CCCC(C)=CCCC(C)=CCOP([O-])(=O)OP([O-])([O-])=O'],['CC(C)C1CCC2(C)C3C1C2CCC3=C'],"{33112, 69776}"
marts_E01096,sesq,CC(C)=CCCC(C)=CCCC(C)=CCOP([O-])(=O)OP([O-])([O-])=O,CC(C)C1CC=C(C)C2CCC(C)=CC21,['CC(C)=CCCC(C)=CCCC(C)=CCOP([O-])(=O)OP([O-])([O-])=O'],['CC(C)C1CC=C(C)C2CCC(C)=CC21'],"{33104, 53641, 69445}"
marts_E01096,sesq,CC(C)=CCCC(C)=CCCC(C)=CCOP([O-])(=O)OP([O-])([O-])=O,CC1CCC2C(C=1)C(CCC2=C)C(C)C,['CC(C)=CCCC(C)=CCCC(C)=CCOP([O-])(=O)OP([O-])([O-])=O'],['CC1CCC2C(C=1)C(CCC2=C)C(C)C'],"{28640, 68849, 31828, 33108}"
marts_E01096,sesq,CC(C)=CCCC(C)=CCCC(C)=CCOP([O-])(=O)OP([O-])([O-])=O,CC(C)C1CCC(C)=C2CCC(C)=CC21,['CC(C)=CCCC(C)=CCCC(C)=CCOP([O-])(=O)OP([O-])([O-])=O'],['CC(C)C1CCC(C)=C2CCC(C)=CC21'],"{32016, 56557, 19526}"
marts_E01096,sesq,CC(C)=CCCC(C)=CCCC(C)=CCOP([O-])(=O)OP([O-])([O-])=O,CC1CCC(CC=C(C)CCC=1)C(C)=C,['CC(C)=CCCC(C)=CCCC(C)=CCOP([O-])(=O)OP([O-])([O-])=O'],['CC1CCC(CC=C(C)CCC=1)C(C)=C'],"{68777, 25453, 12517}"
marts_E01097,sesq,CC(C)=CCCC(C)=CCCC(C)=CCOP([O-])(=O)OP([O-])([O-])=O,CC(C)(O)C1CC2(C)C(C)CCC=C2CC1,['CC(C)=CCCC(C)=CCCC(C)=CCOP([O-])(=O)OP([O-])([O-])=O'],['CC(C)(O)C1CC2(C)C(C)CCC=C2CC1'],{60425}
marts_E01097,sesq,CC(C)=CCCC(C)=CCCC(C)=CCOP([O-])(=O)OP([O-])([O-])=O,CC1CCC(CC=C(C)CCC=1)C(C)(C)O,['CC(C)=CCCC(C)=CCCC(C)=CCOP([O-])(=O)OP([O-])([O-])=O'],['CC1CCC(CC=C(C)CCC=1)C(C)(C)O'],"{54057, 54061}"
marts_E01098,sesq,CC(C)=CCCC(C)=CCCC(C)=CCOP([O-])(=O)OP([O-])([O-])=O,CC(C)(O)C1CC2(C)C(C)CCC=C2CC1,['CC(C)=CCCC(C)=CCCC(C)=CCOP([O-])(=O)OP([O-])([O-])=O'],['CC(C)(O)C1CC2(C)C(C)CCC=C2CC1'],{60425}
marts_E01098,sesq,CC(C)=CCCC(C)=CCCC(C)=CCOP([O-])(=O)OP([O-])([O-])=O,CC1CCC(CC=C(C)CCC=1)C(C)(C)O,['CC(C)=CCCC(C)=CCCC(C)=CCOP([O-])(=O)OP([O-])([O-])=O'],['CC1CCC(CC=C(C)CCC=1)C(C)(C)O'],"{54057, 54061}"
marts_E01099,sesq,CC(C)=CCCC(C)=CCCC(C)=CCOP([O-])(=O)OP([O-])([O-])=O,CC(C)(O)C1CC2(C)C(C)CCC=C2CC1,['CC(C)=CCCC(C)=CCCC(C)=CCOP([O-])(=O)OP([O-])([O-])=O'],['CC(C)(O)C1CC2(C)C(C)CCC=C2CC1'],{60425}
marts_E01099,sesq,CC(C)=CCCC(C)=CCCC(C)=CCOP([O-])(=O)OP([O-])([O-])=O,CC1CCC(CC=C(C)CCC=1)C(C)(C)O,['CC(C)=CCCC(C)=CCCC(C)=CCOP([O-])(=O)OP([O-])([O-])=O'],['CC1CCC(CC=C(C)CCC=1)C(C)(C)O'],"{54057, 54061}"
marts_E01100,sesq,CC(C)=CCCC(C)=CCCC(C)=CCOP([O-])(=O)OP([O-])([O-])=O,CC(C)(O)C1CC2(C)C(C)CCC=C2CC1,['CC(C)=CCCC(C)=CCCC(C)=CCOP([O-])(=O)OP([O-])([O-])=O'],['CC(C)(O)C1CC2(C)C(C)CCC=C2CC1'],{60425}
marts_E01100,sesq,CC(C)=CCCC(C)=CCCC(C)=CCOP([O-])(=O)OP([O-])([O-])=O,CC1CCC(CC=C(C)CCC=1)C(C)(C)O,['CC(C)=CCCC(C)=CCCC(C)=CCOP([O-])(=O)OP([O-])([O-])=O'],['CC1CCC(CC=C(C)CCC=1)C(C)(C)O'],"{54057, 54061}"
marts_E01101,sesq,CC(C)=CCCC(C)=CCCC(C)=CCOP([O-])(=O)OP([O-])([O-])=O,CC(C)(O)C1CC2(C)C(C)CCC=C2CC1,['CC(C)=CCCC(C)=CCCC(C)=CCOP([O-])(=O)OP([O-])([O-])=O'],['CC(C)(O)C1CC2(C)C(C)CCC=C2CC1'],{60425}
marts_E01101,sesq,CC(C)=CCCC(C)=CCCC(C)=CCOP([O-])(=O)OP([O-])([O-])=O,CC1CCC(CC=C(C)CCC=1)C(C)(C)O,['CC(C)=CCCC(C)=CCCC(C)=CCOP([O-])(=O)OP([O-])([O-])=O'],['CC1CCC(CC=C(C)CCC=1)C(C)(C)O'],"{54057, 54061}"
marts_E01102,sesq,CC(C)=CCCC(C)=CCCC(C)=CCOP([O-])(=O)OP([O-])([O-])=O,CC(C)(O)C1CC2(C)C(C)CCC=C2CC1,['CC(C)=CCCC(C)=CCCC(C)=CCOP([O-])(=O)OP([O-])([O-])=O'],['CC(C)(O)C1CC2(C)C(C)CCC=C2CC1'],{60425}
marts_E01102,sesq,CC(C)=CCCC(C)=CCCC(C)=CCOP([O-])(=O)OP([O-])([O-])=O,CC1CCC(CC=C(C)CCC=1)C(C)(C)O,['CC(C)=CCCC(C)=CCCC(C)=CCOP([O-])(=O)OP([O-])([O-])=O'],['CC1CCC(CC=C(C)CCC=1)C(C)(C)O'],"{54057, 54061}"
marts_E01103,di,CC(C)=CCCC(C)=CCCC(C)=CCCC(C)=CCOP([O-])(=O)OP([O-])([O-])=O,CC1(C)CCCC2(C)C1CCC(C)(O)C2CCC(C)=CCOP([O-])(=O)OP([O-])([O-])=O,['CC(C)=CCCC(C)=CCCC(C)=CCCC(C)=CCOP([O-])(=O)OP([O-])([O-])=O'],['CC1(C)CCCC2(C)C1CCC(C)(O)C2CCC(C)=CCOP([O-])(=O)OP([O-])([O-])=O'],"{32704, 54650}"
marts_E01105,pt,CC(C)=CCOP([O-])(=O)OP([O-])([O-])=O.CC(=C)CCOP([O-])(=O)OP([O-])([O-])=O,CC(C)=CCCC(C)=CCCC(C)=CCOP([O-])(=O)OP([O-])([O-])=O,"['CC(C)=CCOP([O-])(=O)OP([O-])([O-])=O', 'CC(=C)CCOP([O-])(=O)OP([O-])([O-])=O']",['CC(C)=CCCC(C)=CCCC(C)=CCOP([O-])(=O)OP([O-])([O-])=O'],{27811}
marts_E01106,sesq,CC(C)=CCCC(C)=CCCC(C)=CCOP([O-])(=O)OP([O-])([O-])=O,CC(C)=CCCC(C)C1CCC(C)=CC1O,['CC(C)=CCCC(C)=CCCC(C)=CCOP([O-])(=O)OP([O-])([O-])=O'],['CC(C)=CCCC(C)C1CCC(C)=CC1O'],{68853}
marts_E01107,pt,CC(C)=CCCC(C)=CCCC(C)=CCOP([O-])(=O)OP([O-])([O-])=O.CC(C)=CCCC(C)=CCCC(C)=CCCC(C)=CCOP([O-])(=O)OP([O-])([O-])=O,CC(C)=CCCC(C)=CCCC(C)=CCCC(C)=CCCC(C)=CCOP([O-])(=O)OP([O-])([O-])=O,"['CC(C)=CCCC(C)=CCCC(C)=CCOP([O-])(=O)OP([O-])([O-])=O', 'CC(C)=CCCC(C)=CCCC(C)=CCCC(C)=CCOP([O-])(=O)OP([O-])([O-])=O']",['CC(C)=CCCC(C)=CCCC(C)=CCCC(C)=CCCC(C)=CCOP([O-])(=O)OP([O-])([O-])=O'],set()
marts_E01107,pt,CC(C)=CCCC(C)=CCOP([O-])(=O)OP([O-])([O-])=O.CC(C)=CCCC(C)=CCCC(C)=CCOP([O-])(=O)OP([O-])([O-])=O,CC(C)=CCCC(C)=CCCC(C)=CCCC(C)=CCOP([O-])(=O)OP([O-])([O-])=O,"['CC(C)=CCCC(C)=CCOP([O-])(=O)OP([O-])([O-])=O', 'CC(C)=CCCC(C)=CCCC(C)=CCOP([O-])(=O)OP([O-])([O-])=O']",['CC(C)=CCCC(C)=CCCC(C)=CCCC(C)=CCOP([O-])(=O)OP([O-])([O-])=O'],set()
marts_E01107,sester,CC(C)=CCCC(C)=CCCC(C)=CCCC(C)=CCCC(C)=CCOP([O-])(=O)OP([O-])([O-])=O,CC(C)C1CCC2(C)CC=C(C)CC=C3C(CCC3C)C(C)=CCC21,['CC(C)=CCCC(C)=CCCC(C)=CCCC(C)=CCCC(C)=CCOP([O-])(=O)OP([O-])([O-])=O'],['CC(C)C1CCC2(C)CC=C(C)CC=C3C(CCC3C)C(C)=CCC21'],{71988}
marts_E01108,mono,CC(C)=CCCC(C)=CCOP([O-])(=O)OP([O-])([O-])=O,CC(C)C1CCC(=C)C=C1,['CC(C)=CCCC(C)=CCOP([O-])(=O)OP([O-])([O-])=O'],['CC(C)C1CCC(=C)C=C1'],"{25505, 25493, 27831}"
marts_E01108,mono,CC(C)=CCCC(C)=CCOP([O-])(=O)OP([O-])([O-])=O,CC(C)=CCCC(=C)C=C,['CC(C)=CCCC(C)=CCOP([O-])(=O)OP([O-])([O-])=O'],['CC(C)=CCCC(=C)C=C'],{16966}
marts_E01108,mono,CC(C)=CCCC(C)=CCOP([O-])(=O)OP([O-])([O-])=O,CC1CCC(CC=1)C(C)=C,['CC(C)=CCCC(C)=CCOP([O-])(=O)OP([O-])([O-])=O'],['CC1CCC(CC=1)C(C)=C'],"{68641, 10941, 12870}"
marts_E01108,mono,CC(C)=CCCC(C)=CCOP([O-])(=O)OP([O-])([O-])=O,CC(C)C1CC=C(C)C=C1,['CC(C)=CCCC(C)=CCOP([O-])(=O)OP([O-])([O-])=O'],['CC(C)C1CC=C(C)C=C1'],set()
marts_E01108,mono,CC(C)=CCCC(C)=CCOP([O-])(=O)OP([O-])([O-])=O,CC1CC2C(C=C1)C2(C)C,['CC(C)=CCCC(C)=CCOP([O-])(=O)OP([O-])([O-])=O'],['CC1CC2C(C=C1)C2(C)C'],set()
marts_E01109,sesq,CC(C)=CCCC(C)=CCCC(C)=CCOP([O-])(=O)OP([O-])([O-])=O,CC1CCC2C(CC2(C)C)C(=C)CCC=1,['CC(C)=CCCC(C)=CCCC(C)=CCOP([O-])(=O)OP([O-])([O-])=O'],['CC1CCC2C(CC2(C)C)C(=C)CCC=1'],"{31816, 34704, 28295}"
marts_E01109,sesq,CC(C)=CCCC(C)=CCCC(C)=CCOP([O-])(=O)OP([O-])([O-])=O,CC1CCC=C(C)CC=CC(C)(C)CC=1,['CC(C)=CCCC(C)=CCCC(C)=CCOP([O-])(=O)OP([O-])([O-])=O'],['CC1CCC=C(C)CC=CC(C)(C)CC=1'],"{31896, 68781}"
marts_E01110,sester,CC(C)=CCCC(C)=CCCC(C)=CCCC(C)=CCCC(C)=CCOP([O-])(=O)OP([O-])([O-])=O,CC(C)C1CCC2(C)CC=C(C)CCC3C(CCC3=C)C(C)=CCC21,['CC(C)=CCCC(C)=CCCC(C)=CCCC(C)=CCCC(C)=CCOP([O-])(=O)OP([O-])([O-])=O'],['CC(C)C1CCC2(C)CC=C(C)CCC3C(CCC3=C)C(C)=CCC21'],set()
marts_E01110,pt,CC(C)=CCCC(C)=CCCC(C)=CCOP([O-])(=O)OP([O-])([O-])=O.CC(C)=CCCC(C)=CCCC(C)=CCCC(C)=CCOP([O-])(=O)OP([O-])([O-])=O,CC(C)=CCCC(C)=CCCC(C)=CCCC(C)=CCCC(C)=CCOP([O-])(=O)OP([O-])([O-])=O,"['CC(C)=CCCC(C)=CCCC(C)=CCOP([O-])(=O)OP([O-])([O-])=O', 'CC(C)=CCCC(C)=CCCC(C)=CCCC(C)=CCOP([O-])(=O)OP([O-])([O-])=O']",['CC(C)=CCCC(C)=CCCC(C)=CCCC(C)=CCCC(C)=CCOP([O-])(=O)OP([O-])([O-])=O'],set()
marts_E01110,pt,CC(C)=CCCC(C)=CCOP([O-])(=O)OP([O-])([O-])=O.CC(=C)CCOP([O-])(=O)OP([O-])([O-])=O,CC(C)=CCCC(C)=CCCC(C)=CCOP([O-])(=O)OP([O-])([O-])=O,"['CC(C)=CCCC(C)=CCOP([O-])(=O)OP([O-])([O-])=O', 'CC(=C)CCOP([O-])(=O)OP([O-])([O-])=O']",['CC(C)=CCCC(C)=CCCC(C)=CCOP([O-])(=O)OP([O-])([O-])=O'],"{19362, 64573, 23301}"
marts_E01110,pt,CC(C)=CCCC(C)=CCOP([O-])(=O)OP([O-])([O-])=O.CC(C)=CCCC(C)=CCCC(C)=CCOP([O-])(=O)OP([O-])([O-])=O,CC(C)=CCCC(C)=CCCC(C)=CCCC(C)=CCOP([O-])(=O)OP([O-])([O-])=O,"['CC(C)=CCCC(C)=CCOP([O-])(=O)OP([O-])([O-])=O', 'CC(C)=CCCC(C)=CCCC(C)=CCOP([O-])(=O)OP([O-])([O-])=O']",['CC(C)=CCCC(C)=CCCC(C)=CCCC(C)=CCOP([O-])(=O)OP([O-])([O-])=O'],set()
marts_E01111,sester,CC(C)=CCCC(C)=CCCC(C)=CCCC(C)=CCCC(C)=CCOP([O-])(=O)OP([O-])([O-])=O,CC1CCC2C=1CC1(C)CCC3(C)CCC(C3C1C1CC12C)C(C)C,['CC(C)=CCCC(C)=CCCC(C)=CCCC(C)=CCCC(C)=CCOP([O-])(=O)OP([O-])([O-])=O'],['CC1CCC2C=1CC1(C)CCC3(C)CCC(C3C1C1CC12C)C(C)C'],{66833}
marts_E01111,pt,CC(C)=CCCC(C)=CCCC(C)=CCOP([O-])(=O)OP([O-])([O-])=O.CC(C)=CCCC(C)=CCCC(C)=CCCC(C)=CCOP([O-])(=O)OP([O-])([O-])=O,CC(C)=CCCC(C)=CCCC(C)=CCCC(C)=CCCC(C)=CCOP([O-])(=O)OP([O-])([O-])=O,"['CC(C)=CCCC(C)=CCCC(C)=CCOP([O-])(=O)OP([O-])([O-])=O', 'CC(C)=CCCC(C)=CCCC(C)=CCCC(C)=CCOP([O-])(=O)OP([O-])([O-])=O']",['CC(C)=CCCC(C)=CCCC(C)=CCCC(C)=CCCC(C)=CCOP([O-])(=O)OP([O-])([O-])=O'],set()
marts_E01111,pt,CC(C)=CCCC(C)=CCOP([O-])(=O)OP([O-])([O-])=O.CC(=C)CCOP([O-])(=O)OP([O-])([O-])=O,CC(C)=CCCC(C)=CCCC(C)=CCOP([O-])(=O)OP([O-])([O-])=O,"['CC(C)=CCCC(C)=CCOP([O-])(=O)OP([O-])([O-])=O', 'CC(=C)CCOP([O-])(=O)OP([O-])([O-])=O']",['CC(C)=CCCC(C)=CCCC(C)=CCOP([O-])(=O)OP([O-])([O-])=O'],"{19362, 64573, 23301}"
marts_E01111,pt,CC(C)=CCCC(C)=CCOP([O-])(=O)OP([O-])([O-])=O.CC(C)=CCCC(C)=CCCC(C)=CCOP([O-])(=O)OP([O-])([O-])=O,CC(C)=CCCC(C)=CCCC(C)=CCCC(C)=CCOP([O-])(=O)OP([O-])([O-])=O,"['CC(C)=CCCC(C)=CCOP([O-])(=O)OP([O-])([O-])=O', 'CC(C)=CCCC(C)=CCCC(C)=CCOP([O-])(=O)OP([O-])([O-])=O']",['CC(C)=CCCC(C)=CCCC(C)=CCCC(C)=CCOP([O-])(=O)OP([O-])([O-])=O'],set()
marts_E01112,sesq,CC(C)=CCCC(C)=CCCC(C)=CCOP([O-])(=O)OP([O-])([O-])=O,CC(C)C1CCC2(C)C3C1C2CC=C3C,['CC(C)=CCCC(C)=CCCC(C)=CCOP([O-])(=O)OP([O-])([O-])=O'],['CC(C)C1CCC2(C)C3C1C2CC=C3C'],{33992}
marts_E01112,sesq,CC(C)=CCCC(C)=CCCC(C)=CCOP([O-])(=O)OP([O-])([O-])=O,CC(C)C1CC=C(C)C2CC=C(C)CC21,['CC(C)=CCCC(C)=CCCC(C)=CCOP([O-])(=O)OP([O-])([O-])=O'],['CC(C)C1CC=C(C)C2CC=C(C)CC21'],{68597}
marts_E01112,sesq,CC(C)=CCCC(C)=CCCC(C)=CCOP([O-])(=O)OP([O-])([O-])=O,CC(C)C1CCC(C)C23CC=C(C)C2C31,['CC(C)=CCCC(C)=CCCC(C)=CCOP([O-])(=O)OP([O-])([O-])=O'],['CC(C)C1CCC(C)C23CC=C(C)C2C31'],set()
marts_E01114,sesq,CC(C)=CCCC(C)=CCCC(C)=CCOP([O-])(=O)OP([O-])([O-])=O,CC1(C)CCCC2(C)C1CC=C(C)C2COP(O)(=O)OP(O)(O)=O,['CC(C)=CCCC(C)=CCCC(C)=CCOP([O-])(=O)OP([O-])([O-])=O'],['CC1(C)CCCC2(C)C1CC=C(C)C2COP(O)(=O)OP(O)(O)=O'],set()
marts_E01115,pt,CC(C)=CCCC(C)=CCCC(C)=CCOP([O-])(=O)OP([O-])([O-])=O.CC(=C)CCOP([O-])(=O)OP([O-])([O-])=O,CC(C)=CCCC(C)=CCCC(C)=CCCC(C)=CCOP([O-])(=O)OP([O-])([O-])=O,"['CC(C)=CCCC(C)=CCCC(C)=CCOP([O-])(=O)OP([O-])([O-])=O', 'CC(=C)CCOP([O-])(=O)OP([O-])([O-])=O']",['CC(C)=CCCC(C)=CCCC(C)=CCCC(C)=CCOP([O-])(=O)OP([O-])([O-])=O'],"{31280, 64581, 17654}"
marts_E01116,di,CC1(CCC(C)=CCOP([O-])(=O)OP([O-])([O-])=O)C2CCCC2(CCC1C)C(C)=C,CC1(CC(C)C23CCCC2C(C)(C(O)C1)C(C)CC3)C=C,['CC1(CCC(C)=CCOP([O-])(=O)OP([O-])([O-])=O)C2CCCC2(CCC1C)C(C)=C'],['CC1(CC(C)C23CCCC2C(C)(C(O)C1)C(C)CC3)C=C'],{57925}
marts_E01116,di,CC(C)=CCCC(C)=CCCC(C)=CCCC(C)=CCOP([O-])(=O)OP([O-])([O-])=O,CC1(CCC(C)=CCOP([O-])(=O)OP([O-])([O-])=O)C2CCCC2(CCC1C)C(C)=C,['CC(C)=CCCC(C)=CCCC(C)=CCCC(C)=CCOP([O-])(=O)OP([O-])([O-])=O'],['CC1(CCC(C)=CCOP([O-])(=O)OP([O-])([O-])=O)C2CCCC2(CCC1C)C(C)=C'],{35780}
marts_E01117,di,CC(C)=CCCC(C)=CCCC(C)=CCCC(C)=CCOP([O-])(=O)OP([O-])([O-])=O,CC1CCC2(C)C(CCC=C2C)C1(C)CCC(C)=CCOP([O-])(=O)OP([O-])([O-])=O,['CC(C)=CCCC(C)=CCCC(C)=CCCC(C)=CCOP([O-])(=O)OP([O-])([O-])=O'],['CC1CCC2(C)C(CCC=C2C)C1(C)CCC(C)=CCOP([O-])(=O)OP([O-])([O-])=O'],"{54685, 54677, 25614}"
marts_E01118,di,CC1(C)CCCC2(C)C1CCC(C)C2(O)CCC(C)=CCOP([O-])(=O)OP([O-])([O-])=O,CC1(C)CCCC2(C)C1CCC(C)C2(O)CCC(=C)C=C,['CC1(C)CCCC2(C)C1CCC(C)C2(O)CCC(C)=CCOP([O-])(=O)OP([O-])([O-])=O'],['CC1(C)CCCC2(C)C1CCC(C)C2(O)CCC(=C)C=C'],{62185}
marts_E01118,di,CC1(C)CCCC2(C)C1CCC(=C)C2CCC(C)=CCOP([O-])(=O)OP([O-])([O-])=O,CC1(C)CCCC2(C)C1CC=C1CC(C)(CCC21)C=C,['CC1(C)CCCC2(C)C1CCC(=C)C2CCC(C)=CCOP([O-])(=O)OP([O-])([O-])=O'],['CC1(C)CCCC2(C)C1CC=C1CC(C)(CCC21)C=C'],"{25561, 62189, 26129}"
marts_E01118,di,CC1(C)CCCC2(C)C1CCC(=C)C2CCC(C)=CCOP([O-])(=O)OP([O-])([O-])=O,CC1(C)CCCC2(C)C1CCC1CC(CCC21)C(C)C,['CC1(C)CCCC2(C)C1CCC(=C)C2CCC(C)=CCOP([O-])(=O)OP([O-])([O-])=O'],['CC1(C)CCCC2(C)C1CCC1CC(CCC21)C(C)C'],set()
marts_E01119,di,CC(C)=CCCC(C)=CCCC(C)=CCCC(C)=CCOP([O-])(=O)OP([O-])([O-])=O,CC1(C)CCCC2(C)C1CCC(=C)C2CCC(C)=CCOP([O-])(=O)OP([O-])([O-])=O,['CC(C)=CCCC(C)=CCCC(C)=CCCC(C)=CCOP([O-])(=O)OP([O-])([O-])=O'],['CC1(C)CCCC2(C)C1CCC(=C)C2CCC(C)=CCOP([O-])(=O)OP([O-])([O-])=O'],"{14842, 24317, 25525}"
marts_E01120,di,CC(C)=CCCC(C)=CCCC(C)=CCCC(C)=CCOP([O-])(=O)OP([O-])([O-])=O,CC1(C)CCCC2(C)C1CCC(C)C2(O)CCC(C)=CCOP([O-])(=O)OP([O-])([O-])=O,['CC(C)=CCCC(C)=CCCC(C)=CCCC(C)=CCOP([O-])(=O)OP([O-])([O-])=O'],['CC1(C)CCCC2(C)C1CCC(C)C2(O)CCC(C)=CCOP([O-])(=O)OP([O-])([O-])=O'],{54654}
marts_E01121,di,CC1(C)CCCC2(C)C1CCC(=C)C2CCC(C)=CCOP([O-])(=O)OP([O-])([O-])=O,CC1(C)CCCC2(C)C1CCC(=C)C2CCC(C)(O)C=C,['CC1(C)CCCC2(C)C1CCC(=C)C2CCC(C)=CCOP([O-])(=O)OP([O-])([O-])=O'],['CC1(C)CCCC2(C)C1CCC(=C)C2CCC(C)(O)C=C'],"{40016, 40012, 40032, 40028}"
marts_E01121,di,CC1(C)CCCC2(C)C1CCC(C)C2(O)CCC(C)=CCOP([O-])(=O)OP([O-])([O-])=O,CC1(C)CCCC2(C)C1CCC(C)C2(O)CCC(C)(O)C=C,['CC1(C)CCCC2(C)C1CCC(C)C2(O)CCC(C)=CCOP([O-])(=O)OP([O-])([O-])=O'],['CC1(C)CCCC2(C)C1CCC(C)C2(O)CCC(C)(O)C=C'],{62181}
marts_E01121,di,CC1(C)CCCC2(C)C1CCC(C)C2(O)CCC(C)=CCOP([O-])(=O)OP([O-])([O-])=O,CC1(C)CCCC2(C)C1CCC(C)C12CCC(C)(C=C)O1,['CC1(C)CCCC2(C)C1CCC(C)C2(O)CCC(C)=CCOP([O-])(=O)OP([O-])([O-])=O'],['CC1(C)CCCC2(C)C1CCC(C)C12CCC(C)(C=C)O1'],{54513}
marts_E01122,di,CC1(C)CCCC2(C)C1CCC(=C)C2CCC(C)=CCOP([O-])(=O)OP([O-])([O-])=O,CC1(C)CCCC2(C)C1CCC13CC(CCC21)C(=C)C3,['CC1(C)CCCC2(C)C1CCC(=C)C2CCC(C)=CCOP([O-])(=O)OP([O-])([O-])=O'],['CC1(C)CCCC2(C)C1CCC13CC(CCC21)C(=C)C3'],{22221}
marts_E01123,pt,CC(C)=CCCC(C)=CCOP([O-])(=O)OP([O-])([O-])=O.CC(C)=CCCC(C)=CCCC(C)=CCOP([O-])(=O)OP([O-])([O-])=O,CC(C)=CCCC(C)=CCCC(C)=CCCC(C)=CCOP([O-])(=O)OP([O-])([O-])=O,"['CC(C)=CCCC(C)=CCOP([O-])(=O)OP([O-])([O-])=O', 'CC(C)=CCCC(C)=CCCC(C)=CCOP([O-])(=O)OP([O-])([O-])=O']",['CC(C)=CCCC(C)=CCCC(C)=CCCC(C)=CCOP([O-])(=O)OP([O-])([O-])=O'],set()
marts_E01124,sesq,CC(C)=CCCC(C)=CCCC(C)=CCOP([O-])(=O)OP([O-])([O-])=O,CC1CCC(CC=C(C)CCC=1)C(C)=C,['CC(C)=CCCC(C)=CCCC(C)=CCOP([O-])(=O)OP([O-])([O-])=O'],['CC1CCC(CC=C(C)CCC=1)C(C)=C'],"{68777, 25453, 12517}"
marts_E01124,sesq,CC(C)=CCCC(C)=CCCC(C)=CCOP([O-])(=O)OP([O-])([O-])=O,CC(C)C1CCC(C)(C=C)C(C1O)C(C)=C,['CC(C)=CCCC(C)=CCCC(C)=CCOP([O-])(=O)OP([O-])([O-])=O'],['CC(C)C1CCC(C)(C=C)C(C1O)C(C)=C'],set()
marts_E01124,sesq,CC(C)=CCCC(C)=CCCC(C)=CCOP([O-])(=O)OP([O-])([O-])=O,CC1CCC(CC=C(C)CCC=1)C(C)(C)O,['CC(C)=CCCC(C)=CCCC(C)=CCOP([O-])(=O)OP([O-])([O-])=O'],['CC1CCC(CC=C(C)CCC=1)C(C)(C)O'],"{54057, 54061}"
marts_E01124,sesq,CC(C)=CCCC(C)=CCCC(C)=CCOP([O-])(=O)OP([O-])([O-])=O,CC(C)=CCCC(C)=CCCC(C)(O)C=C,['CC(C)=CCCC(C)=CCCC(C)=CCOP([O-])(=O)OP([O-])([O-])=O'],['CC(C)=CCCC(C)=CCCC(C)(O)C=C'],"{68833, 27531, 27535, 68821, 56985}"
marts_E01124,di,CC(C)=CCCC(C)=CCCC(C)=CCCC(C)=CCOP([O-])(=O)OP([O-])([O-])=O,CC1CCC(C2C=C(C)CCC=C(C)CCC12)C(C)=C,['CC(C)=CCCC(C)=CCCC(C)=CCCC(C)=CCOP([O-])(=O)OP([O-])([O-])=O'],['CC1CCC(C2C=C(C)CCC=C(C)CCC12)C(C)=C'],set()
marts_E01124,sesq,CC(C)=CCCC(C)=CCCC(C)=CCOP([O-])(=O)OP([O-])([O-])=O,CC(C)C1CCC(C)(O)C2CCC(C)=CC21,['CC(C)=CCCC(C)=CCCC(C)=CCOP([O-])(=O)OP([O-])([O-])=O'],['CC(C)C1CCC(C)(O)C2CCC(C)=CC21'],"{78272, 69449, 32012, 54053}"
marts_E01125,sesq,CC(C)=CCCC(C)=CCCC(C)=CCOP([O-])(=O)OP([O-])([O-])=O,CC1(C)CC2CC2(C)C2CCC(C)C2(O)C1,['CC(C)=CCCC(C)=CCCC(C)=CCOP([O-])(=O)OP([O-])([O-])=O'],['CC1(C)CC2CC2(C)C2CCC(C)C2(O)C1'],"{85624, 53617}"
marts_E01125,sesq,CC(C)=CCCC(C)=CCCC(C)=CCOP([O-])(=O)OP([O-])([O-])=O,CC1(C)CC2CC2(C)C2CCC(C)C2=C1,['CC(C)=CCCC(C)=CCCC(C)=CCOP([O-])(=O)OP([O-])([O-])=O'],['CC1(C)CC2CC2(C)C2CCC(C)C2=C1'],{66653}
marts_E01125,sesq,CC(C)=CCCC(C)=CCCC(C)=CCOP([O-])(=O)OP([O-])([O-])=O,CC1(C)CC2C(C)CCC=2C2(C)CC2C1,['CC(C)=CCCC(C)=CCCC(C)=CCOP([O-])(=O)OP([O-])([O-])=O'],['CC1(C)CC2C(C)CCC=2C2(C)CC2C1'],set()
marts_E01126,sesq,CC(C)=CCCC(C)=CCCC(C)=CCOP([O-])(=O)OP([O-])([O-])=O,CC(=C)C1CC2C(=C)CCCC2(C)CC1,['CC(C)=CCCC(C)=CCCC(C)=CCOP([O-])(=O)OP([O-])([O-])=O'],['CC(=C)C1CC2C(=C)CCCC2(C)CC1'],{29484}
marts_E01126,sesq,CC(C)=CCCC(C)=CCCC(C)=CCOP([O-])(=O)OP([O-])([O-])=O,CC1CCC(CC=C(C)CCC=1)C(C)=C,['CC(C)=CCCC(C)=CCCC(C)=CCOP([O-])(=O)OP([O-])([O-])=O'],['CC1CCC(CC=C(C)CCC=1)C(C)=C'],"{68777, 25453, 12517}"
marts_E01126,sesq,CC(C)=CCCC(C)=CCCC(C)=CCOP([O-])(=O)OP([O-])([O-])=O,CC1=CCCC2(C)CCC(CC21)C(C)=C,['CC(C)=CCCC(C)=CCCC(C)=CCOP([O-])(=O)OP([O-])([O-])=O'],['CC1=CCCC2(C)CCC(CC21)C(C)=C'],"{30384, 31820, 47053}"
marts_E01127,sesq,CC(C)=CCCC(C)=CCCC(C)=CCOP([O-])(=O)OP([O-])([O-])=O,CC1CCC(CC=C(C)CCC=1)C(C)=C,['CC(C)=CCCC(C)=CCCC(C)=CCOP([O-])(=O)OP([O-])([O-])=O'],['CC1CCC(CC=C(C)CCC=1)C(C)=C'],"{68777, 25453, 12517}"
marts_E01127,sesq,CC(C)=CCCC(C)=CCCC(C)=CCOP([O-])(=O)OP([O-])([O-])=O,CC1CCC2C(CC2(C)C)C(=C)CCC=1,['CC(C)=CCCC(C)=CCCC(C)=CCOP([O-])(=O)OP([O-])([O-])=O'],['CC1CCC2C(CC2(C)C)C(=C)CCC=1'],"{31816, 34704, 28295}"
marts_E01127,sesq,CC(C)=CCCC(C)=CCCC(C)=CCOP([O-])(=O)OP([O-])([O-])=O,CC1CCC=C(C)CC=CC(C)(C)CC=1,['CC(C)=CCCC(C)=CCCC(C)=CCOP([O-])(=O)OP([O-])([O-])=O'],['CC1CCC=C(C)CC=CC(C)(C)CC=1'],"{31896, 68781}"
marts_E01127,sesq,CC(C)=CCCC(C)=CCCC(C)=CCOP([O-])(=O)OP([O-])([O-])=O,CC1=CCCC2(C)CCC(CC21)C(C)=C,['CC(C)=CCCC(C)=CCCC(C)=CCOP([O-])(=O)OP([O-])([O-])=O'],['CC1=CCCC2(C)CCC(CC21)C(C)=C'],"{30384, 31820, 47053}"
marts_E01127,sesq,CC(C)=CCCC(C)=CCCC(C)=CCOP([O-])(=O)OP([O-])([O-])=O,CC(=C)C1CC2C(=C)CCCC2(C)CC1,['CC(C)=CCCC(C)=CCCC(C)=CCOP([O-])(=O)OP([O-])([O-])=O'],['CC(=C)C1CC2C(=C)CCCC2(C)CC1'],{29484}
marts_E01127,sesq,CC(C)=CCCC(C)=CCCC(C)=CCOP([O-])(=O)OP([O-])([O-])=O,CC(C)=C1CC2C(=C)CCCC2(C)CC1,['CC(C)=CCCC(C)=CCCC(C)=CCOP([O-])(=O)OP([O-])([O-])=O'],['CC(C)=C1CC2C(=C)CCCC2(C)CC1'],{54113}
marts_E01128,sesq,CC(C)=CCCC(C)=CCCC(C)=CCOP([O-])(=O)OP([O-])([O-])=O,CC(C)C1CCC(C)C23CCC(=C)C2C31,['CC(C)=CCCC(C)=CCCC(C)=CCOP([O-])(=O)OP([O-])([O-])=O'],['CC(C)C1CCC(C)C23CCC(=C)C2C31'],{32020}
marts_E01128,sesq,CC(C)=CCCC(C)=CCCC(C)=CCOP([O-])(=O)OP([O-])([O-])=O,CC(C)C1CCC2(C)C3C1C2CC=C3C,['CC(C)=CCCC(C)=CCCC(C)=CCOP([O-])(=O)OP([O-])([O-])=O'],['CC(C)C1CCC2(C)C3C1C2CC=C3C'],{33992}
marts_E01129,sesq,CC(C)=CCCC(C)=CCCC(C)=CCOP([O-])(=O)OP([O-])([O-])=O,CC(C)C1CC=C(C)C2CC=C(C)CC21,['CC(C)=CCCC(C)=CCCC(C)=CCOP([O-])(=O)OP([O-])([O-])=O'],['CC(C)C1CC=C(C)C2CC=C(C)CC21'],{68597}
marts_E01129,sesq,CC(C)=CCCC(C)=CCCC(C)=CCOP([O-])(=O)OP([O-])([O-])=O,CC(C)C1CCC2(C)C3C1C2CC=C3C,['CC(C)=CCCC(C)=CCCC(C)=CCOP([O-])(=O)OP([O-])([O-])=O'],['CC(C)C1CCC2(C)C3C1C2CC=C3C'],{33992}
marts_E01129,sesq,CC(C)=CCCC(C)=CCCC(C)=CCOP([O-])(=O)OP([O-])([O-])=O,CC(C)C1CCC(C)C23CC=C(C)C2C31,['CC(C)=CCCC(C)=CCCC(C)=CCOP([O-])(=O)OP([O-])([O-])=O'],['CC(C)C1CCC(C)C23CC=C(C)C2C31'],set()
marts_E01129,sesq,CC(C)=CCCC(C)=CCCC(C)=CCOP([O-])(=O)OP([O-])([O-])=O,CC1CCC2C(C=1)C(CCC2=C)C(C)C,['CC(C)=CCCC(C)=CCCC(C)=CCOP([O-])(=O)OP([O-])([O-])=O'],['CC1CCC2C(C=1)C(CCC2=C)C(C)C'],"{28640, 68849, 31828, 33108}"
marts_E01130,sesq,CC(C)=CCCC(C)=CCCC(C)=CCOP([O-])(=O)OP([O-])([O-])=O,CC1CCC2C1C1C(CCC2=C)C1(C)C,['CC(C)=CCCC(C)=CCCC(C)=CCOP([O-])(=O)OP([O-])([O-])=O'],['CC1CCC2C1C1C(CCC2=C)C1(C)C'],{67401}
marts_E01130,sesq,CC(C)=CCCC(C)=CCCC(C)=CCOP([O-])(=O)OP([O-])([O-])=O,CC(C)C1CC=C(C)C2CC=C(C)CC21,['CC(C)=CCCC(C)=CCCC(C)=CCOP([O-])(=O)OP([O-])([O-])=O'],['CC(C)C1CC=C(C)C2CC=C(C)CC21'],{68597}
marts_E01130,sesq,CC(C)=CCCC(C)=CCCC(C)=CCOP([O-])(=O)OP([O-])([O-])=O,CC1CCC2C(C3C(C)CCC=13)C2(C)C,['CC(C)=CCCC(C)=CCCC(C)=CCOP([O-])(=O)OP([O-])([O-])=O'],['CC1CCC2C(C3C(C)CCC=13)C2(C)C'],{31812}
marts_E01130,sesq,CC(C)=CCCC(C)=CCCC(C)=CCOP([O-])(=O)OP([O-])([O-])=O,CC(C)C1CCC(C)C23CC=C(C)C2C31,['CC(C)=CCCC(C)=CCCC(C)=CCOP([O-])(=O)OP([O-])([O-])=O'],['CC(C)C1CCC(C)C23CC=C(C)C2C31'],set()
marts_E01130,sesq,CC(C)=CCCC(C)=CCCC(C)=CCOP([O-])(=O)OP([O-])([O-])=O,CC(C)C1CCC2(C)C3C1C2CC=C3C,['CC(C)=CCCC(C)=CCCC(C)=CCOP([O-])(=O)OP([O-])([O-])=O'],['CC(C)C1CCC2(C)C3C1C2CC=C3C'],{33992}
marts_E01130,sesq,CC(C)=CCCC(C)=CCCC(C)=CCOP([O-])(=O)OP([O-])([O-])=O,CC(=C)C1CCC(C)C2CCC(C)C2=C1,['CC(C)=CCCC(C)=CCCC(C)=CCOP([O-])(=O)OP([O-])([O-])=O'],['CC(=C)C1CCC(C)C2CCC(C)C2=C1'],{68401}
marts_E01130,sesq,CC(C)=CCCC(C)=CCCC(C)=CCOP([O-])(=O)OP([O-])([O-])=O,CC1(C)CCCC2(C)C3CCC(C13)C2=C,['CC(C)=CCCC(C)=CCCC(C)=CCOP([O-])(=O)OP([O-])([O-])=O'],['CC1(C)CCCC2(C)C3CCC(C13)C2=C'],{25465}
marts_E01130,sesq,CC(C)=CCCC(C)=CCCC(C)=CCOP([O-])(=O)OP([O-])([O-])=O,CC(C)C1CC=C(C)C2CCC(C)=CC21,['CC(C)=CCCC(C)=CCCC(C)=CCOP([O-])(=O)OP([O-])([O-])=O'],['CC(C)C1CC=C(C)C2CCC(C)=CC21'],"{33104, 53641, 69445}"
marts_E01131,sesq,CC(C)=CCCC(C)=CCCC(C)=CCOP([O-])(=O)OP([O-])([O-])=O,CC1CCC2C1C1C(CCC12C)C(C)=C,['CC(C)=CCCC(C)=CCCC(C)=CCOP([O-])(=O)OP([O-])([O-])=O'],['CC1CCC2C1C1C(CCC12C)C(C)=C'],set()
marts_E01133,di,CC1(C)CCCC2(C)C1CCC(=C)C2CCC(C)=CCOP([O-])(=O)OP([O-])([O-])=O,CC1(C)CCCC2(C)C1CCC1=CC(C)(CCC21)C=C,['CC1(C)CCCC2(C)C1CCC(=C)C2CCC(C)=CCOP([O-])(=O)OP([O-])([O-])=O'],['CC1(C)CCCC2(C)C1CCC1=CC(C)(CCC21)C=C'],"{25537, 32004, 25541, 32008, 42985}"
marts_E01134,di,CC1(C)CCCC2(C)C1CCC(=C)C2CCC(C)=CCOP([O-])(=O)OP([O-])([O-])=O,CC1(C)CCCC2(C)C1CCC13CC(CCC21)C(=C)C3,['CC1(C)CCCC2(C)C1CCC(=C)C2CCC(C)=CCOP([O-])(=O)OP([O-])([O-])=O'],['CC1(C)CCCC2(C)C1CCC13CC(CCC21)C(=C)C3'],{22221}
marts_E01135,di,CC1(C)CCCC2(C)C1CCC(=C)C2CCC(C)=CCOP([O-])(=O)OP([O-])([O-])=O,CC1(C)CCCC2(C)C1CCC13CC(=C)C(CC21)CC3,['CC1(C)CCCC2(C)C1CCC(=C)C2CCC(C)=CCOP([O-])(=O)OP([O-])([O-])=O'],['CC1(C)CCCC2(C)C1CCC13CC(=C)C(CC21)CC3'],{54497}
marts_E01135,di,CC1(C)CCCC2(C)C1CCC(=C)C2CCC(C)=CCOP([O-])(=O)OP([O-])([O-])=O,CC1(C)CCCC2(C)C1CCC13CC(CCC21)C(=C)C3,['CC1(C)CCCC2(C)C1CCC(=C)C2CCC(C)=CCOP([O-])(=O)OP([O-])([O-])=O'],['CC1(C)CCCC2(C)C1CCC13CC(CCC21)C(=C)C3'],{22221}
marts_E01136,sester,CC(C)=CCCC(C)=CCCC(C)=CCCC(C)=CCCC(C)=CCOP([O-])(=O)OP([O-])([O-])=O,CC1=C2CC3(C)CCC(C3CC2C23CCC(C)C2CCC31C)C(C)C,['CC(C)=CCCC(C)=CCCC(C)=CCCC(C)=CCCC(C)=CCOP([O-])(=O)OP([O-])([O-])=O'],['CC1=C2CC3(C)CCC(C3CC2C23CCC(C)C2CCC31C)C(C)C'],{66865}
marts_E01136,pt,CC(C)=CCOP([O-])(=O)OP([O-])([O-])=O.CC(=C)CCOP([O-])(=O)OP([O-])([O-])=O,CC(C)=CCCC(C)=CCCC(C)=CCCC(C)=CCCC(C)=CCOP([O-])(=O)OP([O-])([O-])=O,"['CC(C)=CCOP([O-])(=O)OP([O-])([O-])=O', 'CC(=C)CCOP([O-])(=O)OP([O-])([O-])=O']",['CC(C)=CCCC(C)=CCCC(C)=CCCC(C)=CCCC(C)=CCOP([O-])(=O)OP([O-])([O-])=O'],{66861}
marts_E01137,di,CC1(C)CCCC2(C)C1CCC(=C)C2CCC(C)=CCOP([O-])(=O)OP([O-])([O-])=O,CC1(C)CCCC2(C)C1CC=C1CC(C)(CCC21)C=C,['CC1(C)CCCC2(C)C1CCC(=C)C2CCC(C)=CCOP([O-])(=O)OP([O-])([O-])=O'],['CC1(C)CCCC2(C)C1CC=C1CC(C)(CCC21)C=C'],"{25561, 62189, 26129}"
marts_E01138,di,CC(C)=CCCC(C)=CCCC(C)=CCCC(C)=CCOP([O-])(=O)OP([O-])([O-])=O,CC1(C)CCCC2(C)C1CCC(=C)C2CCC(C)=CCOP([O-])(=O)OP([O-])([O-])=O,['CC(C)=CCCC(C)=CCCC(C)=CCCC(C)=CCOP([O-])(=O)OP([O-])([O-])=O'],['CC1(C)CCCC2(C)C1CCC(=C)C2CCC(C)=CCOP([O-])(=O)OP([O-])([O-])=O'],"{14842, 24317, 25525}"
marts_E01139,di,CC1(C)CCCC2(C)C1CCC(=C)C2CCC(C)=CCOP([O-])(=O)OP([O-])([O-])=O,CC1(C)CCCC2(C)C1CCC1CC(=CCC2=1)C(C)C,['CC1(C)CCCC2(C)C1CCC(=C)C2CCC(C)=CCOP([O-])(=O)OP([O-])([O-])=O'],['CC1(C)CCCC2(C)C1CCC1CC(=CCC2=1)C(C)C'],{33984}
marts_E01139,di,CC1(C)CCCC2(C)C1CCC(=C)C2CCC(C)=CCOP([O-])(=O)OP([O-])([O-])=O,CC1(C)CCCC2(C)C1CCC1(O)CC(C)(CCC21)C=C,['CC1(C)CCCC2(C)C1CCC(=C)C2CCC(C)=CCOP([O-])(=O)OP([O-])([O-])=O'],['CC1(C)CCCC2(C)C1CCC1(O)CC(C)(CCC21)C=C'],{54377}
marts_E01140,di,CC(C)=CCCC(C)=CCCC(C)=CCCC(C)=CCOP([O-])(=O)OP([O-])([O-])=O,CC1(C)CCCC2(C)C1CCC(=C)C2CCC(C)=CCOP([O-])(=O)OP([O-])([O-])=O,['CC(C)=CCCC(C)=CCCC(C)=CCCC(C)=CCOP([O-])(=O)OP([O-])([O-])=O'],['CC1(C)CCCC2(C)C1CCC(=C)C2CCC(C)=CCOP([O-])(=O)OP([O-])([O-])=O'],"{14842, 24317, 25525}"
marts_E01141,di,CC(C)=CCCC(C)=CCCC(C)=CCCC(C)=CCOP([O-])(=O)OP([O-])([O-])=O,CC1(C)CCCC2(C)C1CCC(=C)C2CCC(C)=CCOP([O-])(=O)OP([O-])([O-])=O,['CC(C)=CCCC(C)=CCCC(C)=CCCC(C)=CCOP([O-])(=O)OP([O-])([O-])=O'],['CC1(C)CCCC2(C)C1CCC(=C)C2CCC(C)=CCOP([O-])(=O)OP([O-])([O-])=O'],"{14842, 24317, 25525}"
marts_E01142,di,CC(C)=CCCC(C)=CCCC(C)=CCCC(C)=CCOP([O-])(=O)OP([O-])([O-])=O,CC1(C)CCCC2(C)C1CCC(=C)C2CCC(C)=CCOP([O-])(=O)OP([O-])([O-])=O,['CC(C)=CCCC(C)=CCCC(C)=CCCC(C)=CCOP([O-])(=O)OP([O-])([O-])=O'],['CC1(C)CCCC2(C)C1CCC(=C)C2CCC(C)=CCOP([O-])(=O)OP([O-])([O-])=O'],"{14842, 24317, 25525}"
marts_E01143,di,CC1(C)CCCC2(C)C1CCC(=C)C2CCC(C)=CCOP([O-])(=O)OP([O-])([O-])=O,CC1(C)CCCC2(C)C1CCC1CC(=CCC2=1)C(C)C,['CC1(C)CCCC2(C)C1CCC(=C)C2CCC(C)=CCOP([O-])(=O)OP([O-])([O-])=O'],['CC1(C)CCCC2(C)C1CCC1CC(=CCC2=1)C(C)C'],{33984}
marts_E01144,sesq,CC(C)=CCCC(C)=CCCC(C)=CCOP([O-])(=O)OP([O-])([O-])=O,CC(=C)C1CC2(C)C(C)CCC=C2CC1,['CC(C)=CCCC(C)=CCCC(C)=CCOP([O-])(=O)OP([O-])([O-])=O'],['CC(=C)C1CC2(C)C(C)CCC=C2CC1'],"{29512, 58169, 52805}"
marts_E01145,sesq,CC(C)=CCCC(C)=CCCC(C)=CCOP([O-])(=O)OP([O-])([O-])=O,CC(=C)C1CC2(C)C(C)CCC=C2CC1,['CC(C)=CCCC(C)=CCCC(C)=CCOP([O-])(=O)OP([O-])([O-])=O'],['CC(=C)C1CC2(C)C(C)CCC=C2CC1'],"{29512, 58169, 52805}"
marts_E01146,sesq,CC(C)=CCCC(C)=CCCC(C)=CCOP([O-])(=O)OP([O-])([O-])=O,CC(=C)C1CC2(C)C(C)CCC=C2CC1,['CC(C)=CCCC(C)=CCCC(C)=CCOP([O-])(=O)OP([O-])([O-])=O'],['CC(=C)C1CC2(C)C(C)CCC=C2CC1'],"{29512, 58169, 52805}"
marts_E01147,sester,CC(C)=CCCC(C)=CCCC(C)=CCCC(C)=CCCC(C)=CCOP([O-])(=O)OP([O-])([O-])=O,CC(C)=CCCC(C)C1CCC2(C)CC3C(CCC3(C)O)C(C)=CCC21,['CC(C)=CCCC(C)=CCCC(C)=CCCC(C)=CCCC(C)=CCOP([O-])(=O)OP([O-])([O-])=O'],['CC(C)=CCCC(C)C1CCC2(C)CC3C(CCC3(C)O)C(C)=CCC21'],{41553}
marts_E01147,pt,CC(C)=CCCC(C)=CCCC(C)=CCOP([O-])(=O)OP([O-])([O-])=O.CC(C)=CCCC(C)=CCCC(C)=CCCC(C)=CCOP([O-])(=O)OP([O-])([O-])=O,CC(C)=CCCC(C)=CCCC(C)=CCCC(C)=CCCC(C)=CCOP([O-])(=O)OP([O-])([O-])=O,"['CC(C)=CCCC(C)=CCCC(C)=CCOP([O-])(=O)OP([O-])([O-])=O', 'CC(C)=CCCC(C)=CCCC(C)=CCCC(C)=CCOP([O-])(=O)OP([O-])([O-])=O']",['CC(C)=CCCC(C)=CCCC(C)=CCCC(C)=CCCC(C)=CCOP([O-])(=O)OP([O-])([O-])=O'],set()
marts_E01147,pt,CC(C)=CCCC(C)=CCOP([O-])(=O)OP([O-])([O-])=O.CC(C)=CCCC(C)=CCCC(C)=CCOP([O-])(=O)OP([O-])([O-])=O,CC(C)=CCCC(C)=CCCC(C)=CCCC(C)=CCOP([O-])(=O)OP([O-])([O-])=O,"['CC(C)=CCCC(C)=CCOP([O-])(=O)OP([O-])([O-])=O', 'CC(C)=CCCC(C)=CCCC(C)=CCOP([O-])(=O)OP([O-])([O-])=O']",['CC(C)=CCCC(C)=CCCC(C)=CCCC(C)=CCOP([O-])(=O)OP([O-])([O-])=O'],set()
marts_E01148,sesq,CC(C)=CCCC(C)=CCCC(C)=CCOP([O-])(=O)OP([O-])([O-])=O,CC1CCC2C1C1C(CCC2=C)C1(C)C,['CC(C)=CCCC(C)=CCCC(C)=CCOP([O-])(=O)OP([O-])([O-])=O'],['CC1CCC2C1C1C(CCC2=C)C1(C)C'],{67401}
marts_E01148,sesq,CC(C)=CCCC(C)=CCCC(C)=CCOP([O-])(=O)OP([O-])([O-])=O,CC(=C)C1CC2(C)C(C)CCC=C2CC1,['CC(C)=CCCC(C)=CCCC(C)=CCOP([O-])(=O)OP([O-])([O-])=O'],['CC(=C)C1CC2(C)C(C)CCC=C2CC1'],"{29512, 58169, 52805}"
marts_E01148,sesq,CC(C)=CCCC(C)=CCCC(C)=CCOP([O-])(=O)OP([O-])([O-])=O,CC1CCC=C(C)CC=CC(C)(C)CC=1,['CC(C)=CCCC(C)=CCCC(C)=CCOP([O-])(=O)OP([O-])([O-])=O'],['CC1CCC=C(C)CC=CC(C)(C)CC=1'],"{31896, 68781}"
marts_E01148,sesq,CC(C)=CCCC(C)=CCCC(C)=CCOP([O-])(=O)OP([O-])([O-])=O,CC1(C)C2C1CCC(C)C1(O)CCC(C)C12,['CC(C)=CCCC(C)=CCCC(C)=CCOP([O-])(=O)OP([O-])([O-])=O'],['CC1(C)C2C1CCC(C)C1(O)CCC(C)C12'],{80400}
marts_E01148,mono,CC(C)=CCCC(C)=CCOP([O-])(=O)OP([O-])([O-])=O,CC(C)=CCCC(=C)C=C,['CC(C)=CCCC(C)=CCOP([O-])(=O)OP([O-])([O-])=O'],['CC(C)=CCCC(=C)C=C'],{16966}
marts_E01149,sesq,CC(C)=CCCC(C)=CCCC(C)=CCOP([O-])(=O)OP([O-])([O-])=O,CC1CCCC2(C)CCC(=CC2=1)C(C)C,['CC(C)=CCCC(C)=CCCC(C)=CCOP([O-])(=O)OP([O-])([O-])=O'],['CC1CCCC2(C)CCC(=CC2=1)C(C)C'],"{30424, 25441}"
marts_E01149,sesq,CC(C)=CCCC(C)=CCCC(C)=CCOP([O-])(=O)OP([O-])([O-])=O,CC(C)C1CCC2(C)CCCC(C)(O)C2C=1,['CC(C)=CCCC(C)=CCCC(C)=CCOP([O-])(=O)OP([O-])([O-])=O'],['CC(C)C1CCC2(C)CCCC(C)(O)C2C=1'],{80404}
marts_E01149,mono,CC(C)=CCCC(C)=CCOP([O-])(=O)OP([O-])([O-])=O,CC(C)=CCCC(=C)C=C,['CC(C)=CCCC(C)=CCOP([O-])(=O)OP([O-])([O-])=O'],['CC(C)=CCCC(=C)C=C'],{16966}
marts_E01149,mono,CC(C)=CCCC(C)=CCOP([O-])(=O)OP([O-])([O-])=O,CC1CCC(CC=1)C(C)=C,['CC(C)=CCCC(C)=CCOP([O-])(=O)OP([O-])([O-])=O'],['CC1CCC(CC=1)C(C)=C'],"{68641, 10941, 12870}"
marts_E01150,sesq,CC(C)=CCCC(C)=CCCC(C)=CCOP([O-])(=O)OP([O-])([O-])=O,CC(=C)C1CC2(C)C(C)CCC=C2CC1,['CC(C)=CCCC(C)=CCCC(C)=CCOP([O-])(=O)OP([O-])([O-])=O'],['CC(=C)C1CC2(C)C(C)CCC=C2CC1'],"{29512, 58169, 52805}"
marts_E01150,sesq,CC(C)=CCCC(C)=CCCC(C)=CCOP([O-])(=O)OP([O-])([O-])=O,CC(C)(O)C1CC2=C(C)CCCC2(C)CC1,['CC(C)=CCCC(C)=CCCC(C)=CCOP([O-])(=O)OP([O-])([O-])=O'],['CC(C)(O)C1CC2=C(C)CCCC2(C)CC1'],"{80408, 30948}"
marts_E01150,mono,CC(C)=CCCC(C)=CCOP([O-])(=O)OP([O-])([O-])=O,CC(C)=CCCC(=C)C=C,['CC(C)=CCCC(C)=CCOP([O-])(=O)OP([O-])([O-])=O'],['CC(C)=CCCC(=C)C=C'],{16966}
marts_E01150,mono,CC(C)=CCCC(C)=CCOP([O-])(=O)OP([O-])([O-])=O,CC1CCC(CC=1)C(C)=C,['CC(C)=CCCC(C)=CCOP([O-])(=O)OP([O-])([O-])=O'],['CC1CCC(CC=1)C(C)=C'],"{68641, 10941, 12870}"
marts_E01151,sesq,CC(C)=CCCC(C)=CCCC(C)=CCOP([O-])(=O)OP([O-])([O-])=O,CC1CCC2C(CC2(C)C)C(=C)CCC=1,['CC(C)=CCCC(C)=CCCC(C)=CCOP([O-])(=O)OP([O-])([O-])=O'],['CC1CCC2C(CC2(C)C)C(=C)CCC=1'],"{31816, 34704, 28295}"
marts_E01151,sesq,CC(C)=CCCC(C)=CCCC(C)=CCOP([O-])(=O)OP([O-])([O-])=O,CC1CCC=C(C)CC=CC(C)(C)CC=1,['CC(C)=CCCC(C)=CCCC(C)=CCOP([O-])(=O)OP([O-])([O-])=O'],['CC1CCC=C(C)CC=CC(C)(C)CC=1'],"{31896, 68781}"
marts_E01152,pt,CC(C)=CCCC(C)=CCOP([O-])(=O)OP([O-])([O-])=O.CC(C)=CCCC(C)=CCCC(C)=CCOP([O-])(=O)OP([O-])([O-])=O,CC(C)=CCCC(C)=CCCC(C)=CCCC(C)=CCOP([O-])(=O)OP([O-])([O-])=O,"['CC(C)=CCCC(C)=CCOP([O-])(=O)OP([O-])([O-])=O', 'CC(C)=CCCC(C)=CCCC(C)=CCOP([O-])(=O)OP([O-])([O-])=O']",['CC(C)=CCCC(C)=CCCC(C)=CCCC(C)=CCOP([O-])(=O)OP([O-])([O-])=O'],set()
marts_E01153,sesq,CC(C)=CCCC(C)=CCCC(C)=CCOP([O-])(=O)OP([O-])([O-])=O,CC(C)C1CCC(C)(O)C2CCC(C)=CC21,['CC(C)=CCCC(C)=CCCC(C)=CCOP([O-])(=O)OP([O-])([O-])=O'],['CC(C)C1CCC(C)(O)C2CCC(C)=CC21'],"{78272, 69449, 32012, 54053}"
marts_E01153,sesq,CC(C)=CCCC(C)=CCCC(C)=CCOP([O-])(=O)OP([O-])([O-])=O,CC(C)C1CCC(C)=C2CCC(C)=CC21,['CC(C)=CCCC(C)=CCCC(C)=CCOP([O-])(=O)OP([O-])([O-])=O'],['CC(C)C1CCC(C)=C2CCC(C)=CC21'],"{32016, 56557, 19526}"
marts_E01153,sesq,CC(C)=CCCC(C)=CCCC(C)=CCOP([O-])(=O)OP([O-])([O-])=O,CC(C)C1CC=C(C)C2CCC(C)=CC21,['CC(C)=CCCC(C)=CCCC(C)=CCOP([O-])(=O)OP([O-])([O-])=O'],['CC(C)C1CC=C(C)C2CCC(C)=CC21'],"{33104, 53641, 69445}"
marts_E01154,sesq,CC(C)=CCCC(C)=CCCC(C)=CCOP([O-])(=O)OP([O-])([O-])=O,CC1CCC2C(CC2(C)C)C(=C)CCC=1,['CC(C)=CCCC(C)=CCCC(C)=CCOP([O-])(=O)OP([O-])([O-])=O'],['CC1CCC2C(CC2(C)C)C(=C)CCC=1'],"{31816, 34704, 28295}"
marts_E01154,sesq,CC(C)=CCCC(C)=CCCC(C)=CCOP([O-])(=O)OP([O-])([O-])=O,CC1CCC=C(C)CC=CC(C)(C)CC=1,['CC(C)=CCCC(C)=CCCC(C)=CCOP([O-])(=O)OP([O-])([O-])=O'],['CC1CCC=C(C)CC=CC(C)(C)CC=1'],"{31896, 68781}"
marts_E01155,mono,CC(C)=CCCC(C)=CCOP([O-])(=O)OP([O-])([O-])=O,CC1CC2C(CC=1)C2(C)C,['CC(C)=CCCC(C)=CCOP([O-])(=O)OP([O-])([O-])=O'],['CC1CC2C(CC=1)C2(C)C'],"{32696, 32540}"
marts_E01155,mono,CC(C)=CCCC(C)=CCOP([O-])(=O)OP([O-])([O-])=O,CC1CCC(CC=1)C(C)=C,['CC(C)=CCCC(C)=CCOP([O-])(=O)OP([O-])([O-])=O'],['CC1CCC(CC=1)C(C)=C'],"{68641, 10941, 12870}"
marts_E01155,mono,CC(C)=CCCC(C)=CCOP([O-])(=O)OP([O-])([O-])=O,CC1(C)C2CC1CCC2=C,['CC(C)=CCCC(C)=CCOP([O-])(=O)OP([O-])([O-])=O'],['CC1(C)C2CC1CCC2=C'],"{25497, 25667, 32580}"
marts_E01155,mono,CC(C)=CCCC(C)=CCOP([O-])(=O)OP([O-])([O-])=O,CC1CCC2C(C=1)C2(C)C,['CC(C)=CCCC(C)=CCOP([O-])(=O)OP([O-])([O-])=O'],['CC1CCC2C(C=1)C2(C)C'],set()
marts_E01155,mono,CC(C)=CCCC(C)=CCOP([O-])(=O)OP([O-])([O-])=O,CC(C)C12CC=C(C)C1C2,['CC(C)=CCCC(C)=CCOP([O-])(=O)OP([O-])([O-])=O'],['CC(C)C12CC=C(C)C1C2'],{68645}
marts_E01155,mono,CC(C)=CCCC(C)=CCOP([O-])(=O)OP([O-])([O-])=O,CC(C)C1CC=C(C)C=C1,['CC(C)=CCCC(C)=CCOP([O-])(=O)OP([O-])([O-])=O'],['CC(C)C1CC=C(C)C=C1'],set()
marts_E01155,mono,CC(C)=CCCC(C)=CCOP([O-])(=O)OP([O-])([O-])=O,CC1CC2C(CC=1)C2(C)C,['CC(C)=CCCC(C)=CCOP([O-])(=O)OP([O-])([O-])=O'],['CC1CC2C(CC=1)C2(C)C'],"{32696, 32540}"
marts_E01155,mono,CC(C)=CCCC(C)=CCOP([O-])(=O)OP([O-])([O-])=O,CC1CCC(CC=1)C(C)=C,['CC(C)=CCCC(C)=CCOP([O-])(=O)OP([O-])([O-])=O'],['CC1CCC(CC=1)C(C)=C'],"{68641, 10941, 12870}"
marts_E01155,mono,CC(C)=CCCC(C)=CCOP([O-])(=O)OP([O-])([O-])=O,CC(C)=C1CC=C(C)CC1,['CC(C)=CCCC(C)=CCOP([O-])(=O)OP([O-])([O-])=O'],['CC(C)=C1CC=C(C)CC1'],{25501}
marts_E01156,pt,CC(C)=CCCC(C)=CCOP([O-])(=O)OP([O-])([O-])=O.CC(=C)CCOP([O-])(=O)OP([O-])([O-])=O,CC(C)=CCCC(C)=CCCC(C)=CCOP([O-])(=O)OP([O-])([O-])=O,"['CC(C)=CCCC(C)=CCOP([O-])(=O)OP([O-])([O-])=O', 'CC(=C)CCOP([O-])(=O)OP([O-])([O-])=O']",['CC(C)=CCCC(C)=CCCC(C)=CCOP([O-])(=O)OP([O-])([O-])=O'],"{19362, 64573, 23301}"
marts_E01156,pt,CC(C)=CCOP([O-])(=O)OP([O-])([O-])=O.CC(=C)CCOP([O-])(=O)OP([O-])([O-])=O,CC(C)=CCCC(C)=CCOP([O-])(=O)OP([O-])([O-])=O,"['CC(C)=CCOP([O-])(=O)OP([O-])([O-])=O', 'CC(=C)CCOP([O-])(=O)OP([O-])([O-])=O']",['CC(C)=CCCC(C)=CCOP([O-])(=O)OP([O-])([O-])=O'],"{11329, 22409}"
marts_E01156,pt,CC(C)=CCCC(C)=CCOP([O-])(=O)OP([O-])([O-])=O.CC(C)=CCCC(C)=CCCC(C)=CCOP([O-])(=O)OP([O-])([O-])=O,CC(C)=CCCC(C)=CCCC(C)=CCCC(C)=CCOP([O-])(=O)OP([O-])([O-])=O,"['CC(C)=CCCC(C)=CCOP([O-])(=O)OP([O-])([O-])=O', 'CC(C)=CCCC(C)=CCCC(C)=CCOP([O-])(=O)OP([O-])([O-])=O']",['CC(C)=CCCC(C)=CCCC(C)=CCCC(C)=CCOP([O-])(=O)OP([O-])([O-])=O'],set()
marts_E01157,di,CC1(C)CCCC2(C)C1CCC(=C)C2CCC(C)=CCOP([O-])(=O)OP([O-])([O-])=O,CC1(C)CCCC2(C)C1CCC1=CC(C)(CCC21)C=C,['CC1(C)CCCC2(C)C1CCC(=C)C2CCC(C)=CCOP([O-])(=O)OP([O-])([O-])=O'],['CC1(C)CCCC2(C)C1CCC1=CC(C)(CCC21)C=C'],"{25537, 32004, 25541, 32008, 42985}"
marts_E01159,di,CC(C)=CCCC(C)=CCCC(C)=CCCC(C)=CCOP([O-])(=O)OP([O-])([O-])=O,CC1CCC2(C)C(CCC=C2C)C1(C)CCC(C)=CCOP([O-])(=O)OP([O-])([O-])=O,['CC(C)=CCCC(C)=CCCC(C)=CCCC(C)=CCOP([O-])(=O)OP([O-])([O-])=O'],['CC1CCC2(C)C(CCC=C2C)C1(C)CCC(C)=CCOP([O-])(=O)OP([O-])([O-])=O'],"{54685, 54677, 25614}"
marts_E01169,di,CC(C)=CCCC(C)=CCCC(C)=CCCC(C)=CCOP([O-])(=O)OP([O-])([O-])=O,CC1=CCC2C(CCC2(C)CC2C(C)CCC1=2)C(C)C,['CC(C)=CCCC(C)=CCCC(C)=CCCC(C)=CCOP([O-])(=O)OP([O-])([O-])=O'],['CC1=CCC2C(CCC2(C)CC2C(C)CCC1=2)C(C)C'],set()
marts_E01170,sesq,CC(C)=CCCC(C)=CCCC(C)=CCOP([O-])(=O)OP([O-])([O-])=O,CC(C)=C1CCC2(C)CCC(C)=CCC21,['CC(C)=CCCC(C)=CCCC(C)=CCOP([O-])(=O)OP([O-])([O-])=O'],['CC(C)=C1CCC2(C)CCC(C)=CCC21'],{65073}
marts_E01171,di,CC(C)=CCCC(C)=CCCC(C)=CCCC(C)=CCOP([O-])(=O)OP([O-])([O-])=O,CC1(C)CCC2(C)CC3C(CCC(C)=CCCC3=C)C12,['CC(C)=CCCC(C)=CCCC(C)=CCCC(C)=CCOP([O-])(=O)OP([O-])([O-])=O'],['CC1(C)CCC2(C)CC3C(CCC(C)=CCCC3=C)C12'],set()
marts_E01171,di,CC(C)=CCCC(C)=CCCC(C)=CCCC(C)=CCOP([O-])(=O)OP([O-])([O-])=O,CC1(C)CCC2(C)CC3C(CCC(C)=CCCC=3C)C12,['CC(C)=CCCC(C)=CCCC(C)=CCCC(C)=CCOP([O-])(=O)OP([O-])([O-])=O'],['CC1(C)CCC2(C)CC3C(CCC(C)=CCCC=3C)C12'],{78288}
marts_E01171,pt,CC(C)=CCOP([O-])(=O)OP([O-])([O-])=O.CC(=C)CCOP([O-])(=O)OP([O-])([O-])=O,CC(C)=CCCC(C)=CCCC(C)=CCCC(C)=CCOP([O-])(=O)OP([O-])([O-])=O,"['CC(C)=CCOP([O-])(=O)OP([O-])([O-])=O', 'CC(=C)CCOP([O-])(=O)OP([O-])([O-])=O']",['CC(C)=CCCC(C)=CCCC(C)=CCCC(C)=CCOP([O-])(=O)OP([O-])([O-])=O'],{55521}
marts_E01172,sesq,CC(C)=CCCC(C)=CCCC(C)=CCOP([O-])(=O)OP([O-])([O-])=O,CC(C)C1CCC(=C)C2CCC(C)C2C=1,['CC(C)=CCCC(C)=CCCC(C)=CCOP([O-])(=O)OP([O-])([O-])=O'],['CC(C)C1CCC(=C)C2CCC(C)C2C=1'],{53669}
marts_E01173,sesq,CC(C)=CCCC(C)=CCCC(C)=CCOP([O-])(=O)OP([O-])([O-])=O,CC(C)C1CCC(=C)C2CCC(C)C2C=1,['CC(C)=CCCC(C)=CCCC(C)=CCOP([O-])(=O)OP([O-])([O-])=O'],['CC(C)C1CCC(=C)C2CCC(C)C2C=1'],{53669}
marts_E01174,sesq,CC(C)=CCCC(C)=CCCC(C)=CCOP([O-])(=O)OP([O-])([O-])=O,CC(C)=CCCC(C)(O)C1CC=C(C)CC1,['CC(C)=CCCC(C)=CCCC(C)=CCOP([O-])(=O)OP([O-])([O-])=O'],['CC(C)=CCCC(C)(O)C1CC=C(C)CC1'],{34504}
marts_E01175,sesq,CC(C)=CCCC(C)=CCCC(C)=CCOP([O-])(=O)OP([O-])([O-])=O,CC(C)C12CCC(C)C(CCC(C)=C1)C2O,['CC(C)=CCCC(C)=CCCC(C)=CCOP([O-])(=O)OP([O-])([O-])=O'],['CC(C)C12CCC(C)C(CCC(C)=C1)C2O'],set()
marts_E01176,sesq,CC(C)=CCCC(C)=CCCC(C)=CCOP([O-])(=O)OP([O-])([O-])=O,CC(C)=CCCC(C)(O)C1CC=C(C)CC1,['CC(C)=CCCC(C)=CCCC(C)=CCOP([O-])(=O)OP([O-])([O-])=O'],['CC(C)=CCCC(C)(O)C1CC=C(C)CC1'],{34504}
marts_E01177,sesq,CC(C)=CCCC(C)=CCCC(C)=CCOP([O-])(=O)OP([O-])([O-])=O,CC(C)=CCC=C(C)C1CC=C(C)CC1,['CC(C)=CCCC(C)=CCCC(C)=CCOP([O-])(=O)OP([O-])([O-])=O'],['CC(C)=CCC=C(C)C1CC=C(C)CC1'],"{68845, 68817, 68533, 68473, 25437}"
marts_E01178,di,CC(C)=CCCC(C)=CCCC(C)=CCCC(C)=CCOP([O-])(=O)OP([O-])([O-])=O,CC(C)=CCC=C(C)C1CCC2(C)CC=C(C)CCC21,['CC(C)=CCCC(C)=CCCC(C)=CCCC(C)=CCOP([O-])(=O)OP([O-])([O-])=O'],['CC(C)=CCC=C(C)C1CCC2(C)CC=C(C)CCC21'],{54117}
marts_E01179,sesq,CC(C)=CCCC(C)=CCCC(C)=CCOP([O-])(=O)OP([O-])([O-])=O,CC1CCC2C(C)CCC3C(C=12)C3(C)C,['CC(C)=CCCC(C)=CCCC(C)=CCOP([O-])(=O)OP([O-])([O-])=O'],['CC1CCC2C(C)CCC3C(C=12)C3(C)C'],{29508}
marts_E01179,sesq,CC(C)=CCCC(C)=CCCC(C)=CCOP([O-])(=O)OP([O-])([O-])=O,CC1(C)C2C1CCC(C)C1CCC(C)C12O,['CC(C)=CCCC(C)=CCCC(C)=CCOP([O-])(=O)OP([O-])([O-])=O'],['CC1(C)C2C1CCC(C)C1CCC(C)C12O'],{54381}
marts_E01180,sesq,CC(C)=CCCC(C)=CCCC(C)=CCOP([O-])(=O)OP([O-])([O-])=O,CC(C)C1CCC2(C)CCCC(=C)C2C1O,['CC(C)=CCCC(C)=CCCC(C)=CCOP([O-])(=O)OP([O-])([O-])=O'],['CC(C)C1CCC2(C)CCCC(=C)C2C1O'],{14486}
marts_E01180,sesq,CC(C)=CCCC(C)=CCCC(C)=CCOP([O-])(=O)OP([O-])([O-])=O,CC(C)C1CCC(C)(O)C2CCC(C)=CC21,['CC(C)=CCCC(C)=CCCC(C)=CCOP([O-])(=O)OP([O-])([O-])=O'],['CC(C)C1CCC(C)(O)C2CCC(C)=CC21'],"{78272, 69449, 32012, 54053}"
marts_E01181,sesq,CC(C)=CCCC(C)=CCCC(C)=CCOP([O-])(=O)OP([O-])([O-])=O,CC1=CCCC2(C)CCC(CC21)C(C)=C,['CC(C)=CCCC(C)=CCCC(C)=CCOP([O-])(=O)OP([O-])([O-])=O'],['CC1=CCCC2(C)CCC(CC21)C(C)=C'],"{30384, 31820, 47053}"
marts_E01181,sesq,CC(C)=CCCC(C)=CCCC(C)=CCOP([O-])(=O)OP([O-])([O-])=O,CC1CCC2C1C1C(CCC2=C)C1(C)C,['CC(C)=CCCC(C)=CCCC(C)=CCOP([O-])(=O)OP([O-])([O-])=O'],['CC1CCC2C1C1C(CCC2=C)C1(C)C'],{67401}
marts_E01182,sesq,CC(C)=CCCC(C)=CCCC(C)=CCOP([O-])(=O)OP([O-])([O-])=O,CC1CCC(CC=C(C)CCC=1)C(C)(C)O,['CC(C)=CCCC(C)=CCCC(C)=CCOP([O-])(=O)OP([O-])([O-])=O'],['CC1CCC(CC=C(C)CCC=1)C(C)(C)O'],"{54057, 54061}"
marts_E01182,sesq,CC(C)=CCCC(C)=CCCC(C)=CCOP([O-])(=O)OP([O-])([O-])=O,CC1CCC2C(C)CCC(CC=21)C(C)(C)O,['CC(C)=CCCC(C)=CCCC(C)=CCOP([O-])(=O)OP([O-])([O-])=O'],['CC1CCC2C(C)CCC(CC=21)C(C)(C)O'],set()
marts_E01182,sesq,CC(C)=CCCC(C)=CCCC(C)=CCOP([O-])(=O)OP([O-])([O-])=O,CC(C)C1CCC(C)(O)C2CCC(C)=CC21,['CC(C)=CCCC(C)=CCCC(C)=CCOP([O-])(=O)OP([O-])([O-])=O'],['CC(C)C1CCC(C)(O)C2CCC(C)=CC21'],"{78272, 69449, 32012, 54053}"
marts_E01182,sesq,CC(C)=CCCC(C)=CCCC(C)=CCOP([O-])(=O)OP([O-])([O-])=O,CC(C)C1CCC(C)(O)C2CCC(C)=CC21,['CC(C)=CCCC(C)=CCCC(C)=CCOP([O-])(=O)OP([O-])([O-])=O'],['CC(C)C1CCC(C)(O)C2CCC(C)=CC21'],"{78272, 69449, 32012, 54053}"
marts_E01183,sesq,CC(C)=CCCC(C)=CCCC(C)=CCOP([O-])(=O)OP([O-])([O-])=O,CC1CCC2C(CC2(C)C)C(=C)CCC=1,['CC(C)=CCCC(C)=CCCC(C)=CCOP([O-])(=O)OP([O-])([O-])=O'],['CC1CCC2C(CC2(C)C)C(=C)CCC=1'],"{31816, 34704, 28295}"
marts_E01183,sesq,CC(C)=CCCC(C)=CCCC(C)=CCOP([O-])(=O)OP([O-])([O-])=O,CC1CCC=C(C)CC=CC(C)(C)CC=1,['CC(C)=CCCC(C)=CCCC(C)=CCOP([O-])(=O)OP([O-])([O-])=O'],['CC1CCC=C(C)CC=CC(C)(C)CC=1'],"{31896, 68781}"
marts_E01184,sesq,CC(C)=CCCC(C)=CCCC(C)=CCOP([O-])(=O)OP([O-])([O-])=O,CC(C)C1CCC(C)=C2CCC(C)=CC21,['CC(C)=CCCC(C)=CCCC(C)=CCOP([O-])(=O)OP([O-])([O-])=O'],['CC(C)C1CCC(C)=C2CCC(C)=CC21'],"{32016, 56557, 19526}"
marts_E01184,sesq,CC(C)=CCCC(C)=CCCC(C)=CCOP([O-])(=O)OP([O-])([O-])=O,CC(C)C1CC=C(C)C2CCC(C)=CC21,['CC(C)=CCCC(C)=CCCC(C)=CCOP([O-])(=O)OP([O-])([O-])=O'],['CC(C)C1CC=C(C)C2CCC(C)=CC21'],"{33104, 53641, 69445}"
marts_E01184,sesq,CC(C)=CCCC(C)=CCCC(C)=CCOP([O-])(=O)OP([O-])([O-])=O,CC1CCC(C=CC(=C)CCC=1)C(C)C,['CC(C)=CCCC(C)=CCCC(C)=CCOP([O-])(=O)OP([O-])([O-])=O'],['CC1CCC(C=CC(=C)CCC=1)C(C)C'],"{12017, 30428, 68717}"
marts_E01184,sesq,CC(C)=CCCC(C)=CCCC(C)=CCOP([O-])(=O)OP([O-])([O-])=O,CC1(C)CCCC2(C)C3CC4C(C13)C24C,['CC(C)=CCCC(C)=CCCC(C)=CCOP([O-])(=O)OP([O-])([O-])=O'],['CC1(C)CCCC2(C)C3CC4C(C13)C24C'],set()
marts_E01184,sesq,CC(C)=CCCC(C)=CCCC(C)=CCOP([O-])(=O)OP([O-])([O-])=O,CC(C)(O)C1CC2=C(C)CCCC2(C)CC1,['CC(C)=CCCC(C)=CCCC(C)=CCOP([O-])(=O)OP([O-])([O-])=O'],['CC(C)(O)C1CC2=C(C)CCCC2(C)CC1'],"{80408, 30948}"
marts_E01184,sesq,CC(C)=CCCC(C)=CCCC(C)=CCOP([O-])(=O)OP([O-])([O-])=O,CC(C)C1CCC2(C)C3C1C2CC=C3C,['CC(C)=CCCC(C)=CCCC(C)=CCOP([O-])(=O)OP([O-])([O-])=O'],['CC(C)C1CCC2(C)C3C1C2CC=C3C'],{33992}
marts_E01185,sesq,CC(C)=CCCC(C)=CCCC(C)=CCOP([O-])(=O)OP([O-])([O-])=O,CC1(C)CC2CC(C)=C3CCC3(C)C2C1,['CC(C)=CCCC(C)=CCCC(C)=CCOP([O-])(=O)OP([O-])([O-])=O'],['CC1(C)CC2CC(C)=C3CCC3(C)C2C1'],{34696}
marts_E01185,sesq,CC(C)=CCCC(C)=CCCC(C)=CCOP([O-])(=O)OP([O-])([O-])=O,CC(C)=CCCC(C)C1CCC(C)=CC=1,['CC(C)=CCCC(C)=CCCC(C)=CCOP([O-])(=O)OP([O-])([O-])=O'],['CC(C)=CCCC(C)C1CCC(C)=CC=1'],"{32032, 68785}"
marts_E01185,mono,CC(C)=CCCC(C)=CCOP([O-])(=O)OP([O-])([O-])=O,CC(C)=CCCC(=C)C=C,['CC(C)=CCCC(C)=CCOP([O-])(=O)OP([O-])([O-])=O'],['CC(C)=CCCC(=C)C=C'],{16966}
marts_E01185,mono,CC(C)=CCCC(C)=CCOP([O-])(=O)OP([O-])([O-])=O,CC(C)=CCC=C(C)C=C,['CC(C)=CCCC(C)=CCOP([O-])(=O)OP([O-])([O-])=O'],['CC(C)=CCC=C(C)C=C'],"{68825, 32692}"
marts_E01185,mono,CC(C)=CCCC(C)=CCOP([O-])(=O)OP([O-])([O-])=O,CC(C)=CCC=C(C)C=C,['CC(C)=CCCC(C)=CCOP([O-])(=O)OP([O-])([O-])=O'],['CC(C)=CCC=C(C)C=C'],"{68825, 32692}"
marts_E01185,mono,CC(C)=CCCC(C)=CCOP([O-])(=O)OP([O-])([O-])=O,CC(C)=CCCC(C)(O)C=C,['CC(C)=CCCC(C)=CCOP([O-])(=O)OP([O-])([O-])=O'],['CC(C)=CCCC(C)(O)C=C'],"{15810, 68709, 24117}"
marts_E01186,sesq,CC(C)=CCCC(C)=CCCC(C)=CCOP([O-])(=O)OP([O-])([O-])=O,CC1(C)CC2CC(C)=C3CCC3(C)C2C1,['CC(C)=CCCC(C)=CCCC(C)=CCOP([O-])(=O)OP([O-])([O-])=O'],['CC1(C)CC2CC(C)=C3CCC3(C)C2C1'],{34696}
marts_E01186,sesq,CC(C)=CCCC(C)=CCCC(C)=CCOP([O-])(=O)OP([O-])([O-])=O,CC(C)=CCCC(C)C1CCC(C)=CC=1,['CC(C)=CCCC(C)=CCCC(C)=CCOP([O-])(=O)OP([O-])([O-])=O'],['CC(C)=CCCC(C)C1CCC(C)=CC=1'],"{32032, 68785}"
marts_E01187,sesq,CC(C)=CCCC(C)=CCCC(C)=CCOP([O-])(=O)OP([O-])([O-])=O,CC1CCC(C(C)=C)C21CCC(C)=CC2,['CC(C)=CCCC(C)=CCCC(C)=CCOP([O-])(=O)OP([O-])([O-])=O'],['CC1CCC(C(C)=C)C21CCC(C)=CC2'],"{77072, 68513, 68521, 68517}"
marts_E01187,mono,CC(C)=CCCC(C)=CCOP([O-])(=O)OP([O-])([O-])=O,CC1=CCC2CC1C2(C)C,['CC(C)=CCCC(C)=CCOP([O-])(=O)OP([O-])([O-])=O'],['CC1=CCC2CC1C2(C)C'],"{32576, 25489, 25663}"
marts_E01187,mono,CC(C)=CCCC(C)=CCOP([O-])(=O)OP([O-])([O-])=O,CC(C)C1CCC(=C)C=C1,['CC(C)=CCCC(C)=CCOP([O-])(=O)OP([O-])([O-])=O'],['CC(C)C1CCC(=C)C=C1'],"{25505, 25493, 27831}"
marts_E01188,sesq,CC(C)=CCCC(C)=CCCC(C)=CCOP([O-])(=O)OP([O-])([O-])=O,CC(C)=CCCC(=C)C1CC=C(C)CC1,['CC(C)=CCCC(C)=CCCC(C)=CCOP([O-])(=O)OP([O-])([O-])=O'],['CC(C)=CCCC(=C)C1CC=C(C)CC1'],"{68813, 68529, 28267, 68525}"
marts_E01188,sesq,CC(C)=CCCC(C)=CCCC(C)=CCOP([O-])(=O)OP([O-])([O-])=O,CC(C)=CCCC(C)C1CCC(C)=CC=1,['CC(C)=CCCC(C)=CCCC(C)=CCOP([O-])(=O)OP([O-])([O-])=O'],['CC(C)=CCCC(C)C1CCC(C)=CC=1'],"{32032, 68785}"
marts_E01188,sesq,CC(C)=CCCC(C)=CCCC(C)=CCOP([O-])(=O)OP([O-])([O-])=O,CC(C)=CCCC(C)C1CC=C(C)CC=1,['CC(C)=CCCC(C)=CCCC(C)=CCOP([O-])(=O)OP([O-])([O-])=O'],['CC(C)=CCCC(C)C1CC=C(C)CC=1'],{31420}
marts_E01188,sesq,CC(C)=CCCC(C)=CCCC(C)=CCOP([O-])(=O)OP([O-])([O-])=O,CC(C)=CCCC(C)C1CC=C(C)C=C1,['CC(C)=CCCC(C)=CCCC(C)=CCOP([O-])(=O)OP([O-])([O-])=O'],['CC(C)=CCCC(C)C1CC=C(C)C=C1'],"{35748, 28644}"
marts_E01188,sesq,CC(C)=CCCC(C)=CCCC(C)=CCOP([O-])(=O)OP([O-])([O-])=O,CC(C)=CCCC(C)=C1CC=C(C)CC1,['CC(C)=CCCC(C)=CCCC(C)=CCOP([O-])(=O)OP([O-])([O-])=O'],['CC(C)=CCCC(C)=C1CC=C(C)CC1'],"{26082, 79464, 28299, 68469, 68789}"
marts_E01188,sesq,CC(C)=CCCC(C)=CCCC(C)=CCOP([O-])(=O)OP([O-])([O-])=O,CC(C)=CCCC(C)=C1CC=C(C)CC1,['CC(C)=CCCC(C)=CCCC(C)=CCOP([O-])(=O)OP([O-])([O-])=O'],['CC(C)=CCCC(C)=C1CC=C(C)CC1'],"{26082, 79464, 28299, 68469, 68789}"
marts_E01188,sesq,CC(C)=CCCC(C)=CCCC(C)=CCOP([O-])(=O)OP([O-])([O-])=O,CC(C)=CCC=C(C)C1CC=C(C)CC1,['CC(C)=CCCC(C)=CCCC(C)=CCOP([O-])(=O)OP([O-])([O-])=O'],['CC(C)=CCC=C(C)C1CC=C(C)CC1'],"{68845, 68817, 68533, 68473, 25437}"
marts_E01188,sesq,CC(C)=CCCC(C)=CCCC(C)=CCOP([O-])(=O)OP([O-])([O-])=O,CC(C)=CCCC(C)(O)C1CC=C(C)CC1,['CC(C)=CCCC(C)=CCCC(C)=CCOP([O-])(=O)OP([O-])([O-])=O'],['CC(C)=CCCC(C)(O)C1CC=C(C)CC1'],{34504}
marts_E01188,sesq,CC(C)=CCCC(C)=CCCC(C)=CCOP([O-])(=O)OP([O-])([O-])=O,CC(C)=CCCC(C)C1(O)CC=C(C)CC1,['CC(C)=CCCC(C)=CCCC(C)=CCOP([O-])(=O)OP([O-])([O-])=O'],['CC(C)=CCCC(C)C1(O)CC=C(C)CC1'],set()
marts_E01188,sesq,CC(C)=CCCC(C)=CCCC(C)=CCOP([O-])(=O)OP([O-])([O-])=O,CC(C)=CCCC(C)C1CCC(C)=CC=1,['CC(C)=CCCC(C)=CCCC(C)=CCOP([O-])(=O)OP([O-])([O-])=O'],['CC(C)=CCCC(C)C1CCC(C)=CC=1'],"{32032, 68785}"
marts_E01188,sesq,CC(C)=CCCC(C)=CCCC(C)=CCOP([O-])(=O)OP([O-])([O-])=O,CC(C)=CCCC(=C)C1CC=C(C)CC1,['CC(C)=CCCC(C)=CCCC(C)=CCOP([O-])(=O)OP([O-])([O-])=O'],['CC(C)=CCCC(=C)C1CC=C(C)CC1'],"{68813, 68529, 28267, 68525}"
marts_E01188,sesq,CC(C)=CCCC(C)=CCCC(C)=CCOP([O-])(=O)OP([O-])([O-])=O,CC(C)=CCCC(C)=C1CC=C(C)CC1,['CC(C)=CCCC(C)=CCCC(C)=CCOP([O-])(=O)OP([O-])([O-])=O'],['CC(C)=CCCC(C)=C1CC=C(C)CC1'],"{26082, 79464, 28299, 68469, 68789}"
marts_E01188,sesq,CC(C)=CCCC(C)=CCCC(C)=CCOP([O-])(=O)OP([O-])([O-])=O,CC(C)=CCCC(C)=C1CC=C(C)CC1,['CC(C)=CCCC(C)=CCCC(C)=CCOP([O-])(=O)OP([O-])([O-])=O'],['CC(C)=CCCC(C)=C1CC=C(C)CC1'],"{26082, 79464, 28299, 68469, 68789}"
marts_E01188,sesq,CC(C)=CCCC(C)=CCCC(C)=CCOP([O-])(=O)OP([O-])([O-])=O,CC(C)=CCC=C(C)C1CC=C(C)CC1,['CC(C)=CCCC(C)=CCCC(C)=CCOP([O-])(=O)OP([O-])([O-])=O'],['CC(C)=CCC=C(C)C1CC=C(C)CC1'],"{68845, 68817, 68533, 68473, 25437}"
marts_E01189,sesq,CC(C)=CCCC(C)=CCCC(C)=CCOP([O-])(=O)OP([O-])([O-])=O,CC1CCC=C(C)CCC2C(C=1)C2(C)C,['CC(C)=CCCC(C)=CCCC(C)=CCOP([O-])(=O)OP([O-])([O-])=O'],['CC1CCC=C(C)CCC2C(C=1)C2(C)C'],{32000}
marts_E01189,mono,CC(C)=CCCC(C)=CCOP([O-])(=O)OP([O-])([O-])=O,CC(C)=CCC=C(C)C=C,['CC(C)=CCCC(C)=CCOP([O-])(=O)OP([O-])([O-])=O'],['CC(C)=CCC=C(C)C=C'],"{68825, 32692}"
marts_E01189,mono,CC(C)=CCCC(C)=CCOP([O-])(=O)OP([O-])([O-])=O,CC(C)=CCC=C(C)C=C,['CC(C)=CCCC(C)=CCOP([O-])(=O)OP([O-])([O-])=O'],['CC(C)=CCC=C(C)C=C'],"{68825, 32692}"
marts_E01189,mono,CC(C)=CCCC(C)=CCOP([O-])(=O)OP([O-])([O-])=O,CC(C)=CCCC(=C)C=C,['CC(C)=CCCC(C)=CCOP([O-])(=O)OP([O-])([O-])=O'],['CC(C)=CCCC(=C)C=C'],{16966}
marts_E01189,mono,CC(C)=CCCC(C)=CCOP([O-])(=O)OP([O-])([O-])=O,CC1CCC(CC=1)C(C)=C,['CC(C)=CCCC(C)=CCOP([O-])(=O)OP([O-])([O-])=O'],['CC1CCC(CC=1)C(C)=C'],"{68641, 10941, 12870}"
marts_E01189,mono,CC(C)=CCCC(C)=CCOP([O-])(=O)OP([O-])([O-])=O,CC(C)=CCCC(C)(O)C=C,['CC(C)=CCCC(C)=CCOP([O-])(=O)OP([O-])([O-])=O'],['CC(C)=CCCC(C)(O)C=C'],"{15810, 68709, 24117}"
marts_E01190,sesq,CC(C)=CCCC(C)=CCCC(C)=CCOP([O-])(=O)OP([O-])([O-])=O,CC(C)=CCCC(C)C1CCC(C)=CC=1,['CC(C)=CCCC(C)=CCCC(C)=CCOP([O-])(=O)OP([O-])([O-])=O'],['CC(C)=CCCC(C)C1CCC(C)=CC=1'],"{32032, 68785}"
marts_E01190,sesq,CC(C)=CCCC(C)=CCCC(C)=CCOP([O-])(=O)OP([O-])([O-])=O,CC(C)=CCCC(C)C1CC=C(C)C=C1,['CC(C)=CCCC(C)=CCCC(C)=CCOP([O-])(=O)OP([O-])([O-])=O'],['CC(C)=CCCC(C)C1CC=C(C)C=C1'],"{35748, 28644}"
marts_E01190,sesq,CC(C)=CCCC(C)=CCCC(C)=CCOP([O-])(=O)OP([O-])([O-])=O,CC(C)=CCCC(=C)C1CC=C(C)CC1,['CC(C)=CCCC(C)=CCCC(C)=CCOP([O-])(=O)OP([O-])([O-])=O'],['CC(C)=CCCC(=C)C1CC=C(C)CC1'],"{68813, 68529, 28267, 68525}"
marts_E01190,sesq,CC(C)=CCCC(C)=CCCC(C)=CCOP([O-])(=O)OP([O-])([O-])=O,CC(C)=CCCC(C)C1CC=C(C)CC=1,['CC(C)=CCCC(C)=CCCC(C)=CCOP([O-])(=O)OP([O-])([O-])=O'],['CC(C)=CCCC(C)C1CC=C(C)CC=1'],{31420}
marts_E01190,sesq,CC(C)=CCCC(C)=CCCC(C)=CCOP([O-])(=O)OP([O-])([O-])=O,CC(C)=CCCC(C)C1CCC(=C)C=C1,['CC(C)=CCCC(C)=CCCC(C)=CCOP([O-])(=O)OP([O-])([O-])=O'],['CC(C)=CCCC(C)C1CCC(=C)C=C1'],{32700}
marts_E01190,sesq,CC(C)=CCCC(C)=CCCC(C)=CCOP([O-])(=O)OP([O-])([O-])=O,CC(C)=CCC=C(C)C1CC=C(C)CC1,['CC(C)=CCCC(C)=CCCC(C)=CCOP([O-])(=O)OP([O-])([O-])=O'],['CC(C)=CCC=C(C)C1CC=C(C)CC1'],"{68845, 68817, 68533, 68473, 25437}"
marts_E01190,sesq,CC(C)=CCCC(C)=CCCC(C)=CCOP([O-])(=O)OP([O-])([O-])=O,CC(C)=CCCC(C)C1CCC(C)=CC=1,['CC(C)=CCCC(C)=CCCC(C)=CCOP([O-])(=O)OP([O-])([O-])=O'],['CC(C)=CCCC(C)C1CCC(C)=CC=1'],"{32032, 68785}"
marts_E01190,sesq,CC(C)=CCCC(C)=CCCC(C)=CCOP([O-])(=O)OP([O-])([O-])=O,CC(C)=CCCC(C)C1CC=C(C)C=C1,['CC(C)=CCCC(C)=CCCC(C)=CCOP([O-])(=O)OP([O-])([O-])=O'],['CC(C)=CCCC(C)C1CC=C(C)C=C1'],"{35748, 28644}"
marts_E01190,sesq,CC(C)=CCCC(C)=CCCC(C)=CCOP([O-])(=O)OP([O-])([O-])=O,CC(C)=CCCC(C)C1CCC(=C)C=C1,['CC(C)=CCCC(C)=CCCC(C)=CCOP([O-])(=O)OP([O-])([O-])=O'],['CC(C)=CCCC(C)C1CCC(=C)C=C1'],{32700}
marts_E01192,di,CC(C)=CCCC(C)=CCCC(C)=CCCC(C)=CCOP([O-])(=O)OP([O-])([O-])=O,CC12CCC34C1C(C)=CCC2C3C(CCC4C)C(C)C,['CC(C)=CCCC(C)=CCCC(C)=CCCC(C)=CCOP([O-])(=O)OP([O-])([O-])=O'],['CC12CCC34C1C(C)=CCC2C3C(CCC4C)C(C)C'],set()
marts_E01192,di,CC(C)=CCCC(C)=CCCC(C)=CCCC(C)=CCOP([O-])(=O)OP([O-])([O-])=O,CC(C)C1CCC(C)=CCCC(C)=CCCC(C)(O)C=C1,['CC(C)=CCCC(C)=CCCC(C)=CCCC(C)=CCOP([O-])(=O)OP([O-])([O-])=O'],['CC(C)C1CCC(C)=CCCC(C)=CCCC(C)(O)C=C1'],set()
marts_E01193,di,CC(C)=CCCC(C)=CCCC(C)=CCCC(C)=CCOP([O-])(=O)OP([O-])([O-])=O,CC1CCC=C(C)CCC(CC=C(C)CCC=1)C(C)=C,['CC(C)=CCCC(C)=CCCC(C)=CCCC(C)=CCOP([O-])(=O)OP([O-])([O-])=O'],['CC1CCC=C(C)CCC(CC=C(C)CCC=1)C(C)=C'],{42997}
marts_E01194,di,CC(C)=CCCC(C)=CCCC(C)=CCCC(C)=CCOP([O-])(=O)OP([O-])([O-])=O,CC1(C)CCC2(C)CC34C(CCC3(C)C(O)CCC4C)C12,['CC(C)=CCCC(C)=CCCC(C)=CCCC(C)=CCOP([O-])(=O)OP([O-])([O-])=O'],['CC1(C)CCC2(C)CC34C(CCC3(C)C(O)CCC4C)C12'],{78404}
marts_E01194,pt,CC(C)=CCOP([O-])(=O)OP([O-])([O-])=O.CC(=C)CCOP([O-])(=O)OP([O-])([O-])=O,CC(C)=CCCC(C)=CCCC(C)=CCCC(C)=CCOP([O-])(=O)OP([O-])([O-])=O,"['CC(C)=CCOP([O-])(=O)OP([O-])([O-])=O', 'CC(=C)CCOP([O-])(=O)OP([O-])([O-])=O']",['CC(C)=CCCC(C)=CCCC(C)=CCCC(C)=CCOP([O-])(=O)OP([O-])([O-])=O'],{55521}
marts_E01195,sqs,CC(C)=CCCC(C)=CCCC(C)=CCOP([O-])(=O)OP([O-])([O-])=O.CC(C)=CCCC(C)=CCCC(C)=CCOP([O-])(=O)OP([O-])([O-])=O,CC(C)=CCCC(C)=CCCC(C)=CCCC=C(C)CCC=C(C)CCC=C(C)C,"['CC(C)=CCCC(C)=CCCC(C)=CCOP([O-])(=O)OP([O-])([O-])=O', 'CC(C)=CCCC(C)=CCCC(C)=CCOP([O-])(=O)OP([O-])([O-])=O']",['CC(C)=CCCC(C)=CCCC(C)=CCCC=C(C)CCC=C(C)CCC=C(C)C'],"{32296, 32300}"
marts_E01196,pt,CC(C)=CCOP([O-])(=O)OP([O-])([O-])=O.CC(=C)CCOP([O-])(=O)OP([O-])([O-])=O,CC(C)=CCCC(C)=CCOP([O-])(=O)OP([O-])([O-])=O,"['CC(C)=CCOP([O-])(=O)OP([O-])([O-])=O', 'CC(=C)CCOP([O-])(=O)OP([O-])([O-])=O']",['CC(C)=CCCC(C)=CCOP([O-])(=O)OP([O-])([O-])=O'],"{11329, 22409}"
marts_E01196,pt,CC(C)=CCCC(C)=CCOP([O-])(=O)OP([O-])([O-])=O.CC(=C)CCOP([O-])(=O)OP([O-])([O-])=O,CC(C)=CCCC(C)=CCCC(C)=CCOP([O-])(=O)OP([O-])([O-])=O,"['CC(C)=CCCC(C)=CCOP([O-])(=O)OP([O-])([O-])=O', 'CC(=C)CCOP([O-])(=O)OP([O-])([O-])=O']",['CC(C)=CCCC(C)=CCCC(C)=CCOP([O-])(=O)OP([O-])([O-])=O'],"{19362, 64573, 23301}"
marts_E01197,mono,CC(C)=CCCC(C)=CCOP([O-])(=O)OP([O-])([O-])=O,CC1CCC(CC=1)C(C)(C)O,['CC(C)=CCCC(C)=CCOP([O-])(=O)OP([O-])([O-])=O'],['CC1CCC(CC=1)C(C)(C)O'],"{32552, 32556}"
marts_E01197,mono,CC(C)=CCCC(C)=CCOP([O-])(=O)OP([O-])([O-])=O,CC(C)C1(O)CC=C(C)CC1,['CC(C)=CCCC(C)=CCOP([O-])(=O)OP([O-])([O-])=O'],['CC(C)C1(O)CC=C(C)CC1'],{60029}
marts_E01197,mono,CC(C)=CCCC(C)=CCOP([O-])(=O)OP([O-])([O-])=O,CC1CCC(CC=1)C(C)=C,['CC(C)=CCCC(C)=CCOP([O-])(=O)OP([O-])([O-])=O'],['CC1CCC(CC=1)C(C)=C'],"{68641, 10941, 12870}"
marts_E01197,mono,CC(C)=CCCC(C)=CCOP([O-])(=O)OP([O-])([O-])=O,CC(C)=CCCC(=C)C=C,['CC(C)=CCCC(C)=CCOP([O-])(=O)OP([O-])([O-])=O'],['CC(C)=CCCC(=C)C=C'],{16966}
marts_E01197,mono,CC(C)=CCCC(C)=CCOP([O-])(=O)OP([O-])([O-])=O,CC1CC=C(CC=1)C(C)C,['CC(C)=CCCC(C)=CCOP([O-])(=O)OP([O-])([O-])=O'],['CC1CC=C(CC=1)C(C)C'],{32560}
marts_E01197,mono,CC(C)=CCCC(C)=CCOP([O-])(=O)OP([O-])([O-])=O,CC(C)=C1CC=C(C)CC1,['CC(C)=CCCC(C)=CCOP([O-])(=O)OP([O-])([O-])=O'],['CC(C)=C1CC=C(C)CC1'],{25501}
marts_E01198,di,CC1(C)CCCC2(C)C1CCC(=C)C2CCC(C)=CCOP([O-])(=O)OP([O-])([O-])=O,CC1(CC2CCC3(C)C(CCCC3=C)C2(C)CC1)C=C,['CC1(C)CCCC2(C)C1CCC(=C)C2CCC(C)=CCOP([O-])(=O)OP([O-])([O-])=O'],['CC1(CC2CCC3(C)C(CCCC3=C)C2(C)CC1)C=C'],{58161}
marts_E01198,di,CC1(C)CCCC2(C)C1CCC(=C)C2CCC(C)=CCOP([O-])(=O)OP([O-])([O-])=O,CC1(C)CCCC2(C)C1CCC1=CC(C)(CCC21)C=C,['CC1(C)CCCC2(C)C1CCC(=C)C2CCC(C)=CCOP([O-])(=O)OP([O-])([O-])=O'],['CC1(C)CCCC2(C)C1CCC1=CC(C)(CCC21)C=C'],"{25537, 32004, 25541, 32008, 42985}"
marts_E01198,di,CC1(C)CCCC2(C)C1CCC(=C)C2CCC(C)=CCOP([O-])(=O)OP([O-])([O-])=O,CC1(C)CCCC2(C)C1CCC1=CC(C)(CCC21)C=C,['CC1(C)CCCC2(C)C1CCC(=C)C2CCC(C)=CCOP([O-])(=O)OP([O-])([O-])=O'],['CC1(C)CCCC2(C)C1CCC1=CC(C)(CCC21)C=C'],"{25537, 32004, 25541, 32008, 42985}"
marts_E01198,di,CC1(C)CCCC2(C)C1CCC(=C)C2CCC(C)=CCOP([O-])(=O)OP([O-])([O-])=O,CC1(C)CCCC2(C)C1CC=C1CC(C)(CCC21)C=C,['CC1(C)CCCC2(C)C1CCC(=C)C2CCC(C)=CCOP([O-])(=O)OP([O-])([O-])=O'],['CC1(C)CCCC2(C)C1CC=C1CC(C)(CCC21)C=C'],"{25561, 62189, 26129}"
marts_E01198,di,CC1(C)CCCC2(C)C1CCC(=C)C2CCC(C)=CCOP([O-])(=O)OP([O-])([O-])=O,CC1(C)CCCC2(C)C1CC=C1CC(C)(CCC21)C=C,['CC1(C)CCCC2(C)C1CCC(=C)C2CCC(C)=CCOP([O-])(=O)OP([O-])([O-])=O'],['CC1(C)CCCC2(C)C1CC=C1CC(C)(CCC21)C=C'],"{25561, 62189, 26129}"
marts_E01198,di,CC1(C)CCCC2(C)C1CCC(=C)C2CCC(C)=CCOP([O-])(=O)OP([O-])([O-])=O,CC1(C)CCCC2(C)C1CCC1CC(C)(CC=C21)C=C,['CC1(C)CCCC2(C)C1CCC(=C)C2CCC(C)=CCOP([O-])(=O)OP([O-])([O-])=O'],['CC1(C)CCCC2(C)C1CCC1CC(C)(CC=C21)C=C'],{25545}
marts_E01199,di,CC(C)=CCCC(C)=CCCC(C)=CCCC(C)=CCOP([O-])(=O)OP([O-])([O-])=O,CC1(C)CCCC2(C)C1CCC(=C)C2CCC(C)=CCOP([O-])(=O)OP([O-])([O-])=O,['CC(C)=CCCC(C)=CCCC(C)=CCCC(C)=CCOP([O-])(=O)OP([O-])([O-])=O'],['CC1(C)CCCC2(C)C1CCC(=C)C2CCC(C)=CCOP([O-])(=O)OP([O-])([O-])=O'],"{14842, 24317, 25525}"
marts_E01201,sesq,CC(C)=CCCC(C)=CCCC(C)=CCOP([O-])(=O)OP([O-])([O-])=O,CC(C)(O)C1CC2(O)C(C)CCCC2(C)CC1,['CC(C)=CCCC(C)=CCCC(C)=CCOP([O-])(=O)OP([O-])([O-])=O'],['CC(C)(O)C1CC2(O)C(C)CCCC2(C)CC1'],{58165}
marts_E01201,sesq,CC(C)=CCCC(C)=CCCC(C)=CCOP([O-])(=O)OP([O-])([O-])=O,CC(C)(O)C1CC2C(C)=CCCC2(C)CC1,['CC(C)=CCCC(C)=CCCC(C)=CCOP([O-])(=O)OP([O-])([O-])=O'],['CC(C)(O)C1CC2C(C)=CCCC2(C)CC1'],"{30952, 54045}"
marts_E01201,sesq,CC(C)=CCCC(C)=CCCC(C)=CCOP([O-])(=O)OP([O-])([O-])=O,CC(C)(O)C1CC2C(=C)CCCC2(C)CC1,['CC(C)=CCCC(C)=CCCC(C)=CCOP([O-])(=O)OP([O-])([O-])=O'],['CC(C)(O)C1CC2C(=C)CCCC2(C)CC1'],{29496}
marts_E01201,sesq,CC(C)=CCCC(C)=CCCC(C)=CCOP([O-])(=O)OP([O-])([O-])=O,CC(C)(O)C1CC2C(C)(O)CCCC2(C)CC1,['CC(C)=CCCC(C)=CCCC(C)=CCOP([O-])(=O)OP([O-])([O-])=O'],['CC(C)(O)C1CC2C(C)(O)CCCC2(C)CC1'],set()
marts_E01201,sesq,CC(C)=CCCC(C)=CCCC(C)=CCOP([O-])(=O)OP([O-])([O-])=O,CC(C)(O)C1CC2C(C)(O)CCCC2(C)CC1,['CC(C)=CCCC(C)=CCCC(C)=CCOP([O-])(=O)OP([O-])([O-])=O'],['CC(C)(O)C1CC2C(C)(O)CCCC2(C)CC1'],set()
marts_E01202,mono,CC(C)=CCCC(C)=CCOP([O-])(=O)OP([O-])([O-])=O,CC1CCC(CC=1)C(C)=C,['CC(C)=CCCC(C)=CCOP([O-])(=O)OP([O-])([O-])=O'],['CC1CCC(CC=1)C(C)=C'],"{68641, 10941, 12870}"
marts_E01202,mono,CC(C)=CCCC(C)=CCOP([O-])(=O)OP([O-])([O-])=O,CC(C)=CCCC(=C)C=C,['CC(C)=CCCC(C)=CCOP([O-])(=O)OP([O-])([O-])=O'],['CC(C)=CCCC(=C)C=C'],{16966}
marts_E01202,mono,CC(C)=CCCC(C)=CCOP([O-])(=O)OP([O-])([O-])=O,CC1=CCC2CC1C2(C)C,['CC(C)=CCCC(C)=CCOP([O-])(=O)OP([O-])([O-])=O'],['CC1=CCC2CC1C2(C)C'],"{32576, 25489, 25663}"
marts_E01203,di,CC(C)=CCCC(C)=CCCC(C)=CCCC(C)=CCOP([O-])(=O)OP([O-])([O-])=O,CC1CCC2(C)C(CCC=C2C)C1(C)CCC(C)=CCOP([O-])(=O)OP([O-])([O-])=O,['CC(C)=CCCC(C)=CCCC(C)=CCCC(C)=CCOP([O-])(=O)OP([O-])([O-])=O'],['CC1CCC2(C)C(CCC=C2C)C1(C)CCC(C)=CCOP([O-])(=O)OP([O-])([O-])=O'],"{54685, 54677, 25614}"
marts_E01204,pt,CC(C)=CCCC(C)=CCOP([O-])(=O)OP([O-])([O-])=O.CC(=C)CCOP([O-])(=O)OP([O-])([O-])=O,CC(C)=CCCC(C)=CCCC(C)=CCOP([O-])(=O)OP([O-])([O-])=O,"['CC(C)=CCCC(C)=CCOP([O-])(=O)OP([O-])([O-])=O', 'CC(=C)CCOP([O-])(=O)OP([O-])([O-])=O']",['CC(C)=CCCC(C)=CCCC(C)=CCOP([O-])(=O)OP([O-])([O-])=O'],"{19362, 64573, 23301}"
marts_E01204,pt,CC(C)=CCOP([O-])(=O)OP([O-])([O-])=O.CC(=C)CCOP([O-])(=O)OP([O-])([O-])=O,CC(C)=CCCC(C)=CCOP([O-])(=O)OP([O-])([O-])=O,"['CC(C)=CCOP([O-])(=O)OP([O-])([O-])=O', 'CC(=C)CCOP([O-])(=O)OP([O-])([O-])=O']",['CC(C)=CCCC(C)=CCOP([O-])(=O)OP([O-])([O-])=O'],"{11329, 22409}"
marts_E01204,pt,CC(C)=CCCC(C)=CCOP([O-])(=O)OP([O-])([O-])=O.CC(C)=CCCC(C)=CCCC(C)=CCOP([O-])(=O)OP([O-])([O-])=O,CC(C)=CCCC(C)=CCCC(C)=CCCC(C)=CCOP([O-])(=O)OP([O-])([O-])=O,"['CC(C)=CCCC(C)=CCOP([O-])(=O)OP([O-])([O-])=O', 'CC(C)=CCCC(C)=CCCC(C)=CCOP([O-])(=O)OP([O-])([O-])=O']",['CC(C)=CCCC(C)=CCCC(C)=CCCC(C)=CCOP([O-])(=O)OP([O-])([O-])=O'],set()
marts_E01205,di,CC(C)=CCCC(C)=CCCC(C)=CCCC(C)=CCOP([O-])(=O)OP([O-])([O-])=O,CC(C)C1CCC2(C)CC3C(CCC3C)C(=C)CCC2=1,['CC(C)=CCCC(C)=CCCC(C)=CCCC(C)=CCOP([O-])(=O)OP([O-])([O-])=O'],['CC(C)C1CCC2(C)CC3C(CCC3C)C(=C)CCC2=1'],{54521}
marts_E01206,di,CC(C)=CCCC(C)=CCCC(C)=CCCC(C)=CCOP([O-])(=O)OP([O-])([O-])=O,CC(C)(O)C1CCC2(C)CC=C(C)CCC=C(C)CCC21,['CC(C)=CCCC(C)=CCCC(C)=CCCC(C)=CCOP([O-])(=O)OP([O-])([O-])=O'],['CC(C)(O)C1CCC2(C)CC=C(C)CCC=C(C)CCC21'],{16346}
marts_E01206,di,CC(C)=CCCC(C)=CCCC(C)=CCCC(C)=CCOP([O-])(=O)OP([O-])([O-])=O,CC1(C)CCC2(C)CC=C(C)CCC=C(C)CCC2=C1,['CC(C)=CCCC(C)=CCCC(C)=CCCC(C)=CCOP([O-])(=O)OP([O-])([O-])=O'],['CC1(C)CCC2(C)CC=C(C)CCC=C(C)CCC2=C1'],{54041}
marts_E01207,sester,CC(C)=CCCC(C)=CCCC(C)=CCCC(C)=CCCC(C)=CCOP([O-])(=O)OP([O-])([O-])=O,CC12CC3C(C)CCC4C(C)CCC4=C(C)C3(O)CC1C(CC2)C(C)C,['CC(C)=CCCC(C)=CCCC(C)=CCCC(C)=CCCC(C)=CCOP([O-])(=O)OP([O-])([O-])=O'],['CC12CC3C(C)CCC4C(C)CCC4=C(C)C3(O)CC1C(CC2)C(C)C'],{54069}
marts_E01207,pt,CC(C)=CCOP([O-])(=O)OP([O-])([O-])=O.CC(=C)CCOP([O-])(=O)OP([O-])([O-])=O,CC(C)=CCCC(C)=CCCC(C)=CCCC(C)=CCCC(C)=CCOP([O-])(=O)OP([O-])([O-])=O,"['CC(C)=CCOP([O-])(=O)OP([O-])([O-])=O', 'CC(=C)CCOP([O-])(=O)OP([O-])([O-])=O']",['CC(C)=CCCC(C)=CCCC(C)=CCCC(C)=CCCC(C)=CCOP([O-])(=O)OP([O-])([O-])=O'],{66861}
marts_E01208,pt,CC(C)=CCOP([O-])(=O)OP([O-])([O-])=O.CC(=C)CCOP([O-])(=O)OP([O-])([O-])=O,CC(C)=CCCC(C)=CCCC(C)=CCCC(C)=CCCC(C)=CCOP([O-])(=O)OP([O-])([O-])=O,"['CC(C)=CCOP([O-])(=O)OP([O-])([O-])=O', 'CC(=C)CCOP([O-])(=O)OP([O-])([O-])=O']",['CC(C)=CCCC(C)=CCCC(C)=CCCC(C)=CCCC(C)=CCOP([O-])(=O)OP([O-])([O-])=O'],{66861}
marts_E01208,sester,CC(C)=CCCC(C)=CCCC(C)=CCCC(C)=CCCC(C)=CCOP([O-])(=O)OP([O-])([O-])=O,CC(=C)C1CCC2(C)CCC3(C)CC4CC(C)(CC=C3C21)CCC4C,['CC(C)=CCCC(C)=CCCC(C)=CCCC(C)=CCCC(C)=CCOP([O-])(=O)OP([O-])([O-])=O'],['CC(=C)C1CCC2(C)CCC3(C)CC4CC(C)(CC=C3C21)CCC4C'],{78400}
marts_E01208,pt,CC(C)=CCCC(C)=CCCC(C)=CCOP([O-])(=O)OP([O-])([O-])=O.CC(C)=CCCC(C)=CCCC(C)=CCCC(C)=CCOP([O-])(=O)OP([O-])([O-])=O,CC(C)=CCCC(C)=CCCC(C)=CCCC(C)=CCCC(C)=CCOP([O-])(=O)OP([O-])([O-])=O,"['CC(C)=CCCC(C)=CCCC(C)=CCOP([O-])(=O)OP([O-])([O-])=O', 'CC(C)=CCCC(C)=CCCC(C)=CCCC(C)=CCOP([O-])(=O)OP([O-])([O-])=O']",['CC(C)=CCCC(C)=CCCC(C)=CCCC(C)=CCCC(C)=CCOP([O-])(=O)OP([O-])([O-])=O'],set()
marts_E01208,pt,CC(C)=CCOP([O-])(=O)OP([O-])([O-])=O.CC(=C)CCOP([O-])(=O)OP([O-])([O-])=O,CC(C)=CCCC(C)=CCOP([O-])(=O)OP([O-])([O-])=O,"['CC(C)=CCOP([O-])(=O)OP([O-])([O-])=O', 'CC(=C)CCOP([O-])(=O)OP([O-])([O-])=O']",['CC(C)=CCCC(C)=CCOP([O-])(=O)OP([O-])([O-])=O'],"{11329, 22409}"
marts_E01208,pt,CC(C)=CCCC(C)=CCOP([O-])(=O)OP([O-])([O-])=O.CC(=C)CCOP([O-])(=O)OP([O-])([O-])=O,CC(C)=CCCC(C)=CCCC(C)=CCOP([O-])(=O)OP([O-])([O-])=O,"['CC(C)=CCCC(C)=CCOP([O-])(=O)OP([O-])([O-])=O', 'CC(=C)CCOP([O-])(=O)OP([O-])([O-])=O']",['CC(C)=CCCC(C)=CCCC(C)=CCOP([O-])(=O)OP([O-])([O-])=O'],"{19362, 64573, 23301}"
marts_E01208,pt,CC(C)=CCCC(C)=CCOP([O-])(=O)OP([O-])([O-])=O.CC(C)=CCCC(C)=CCCC(C)=CCOP([O-])(=O)OP([O-])([O-])=O,CC(C)=CCCC(C)=CCCC(C)=CCCC(C)=CCOP([O-])(=O)OP([O-])([O-])=O,"['CC(C)=CCCC(C)=CCOP([O-])(=O)OP([O-])([O-])=O', 'CC(C)=CCCC(C)=CCCC(C)=CCOP([O-])(=O)OP([O-])([O-])=O']",['CC(C)=CCCC(C)=CCCC(C)=CCCC(C)=CCOP([O-])(=O)OP([O-])([O-])=O'],set()
marts_E01209,sesq,CC(C)=CCCC(C)=CCCC(C)=CCOP([O-])(=O)OP([O-])([O-])=O,CC(C)(O)C1CC2(C)C(C)CCC=C2CC1,['CC(C)=CCCC(C)=CCCC(C)=CCOP([O-])(=O)OP([O-])([O-])=O'],['CC(C)(O)C1CC2(C)C(C)CCC=C2CC1'],{60425}
marts_E01209,sesq,CC(C)=CCCC(C)=CCCC(C)=CCOP([O-])(=O)OP([O-])([O-])=O,CC1CCC(CC=C(C)CCC=1)C(C)(C)O,['CC(C)=CCCC(C)=CCCC(C)=CCOP([O-])(=O)OP([O-])([O-])=O'],['CC1CCC(CC=C(C)CCC=1)C(C)(C)O'],"{54057, 54061}"
marts_E01210,sester,CC(C)=CCCC(C)=CCCC(C)=CCCC(C)=CCCC(C)=CCOP([O-])(=O)OP([O-])([O-])=O,CC(C)=CCCC(C)=CCCC(C)=CCCC(C)=CCCC(=C)C=C,['CC(C)=CCCC(C)=CCCC(C)=CCCC(C)=CCCC(C)=CCOP([O-])(=O)OP([O-])([O-])=O'],['CC(C)=CCCC(C)=CCCC(C)=CCCC(C)=CCCC(=C)C=C'],{54501}
marts_E01210,sester,CC(C)=CCCC(C)=CCCC(C)=CCCC(C)=CCCC(C)=CCOP([O-])(=O)OP([O-])([O-])=O,CC(C)C1CCC2(C)CC=C(C)CC=C3C(CCC3C)C(C)=CCC21,['CC(C)=CCCC(C)=CCCC(C)=CCCC(C)=CCCC(C)=CCOP([O-])(=O)OP([O-])([O-])=O'],['CC(C)C1CCC2(C)CC=C(C)CC=C3C(CCC3C)C(C)=CCC21'],{71988}
marts_E01210,pt,CC(C)=CCOP([O-])(=O)OP([O-])([O-])=O.CC(=C)CCOP([O-])(=O)OP([O-])([O-])=O,CC(C)=CCCC(C)=CCCC(C)=CCCC(C)=CCCC(C)=CCOP([O-])(=O)OP([O-])([O-])=O,"['CC(C)=CCOP([O-])(=O)OP([O-])([O-])=O', 'CC(=C)CCOP([O-])(=O)OP([O-])([O-])=O']",['CC(C)=CCCC(C)=CCCC(C)=CCCC(C)=CCCC(C)=CCOP([O-])(=O)OP([O-])([O-])=O'],{66861}
marts_E01211,sester,CC(C)=CCCC(C)=CCCC(C)=CCCC(C)=CCCC(C)=CCOP([O-])(=O)OP([O-])([O-])=O,CC(C)C1CCC2(C)CC=C(C)CCC=C(C)CC=CC(C)=CCC21,['CC(C)=CCCC(C)=CCCC(C)=CCCC(C)=CCCC(C)=CCOP([O-])(=O)OP([O-])([O-])=O'],['CC(C)C1CCC2(C)CC=C(C)CCC=C(C)CC=CC(C)=CCC21'],set()
marts_E01211,pt,CC(C)=CCOP([O-])(=O)OP([O-])([O-])=O.CC(=C)CCOP([O-])(=O)OP([O-])([O-])=O,CC(C)=CCCC(C)=CCCC(C)=CCCC(C)=CCCC(C)=CCOP([O-])(=O)OP([O-])([O-])=O,"['CC(C)=CCOP([O-])(=O)OP([O-])([O-])=O', 'CC(=C)CCOP([O-])(=O)OP([O-])([O-])=O']",['CC(C)=CCCC(C)=CCCC(C)=CCCC(C)=CCCC(C)=CCOP([O-])(=O)OP([O-])([O-])=O'],{66861}
marts_E01212,sesq,CC(C)=CCCC(C)=CCCC(C)=CCOP([O-])(=O)OP([O-])([O-])=O,CC1(C)CC2C(C1)C=C(C)C1CCC21C,['CC(C)=CCCC(C)=CCCC(C)=CCOP([O-])(=O)OP([O-])([O-])=O'],['CC1(C)CC2C(C1)C=C(C)C1CCC21C'],{53629}
marts_E01213,sqs,CC(C)=CCCC(C)=CCCC(C)=CCOP([O-])(=O)OP([O-])([O-])=O.CC(C)=CCCC(C)=CCCC(C)=CCOP([O-])(=O)OP([O-])([O-])=O,CC(C)=CCCC(C)=CCCC(C)=CCCC=C(C)CCC=C(C)CCC=C(C)C,"['CC(C)=CCCC(C)=CCCC(C)=CCOP([O-])(=O)OP([O-])([O-])=O', 'CC(C)=CCCC(C)=CCCC(C)=CCOP([O-])(=O)OP([O-])([O-])=O']",['CC(C)=CCCC(C)=CCCC(C)=CCCC=C(C)CCC=C(C)CCC=C(C)C'],"{32296, 32300}"
marts_E01214,sqs,CC(C)=CCCC(C)=CCCC(C)=CCCC(C)=CCOP([O-])(=O)OP([O-])([O-])=O.CC(C)=CCCC(C)=CCCC(C)=CCCC(C)=CCOP([O-])(=O)OP([O-])([O-])=O,CC(C)=CCCC(C)=CCCC(C)=CCCC(C)=CCCC=C(C)CCC=C(C)CCC=C(C)CCC=C(C)C,"['CC(C)=CCCC(C)=CCCC(C)=CCCC(C)=CCOP([O-])(=O)OP([O-])([O-])=O', 'CC(C)=CCCC(C)=CCCC(C)=CCCC(C)=CCOP([O-])(=O)OP([O-])([O-])=O']",['CC(C)=CCCC(C)=CCCC(C)=CCCC(C)=CCCC=C(C)CCC=C(C)CCC=C(C)CCC=C(C)C'],"{58177, 58937}"
marts_E01214,sqs,CC(C)=CCCC(C)=CCCC(C)=CCOP([O-])(=O)OP([O-])([O-])=O.CC(C)=CCCC(C)=CCCC(C)=CCOP([O-])(=O)OP([O-])([O-])=O,CC(C)=CCCC(C)=CCCC(C)=CCCC=C(C)CCC=C(C)CCC=C(C)C,"['CC(C)=CCCC(C)=CCCC(C)=CCOP([O-])(=O)OP([O-])([O-])=O', 'CC(C)=CCCC(C)=CCCC(C)=CCOP([O-])(=O)OP([O-])([O-])=O']",['CC(C)=CCCC(C)=CCCC(C)=CCCC=C(C)CCC=C(C)CCC=C(C)C'],"{32296, 32300}"
marts_E01214,sqs,CC(C)CCCC(C)CCCC(C)CCCC(C)=CCOP([O-])(=O)OP([O-])([O-])=O.CC(C)CCCC(C)CCCC(C)CCCC(C)=CCOP([O-])(=O)OP([O-])([O-])=O,CC(CCCC(C)CCCC(C)CCCC(C)C)=CCCC=C(C)CCCC(C)CCCC(C)CCCC(C)C,"['CC(C)CCCC(C)CCCC(C)CCCC(C)=CCOP([O-])(=O)OP([O-])([O-])=O', 'CC(C)CCCC(C)CCCC(C)CCCC(C)=CCOP([O-])(=O)OP([O-])([O-])=O']",['CC(CCCC(C)CCCC(C)CCCC(C)C)=CCCC=C(C)CCCC(C)CCCC(C)CCCC(C)C'],{58185}
marts_E01215,sesq,CC(C)=CCCC(C)=CCCC(C)=CCOP([O-])(=O)OP([O-])([O-])=O,CC1CCC=C(C)CC=CC(C)(C)CC=1,['CC(C)=CCCC(C)=CCCC(C)=CCOP([O-])(=O)OP([O-])([O-])=O'],['CC1CCC=C(C)CC=CC(C)(C)CC=1'],"{31896, 68781}"
marts_E01215,sesq,CC(C)=CCCC(C)=CCCC(C)=CCOP([O-])(=O)OP([O-])([O-])=O,CC1CCC2C(CC2(C)C)C(=C)CCC=1,['CC(C)=CCCC(C)=CCCC(C)=CCOP([O-])(=O)OP([O-])([O-])=O'],['CC1CCC2C(CC2(C)C)C(=C)CCC=1'],"{31816, 34704, 28295}"
marts_E01216,sesq,CC(C)=CCCC(C)=CCCC(C)=CCOP([O-])(=O)OP([O-])([O-])=O,CC1CCC=C(C)CC=CC(C)(C)CC=1,['CC(C)=CCCC(C)=CCCC(C)=CCOP([O-])(=O)OP([O-])([O-])=O'],['CC1CCC=C(C)CC=CC(C)(C)CC=1'],"{31896, 68781}"
marts_E01216,sesq,CC(C)=CCCC(C)=CCCC(C)=CCOP([O-])(=O)OP([O-])([O-])=O,CC1CCC2C(CC2(C)C)C(=C)CCC=1,['CC(C)=CCCC(C)=CCCC(C)=CCOP([O-])(=O)OP([O-])([O-])=O'],['CC1CCC2C(CC2(C)C)C(=C)CCC=1'],"{31816, 34704, 28295}"
marts_E01217,sesq,CC(C)=CCCC(C)=CCCC(C)=CCOP([O-])(=O)OP([O-])([O-])=O,CC1CCC=C(C)CC=CC(C)(C)CC=1,['CC(C)=CCCC(C)=CCCC(C)=CCOP([O-])(=O)OP([O-])([O-])=O'],['CC1CCC=C(C)CC=CC(C)(C)CC=1'],"{31896, 68781}"
marts_E01217,sesq,CC(C)=CCCC(C)=CCCC(C)=CCOP([O-])(=O)OP([O-])([O-])=O,CC1CCC2C(CC2(C)C)C(=C)CCC=1,['CC(C)=CCCC(C)=CCCC(C)=CCOP([O-])(=O)OP([O-])([O-])=O'],['CC1CCC2C(CC2(C)C)C(=C)CCC=1'],"{31816, 34704, 28295}"
marts_E01218,sesq,CC(C)=CCCC(C)=CCCC(C)=CCOP([O-])(=O)OP([O-])([O-])=O,CC1CCC2C(C)CCC(=CC=12)C(C)C,['CC(C)=CCCC(C)=CCCC(C)=CCOP([O-])(=O)OP([O-])([O-])=O'],['CC1CCC2C(C)CCC(=CC=12)C(C)C'],{54109}
marts_E01221,sesq,CC(C)=CCCC(C)=CCCC(C)=CCOP([O-])(=O)OP([O-])([O-])=O,CC1CCC(C=CC(=C)CCC=1)C(C)C,['CC(C)=CCCC(C)=CCCC(C)=CCOP([O-])(=O)OP([O-])([O-])=O'],['CC1CCC(C=CC(=C)CCC=1)C(C)C'],"{12017, 30428, 68717}"
marts_E01221,sesq,CC(C)=CCCC(C)=CCCC(C)=CCOP([O-])(=O)OP([O-])([O-])=O,CC(C)C1CCC2(C)C3C1C2CCC3=C,['CC(C)=CCCC(C)=CCCC(C)=CCOP([O-])(=O)OP([O-])([O-])=O'],['CC(C)C1CCC2(C)C3C1C2CCC3=C'],"{33112, 69776}"
marts_E01221,sesq,CC(C)=CCCC(C)=CCCC(C)=CCOP([O-])(=O)OP([O-])([O-])=O,CC1CCC2C(CC2(C)C)C(=C)CCC=1,['CC(C)=CCCC(C)=CCCC(C)=CCOP([O-])(=O)OP([O-])([O-])=O'],['CC1CCC2C(CC2(C)C)C(=C)CCC=1'],"{31816, 34704, 28295}"
marts_E01222,sesq,CC(C)=CCCC(C)=CCCC(C)=CCOP([O-])(=O)OP([O-])([O-])=O,CC1CCC(CC=C(C)CCC=1)C(C)(C)O,['CC(C)=CCCC(C)=CCCC(C)=CCOP([O-])(=O)OP([O-])([O-])=O'],['CC1CCC(CC=C(C)CCC=1)C(C)(C)O'],"{54057, 54061}"
marts_E01223,pt,CC(C)=CCCC(C)=CCOP([O-])(=O)OP([O-])([O-])=O.CC(=C)CCOP([O-])(=O)OP([O-])([O-])=O,CC(C)=CCCC(C)=CCCC(C)=CCOP([O-])(=O)OP([O-])([O-])=O,"['CC(C)=CCCC(C)=CCOP([O-])(=O)OP([O-])([O-])=O', 'CC(=C)CCOP([O-])(=O)OP([O-])([O-])=O']",['CC(C)=CCCC(C)=CCCC(C)=CCOP([O-])(=O)OP([O-])([O-])=O'],"{19362, 64573, 23301}"
marts_E01223,pt,CC(C)=CCOP([O-])(=O)OP([O-])([O-])=O.CC(=C)CCOP([O-])(=O)OP([O-])([O-])=O,CC(C)=CCCC(C)=CCOP([O-])(=O)OP([O-])([O-])=O,"['CC(C)=CCOP([O-])(=O)OP([O-])([O-])=O', 'CC(=C)CCOP([O-])(=O)OP([O-])([O-])=O']",['CC(C)=CCCC(C)=CCOP([O-])(=O)OP([O-])([O-])=O'],"{11329, 22409}"
marts_E01223,pt,CC(C)=CCCC(C)=CCOP([O-])(=O)OP([O-])([O-])=O.CC(C)=CCCC(C)=CCCC(C)=CCOP([O-])(=O)OP([O-])([O-])=O,CC(C)=CCCC(C)=CCCC(C)=CCCC(C)=CCOP([O-])(=O)OP([O-])([O-])=O,"['CC(C)=CCCC(C)=CCOP([O-])(=O)OP([O-])([O-])=O', 'CC(C)=CCCC(C)=CCCC(C)=CCOP([O-])(=O)OP([O-])([O-])=O']",['CC(C)=CCCC(C)=CCCC(C)=CCCC(C)=CCOP([O-])(=O)OP([O-])([O-])=O'],set()
marts_E01224,sesq,CC(C)=CCCC(C)=CCCC(C)=CCOP([O-])(=O)OP([O-])([O-])=O,CC(C)=CCCC(C)=CCCC(C)(O)C=C,['CC(C)=CCCC(C)=CCCC(C)=CCOP([O-])(=O)OP([O-])([O-])=O'],['CC(C)=CCCC(C)=CCCC(C)(O)C=C'],"{68833, 27531, 27535, 68821, 56985}"
marts_E01224,sesq,CC(C)=CCCC(C)=CCCC(C)=CCOP([O-])(=O)OP([O-])([O-])=O,CC(C)=CCCC(C)=CCCC(=C)C=C,['CC(C)=CCCC(C)=CCCC(C)=CCOP([O-])(=O)OP([O-])([O-])=O'],['CC(C)=CCCC(C)=CCCC(=C)C=C'],"{68545, 27426, 68857, 68505, 68509}"
marts_E01224,mono,CC(C)=CCCC(C)=CCOP([O-])(=O)OP([O-])([O-])=O,CC(C)=CCCC(C)(O)C=C,['CC(C)=CCCC(C)=CCOP([O-])(=O)OP([O-])([O-])=O'],['CC(C)=CCCC(C)(O)C=C'],"{15810, 68709, 24117}"
marts_E01224,di,CC(C)=CCCC(C)=CCCC(C)=CCCC(C)=CCOP([O-])(=O)OP([O-])([O-])=O,CC(C)=CCCC(C)=CCCC(C)=CCCC(C)(O)C=C,['CC(C)=CCCC(C)=CCCC(C)=CCCC(C)=CCOP([O-])(=O)OP([O-])([O-])=O'],['CC(C)=CCCC(C)=CCCC(C)=CCCC(C)(O)C=C'],{38156}
marts_E01224,sesq,CC(C)=CCCC(C)=CCCC(C)=CCOP([O-])(=O)OP([O-])([O-])=O,CC(C)=CCCC(=C)C1CC=C(C)CC1,['CC(C)=CCCC(C)=CCCC(C)=CCOP([O-])(=O)OP([O-])([O-])=O'],['CC(C)=CCCC(=C)C1CC=C(C)CC1'],"{68813, 68529, 28267, 68525}"
marts_E01224,sesq,CC(C)=CCCC(C)=CCCC(C)=CCOP([O-])(=O)OP([O-])([O-])=O,CC(C)=CCC=C(C)C1CC=C(C)CC1,['CC(C)=CCCC(C)=CCCC(C)=CCOP([O-])(=O)OP([O-])([O-])=O'],['CC(C)=CCC=C(C)C1CC=C(C)CC1'],"{68845, 68817, 68533, 68473, 25437}"
marts_E01224,sesq,CC(C)=CCCC(C)=CCCC(C)=CCOP([O-])(=O)OP([O-])([O-])=O,CC(C)=CCCC(C)=CCCC(C)(O)C=C,['CC(C)=CCCC(C)=CCCC(C)=CCOP([O-])(=O)OP([O-])([O-])=O'],['CC(C)=CCCC(C)=CCCC(C)(O)C=C'],"{68833, 27531, 27535, 68821, 56985}"
marts_E01224,sesq,CC(C)=CCCC(C)=CCCC(C)=CCOP([O-])(=O)OP([O-])([O-])=O,CC(C)=CCCC(C)=CCCC(C)(O)C=C,['CC(C)=CCCC(C)=CCCC(C)=CCOP([O-])(=O)OP([O-])([O-])=O'],['CC(C)=CCCC(C)=CCCC(C)(O)C=C'],"{68833, 27531, 27535, 68821, 56985}"
marts_E01225,sesq,CC(C)=CCCC(C)=CCCC(C)=CCOP([O-])(=O)OP([O-])([O-])=O,CC(C)=CCCC(=C)C1CC=C(C)CC1,['CC(C)=CCCC(C)=CCCC(C)=CCOP([O-])(=O)OP([O-])([O-])=O'],['CC(C)=CCCC(=C)C1CC=C(C)CC1'],"{68813, 68529, 28267, 68525}"
marts_E01225,sesq,CC(C)=CCCC(C)=CCCC(C)=CCOP([O-])(=O)OP([O-])([O-])=O,CC(C)=CCC=C(C)C1CC=C(C)CC1,['CC(C)=CCCC(C)=CCCC(C)=CCOP([O-])(=O)OP([O-])([O-])=O'],['CC(C)=CCC=C(C)C1CC=C(C)CC1'],"{68845, 68817, 68533, 68473, 25437}"
marts_E01225,sesq,CC(C)=CCCC(C)=CCCC(C)=CCOP([O-])(=O)OP([O-])([O-])=O,CC(C)=CCCC(C)=CCCC(C)(O)C=C,['CC(C)=CCCC(C)=CCCC(C)=CCOP([O-])(=O)OP([O-])([O-])=O'],['CC(C)=CCCC(C)=CCCC(C)(O)C=C'],"{68833, 27531, 27535, 68821, 56985}"
marts_E01225,mono,CC(C)=CCCC(C)=CCOP([O-])(=O)OP([O-])([O-])=O,CC(C)=CCCC(=C)C=C,['CC(C)=CCCC(C)=CCOP([O-])(=O)OP([O-])([O-])=O'],['CC(C)=CCCC(=C)C=C'],{16966}
marts_E01225,mono,CC(C)=CCCC(C)=CCOP([O-])(=O)OP([O-])([O-])=O,CC(C)=CCC=C(C)C=C,['CC(C)=CCCC(C)=CCOP([O-])(=O)OP([O-])([O-])=O'],['CC(C)=CCC=C(C)C=C'],"{68825, 32692}"
marts_E01225,mono,CC(C)=CCCC(C)=CCOP([O-])(=O)OP([O-])([O-])=O,CC(C)=CCC=C(C)C=C,['CC(C)=CCCC(C)=CCOP([O-])(=O)OP([O-])([O-])=O'],['CC(C)=CCC=C(C)C=C'],"{68825, 32692}"
marts_E01225,mono,CC(C)=CCCC(C)=CCOP([O-])(=O)OP([O-])([O-])=O,CC(C)=CCCC(C)(O)C=C,['CC(C)=CCCC(C)=CCOP([O-])(=O)OP([O-])([O-])=O'],['CC(C)=CCCC(C)(O)C=C'],"{15810, 68709, 24117}"
marts_E01225,di,CC(C)=CCCC(C)=CCCC(C)=CCCC(C)=CCOP([O-])(=O)OP([O-])([O-])=O,CC(C)=CCCC(C)=CCCC(C)=CCCC(C)(O)C=C,['CC(C)=CCCC(C)=CCCC(C)=CCCC(C)=CCOP([O-])(=O)OP([O-])([O-])=O'],['CC(C)=CCCC(C)=CCCC(C)=CCCC(C)(O)C=C'],{38156}
marts_E01225,sesq,CC(C)=CCCC(C)=CCCC(C)=CCOP([O-])(=O)OP([O-])([O-])=O,CC(C)=CCCC(=C)C1CC=C(C)CC1,['CC(C)=CCCC(C)=CCCC(C)=CCOP([O-])(=O)OP([O-])([O-])=O'],['CC(C)=CCCC(=C)C1CC=C(C)CC1'],"{68813, 68529, 28267, 68525}"
marts_E01225,sesq,CC(C)=CCCC(C)=CCCC(C)=CCOP([O-])(=O)OP([O-])([O-])=O,CC(C)=CCC=C(C)C1CC=C(C)CC1,['CC(C)=CCCC(C)=CCCC(C)=CCOP([O-])(=O)OP([O-])([O-])=O'],['CC(C)=CCC=C(C)C1CC=C(C)CC1'],"{68845, 68817, 68533, 68473, 25437}"
marts_E01225,sesq,CC(C)=CCCC(C)=CCCC(C)=CCOP([O-])(=O)OP([O-])([O-])=O,CC(C)=CCCC(C)=CCCC(C)(O)C=C,['CC(C)=CCCC(C)=CCCC(C)=CCOP([O-])(=O)OP([O-])([O-])=O'],['CC(C)=CCCC(C)=CCCC(C)(O)C=C'],"{68833, 27531, 27535, 68821, 56985}"
marts_E01225,sesq,CC(C)=CCCC(C)=CCCC(C)=CCOP([O-])(=O)OP([O-])([O-])=O,CC(C)=CCCC(C)=CCCC(C)(O)C=C,['CC(C)=CCCC(C)=CCCC(C)=CCOP([O-])(=O)OP([O-])([O-])=O'],['CC(C)=CCCC(C)=CCCC(C)(O)C=C'],"{68833, 27531, 27535, 68821, 56985}"
marts_E01225,sesq,CC(C)=CCCC(C)=CCCC(C)=CCOP([O-])(=O)OP([O-])([O-])=O,CC(C)=CCCC(C)=CCCC(=C)C=C,['CC(C)=CCCC(C)=CCCC(C)=CCOP([O-])(=O)OP([O-])([O-])=O'],['CC(C)=CCCC(C)=CCCC(=C)C=C'],"{68545, 27426, 68857, 68505, 68509}"
marts_E01226,mono,CC(C)=CCCC(C)=CCOP([O-])(=O)OP([O-])([O-])=O,CC(C)=CCCC(=C)C=C,['CC(C)=CCCC(C)=CCOP([O-])(=O)OP([O-])([O-])=O'],['CC(C)=CCCC(=C)C=C'],{16966}
marts_E01226,mono,CC(C)=CCCC(C)=CCOP([O-])(=O)OP([O-])([O-])=O,CC(C)=CCC=C(C)C=C,['CC(C)=CCCC(C)=CCOP([O-])(=O)OP([O-])([O-])=O'],['CC(C)=CCC=C(C)C=C'],"{68825, 32692}"
marts_E01226,mono,CC(C)=CCCC(C)=CCOP([O-])(=O)OP([O-])([O-])=O,CC(C)=CCC=C(C)C=C,['CC(C)=CCCC(C)=CCOP([O-])(=O)OP([O-])([O-])=O'],['CC(C)=CCC=C(C)C=C'],"{68825, 32692}"
marts_E01226,mono,CC(C)=CCCC(C)=CCOP([O-])(=O)OP([O-])([O-])=O,CC(C)=CCCC(C)(O)C=C,['CC(C)=CCCC(C)=CCOP([O-])(=O)OP([O-])([O-])=O'],['CC(C)=CCCC(C)(O)C=C'],"{15810, 68709, 24117}"
marts_E01226,sesq,CC(C)=CCCC(C)=CCCC(C)=CCOP([O-])(=O)OP([O-])([O-])=O,CC(C)=CCCC(=C)C1CC=C(C)CC1,['CC(C)=CCCC(C)=CCCC(C)=CCOP([O-])(=O)OP([O-])([O-])=O'],['CC(C)=CCCC(=C)C1CC=C(C)CC1'],"{68813, 68529, 28267, 68525}"
marts_E01226,sesq,CC(C)=CCCC(C)=CCCC(C)=CCOP([O-])(=O)OP([O-])([O-])=O,CC(C)=CCC=C(C)C1CC=C(C)CC1,['CC(C)=CCCC(C)=CCCC(C)=CCOP([O-])(=O)OP([O-])([O-])=O'],['CC(C)=CCC=C(C)C1CC=C(C)CC1'],"{68845, 68817, 68533, 68473, 25437}"
marts_E01226,sesq,CC(C)=CCCC(C)=CCCC(C)=CCOP([O-])(=O)OP([O-])([O-])=O,CC(C)=CCCC(C)=CCCC(C)(O)C=C,['CC(C)=CCCC(C)=CCCC(C)=CCOP([O-])(=O)OP([O-])([O-])=O'],['CC(C)=CCCC(C)=CCCC(C)(O)C=C'],"{68833, 27531, 27535, 68821, 56985}"
marts_E01226,sesq,CC(C)=CCCC(C)=CCCC(C)=CCOP([O-])(=O)OP([O-])([O-])=O,CC1CCC(CC=C(C)CCC=1)C(C)=C,['CC(C)=CCCC(C)=CCCC(C)=CCOP([O-])(=O)OP([O-])([O-])=O'],['CC1CCC(CC=C(C)CCC=1)C(C)=C'],"{68777, 25453, 12517}"
marts_E01227,sesq,CC(C)=CCCC(C)=CCCC(C)=CCOP([O-])(=O)OP([O-])([O-])=O,CC1C=C2C(CC=1)C(C)CCCC2(C)C,['CC(C)=CCCC(C)=CCCC(C)=CCOP([O-])(=O)OP([O-])([O-])=O'],['CC1C=C2C(CC=1)C(C)CCCC2(C)C'],{68837}
marts_E01227,sesq,CC(C)=CCCC(C)=CCCC(C)=CCOP([O-])(=O)OP([O-])([O-])=O,CC1CCC2C(C=1)C(C)(C)CCCC2=C,['CC(C)=CCCC(C)=CCCC(C)=CCOP([O-])(=O)OP([O-])([O-])=O'],['CC1CCC2C(C=1)C(C)(C)CCCC2=C'],{25477}
marts_E01227,sesq,CC(C)=CCCC(C)=CCCC(C)=CCOP([O-])(=O)OP([O-])([O-])=O,CC1CCCC(C)(C)C2=CC(=C)CCC21,['CC(C)=CCCC(C)=CCCC(C)=CCOP([O-])(=O)OP([O-])([O-])=O'],['CC1CCCC(C)(C)C2=CC(=C)CCC21'],{68841}
marts_E01227,sesq,CC(C)=CCCC(C)=CCCC(C)=CCOP([O-])(=O)OP([O-])([O-])=O,CC(C)=CCC=C(C)C1CC=C(C)CC1,['CC(C)=CCCC(C)=CCCC(C)=CCOP([O-])(=O)OP([O-])([O-])=O'],['CC(C)=CCC=C(C)C1CC=C(C)CC1'],"{68845, 68817, 68533, 68473, 25437}"
marts_E01227,sesq,CC(C)=CCCC(C)=CCCC(C)=CCOP([O-])(=O)OP([O-])([O-])=O,CC(C)=CCCC(=C)C1CC=C(C)CC1,['CC(C)=CCCC(C)=CCCC(C)=CCOP([O-])(=O)OP([O-])([O-])=O'],['CC(C)=CCCC(=C)C1CC=C(C)CC1'],"{68813, 68529, 28267, 68525}"
marts_E01227,sesq,CC(C)=CCCC(C)=CCCC(C)=CCOP([O-])(=O)OP([O-])([O-])=O,CC1CCC2C(C=1)C(CCC2=C)C(C)C,['CC(C)=CCCC(C)=CCCC(C)=CCOP([O-])(=O)OP([O-])([O-])=O'],['CC1CCC2C(C=1)C(CCC2=C)C(C)C'],"{28640, 68849, 31828, 33108}"
marts_E01227,sesq,CC(C)=CCCC(C)=CCCC(C)=CCOP([O-])(=O)OP([O-])([O-])=O,CC(C)=CCCC(C)=CCCC(C)(O)C=C,['CC(C)=CCCC(C)=CCCC(C)=CCOP([O-])(=O)OP([O-])([O-])=O'],['CC(C)=CCCC(C)=CCCC(C)(O)C=C'],"{68833, 27531, 27535, 68821, 56985}"
marts_E01227,sesq,CC(C)=CCCC(C)=CCCC(C)=CCOP([O-])(=O)OP([O-])([O-])=O,CC(C)=CCCC(=C)C1CC=C(C)CC1,['CC(C)=CCCC(C)=CCCC(C)=CCOP([O-])(=O)OP([O-])([O-])=O'],['CC(C)=CCCC(=C)C1CC=C(C)CC1'],"{68813, 68529, 28267, 68525}"
marts_E01227,sesq,CC(C)=CCCC(C)=CCCC(C)=CCOP([O-])(=O)OP([O-])([O-])=O,CC(C)=CCC=C(C)C1CC=C(C)CC1,['CC(C)=CCCC(C)=CCCC(C)=CCOP([O-])(=O)OP([O-])([O-])=O'],['CC(C)=CCC=C(C)C1CC=C(C)CC1'],"{68845, 68817, 68533, 68473, 25437}"
marts_E01228,sester,CC(C)=CCCC(C)=CCCC(C)=CCCC(C)=CCCC(C)=CCOP([O-])(=O)OP([O-])([O-])=O,CC(C)=CCCC(C)=CCCC(C)=CCCC(C)=CCCC(C)=CCO,['CC(C)=CCCC(C)=CCCC(C)=CCCC(C)=CCCC(C)=CCOP([O-])(=O)OP([O-])([O-])=O'],['CC(C)=CCCC(C)=CCCC(C)=CCCC(C)=CCCC(C)=CCO'],set()
marts_E01228,pt,CC(C)=CCOP([O-])(=O)OP([O-])([O-])=O.CC(=C)CCOP([O-])(=O)OP([O-])([O-])=O,CC(C)=CCCC(C)=CCCC(C)=CCCC(C)=CCCC(C)=CCOP([O-])(=O)OP([O-])([O-])=O,"['CC(C)=CCOP([O-])(=O)OP([O-])([O-])=O', 'CC(=C)CCOP([O-])(=O)OP([O-])([O-])=O']",['CC(C)=CCCC(C)=CCCC(C)=CCCC(C)=CCCC(C)=CCOP([O-])(=O)OP([O-])([O-])=O'],{66861}
marts_E01229,tri,CC(C)=CCCC(C)=CCCC(C)=CCCC=C(C)CCC=C(C)CCC1OC1(C)C,CC1(C)C(O)CCC23CC42CCC2(C)C(CCC2(C)C4CCC13)C(C)CCC=C(C)C,['CC(C)=CCCC(C)=CCCC(C)=CCCC=C(C)CCC=C(C)CCC1OC1(C)C'],['CC1(C)C(O)CCC23CC42CCC2(C)C(CCC2(C)C4CCC13)C(C)CCC=C(C)C'],{21309}
marts_E01230,tri,CC1(C)C(O)CCC2(C)C1CCC(=C)C2CCC=C(C)CCC=C(C)CCC1OC1(C)C,CC1(C)C2CCC(=C)C(CCC3C(=C)CCC4C3(C)CCC(O)C4(C)C)C2(C)CCC1O,['CC1(C)C(O)CCC2(C)C1CCC(=C)C2CCC=C(C)CCC=C(C)CCC1OC1(C)C'],['CC1(C)C2CCC(=C)C(CCC3C(=C)CCC4C3(C)CCC(O)C4(C)C)C2(C)CCC1O'],{54669}
marts_E01231,tri,CC1(C)OC1CCC(C)=CCCC(C)=CCCC=C(C)CCC=C(C)CCC1OC1(C)C,CC1(C)C(O)CCC2(C)C1CCC(=C)C2CCC=C(C)CCC=C(C)CCC1OC1(C)C,['CC1(C)OC1CCC(C)=CCCC(C)=CCCC=C(C)CCC=C(C)CCC1OC1(C)C'],['CC1(C)C(O)CCC2(C)C1CCC(=C)C2CCC=C(C)CCC=C(C)CCC1OC1(C)C'],{54665}
marts_E01232,sesq,CC(C)=CCCC(C)=CCCC(C)=CCOP([O-])(=O)OP([O-])([O-])=O,CC(C)=CCCC(C)=C1CC=C(C)CC1,['CC(C)=CCCC(C)=CCCC(C)=CCOP([O-])(=O)OP([O-])([O-])=O'],['CC(C)=CCCC(C)=C1CC=C(C)CC1'],"{26082, 79464, 28299, 68469, 68789}"
marts_E01233,sesq,CC(C)=CCCC(C)=CCCC(C)=CCOP([O-])(=O)OP([O-])([O-])=O,CC(C)=CCCC(C)=C1CC=C(C)CC1,['CC(C)=CCCC(C)=CCCC(C)=CCOP([O-])(=O)OP([O-])([O-])=O'],['CC(C)=CCCC(C)=C1CC=C(C)CC1'],"{26082, 79464, 28299, 68469, 68789}"
marts_E01234,sester,CC(C)=CCCC(C)=CCCC(C)=CCCC(C)=CCCC(C)=CCOP([O-])(=O)OP([O-])([O-])=O,CC(C)=CCCC(C)=CCCC(C)=CCCC(C)=CCCC(C)=CCO,['CC(C)=CCCC(C)=CCCC(C)=CCCC(C)=CCCC(C)=CCOP([O-])(=O)OP([O-])([O-])=O'],['CC(C)=CCCC(C)=CCCC(C)=CCCC(C)=CCCC(C)=CCO'],set()
marts_E01234,di,CC(C)=CCCC(C)=CCCC(C)=CCCC(C)=CCOP([O-])(=O)OP([O-])([O-])=O,CC(C)=CCCC(C)=CCCC(C)=CCCC(C)(O)C=C,['CC(C)=CCCC(C)=CCCC(C)=CCCC(C)=CCOP([O-])(=O)OP([O-])([O-])=O'],['CC(C)=CCCC(C)=CCCC(C)=CCCC(C)(O)C=C'],{38156}
marts_E01234,pt,CC(C)=CCOP([O-])(=O)OP([O-])([O-])=O.CC(=C)CCOP([O-])(=O)OP([O-])([O-])=O,CC(C)=CCCC(C)=CCCC(C)=CCCC(C)=CCOP([O-])(=O)OP([O-])([O-])=O,"['CC(C)=CCOP([O-])(=O)OP([O-])([O-])=O', 'CC(=C)CCOP([O-])(=O)OP([O-])([O-])=O']",['CC(C)=CCCC(C)=CCCC(C)=CCCC(C)=CCOP([O-])(=O)OP([O-])([O-])=O'],{55521}
marts_E01235,sesq,CC(C)=CCCC(C)=CCCC(C)=CCOP([O-])(=O)OP([O-])([O-])=O,CC1(C)CCCC2(C)C1CC=C(C)C2CO,['CC(C)=CCCC(C)=CCCC(C)=CCOP([O-])(=O)OP([O-])([O-])=O'],['CC1(C)CCCC2(C)C1CC=C(C)C2CO'],{28291}
marts_E01236,di,CC(C)=CCCC(C)=CCCC(C)=CCCC(C)=CCOP([O-])(=O)OP([O-])([O-])=O,CC1(C)CCC2(C)C=C3C(CCC43C(C)CCC4C)C12,['CC(C)=CCCC(C)=CCCC(C)=CCCC(C)=CCOP([O-])(=O)OP([O-])([O-])=O'],['CC1(C)CCC2(C)C=C3C(CCC43C(C)CCC4C)C12'],{53621}
marts_E01236,pt,CC(C)=CCOP([O-])(=O)OP([O-])([O-])=O.CC(=C)CCOP([O-])(=O)OP([O-])([O-])=O,CC(C)=CCCC(C)=CCCC(C)=CCCC(C)=CCOP([O-])(=O)OP([O-])([O-])=O,"['CC(C)=CCOP([O-])(=O)OP([O-])([O-])=O', 'CC(=C)CCOP([O-])(=O)OP([O-])([O-])=O']",['CC(C)=CCCC(C)=CCCC(C)=CCCC(C)=CCOP([O-])(=O)OP([O-])([O-])=O'],{55521}
marts_E01238,sesq,CC(C)=CCCC(C)=CCCC(C)=CCOP([O-])(=O)OP([O-])([O-])=O,CC1CCC(CC=C(C)CCC=1)C(C)=C,['CC(C)=CCCC(C)=CCCC(C)=CCOP([O-])(=O)OP([O-])([O-])=O'],['CC1CCC(CC=C(C)CCC=1)C(C)=C'],"{68777, 25453, 12517}"
marts_E01239,sesq,CC(C)=CCCC(C)=CCCC(C)=CCOP([O-])(=O)OP([O-])([O-])=O,CC1CCC(CC=C(C)CCC=1)C(C)=C,['CC(C)=CCCC(C)=CCCC(C)=CCOP([O-])(=O)OP([O-])([O-])=O'],['CC1CCC(CC=C(C)CCC=1)C(C)=C'],"{68777, 25453, 12517}"
marts_E01240,di,CC1(C)CCCC2(C)C1CCC(=C)C2CCC(C)=CCOP([O-])(=O)OP([O-])([O-])=O,CC1(C)CCCC2(C)C1CCC13CC(CCC21)C(=C)C3,['CC1(C)CCCC2(C)C1CCC(=C)C2CCC(C)=CCOP([O-])(=O)OP([O-])([O-])=O'],['CC1(C)CCCC2(C)C1CCC13CC(CCC21)C(=C)C3'],{22221}
marts_E01241,di,CC(C)=CCCC(C)=CCCC(C)=CCCC(C)=CCOP([O-])(=O)OP([O-])([O-])=O,CC1(C)CCCC2(C)C1CCC(=C)C2CCC(C)=CCOP([O-])(=O)OP([O-])([O-])=O,['CC(C)=CCCC(C)=CCCC(C)=CCCC(C)=CCOP([O-])(=O)OP([O-])([O-])=O'],['CC1(C)CCCC2(C)C1CCC(=C)C2CCC(C)=CCOP([O-])(=O)OP([O-])([O-])=O'],"{14842, 24317, 25525}"
marts_E01242,pt,CC(C)=CCCC(C)=CCCC(C)=CCCC(C)=CCOP([O-])(=O)OP([O-])([O-])=O.CC(=C)CCOP([O-])(=O)OP([O-])([O-])=O,CC(C)=CCCC(C)=CCCC(C)=CCCC(C)=CCCC(C)=CCOP([O-])(=O)OP([O-])([O-])=O,"['CC(C)=CCCC(C)=CCCC(C)=CCCC(C)=CCOP([O-])(=O)OP([O-])([O-])=O', 'CC(=C)CCOP([O-])(=O)OP([O-])([O-])=O']",['CC(C)=CCCC(C)=CCCC(C)=CCCC(C)=CCCC(C)=CCOP([O-])(=O)OP([O-])([O-])=O'],{25695}
marts_E01242,pt,CC(C)=CCCC(C)=CCCC(C)=CCOP([O-])(=O)OP([O-])([O-])=O.CC(=C)CCOP([O-])(=O)OP([O-])([O-])=O,CC(C)=CCCC(C)=CCCC(C)=CCCC(C)=CCCC(C)=CCOP([O-])(=O)OP([O-])([O-])=O,"['CC(C)=CCCC(C)=CCCC(C)=CCOP([O-])(=O)OP([O-])([O-])=O', 'CC(=C)CCOP([O-])(=O)OP([O-])([O-])=O']",['CC(C)=CCCC(C)=CCCC(C)=CCCC(C)=CCCC(C)=CCOP([O-])(=O)OP([O-])([O-])=O'],{66853}
marts_E01242,pt,CC(C)=CCCC(C)=CCOP([O-])(=O)OP([O-])([O-])=O.CC(=C)CCOP([O-])(=O)OP([O-])([O-])=O,CC(C)=CCCC(C)=CCCC(C)=CCCC(C)=CCCC(C)=CCOP([O-])(=O)OP([O-])([O-])=O,"['CC(C)=CCCC(C)=CCOP([O-])(=O)OP([O-])([O-])=O', 'CC(=C)CCOP([O-])(=O)OP([O-])([O-])=O']",['CC(C)=CCCC(C)=CCCC(C)=CCCC(C)=CCCC(C)=CCOP([O-])(=O)OP([O-])([O-])=O'],{66857}
marts_E01242,pt,CC(C)=CCOP([O-])(=O)OP([O-])([O-])=O.CC(=C)CCOP([O-])(=O)OP([O-])([O-])=O,CC(C)=CCCC(C)=CCCC(C)=CCCC(C)=CCCC(C)=CCOP([O-])(=O)OP([O-])([O-])=O,"['CC(C)=CCOP([O-])(=O)OP([O-])([O-])=O', 'CC(=C)CCOP([O-])(=O)OP([O-])([O-])=O']",['CC(C)=CCCC(C)=CCCC(C)=CCCC(C)=CCCC(C)=CCOP([O-])(=O)OP([O-])([O-])=O'],{66861}
marts_E01243,tri,CC(C)=CCCC(C)=CCCC(C)=CCCC=C(C)CCC=C(C)CCC1OC1(C)C,CC1(C)CC2C3=CCC4C5(C)CCC(O)C(C)(C)C5CCC4(C)C3(C)CCC2(C)CC1,['CC(C)=CCCC(C)=CCCC(C)=CCCC=C(C)CCC=C(C)CCC1OC1(C)C'],['CC1(C)CC2C3=CCC4C5(C)CCC(O)C(C)(C)C5CCC4(C)C3(C)CCC2(C)CC1'],{31008}
marts_E01243,tri,CC(C)=CCCC(C)=CCCC(C)=CCCC=C(C)CCC=C(C)CCC1OC1(C)C,CC1(C)C(O)CCC2(C)C1CCC1(C)C2CC=C2C3C(C)C(C)CCC3(C)CCC12C,['CC(C)=CCCC(C)=CCCC(C)=CCCC=C(C)CCC=C(C)CCC1OC1(C)C'],['CC1(C)C(O)CCC2(C)C1CCC1(C)C2CC=C2C3C(C)C(C)CCC3(C)CCC12C'],{31388}
marts_E01243,tri,CC(C)=CCCC(C)=CCCC(C)=CCCC=C(C)CCC=C(C)CCC1OC1(C)C,CC1(C)C(O)CCC2(C)C1CCC1(C)C2CCC2C3C(CCC3(C)CCC12C)C(C)=C,['CC(C)=CCCC(C)=CCCC(C)=CCCC=C(C)CCC=C(C)CCC1OC1(C)C'],['CC1(C)C(O)CCC2(C)C1CCC1(C)C2CCC2C3C(CCC3(C)CCC12C)C(C)=C'],{31384}
marts_E01244,di,CC(C)=CCCC(C)=CCCC(C)=CCCC(C)=CCOP([O-])(=O)OP([O-])([O-])=O,CC1(C)CCCC2(C)C1CCC(C)(O)C2CCC(C)=CCOP([O-])(=O)OP([O-])([O-])=O,['CC(C)=CCCC(C)=CCCC(C)=CCCC(C)=CCOP([O-])(=O)OP([O-])([O-])=O'],['CC1(C)CCCC2(C)C1CCC(C)(O)C2CCC(C)=CCOP([O-])(=O)OP([O-])([O-])=O'],"{32704, 54650}"
marts_E01245,sesq,CC(C)=CCCC(C)=CCCC(C)=CCOP([O-])(=O)OP([O-])([O-])=O,CC1CCC(CC=C(C)CCC=1)C(C)=C,['CC(C)=CCCC(C)=CCCC(C)=CCOP([O-])(=O)OP([O-])([O-])=O'],['CC1CCC(CC=C(C)CCC=1)C(C)=C'],"{68777, 25453, 12517}"
marts_E01246,sesq,CC(C)=CCCC(C)=CCCC(C)=CCOP([O-])(=O)OP([O-])([O-])=O,CC1CCC(CC=C(C)CCC=1)C(C)=C,['CC(C)=CCCC(C)=CCCC(C)=CCOP([O-])(=O)OP([O-])([O-])=O'],['CC1CCC(CC=C(C)CCC=1)C(C)=C'],"{68777, 25453, 12517}"
marts_E01247,tri,CC(C)=CCCC(C)=CCCC(C)=CCCC=C(C)CCC=C(C)CCC1OC1(C)C,CC1(C)CC2C3=CCC4C5(C)CCC(O)C(C)(C)C5CCC4(C)C3(C)CCC2(C)CC1,['CC(C)=CCCC(C)=CCCC(C)=CCCC=C(C)CCC=C(C)CCC1OC1(C)C'],['CC1(C)CC2C3=CCC4C5(C)CCC(O)C(C)(C)C5CCC4(C)C3(C)CCC2(C)CC1'],{31008}
marts_E01248,pt,CC(C)=CCOP([O-])(=O)OP([O-])([O-])=O.CC(=C)CCOP([O-])(=O)OP([O-])([O-])=O,CC(C)=CCCC(C)=CCCC(C)=CCCC(C)=CCCC(C)=CCOP([O-])(=O)OP([O-])([O-])=O,"['CC(C)=CCOP([O-])(=O)OP([O-])([O-])=O', 'CC(=C)CCOP([O-])(=O)OP([O-])([O-])=O']",['CC(C)=CCCC(C)=CCCC(C)=CCCC(C)=CCCC(C)=CCOP([O-])(=O)OP([O-])([O-])=O'],{66861}
marts_E01248,sester,CC(C)=CCCC(C)=CCCC(C)=CCCC(C)=CCCC(C)=CCOP([O-])(=O)OP([O-])([O-])=O,CC12CC=C(C)CCC=C(C)CCC1C1(C)CCC(C1CC2)C(C)=C,['CC(C)=CCCC(C)=CCCC(C)=CCCC(C)=CCCC(C)=CCOP([O-])(=O)OP([O-])([O-])=O'],['CC12CC=C(C)CCC=C(C)CCC1C1(C)CCC(C1CC2)C(C)=C'],{54077}
marts_E01249,di,CC(C)=CCCC(C)=CCCC(C)=CCCC(C)=CCOP([O-])(=O)OP([O-])([O-])=O,CC1(C)CCC2(C)CC3C(CCC(C)=CCCC=3C)C12,['CC(C)=CCCC(C)=CCCC(C)=CCCC(C)=CCOP([O-])(=O)OP([O-])([O-])=O'],['CC1(C)CCC2(C)CC3C(CCC(C)=CCCC=3C)C12'],{78288}
marts_E01249,pt,CC(C)=CCOP([O-])(=O)OP([O-])([O-])=O.CC(=C)CCOP([O-])(=O)OP([O-])([O-])=O,CC(C)=CCCC(C)=CCCC(C)=CCCC(C)=CCOP([O-])(=O)OP([O-])([O-])=O,"['CC(C)=CCOP([O-])(=O)OP([O-])([O-])=O', 'CC(=C)CCOP([O-])(=O)OP([O-])([O-])=O']",['CC(C)=CCCC(C)=CCCC(C)=CCCC(C)=CCOP([O-])(=O)OP([O-])([O-])=O'],{55521}
marts_E01249,pt,CC(C)=CCOP([O-])(=O)OP([O-])([O-])=O.CC(=C)CCOP([O-])(=O)OP([O-])([O-])=O,CC(C)=CCCC(C)=CCCC(C)=CCCC(C)=CCCC(C)=CCOP([O-])(=O)OP([O-])([O-])=O,"['CC(C)=CCOP([O-])(=O)OP([O-])([O-])=O', 'CC(=C)CCOP([O-])(=O)OP([O-])([O-])=O']",['CC(C)=CCCC(C)=CCCC(C)=CCCC(C)=CCCC(C)=CCOP([O-])(=O)OP([O-])([O-])=O'],{66861}
marts_E01249,sester,CC(C)=CCCC(C)=CCCC(C)=CCCC(C)=CCCC(C)=CCOP([O-])(=O)OP([O-])([O-])=O,CC(C)=CCC=C(C)C1CC=C(C)CCC=C(C)CCC=C(C)CC1,['CC(C)=CCCC(C)=CCCC(C)=CCCC(C)=CCCC(C)=CCOP([O-])(=O)OP([O-])([O-])=O'],['CC(C)=CCC=C(C)C1CC=C(C)CCC=C(C)CCC=C(C)CC1'],{78292}
marts_E01250,di,CC(C)=CCCC(C)=CCCC(C)=CCCC(C)=CCOP([O-])(=O)OP([O-])([O-])=O,CC1CCC2(C)C(CCC=C2C)C1(C)CCC(C)=CCOP([O-])(=O)OP([O-])([O-])=O,['CC(C)=CCCC(C)=CCCC(C)=CCCC(C)=CCOP([O-])(=O)OP([O-])([O-])=O'],['CC1CCC2(C)C(CCC=C2C)C1(C)CCC(C)=CCOP([O-])(=O)OP([O-])([O-])=O'],"{54685, 54677, 25614}"
marts_E01251,di,CC(C)=CCCC(C)=CCCC(C)=CCCC(C)=CCOP([O-])(=O)OP([O-])([O-])=O,CC1(C)CCCC2(C)C1CCC13CC(CCC21)C(=C)C3,['CC(C)=CCCC(C)=CCCC(C)=CCCC(C)=CCOP([O-])(=O)OP([O-])([O-])=O'],['CC1(C)CCCC2(C)C1CCC13CC(CCC21)C(=C)C3'],set()
marts_E01251,di,CC(C)=CCCC(C)=CCCC(C)=CCCC(C)=CCOP([O-])(=O)OP([O-])([O-])=O,CC1(C)CCCC2(C)C1CCC13CC(CCC21)C(C)=C3,['CC(C)=CCCC(C)=CCCC(C)=CCCC(C)=CCOP([O-])(=O)OP([O-])([O-])=O'],['CC1(C)CCCC2(C)C1CCC13CC(CCC21)C(C)=C3'],set()
marts_E01252,di,CC(C)=CCCC(C)=CCCC(C)=CCCC(C)=CCOP([O-])(=O)OP([O-])([O-])=O,CC1CCC2(C)C(CCC=C2C)C1(C)CCC(C)=CCOP([O-])(=O)OP([O-])([O-])=O,['CC(C)=CCCC(C)=CCCC(C)=CCCC(C)=CCOP([O-])(=O)OP([O-])([O-])=O'],['CC1CCC2(C)C(CCC=C2C)C1(C)CCC(C)=CCOP([O-])(=O)OP([O-])([O-])=O'],"{54685, 54677, 25614}"
marts_E01253,mono,CC(C)=CCCC(C)=CCOP([O-])(=O)OP([O-])([O-])=O,CC1CC=C(CC=1)C(C)C,['CC(C)=CCCC(C)=CCOP([O-])(=O)OP([O-])([O-])=O'],['CC1CC=C(CC=1)C(C)C'],{32560}
marts_E01254,di,CC1(C)CCCC2(C)C1CCC(=C)C2CCC(C)=CCOP([O-])(=O)OP([O-])([O-])=O,CC1(C)CCCC2(C)C1CCC(=C)C2CC=C(C)C=C,['CC1(C)CCCC2(C)C1CCC(=C)C2CCC(C)=CCOP([O-])(=O)OP([O-])([O-])=O'],['CC1(C)CCCC2(C)C1CCC(=C)C2CC=C(C)C=C'],"{32152, 54641, 81224, 40004}"
marts_E01255,di,CC1(C)CCCC2(C)C1CCC(=C)C2CCC(C)=CCOP([O-])(=O)OP([O-])([O-])=O,CC1(C)CCCC2(C)C1CCC(=C)C2CC=C(C)C=C,['CC1(C)CCCC2(C)C1CCC(=C)C2CCC(C)=CCOP([O-])(=O)OP([O-])([O-])=O'],['CC1(C)CCCC2(C)C1CCC(=C)C2CC=C(C)C=C'],"{32152, 54641, 81224, 40004}"
marts_E01256,di,CC(C)=CCCC(C)=CCCC(C)=CCCC(C)=CCOP([O-])(=O)OP([O-])([O-])=O,CC1(C)CCCC2(C)C1CCC(=C)C2CCC(C)=CCOP([O-])(=O)OP([O-])([O-])=O,['CC(C)=CCCC(C)=CCCC(C)=CCCC(C)=CCOP([O-])(=O)OP([O-])([O-])=O'],['CC1(C)CCCC2(C)C1CCC(=C)C2CCC(C)=CCOP([O-])(=O)OP([O-])([O-])=O'],"{14842, 24317, 25525}"
marts_E01257,sesq,CC(C)=CCCC(C)=CCCC(C)=CCOP([O-])(=O)OP([O-])([O-])=O,CC(C)C1CCC(C)=C2CCC(C)=CC21,['CC(C)=CCCC(C)=CCCC(C)=CCOP([O-])(=O)OP([O-])([O-])=O'],['CC(C)C1CCC(C)=C2CCC(C)=CC21'],"{32016, 56557, 19526}"
marts_E01257,sesq,CC(C)=CCCC(C)=CCCC(C)=CCOP([O-])(=O)OP([O-])([O-])=O,CC(C)C1CCC2(C)C3C1C2CC=C3C,['CC(C)=CCCC(C)=CCCC(C)=CCOP([O-])(=O)OP([O-])([O-])=O'],['CC(C)C1CCC2(C)C3C1C2CC=C3C'],{33992}
marts_E01257,sesq,CC(C)=CCCC(C)=CCCC(C)=CCOP([O-])(=O)OP([O-])([O-])=O,CC(C)C1CCC2(C)C3C1C2CC=C3C,['CC(C)=CCCC(C)=CCCC(C)=CCOP([O-])(=O)OP([O-])([O-])=O'],['CC(C)C1CCC2(C)C3C1C2CC=C3C'],{33992}
marts_E01257,sesq,CC(C)=CCCC(C)=CCCC(C)=CCOP([O-])(=O)OP([O-])([O-])=O,CC(C)C1CCC2(C)C3CC4C(C31)C24C,['CC(C)=CCCC(C)=CCCC(C)=CCOP([O-])(=O)OP([O-])([O-])=O'],['CC(C)C1CCC2(C)C3CC4C(C31)C24C'],set()
marts_E01257,sesq,CC(C)=CCCC(C)=CCCC(C)=CCOP([O-])(=O)OP([O-])([O-])=O,CC1C=C2C(CCC(C)C2CC=1)C(C)C,['CC(C)=CCCC(C)=CCCC(C)=CCOP([O-])(=O)OP([O-])([O-])=O'],['CC1C=C2C(CCC(C)C2CC=1)C(C)C'],{29488}
marts_E01257,sesq,CC(C)=CCCC(C)=CCCC(C)=CCOP([O-])(=O)OP([O-])([O-])=O,CC1CCC2C(C=1)C(C)(C)CCC=C2C,['CC(C)=CCCC(C)=CCCC(C)=CCOP([O-])(=O)OP([O-])([O-])=O'],['CC1CCC2C(C=1)C(C)(C)CCC=C2C'],{25473}
marts_E01257,sesq,CC(C)=CCCC(C)=CCCC(C)=CCOP([O-])(=O)OP([O-])([O-])=O,CC1CCC(C=CC(=C)CCC=1)C(C)C,['CC(C)=CCCC(C)=CCCC(C)=CCOP([O-])(=O)OP([O-])([O-])=O'],['CC1CCC(C=CC(=C)CCC=1)C(C)C'],"{12017, 30428, 68717}"
marts_E01257,sesq,CC(C)=CCCC(C)=CCCC(C)=CCOP([O-])(=O)OP([O-])([O-])=O,CC(C)C1CC=C(C)C2CCC(C)=CC21,['CC(C)=CCCC(C)=CCCC(C)=CCOP([O-])(=O)OP([O-])([O-])=O'],['CC(C)C1CC=C(C)C2CCC(C)=CC21'],"{33104, 53641, 69445}"
marts_E01257,sesq,CC(C)=CCCC(C)=CCCC(C)=CCOP([O-])(=O)OP([O-])([O-])=O,CC(C)C1CCC(C)C2CCC(=C)C=C21,['CC(C)=CCCC(C)=CCCC(C)=CCOP([O-])(=O)OP([O-])([O-])=O'],['CC(C)C1CCC(C)C2CCC(=C)C=C21'],{29492}
marts_E01257,sesq,CC(C)=CCCC(C)=CCCC(C)=CCOP([O-])(=O)OP([O-])([O-])=O,CC1CCCC2(C)CCC(=CC2=1)C(C)C,['CC(C)=CCCC(C)=CCCC(C)=CCOP([O-])(=O)OP([O-])([O-])=O'],['CC1CCCC2(C)CCC(=CC2=1)C(C)C'],"{30424, 25441}"
marts_E01257,sesq,CC(C)=CCCC(C)=CCCC(C)=CCOP([O-])(=O)OP([O-])([O-])=O,CC1CC=C2C(C=1)C(CCC2C)C(C)C,['CC(C)=CCCC(C)=CCCC(C)=CCOP([O-])(=O)OP([O-])([O-])=O'],['CC1CC=C2C(C=1)C(CCC2C)C(C)C'],{29476}
marts_E01257,sesq,CC(C)=CCCC(C)=CCCC(C)=CCOP([O-])(=O)OP([O-])([O-])=O,CC(=C)C1CC2(C)C(C)CCC=C2CC1,['CC(C)=CCCC(C)=CCCC(C)=CCOP([O-])(=O)OP([O-])([O-])=O'],['CC(=C)C1CC2(C)C(C)CCC=C2CC1'],"{29512, 58169, 52805}"
marts_E01257,sesq,CC(C)=CCCC(C)=CCCC(C)=CCOP([O-])(=O)OP([O-])([O-])=O,CC(C)C1CC=C(C)C2CCC(C)=CC21,['CC(C)=CCCC(C)=CCCC(C)=CCOP([O-])(=O)OP([O-])([O-])=O'],['CC(C)C1CC=C(C)C2CCC(C)=CC21'],"{33104, 53641, 69445}"
marts_E01257,sesq,CC(C)=CCCC(C)=CCCC(C)=CCOP([O-])(=O)OP([O-])([O-])=O,CC(C)C1CCC(C)=C2CCC(C)=CC21,['CC(C)=CCCC(C)=CCCC(C)=CCOP([O-])(=O)OP([O-])([O-])=O'],['CC(C)C1CCC(C)=C2CCC(C)=CC21'],"{32016, 56557, 19526}"
marts_E01257,sesq,CC(C)=CCCC(C)=CCCC(C)=CCOP([O-])(=O)OP([O-])([O-])=O,CC1CCC2C(C=1)C(CCC2=C)C(C)C,['CC(C)=CCCC(C)=CCCC(C)=CCOP([O-])(=O)OP([O-])([O-])=O'],['CC1CCC2C(C=1)C(CCC2=C)C(C)C'],"{28640, 68849, 31828, 33108}"
marts_E01257,sesq,CC(C)=CCCC(C)=CCCC(C)=CCOP([O-])(=O)OP([O-])([O-])=O,CC(C)C1CC=C(C)C2CCC(C)=CC21,['CC(C)=CCCC(C)=CCCC(C)=CCOP([O-])(=O)OP([O-])([O-])=O'],['CC(C)C1CC=C(C)C2CCC(C)=CC21'],"{33104, 53641, 69445}"
marts_E01257,sesq,CC(C)=CCCC(C)=CCCC(C)=CCOP([O-])(=O)OP([O-])([O-])=O,CC(C)C1CCC(C)(O)C2CCC(C)=CC21,['CC(C)=CCCC(C)=CCCC(C)=CCOP([O-])(=O)OP([O-])([O-])=O'],['CC(C)C1CCC(C)(O)C2CCC(C)=CC21'],"{78272, 69449, 32012, 54053}"
marts_E01260,sester,CC(C)=CCCC(C)=CCCC(C)=CCCC(C)=CCCC(C)=CCOP([O-])(=O)OP([O-])([O-])=O,CC(C)C1CCC2(C)CC3C(CC21)C(C)=C1CCC(C)C1CC=C3C,['CC(C)=CCCC(C)=CCCC(C)=CCCC(C)=CCCC(C)=CCOP([O-])(=O)OP([O-])([O-])=O'],['CC(C)C1CCC2(C)CC3C(CC21)C(C)=C1CCC(C)C1CC=C3C'],set()
marts_E01260,pt,CC(C)=CCOP([O-])(=O)OP([O-])([O-])=O.CC(=C)CCOP([O-])(=O)OP([O-])([O-])=O,CC(C)=CCCC(C)=CCCC(C)=CCCC(C)=CCCC(C)=CCOP([O-])(=O)OP([O-])([O-])=O,"['CC(C)=CCOP([O-])(=O)OP([O-])([O-])=O', 'CC(=C)CCOP([O-])(=O)OP([O-])([O-])=O']",['CC(C)=CCCC(C)=CCCC(C)=CCCC(C)=CCCC(C)=CCOP([O-])(=O)OP([O-])([O-])=O'],{66861}
marts_E01261,sesq,CC(C)=CCCC(C)=CCCC(C)=CCOP([O-])(=O)OP([O-])([O-])=O,CC1CCC2C(CC2(C)C)C(=C)CCC=1,['CC(C)=CCCC(C)=CCCC(C)=CCOP([O-])(=O)OP([O-])([O-])=O'],['CC1CCC2C(CC2(C)C)C(=C)CCC=1'],"{31816, 34704, 28295}"
marts_E01261,sesq,CC(C)=CCCC(C)=CCCC(C)=CCOP([O-])(=O)OP([O-])([O-])=O,CC1CCC=C(C)CC=CC(C)(C)CC=1,['CC(C)=CCCC(C)=CCCC(C)=CCOP([O-])(=O)OP([O-])([O-])=O'],['CC1CCC=C(C)CC=CC(C)(C)CC=1'],"{31896, 68781}"
marts_E01262,pt,CC(C)=CCCC(C)=CCOP([O-])(=O)OP([O-])([O-])=O.CC(=C)CCOP([O-])(=O)OP([O-])([O-])=O,CC(C)=CCCC(C)=CCCC(C)=CCOP([O-])(=O)OP([O-])([O-])=O,"['CC(C)=CCCC(C)=CCOP([O-])(=O)OP([O-])([O-])=O', 'CC(=C)CCOP([O-])(=O)OP([O-])([O-])=O']",['CC(C)=CCCC(C)=CCCC(C)=CCOP([O-])(=O)OP([O-])([O-])=O'],"{19362, 64573, 23301}"
marts_E01262,pt,CC(C)=CCOP([O-])(=O)OP([O-])([O-])=O.CC(=C)CCOP([O-])(=O)OP([O-])([O-])=O,CC(C)=CCCC(C)=CCOP([O-])(=O)OP([O-])([O-])=O,"['CC(C)=CCOP([O-])(=O)OP([O-])([O-])=O', 'CC(=C)CCOP([O-])(=O)OP([O-])([O-])=O']",['CC(C)=CCCC(C)=CCOP([O-])(=O)OP([O-])([O-])=O'],"{11329, 22409}"
marts_E01262,pt,CC(C)=CCCC(C)=CCOP([O-])(=O)OP([O-])([O-])=O.CC(C)=CCCC(C)=CCCC(C)=CCOP([O-])(=O)OP([O-])([O-])=O,CC(C)=CCCC(C)=CCCC(C)=CCCC(C)=CCOP([O-])(=O)OP([O-])([O-])=O,"['CC(C)=CCCC(C)=CCOP([O-])(=O)OP([O-])([O-])=O', 'CC(C)=CCCC(C)=CCCC(C)=CCOP([O-])(=O)OP([O-])([O-])=O']",['CC(C)=CCCC(C)=CCCC(C)=CCCC(C)=CCOP([O-])(=O)OP([O-])([O-])=O'],set()
marts_E01263,pt,CC(C)=CCCC(C)=CCOP([O-])(=O)OP([O-])([O-])=O.CC(=C)CCOP([O-])(=O)OP([O-])([O-])=O,CC(C)=CCCC(C)=CCCC(C)=CCOP([O-])(=O)OP([O-])([O-])=O,"['CC(C)=CCCC(C)=CCOP([O-])(=O)OP([O-])([O-])=O', 'CC(=C)CCOP([O-])(=O)OP([O-])([O-])=O']",['CC(C)=CCCC(C)=CCCC(C)=CCOP([O-])(=O)OP([O-])([O-])=O'],"{19362, 64573, 23301}"
marts_E01263,pt,CC(C)=CCOP([O-])(=O)OP([O-])([O-])=O.CC(=C)CCOP([O-])(=O)OP([O-])([O-])=O,CC(C)=CCCC(C)=CCOP([O-])(=O)OP([O-])([O-])=O,"['CC(C)=CCOP([O-])(=O)OP([O-])([O-])=O', 'CC(=C)CCOP([O-])(=O)OP([O-])([O-])=O']",['CC(C)=CCCC(C)=CCOP([O-])(=O)OP([O-])([O-])=O'],"{11329, 22409}"
marts_E01263,pt,CC(C)=CCCC(C)=CCOP([O-])(=O)OP([O-])([O-])=O.CC(C)=CCCC(C)=CCCC(C)=CCOP([O-])(=O)OP([O-])([O-])=O,CC(C)=CCCC(C)=CCCC(C)=CCCC(C)=CCOP([O-])(=O)OP([O-])([O-])=O,"['CC(C)=CCCC(C)=CCOP([O-])(=O)OP([O-])([O-])=O', 'CC(C)=CCCC(C)=CCCC(C)=CCOP([O-])(=O)OP([O-])([O-])=O']",['CC(C)=CCCC(C)=CCCC(C)=CCCC(C)=CCOP([O-])(=O)OP([O-])([O-])=O'],set()
marts_E01264,tri,CC(C)=CCCC(C)=CCCC(C)=CCCC=C(C)CCC=C(C)CCC1OC1(C)C,CC1(C)C(O)CCC2(C)C1CCC1=C2CCC2(C)C(CCC21C)C(C)CCC=C(C)C,['CC(C)=CCCC(C)=CCCC(C)=CCCC=C(C)CCC=C(C)CCC1OC1(C)C'],['CC1(C)C(O)CCC2(C)C1CCC1=C2CCC2(C)C(CCC21C)C(C)CCC=C(C)C'],{14622}
marts_E01265,sesq,CC(C)=CCCC(C)=CCCC(C)=CCOP([O-])(=O)OP([O-])([O-])=O,CC(C)=CCCC(=C)C1CC=C(C)CC1,['CC(C)=CCCC(C)=CCCC(C)=CCOP([O-])(=O)OP([O-])([O-])=O'],['CC(C)=CCCC(=C)C1CC=C(C)CC1'],"{68813, 68529, 28267, 68525}"
marts_E01265,sesq,CC(C)=CCCC(C)=CCCC(C)=CCOP([O-])(=O)OP([O-])([O-])=O,CC(C)=CCCC(C)=CCCC(=C)C=C,['CC(C)=CCCC(C)=CCCC(C)=CCOP([O-])(=O)OP([O-])([O-])=O'],['CC(C)=CCCC(C)=CCCC(=C)C=C'],"{68545, 27426, 68857, 68505, 68509}"
marts_E01265,sesq,CC(C)=CCCC(C)=CCCC(C)=CCOP([O-])(=O)OP([O-])([O-])=O,CC(C)=CCCC(C)C1CCC(=C)C=C1,['CC(C)=CCCC(C)=CCCC(C)=CCOP([O-])(=O)OP([O-])([O-])=O'],['CC(C)=CCCC(C)C1CCC(=C)C=C1'],{32700}
marts_E01266,sesq,CC(C)=CCCC(C)=CCCC(C)=CCOP([O-])(=O)OP([O-])([O-])=O,CC1CCC(CC=C(C)CCC=1)C(C)=C,['CC(C)=CCCC(C)=CCCC(C)=CCOP([O-])(=O)OP([O-])([O-])=O'],['CC1CCC(CC=C(C)CCC=1)C(C)=C'],"{68777, 25453, 12517}"
marts_E01267,sesq,CC(C)=CCCC(C)=CCCC(C)=CCOP([O-])(=O)OP([O-])([O-])=O,CC1(C)CC2CC(C)=C3CCC3(C)C2C1,['CC(C)=CCCC(C)=CCCC(C)=CCOP([O-])(=O)OP([O-])([O-])=O'],['CC1(C)CC2CC(C)=C3CCC3(C)C2C1'],{34696}
marts_E01268,sesq,CC(C)=CCCC(C)=CCCC(C)=CCOP([O-])(=O)OP([O-])([O-])=O,CC1CCC2C(C3C(C)CCC=13)C2(C)C,['CC(C)=CCCC(C)=CCCC(C)=CCOP([O-])(=O)OP([O-])([O-])=O'],['CC1CCC2C(C3C(C)CCC=13)C2(C)C'],{31812}
marts_E01268,sesq,CC(C)=CCCC(C)=CCCC(C)=CCOP([O-])(=O)OP([O-])([O-])=O,CC1(C)C2C1CCC(C)(O)C1CCC(C)C12,['CC(C)=CCCC(C)=CCCC(C)=CCOP([O-])(=O)OP([O-])([O-])=O'],['CC1(C)C2C1CCC(C)(O)C1CCC(C)C12'],set()
marts_E01269,sesq,CC(C)=CCCC(C)=CCCC(C)=CCOP([O-])(=O)OP([O-])([O-])=O,CC1CCC2C(C3C(C)CCC=13)C2(C)C,['CC(C)=CCCC(C)=CCCC(C)=CCOP([O-])(=O)OP([O-])([O-])=O'],['CC1CCC2C(C3C(C)CCC=13)C2(C)C'],{31812}
marts_E01269,sesq,CC(C)=CCCC(C)=CCCC(C)=CCOP([O-])(=O)OP([O-])([O-])=O,CC1CCC2C(C=1)C(CCC2=C)C(C)C,['CC(C)=CCCC(C)=CCCC(C)=CCOP([O-])(=O)OP([O-])([O-])=O'],['CC1CCC2C(C=1)C(CCC2=C)C(C)C'],"{28640, 68849, 31828, 33108}"
marts_E01269,sesq,CC(C)=CCCC(C)=CCCC(C)=CCOP([O-])(=O)OP([O-])([O-])=O,CC1CCC(CC=C(C)CCC=1)C(C)=C,['CC(C)=CCCC(C)=CCCC(C)=CCOP([O-])(=O)OP([O-])([O-])=O'],['CC1CCC(CC=C(C)CCC=1)C(C)=C'],"{68777, 25453, 12517}"
marts_E01270,sesq,CC(C)=CCCC(C)=CCCC(C)=CCOP([O-])(=O)OP([O-])([O-])=O,CC(C)=CCCC(C)C12CC1C(=C)CC2,['CC(C)=CCCC(C)=CCCC(C)=CCOP([O-])(=O)OP([O-])([O-])=O'],['CC(C)=CCCC(C)C12CC1C(=C)CC2'],"{60017, 60021}"
marts_E01270,sesq,CC(C)=CCCC(C)=CCCC(C)=CCOP([O-])(=O)OP([O-])([O-])=O,CC1CCC(C(C)=C)C21CCC(C)=CC2,['CC(C)=CCCC(C)=CCCC(C)=CCOP([O-])(=O)OP([O-])([O-])=O'],['CC1CCC(C(C)=C)C21CCC(C)=CC2'],"{77072, 68513, 68521, 68517}"
marts_E01270,sesq,CC(C)=CCCC(C)=CCCC(C)=CCOP([O-])(=O)OP([O-])([O-])=O,CC(C)=CCCC(C)C1CCC(C)=CC=1,['CC(C)=CCCC(C)=CCCC(C)=CCOP([O-])(=O)OP([O-])([O-])=O'],['CC(C)=CCCC(C)C1CCC(C)=CC=1'],"{32032, 68785}"
marts_E01270,sesq,CC(C)=CCCC(C)=CCCC(C)=CCOP([O-])(=O)OP([O-])([O-])=O,CC(C)=CCCC(=C)C1CC=C(C)CC1,['CC(C)=CCCC(C)=CCCC(C)=CCOP([O-])(=O)OP([O-])([O-])=O'],['CC(C)=CCCC(=C)C1CC=C(C)CC1'],"{68813, 68529, 28267, 68525}"
marts_E01270,sesq,CC(C)=CCCC(C)=CCCC(C)=CCOP([O-])(=O)OP([O-])([O-])=O,CC(C)=CCCC(C)C1CCC(=C)C=C1,['CC(C)=CCCC(C)=CCCC(C)=CCOP([O-])(=O)OP([O-])([O-])=O'],['CC(C)=CCCC(C)C1CCC(=C)C=C1'],{32700}
marts_E01270,mono,CC(C)=CCCC(C)=CCOP([O-])(=O)OP([O-])([O-])=O,CC1(C)C2CC1CCC2=C,['CC(C)=CCCC(C)=CCOP([O-])(=O)OP([O-])([O-])=O'],['CC1(C)C2CC1CCC2=C'],"{25497, 25667, 32580}"
marts_E01270,mono,CC(C)=CCCC(C)=CCOP([O-])(=O)OP([O-])([O-])=O,CC(C)=CCCC(=C)C=C,['CC(C)=CCCC(C)=CCOP([O-])(=O)OP([O-])([O-])=O'],['CC(C)=CCCC(=C)C=C'],{16966}
marts_E01270,mono,CC(C)=CCCC(C)=CCOP([O-])(=O)OP([O-])([O-])=O,CC(C)C12CCC(=C)C1C2,['CC(C)=CCCC(C)=CCOP([O-])(=O)OP([O-])([O-])=O'],['CC(C)C12CCC(=C)C1C2'],"{68637, 32548, 25509}"
marts_E01270,mono,CC(C)=CCCC(C)=CCOP([O-])(=O)OP([O-])([O-])=O,CC1=CCC2CC1C2(C)C,['CC(C)=CCCC(C)=CCOP([O-])(=O)OP([O-])([O-])=O'],['CC1=CCC2CC1C2(C)C'],"{32576, 25489, 25663}"
marts_E01270,mono,CC(C)=CCCC(C)=CCOP([O-])(=O)OP([O-])([O-])=O,CC1CCC(CC=1)C(C)(C)O,['CC(C)=CCCC(C)=CCOP([O-])(=O)OP([O-])([O-])=O'],['CC1CCC(CC=1)C(C)(C)O'],"{32552, 32556}"
marts_E01270,mono,CC(C)=CCCC(C)=CCOP([O-])(=O)OP([O-])([O-])=O,CC(C)=CCCC(C)(O)C=C,['CC(C)=CCCC(C)=CCOP([O-])(=O)OP([O-])([O-])=O'],['CC(C)=CCCC(C)(O)C=C'],"{15810, 68709, 24117}"
marts_E01271,sesq,CC(C)=CCCC(C)=CCCC(C)=CCOP([O-])(=O)OP([O-])([O-])=O,CC12CCC3C(C)CCC3(C1)C(O2)C(C)C,['CC(C)=CCCC(C)=CCCC(C)=CCOP([O-])(=O)OP([O-])([O-])=O'],['CC12CCC3C(C)CCC3(C1)C(O2)C(C)C'],{53645}
marts_E01271,sesq,CC(C)=CCCC(C)=CCCC(C)=CCOP([O-])(=O)OP([O-])([O-])=O,CC12CC3C(CC1)C(C)CCC3(O2)C(C)C,['CC(C)=CCCC(C)=CCCC(C)=CCOP([O-])(=O)OP([O-])([O-])=O'],['CC12CC3C(CC1)C(C)CCC3(O2)C(C)C'],{53649}
marts_E01271,sesq,CC(C)=CCCC(C)=CCCC(C)=CCOP([O-])(=O)OP([O-])([O-])=O,CC1CCC2C(C)CCC(C(C)C)=C2C=1,['CC(C)=CCCC(C)=CCCC(C)=CCOP([O-])(=O)OP([O-])([O-])=O'],['CC1CCC2C(C)CCC(C(C)C)=C2C=1'],set()
marts_E01271,sesq,CC(C)=CCCC(C)=CCCC(C)=CCOP([O-])(=O)OP([O-])([O-])=O,CC1CCC2C(C=1)C(CCC2=C)C(C)C,['CC(C)=CCCC(C)=CCCC(C)=CCOP([O-])(=O)OP([O-])([O-])=O'],['CC1CCC2C(C=1)C(CCC2=C)C(C)C'],"{28640, 68849, 31828, 33108}"
marts_E01271,sesq,CC(C)=CCCC(C)=CCCC(C)=CCOP([O-])(=O)OP([O-])([O-])=O,CC(C)C1CCC(C)=C2CCC(C)=CC21,['CC(C)=CCCC(C)=CCCC(C)=CCOP([O-])(=O)OP([O-])([O-])=O'],['CC(C)C1CCC(C)=C2CCC(C)=CC21'],"{32016, 56557, 19526}"
marts_E01271,sesq,CC(C)=CCCC(C)=CCCC(C)=CCOP([O-])(=O)OP([O-])([O-])=O,CC(C)C1CC=C(C)C2CCC(C)=CC21,['CC(C)=CCCC(C)=CCCC(C)=CCOP([O-])(=O)OP([O-])([O-])=O'],['CC(C)C1CC=C(C)C2CCC(C)=CC21'],"{33104, 53641, 69445}"
marts_E01271,sesq,CC(C)=CCCC(C)=CCCC(C)=CCOP([O-])(=O)OP([O-])([O-])=O,CC(C)C1CCC(C)(O)C2CCC(C)=CC21,['CC(C)=CCCC(C)=CCCC(C)=CCOP([O-])(=O)OP([O-])([O-])=O'],['CC(C)C1CCC(C)(O)C2CCC(C)=CC21'],"{78272, 69449, 32012, 54053}"
marts_E01272,sesq,CC(C)=CCCC(C)=CCCC(C)=CCOP([O-])(=O)OP([O-])([O-])=O,CC12CCC3C(C)CCC3(C1)C(O2)C(C)C,['CC(C)=CCCC(C)=CCCC(C)=CCOP([O-])(=O)OP([O-])([O-])=O'],['CC12CCC3C(C)CCC3(C1)C(O2)C(C)C'],{53645}
marts_E01272,sesq,CC(C)=CCCC(C)=CCCC(C)=CCOP([O-])(=O)OP([O-])([O-])=O,CC12CC3C(CC1)C(C)CCC3(O2)C(C)C,['CC(C)=CCCC(C)=CCCC(C)=CCOP([O-])(=O)OP([O-])([O-])=O'],['CC12CC3C(CC1)C(C)CCC3(O2)C(C)C'],{53649}
marts_E01272,sesq,CC(C)=CCCC(C)=CCCC(C)=CCOP([O-])(=O)OP([O-])([O-])=O,CC1CCC2C(C)CCC(C(C)C)=C2C=1,['CC(C)=CCCC(C)=CCCC(C)=CCOP([O-])(=O)OP([O-])([O-])=O'],['CC1CCC2C(C)CCC(C(C)C)=C2C=1'],set()
marts_E01272,sesq,CC(C)=CCCC(C)=CCCC(C)=CCOP([O-])(=O)OP([O-])([O-])=O,CC1CCC2C(C=1)C(CCC2=C)C(C)C,['CC(C)=CCCC(C)=CCCC(C)=CCOP([O-])(=O)OP([O-])([O-])=O'],['CC1CCC2C(C=1)C(CCC2=C)C(C)C'],"{28640, 68849, 31828, 33108}"
marts_E01272,sesq,CC(C)=CCCC(C)=CCCC(C)=CCOP([O-])(=O)OP([O-])([O-])=O,CC(C)C1CCC(C)=C2CCC(C)=CC21,['CC(C)=CCCC(C)=CCCC(C)=CCOP([O-])(=O)OP([O-])([O-])=O'],['CC(C)C1CCC(C)=C2CCC(C)=CC21'],"{32016, 56557, 19526}"
marts_E01272,sesq,CC(C)=CCCC(C)=CCCC(C)=CCOP([O-])(=O)OP([O-])([O-])=O,CC(C)C1CC=C(C)C2CCC(C)=CC21,['CC(C)=CCCC(C)=CCCC(C)=CCOP([O-])(=O)OP([O-])([O-])=O'],['CC(C)C1CC=C(C)C2CCC(C)=CC21'],"{33104, 53641, 69445}"
marts_E01272,sesq,CC(C)=CCCC(C)=CCCC(C)=CCOP([O-])(=O)OP([O-])([O-])=O,CC(C)C1CCC(C)(O)C2CCC(C)=CC21,['CC(C)=CCCC(C)=CCCC(C)=CCOP([O-])(=O)OP([O-])([O-])=O'],['CC(C)C1CCC(C)(O)C2CCC(C)=CC21'],"{78272, 69449, 32012, 54053}"
marts_E01273,sesq,CC(C)=CCCC(C)=CCCC(C)=CCOP([O-])(=O)OP([O-])([O-])=O,CC(C)=CCCC(C)=CCCC(=C)C=C,['CC(C)=CCCC(C)=CCCC(C)=CCOP([O-])(=O)OP([O-])([O-])=O'],['CC(C)=CCCC(C)=CCCC(=C)C=C'],"{68545, 27426, 68857, 68505, 68509}"
marts_E01274,sesq,CC(C)=CCCC(C)=CCCC(C)=CCOP([O-])(=O)OP([O-])([O-])=O,CC12CCC3C(C)CCC3(C1)C(O2)C(C)C,['CC(C)=CCCC(C)=CCCC(C)=CCOP([O-])(=O)OP([O-])([O-])=O'],['CC12CCC3C(C)CCC3(C1)C(O2)C(C)C'],{53645}
marts_E01274,sesq,CC(C)=CCCC(C)=CCCC(C)=CCOP([O-])(=O)OP([O-])([O-])=O,CC12CC3C(CC1)C(C)CCC3(O2)C(C)C,['CC(C)=CCCC(C)=CCCC(C)=CCOP([O-])(=O)OP([O-])([O-])=O'],['CC12CC3C(CC1)C(C)CCC3(O2)C(C)C'],{53649}
marts_E01274,sesq,CC(C)=CCCC(C)=CCCC(C)=CCOP([O-])(=O)OP([O-])([O-])=O,CC1CCC2C(C)CCC(C(C)C)=C2C=1,['CC(C)=CCCC(C)=CCCC(C)=CCOP([O-])(=O)OP([O-])([O-])=O'],['CC1CCC2C(C)CCC(C(C)C)=C2C=1'],set()
marts_E01274,sesq,CC(C)=CCCC(C)=CCCC(C)=CCOP([O-])(=O)OP([O-])([O-])=O,CC1CCC2C(C=1)C(CCC2=C)C(C)C,['CC(C)=CCCC(C)=CCCC(C)=CCOP([O-])(=O)OP([O-])([O-])=O'],['CC1CCC2C(C=1)C(CCC2=C)C(C)C'],"{28640, 68849, 31828, 33108}"
marts_E01274,sesq,CC(C)=CCCC(C)=CCCC(C)=CCOP([O-])(=O)OP([O-])([O-])=O,CC(C)C1CCC(C)=C2CCC(C)=CC21,['CC(C)=CCCC(C)=CCCC(C)=CCOP([O-])(=O)OP([O-])([O-])=O'],['CC(C)C1CCC(C)=C2CCC(C)=CC21'],"{32016, 56557, 19526}"
marts_E01274,sesq,CC(C)=CCCC(C)=CCCC(C)=CCOP([O-])(=O)OP([O-])([O-])=O,CC(C)C1CC=C(C)C2CCC(C)=CC21,['CC(C)=CCCC(C)=CCCC(C)=CCOP([O-])(=O)OP([O-])([O-])=O'],['CC(C)C1CC=C(C)C2CCC(C)=CC21'],"{33104, 53641, 69445}"
marts_E01274,sesq,CC(C)=CCCC(C)=CCCC(C)=CCOP([O-])(=O)OP([O-])([O-])=O,CC(C)C1CCC(C)(O)C2CCC(C)=CC21,['CC(C)=CCCC(C)=CCCC(C)=CCOP([O-])(=O)OP([O-])([O-])=O'],['CC(C)C1CCC(C)(O)C2CCC(C)=CC21'],"{78272, 69449, 32012, 54053}"
marts_E01275,sesq,CC(C)=CCCC(C)=CCCC(C)=CCOP([O-])(=O)OP([O-])([O-])=O,CC12CCC3C(C)CCC3(C1)C(O2)C(C)C,['CC(C)=CCCC(C)=CCCC(C)=CCOP([O-])(=O)OP([O-])([O-])=O'],['CC12CCC3C(C)CCC3(C1)C(O2)C(C)C'],{53645}
marts_E01275,sesq,CC(C)=CCCC(C)=CCCC(C)=CCOP([O-])(=O)OP([O-])([O-])=O,CC12CC3C(CC1)C(C)CCC3(O2)C(C)C,['CC(C)=CCCC(C)=CCCC(C)=CCOP([O-])(=O)OP([O-])([O-])=O'],['CC12CC3C(CC1)C(C)CCC3(O2)C(C)C'],{53649}
marts_E01275,sesq,CC(C)=CCCC(C)=CCCC(C)=CCOP([O-])(=O)OP([O-])([O-])=O,CC1CCC2C(C)CCC(C(C)C)=C2C=1,['CC(C)=CCCC(C)=CCCC(C)=CCOP([O-])(=O)OP([O-])([O-])=O'],['CC1CCC2C(C)CCC(C(C)C)=C2C=1'],set()
marts_E01275,sesq,CC(C)=CCCC(C)=CCCC(C)=CCOP([O-])(=O)OP([O-])([O-])=O,CC1CCC2C(C=1)C(CCC2=C)C(C)C,['CC(C)=CCCC(C)=CCCC(C)=CCOP([O-])(=O)OP([O-])([O-])=O'],['CC1CCC2C(C=1)C(CCC2=C)C(C)C'],"{28640, 68849, 31828, 33108}"
marts_E01275,sesq,CC(C)=CCCC(C)=CCCC(C)=CCOP([O-])(=O)OP([O-])([O-])=O,CC(C)C1CCC(C)=C2CCC(C)=CC21,['CC(C)=CCCC(C)=CCCC(C)=CCOP([O-])(=O)OP([O-])([O-])=O'],['CC(C)C1CCC(C)=C2CCC(C)=CC21'],"{32016, 56557, 19526}"
marts_E01275,sesq,CC(C)=CCCC(C)=CCCC(C)=CCOP([O-])(=O)OP([O-])([O-])=O,CC(C)C1CC=C(C)C2CCC(C)=CC21,['CC(C)=CCCC(C)=CCCC(C)=CCOP([O-])(=O)OP([O-])([O-])=O'],['CC(C)C1CC=C(C)C2CCC(C)=CC21'],"{33104, 53641, 69445}"
marts_E01275,sesq,CC(C)=CCCC(C)=CCCC(C)=CCOP([O-])(=O)OP([O-])([O-])=O,CC(C)C1CCC(C)(O)C2CCC(C)=CC21,['CC(C)=CCCC(C)=CCCC(C)=CCOP([O-])(=O)OP([O-])([O-])=O'],['CC(C)C1CCC(C)(O)C2CCC(C)=CC21'],"{78272, 69449, 32012, 54053}"
marts_E01276,sesq,CC(C)=CCCC(C)=CCCC(C)=CCOP([O-])(=O)OP([O-])([O-])=O,CC1CCC2C(C=1)C(CCC2=C)C(C)C,['CC(C)=CCCC(C)=CCCC(C)=CCOP([O-])(=O)OP([O-])([O-])=O'],['CC1CCC2C(C=1)C(CCC2=C)C(C)C'],"{28640, 68849, 31828, 33108}"
marts_E01276,sesq,CC(C)=CCCC(C)=CCCC(C)=CCOP([O-])(=O)OP([O-])([O-])=O,CC(C)C1CCC(C)(O)C2CCC(C)=CC21,['CC(C)=CCCC(C)=CCCC(C)=CCOP([O-])(=O)OP([O-])([O-])=O'],['CC(C)C1CCC(C)(O)C2CCC(C)=CC21'],"{78272, 69449, 32012, 54053}"
marts_E01276,sesq,CC(C)=CCCC(C)=CCCC(C)=CCOP([O-])(=O)OP([O-])([O-])=O,CC(C)C1CCC(C)=C2CCC(C)=CC21,['CC(C)=CCCC(C)=CCCC(C)=CCOP([O-])(=O)OP([O-])([O-])=O'],['CC(C)C1CCC(C)=C2CCC(C)=CC21'],"{32016, 56557, 19526}"
marts_E01276,sesq,CC(C)=CCCC(C)=CCCC(C)=CCOP([O-])(=O)OP([O-])([O-])=O,CC1CCC(C=CC(=C)CCC=1)C(C)C,['CC(C)=CCCC(C)=CCCC(C)=CCOP([O-])(=O)OP([O-])([O-])=O'],['CC1CCC(C=CC(=C)CCC=1)C(C)C'],"{12017, 30428, 68717}"
marts_E01276,sesq,CC(C)=CCCC(C)=CCCC(C)=CCOP([O-])(=O)OP([O-])([O-])=O,CC1CCC(CC=C(C)CCC=1)C(C)=C,['CC(C)=CCCC(C)=CCCC(C)=CCOP([O-])(=O)OP([O-])([O-])=O'],['CC1CCC(CC=C(C)CCC=1)C(C)=C'],"{68777, 25453, 12517}"
marts_E01276,sesq,CC(C)=CCCC(C)=CCCC(C)=CCOP([O-])(=O)OP([O-])([O-])=O,CC(C)C1CC=C(C)C2CCC(C)=CC21,['CC(C)=CCCC(C)=CCCC(C)=CCOP([O-])(=O)OP([O-])([O-])=O'],['CC(C)C1CC=C(C)C2CCC(C)=CC21'],"{33104, 53641, 69445}"
marts_E01276,sesq,CC(C)=CCCC(C)=CCCC(C)=CCOP([O-])(=O)OP([O-])([O-])=O,CC(C)C1CC=C(C)C2CCC(C)=CC21,['CC(C)=CCCC(C)=CCCC(C)=CCOP([O-])(=O)OP([O-])([O-])=O'],['CC(C)C1CC=C(C)C2CCC(C)=CC21'],"{33104, 53641, 69445}"
marts_E01276,sesq,CC(C)=CCCC(C)=CCCC(C)=CCOP([O-])(=O)OP([O-])([O-])=O,CC1CCC2C(C=1)C(CCC2=C)C(C)C,['CC(C)=CCCC(C)=CCCC(C)=CCOP([O-])(=O)OP([O-])([O-])=O'],['CC1CCC2C(C=1)C(CCC2=C)C(C)C'],"{28640, 68849, 31828, 33108}"
marts_E01276,sesq,CC(C)=CCCC(C)=CCCC(C)=CCOP([O-])(=O)OP([O-])([O-])=O,CC1CCC2C(CC2(C)C)C(=C)CCC=1,['CC(C)=CCCC(C)=CCCC(C)=CCOP([O-])(=O)OP([O-])([O-])=O'],['CC1CCC2C(CC2(C)C)C(=C)CCC=1'],"{31816, 34704, 28295}"
marts_E01277,pt,CC(C)=CCOP([O-])(=O)OP([O-])([O-])=O.CC(=C)CCOP([O-])(=O)OP([O-])([O-])=O,CC(C)=CCCC(C)=CCCC(C)=CCOP([O-])(=O)OP([O-])([O-])=O,"['CC(C)=CCOP([O-])(=O)OP([O-])([O-])=O', 'CC(=C)CCOP([O-])(=O)OP([O-])([O-])=O']",['CC(C)=CCCC(C)=CCCC(C)=CCOP([O-])(=O)OP([O-])([O-])=O'],{27811}
marts_E01277,pt,CC(C)=CCCC(C)=CCOP([O-])(=O)OP([O-])([O-])=O.CC(=C)CCOP([O-])(=O)OP([O-])([O-])=O,CC(C)=CCCC(C)=CCCC(C)=CCOP([O-])(=O)OP([O-])([O-])=O,"['CC(C)=CCCC(C)=CCOP([O-])(=O)OP([O-])([O-])=O', 'CC(=C)CCOP([O-])(=O)OP([O-])([O-])=O']",['CC(C)=CCCC(C)=CCCC(C)=CCOP([O-])(=O)OP([O-])([O-])=O'],"{19362, 64573, 23301}"
marts_E01280,sesq,CC(C)=CCCC(C)=CCCC(C)=CCOP([O-])(=O)OP([O-])([O-])=O,CC(C)=CCCC(C)C12CC1C(=C)CC2,['CC(C)=CCCC(C)=CCCC(C)=CCOP([O-])(=O)OP([O-])([O-])=O'],['CC(C)=CCCC(C)C12CC1C(=C)CC2'],"{60017, 60021}"
marts_E01280,sesq,CC(C)=CCCC(C)=CCCC(C)=CCOP([O-])(=O)OP([O-])([O-])=O,CC(C)=CCCC(C)C1CCC(=C)C=C1,['CC(C)=CCCC(C)=CCCC(C)=CCOP([O-])(=O)OP([O-])([O-])=O'],['CC(C)=CCCC(C)C1CCC(=C)C=C1'],{32700}
marts_E01281,sesq,CC(C)=CCCC(C)=CCCC(C)=CCOP([O-])(=O)OP([O-])([O-])=O,CC(C)=CCCC(C)C12CC1C(=C)CC2,['CC(C)=CCCC(C)=CCCC(C)=CCOP([O-])(=O)OP([O-])([O-])=O'],['CC(C)=CCCC(C)C12CC1C(=C)CC2'],"{60017, 60021}"
marts_E01281,sesq,CC(C)=CCCC(C)=CCCC(C)=CCOP([O-])(=O)OP([O-])([O-])=O,CC(C)=CCCC(C)C1CCC(=C)C=C1,['CC(C)=CCCC(C)=CCCC(C)=CCOP([O-])(=O)OP([O-])([O-])=O'],['CC(C)=CCCC(C)C1CCC(=C)C=C1'],{32700}
marts_E01283,sesq,CC(C)=CCCC(C)=CCCC(C)=CCOP([O-])(=O)OP([O-])([O-])=O,CC1CCC=C(C)CCC(=CC=1)C(C)C,['CC(C)=CCCC(C)=CCCC(C)=CCOP([O-])(=O)OP([O-])([O-])=O'],['CC1CCC=C(C)CCC(=CC=1)C(C)C'],"{68773, 28303}"
marts_E01283,sesq,CC(C)=CCCC(C)=CCCC(C)=CCOP([O-])(=O)OP([O-])([O-])=O,CC1CCC(CC=C(C)CCC=1)C(C)=C,['CC(C)=CCCC(C)=CCCC(C)=CCOP([O-])(=O)OP([O-])([O-])=O'],['CC1CCC(CC=C(C)CCC=1)C(C)=C'],"{68777, 25453, 12517}"
marts_E01283,sesq,CC(C)=CCCC(C)=CCCC(C)=CCOP([O-])(=O)OP([O-])([O-])=O,CC1CCCC2(C)CCC(=CC2=1)C(C)C,['CC(C)=CCCC(C)=CCCC(C)=CCOP([O-])(=O)OP([O-])([O-])=O'],['CC1CCCC2(C)CCC(=CC2=1)C(C)C'],"{30424, 25441}"
marts_E01283,sesq,CC(C)=CCCC(C)=CCCC(C)=CCOP([O-])(=O)OP([O-])([O-])=O,CC(C)=C1CC=C(C)CCC=C(C)CC1,['CC(C)=CCCC(C)=CCCC(C)=CCOP([O-])(=O)OP([O-])([O-])=O'],['CC(C)=C1CC=C(C)CCC=C(C)CC1'],{25445}
marts_E01283,sesq,CC(C)=CCCC(C)=CCCC(C)=CCOP([O-])(=O)OP([O-])([O-])=O,CC1CCC(C=CC(=C)CCC=1)C(C)C,['CC(C)=CCCC(C)=CCCC(C)=CCOP([O-])(=O)OP([O-])([O-])=O'],['CC1CCC(C=CC(=C)CCC=1)C(C)C'],"{12017, 30428, 68717}"
marts_E01284,sesq,CC(C)=CCCC(C)=CCCC(C)=CCOP([O-])(=O)OP([O-])([O-])=O,CC(C)=CCC=C(C)C1CC=C(C)CC1,['CC(C)=CCCC(C)=CCCC(C)=CCOP([O-])(=O)OP([O-])([O-])=O'],['CC(C)=CCC=C(C)C1CC=C(C)CC1'],"{68845, 68817, 68533, 68473, 25437}"
marts_E01285,sesq,CC(C)=CCCC(C)=CCCC(C)=CCOP([O-])(=O)OP([O-])([O-])=O,CC1CCC(C=CC(=C)CCC=1)C(C)C,['CC(C)=CCCC(C)=CCCC(C)=CCOP([O-])(=O)OP([O-])([O-])=O'],['CC1CCC(C=CC(=C)CCC=1)C(C)C'],"{12017, 30428, 68717}"
marts_E01285,sesq,CC(C)=CCCC(C)=CCCC(C)=CCOP([O-])(=O)OP([O-])([O-])=O,CC1CCC(CC=C(C)CCC=1)C(C)=C,['CC(C)=CCCC(C)=CCCC(C)=CCOP([O-])(=O)OP([O-])([O-])=O'],['CC1CCC(CC=C(C)CCC=1)C(C)=C'],"{68777, 25453, 12517}"
marts_E01285,sesq,CC(C)=CCCC(C)=CCCC(C)=CCOP([O-])(=O)OP([O-])([O-])=O,CC1CCC2C(CC2(C)C)C(=C)CCC=1,['CC(C)=CCCC(C)=CCCC(C)=CCOP([O-])(=O)OP([O-])([O-])=O'],['CC1CCC2C(CC2(C)C)C(=C)CCC=1'],"{31816, 34704, 28295}"
marts_E01285,sesq,CC(C)=CCCC(C)=CCCC(C)=CCOP([O-])(=O)OP([O-])([O-])=O,CC1CCC=C(C)CC=CC(C)(C)CC=1,['CC(C)=CCCC(C)=CCCC(C)=CCOP([O-])(=O)OP([O-])([O-])=O'],['CC1CCC=C(C)CC=CC(C)(C)CC=1'],"{31896, 68781}"
marts_E01286,sesq,CC(C)=CCCC(C)=CCCC(C)=CCOP([O-])(=O)OP([O-])([O-])=O,CC1CCC2C(CC2(C)C)C(=C)CCC=1,['CC(C)=CCCC(C)=CCCC(C)=CCOP([O-])(=O)OP([O-])([O-])=O'],['CC1CCC2C(CC2(C)C)C(=C)CCC=1'],"{31816, 34704, 28295}"
marts_E01286,sesq,CC(C)=CCCC(C)=CCCC(C)=CCOP([O-])(=O)OP([O-])([O-])=O,CC1CCC(CC=C(C)CCC=1)C(C)=C,['CC(C)=CCCC(C)=CCCC(C)=CCOP([O-])(=O)OP([O-])([O-])=O'],['CC1CCC(CC=C(C)CCC=1)C(C)=C'],"{68777, 25453, 12517}"
marts_E01286,sesq,CC(C)=CCCC(C)=CCCC(C)=CCOP([O-])(=O)OP([O-])([O-])=O,CC1CCC=C(C)CC=CC(C)(C)CC=1,['CC(C)=CCCC(C)=CCCC(C)=CCOP([O-])(=O)OP([O-])([O-])=O'],['CC1CCC=C(C)CC=CC(C)(C)CC=1'],"{31896, 68781}"
marts_E01287,sesq,CC(C)=CCCC(C)=CCCC(C)=CCOP([O-])(=O)OP([O-])([O-])=O,CC1CCC2C(CC2(C)C)C(=C)CCC=1,['CC(C)=CCCC(C)=CCCC(C)=CCOP([O-])(=O)OP([O-])([O-])=O'],['CC1CCC2C(CC2(C)C)C(=C)CCC=1'],"{31816, 34704, 28295}"
marts_E01287,sesq,CC(C)=CCCC(C)=CCCC(C)=CCOP([O-])(=O)OP([O-])([O-])=O,CC1CCC=C(C)CC=CC(C)(C)CC=1,['CC(C)=CCCC(C)=CCCC(C)=CCOP([O-])(=O)OP([O-])([O-])=O'],['CC1CCC=C(C)CC=CC(C)(C)CC=1'],"{31896, 68781}"
marts_E01287,sesq,CC(C)=CCCC(C)=CCCC(C)=CCOP([O-])(=O)OP([O-])([O-])=O,CC1CCC(CC=C(C)CCC=1)C(C)=C,['CC(C)=CCCC(C)=CCCC(C)=CCOP([O-])(=O)OP([O-])([O-])=O'],['CC1CCC(CC=C(C)CCC=1)C(C)=C'],"{68777, 25453, 12517}"
marts_E01287,sesq,CC(C)=CCCC(C)=CCCC(C)=CCOP([O-])(=O)OP([O-])([O-])=O,CC1CCC(C=CC(=C)CCC=1)C(C)C,['CC(C)=CCCC(C)=CCCC(C)=CCOP([O-])(=O)OP([O-])([O-])=O'],['CC1CCC(C=CC(=C)CCC=1)C(C)C'],"{12017, 30428, 68717}"
marts_E01288,sesq,CC(C)=CCCC(C)=CCCC(C)=CCOP([O-])(=O)OP([O-])([O-])=O,CC1CCC2C(CC2(C)C)C(=C)CCC=1,['CC(C)=CCCC(C)=CCCC(C)=CCOP([O-])(=O)OP([O-])([O-])=O'],['CC1CCC2C(CC2(C)C)C(=C)CCC=1'],"{31816, 34704, 28295}"
marts_E01288,sesq,CC(C)=CCCC(C)=CCCC(C)=CCOP([O-])(=O)OP([O-])([O-])=O,CC1CCC(CC=C(C)CCC=1)C(C)=C,['CC(C)=CCCC(C)=CCCC(C)=CCOP([O-])(=O)OP([O-])([O-])=O'],['CC1CCC(CC=C(C)CCC=1)C(C)=C'],"{68777, 25453, 12517}"
marts_E01288,sesq,CC(C)=CCCC(C)=CCCC(C)=CCOP([O-])(=O)OP([O-])([O-])=O,CC1CCC=C(C)CC=CC(C)(C)CC=1,['CC(C)=CCCC(C)=CCCC(C)=CCOP([O-])(=O)OP([O-])([O-])=O'],['CC1CCC=C(C)CC=CC(C)(C)CC=1'],"{31896, 68781}"
marts_E01289,sesq,CC(C)=CCCC(C)=CCCC(C)=CCOP([O-])(=O)OP([O-])([O-])=O,CC1CCC2C(CC2(C)C)C(=C)CCC=1,['CC(C)=CCCC(C)=CCCC(C)=CCOP([O-])(=O)OP([O-])([O-])=O'],['CC1CCC2C(CC2(C)C)C(=C)CCC=1'],"{31816, 34704, 28295}"
marts_E01289,sesq,CC(C)=CCCC(C)=CCCC(C)=CCOP([O-])(=O)OP([O-])([O-])=O,CC1CCC(CC=C(C)CCC=1)C(C)=C,['CC(C)=CCCC(C)=CCCC(C)=CCOP([O-])(=O)OP([O-])([O-])=O'],['CC1CCC(CC=C(C)CCC=1)C(C)=C'],"{68777, 25453, 12517}"
marts_E01289,sesq,CC(C)=CCCC(C)=CCCC(C)=CCOP([O-])(=O)OP([O-])([O-])=O,CC1CCC=C(C)CC=CC(C)(C)CC=1,['CC(C)=CCCC(C)=CCCC(C)=CCOP([O-])(=O)OP([O-])([O-])=O'],['CC1CCC=C(C)CC=CC(C)(C)CC=1'],"{31896, 68781}"
marts_E01290,sesq,CC(C)=CCCC(C)=CCCC(C)=CCOP([O-])(=O)OP([O-])([O-])=O,CC1CCC2C(CC2(C)C)C(=C)CCC=1,['CC(C)=CCCC(C)=CCCC(C)=CCOP([O-])(=O)OP([O-])([O-])=O'],['CC1CCC2C(CC2(C)C)C(=C)CCC=1'],"{31816, 34704, 28295}"
marts_E01290,sesq,CC(C)=CCCC(C)=CCCC(C)=CCOP([O-])(=O)OP([O-])([O-])=O,CC1CCC=C(C)CC=CC(C)(C)CC=1,['CC(C)=CCCC(C)=CCCC(C)=CCOP([O-])(=O)OP([O-])([O-])=O'],['CC1CCC=C(C)CC=CC(C)(C)CC=1'],"{31896, 68781}"
marts_E01290,sesq,CC(C)=CCCC(C)=CCCC(C)=CCOP([O-])(=O)OP([O-])([O-])=O,CC1CCC(CC=C(C)CCC=1)C(C)=C,['CC(C)=CCCC(C)=CCCC(C)=CCOP([O-])(=O)OP([O-])([O-])=O'],['CC1CCC(CC=C(C)CCC=1)C(C)=C'],"{68777, 25453, 12517}"
marts_E01291,sesq,CC(C)=CCCC(C)=CCCC(C)=CCOP([O-])(=O)OP([O-])([O-])=O,CC1CCC2C(CC2(C)C)C(=C)CCC=1,['CC(C)=CCCC(C)=CCCC(C)=CCOP([O-])(=O)OP([O-])([O-])=O'],['CC1CCC2C(CC2(C)C)C(=C)CCC=1'],"{31816, 34704, 28295}"
marts_E01291,sesq,CC(C)=CCCC(C)=CCCC(C)=CCOP([O-])(=O)OP([O-])([O-])=O,CC1CCC=C(C)CC=CC(C)(C)CC=1,['CC(C)=CCCC(C)=CCCC(C)=CCOP([O-])(=O)OP([O-])([O-])=O'],['CC1CCC=C(C)CC=CC(C)(C)CC=1'],"{31896, 68781}"
marts_E01292,sesq,CC(C)=CCCC(C)=CCCC(C)=CCOP([O-])(=O)OP([O-])([O-])=O,CC(C)=CCCC(C)C1CCC(C)=CC=1,['CC(C)=CCCC(C)=CCCC(C)=CCOP([O-])(=O)OP([O-])([O-])=O'],['CC(C)=CCCC(C)C1CCC(C)=CC=1'],"{32032, 68785}"
marts_E01292,mono,CC(C)=CCCC(C)=CCOP([O-])(=O)OP([O-])([O-])=O,CC(C)=CCCC(C)(O)C=C,['CC(C)=CCCC(C)=CCOP([O-])(=O)OP([O-])([O-])=O'],['CC(C)=CCCC(C)(O)C=C'],"{15810, 68709, 24117}"
marts_E01292,mono,CC(C)=CCCC(C)=CCOP([O-])(=O)OP([O-])([O-])=O,CC(C)=CCCC(C)(O)C=C,['CC(C)=CCCC(C)=CCOP([O-])(=O)OP([O-])([O-])=O'],['CC(C)=CCCC(C)(O)C=C'],"{15810, 68709, 24117}"
marts_E01293,sesq,CC(C)=CCCC(C)=CCCC(C)=CCOP([O-])(=O)OP([O-])([O-])=O,CC1CCC(CC=C(C)CCC=1)C(C)(C)O,['CC(C)=CCCC(C)=CCCC(C)=CCOP([O-])(=O)OP([O-])([O-])=O'],['CC1CCC(CC=C(C)CCC=1)C(C)(C)O'],"{54057, 54061}"
marts_E01293,sesq,CC(C)=CCCC(C)=CCCC(C)=CCOP([O-])(=O)OP([O-])([O-])=O,CC1CCC2C(CC2(C)C)C(=C)CCC=1,['CC(C)=CCCC(C)=CCCC(C)=CCOP([O-])(=O)OP([O-])([O-])=O'],['CC1CCC2C(CC2(C)C)C(=C)CCC=1'],"{31816, 34704, 28295}"
marts_E01293,sesq,CC(C)=CCCC(C)=CCCC(C)=CCOP([O-])(=O)OP([O-])([O-])=O,CC1CCC=C(C)CC=CC(C)(C)CC=1,['CC(C)=CCCC(C)=CCCC(C)=CCOP([O-])(=O)OP([O-])([O-])=O'],['CC1CCC=C(C)CC=CC(C)(C)CC=1'],"{31896, 68781}"
marts_E01293,sesq,CC(C)=CCCC(C)=CCCC(C)=CCOP([O-])(=O)OP([O-])([O-])=O,CC1CCC(CC=C(C)CCC=1)C(C)=C,['CC(C)=CCCC(C)=CCCC(C)=CCOP([O-])(=O)OP([O-])([O-])=O'],['CC1CCC(CC=C(C)CCC=1)C(C)=C'],"{68777, 25453, 12517}"
marts_E01294,sesq,CC(C)=CCCC(C)=CCCC(C)=CCOP([O-])(=O)OP([O-])([O-])=O,CC1CCC(CC=C(C)CCC=1)C(C)=C,['CC(C)=CCCC(C)=CCCC(C)=CCOP([O-])(=O)OP([O-])([O-])=O'],['CC1CCC(CC=C(C)CCC=1)C(C)=C'],"{68777, 25453, 12517}"
marts_E01294,sesq,CC(C)=CCCC(C)=CCCC(C)=CCOP([O-])(=O)OP([O-])([O-])=O,CC(=C)C1CC2(C)C(C)CCC=C2CC1,['CC(C)=CCCC(C)=CCCC(C)=CCOP([O-])(=O)OP([O-])([O-])=O'],['CC(=C)C1CC2(C)C(C)CCC=C2CC1'],"{29512, 58169, 52805}"
marts_E01294,sesq,CC(C)=CCCC(C)=CCCC(C)=CCOP([O-])(=O)OP([O-])([O-])=O,CC1=CCCC2(C)CCC(CC21)C(C)=C,['CC(C)=CCCC(C)=CCCC(C)=CCOP([O-])(=O)OP([O-])([O-])=O'],['CC1=CCCC2(C)CCC(CC21)C(C)=C'],"{30384, 31820, 47053}"
marts_E01295,sesq,CC(C)=CCCC(C)=CCCC(C)=CCOP([O-])(=O)OP([O-])([O-])=O,CC1CCC=C(C)CCC2C(C=1)C2(C)C,['CC(C)=CCCC(C)=CCCC(C)=CCOP([O-])(=O)OP([O-])([O-])=O'],['CC1CCC=C(C)CCC2C(C=1)C2(C)C'],{32000}
marts_E01296,sesq,CC(C)=CCCC(C)=CCCC(C)=CCOP([O-])(=O)OP([O-])([O-])=O,CC(C)=CCCC(C)(O)C1CC=C(C)CC1,['CC(C)=CCCC(C)=CCCC(C)=CCOP([O-])(=O)OP([O-])([O-])=O'],['CC(C)=CCCC(C)(O)C1CC=C(C)CC1'],{34504}
marts_E01297,di,CC1(C)CCCC2(C)C1CCC(=C)C2CCC(C)=CCOP([O-])(=O)OP([O-])([O-])=O,CC1(C)CCCC2(C)C1CCC13CC(CCC21)C(=C)C3,['CC1(C)CCCC2(C)C1CCC(=C)C2CCC(C)=CCOP([O-])(=O)OP([O-])([O-])=O'],['CC1(C)CCCC2(C)C1CCC13CC(CCC21)C(=C)C3'],{22221}
marts_E01298,di,CC1(C)CCCC2(C)C1CCC(C)C2(O)CCC(C)=CCOP([O-])(=O)OP([O-])([O-])=O,CC1(C)CCCC2(C)C1CCC(C)C12CCC(C)(C=C)O1,['CC1(C)CCCC2(C)C1CCC(C)C2(O)CCC(C)=CCOP([O-])(=O)OP([O-])([O-])=O'],['CC1(C)CCCC2(C)C1CCC(C)C12CCC(C)(C=C)O1'],{54513}
marts_E01298,di,CC1(C)CCCC2(C)C1CCC(=C)C2CCC(C)=CCOP([O-])(=O)OP([O-])([O-])=O,CC1(C)CCCC2(C)C1CCC1CC(=CCC2=1)C(C)C,['CC1(C)CCCC2(C)C1CCC(=C)C2CCC(C)=CCOP([O-])(=O)OP([O-])([O-])=O'],['CC1(C)CCCC2(C)C1CCC1CC(=CCC2=1)C(C)C'],{33984}
marts_E01298,di,CC1(C)CCCC2(C)C1CCC(C)(O)C2CCC(C)=CCOP([O-])(=O)OP([O-])([O-])=O,CC1(C)CCCC2(C)C1CCC1(C)OC(C)(CCC12)C=C,['CC1(C)CCCC2(C)C1CCC(C)(O)C2CCC(C)=CCOP([O-])(=O)OP([O-])([O-])=O'],['CC1(C)CCCC2(C)C1CCC1(C)OC(C)(CCC12)C=C'],"{18722, 54517}"
marts_E01299,di,CC(C)=CCCC(C)=CCCC(C)=CCCC(C)=CCOP([O-])(=O)OP([O-])([O-])=O,CC1(C)CCCC2(C)C1CCC(C)C2(O)CCC(C)=CCOP([O-])(=O)OP([O-])([O-])=O,['CC(C)=CCCC(C)=CCCC(C)=CCCC(C)=CCOP([O-])(=O)OP([O-])([O-])=O'],['CC1(C)CCCC2(C)C1CCC(C)C2(O)CCC(C)=CCOP([O-])(=O)OP([O-])([O-])=O'],{54654}
marts_E01300,di,CC(C)=CCCC(C)=CCCC(C)=CCCC(C)=CCOP([O-])(=O)OP([O-])([O-])=O,CC1(C)CCCC2(C)C1CCC(=C)C2CCC(C)=CCOP([O-])(=O)OP([O-])([O-])=O,['CC(C)=CCCC(C)=CCCC(C)=CCCC(C)=CCOP([O-])(=O)OP([O-])([O-])=O'],['CC1(C)CCCC2(C)C1CCC(=C)C2CCC(C)=CCOP([O-])(=O)OP([O-])([O-])=O'],"{14842, 24317, 25525}"
marts_E01301,mono,CC(C)=CCCC(C)=CCOP([O-])(=O)OP([O-])([O-])=O,CC1CC=C(CC=1)C(C)C,['CC(C)=CCCC(C)=CCOP([O-])(=O)OP([O-])([O-])=O'],['CC1CC=C(CC=1)C(C)C'],{32560}
marts_E01301,mono,CC(C)=CCCC(C)=CCOP([O-])(=O)OP([O-])([O-])=O,CC(C)C12CC=C(C)C1C2,['CC(C)=CCCC(C)=CCOP([O-])(=O)OP([O-])([O-])=O'],['CC(C)C12CC=C(C)C1C2'],{68645}
marts_E01301,mono,CC(C)=CCCC(C)=CCOP([O-])(=O)OP([O-])([O-])=O,CC(C)=CCCC(=C)C=C,['CC(C)=CCCC(C)=CCOP([O-])(=O)OP([O-])([O-])=O'],['CC(C)=CCCC(=C)C=C'],{16966}
marts_E01301,mono,CC(C)=CCCC(C)=CCOP([O-])(=O)OP([O-])([O-])=O,CC1CCC(=CC=1)C(C)C,['CC(C)=CCCC(C)=CCOP([O-])(=O)OP([O-])([O-])=O'],['CC1CCC(=CC=1)C(C)C'],{32564}
marts_E01301,mono,CC(C)=CCCC(C)=CCOP([O-])(=O)OP([O-])([O-])=O,CC1=CCC2CC1C2(C)C,['CC(C)=CCCC(C)=CCOP([O-])(=O)OP([O-])([O-])=O'],['CC1=CCC2CC1C2(C)C'],"{32576, 25489, 25663}"
marts_E01301,mono,CC(C)=CCCC(C)=CCOP([O-])(=O)OP([O-])([O-])=O,CC(C)C12CCC(=C)C1C2,['CC(C)=CCCC(C)=CCOP([O-])(=O)OP([O-])([O-])=O'],['CC(C)C12CCC(=C)C1C2'],"{68637, 32548, 25509}"
marts_E01302,sesq,CC(C)=CCCC(C)=CCCC(C)=CCOP([O-])(=O)OP([O-])([O-])=O,CC1CCC2C(C3C1CCC3=C)C2(C)C,['CC(C)=CCCC(C)=CCCC(C)=CCOP([O-])(=O)OP([O-])([O-])=O'],['CC1CCC2C(C3C1CCC3=C)C2(C)C'],{83288}
marts_E01304,sesq,CC(C)=CCCC(C)=CCCC(C)=CCOP([O-])(=O)OP([O-])([O-])=O,CC1CCC2C1CC(CCC=2C)C(C)=C,['CC(C)=CCCC(C)=CCCC(C)=CCOP([O-])(=O)OP([O-])([O-])=O'],['CC1CCC2C1CC(CCC=2C)C(C)=C'],{31832}
marts_E01304,sesq,CC(C)=CCCC(C)=CCCC(C)=CCOP([O-])(=O)OP([O-])([O-])=O,CC1CCC(CC=C(C)CCC=1)C(C)=C,['CC(C)=CCCC(C)=CCCC(C)=CCOP([O-])(=O)OP([O-])([O-])=O'],['CC1CCC(CC=C(C)CCC=1)C(C)=C'],"{68777, 25453, 12517}"
marts_E01304,sesq,CC(C)=CCCC(C)=CCCC(C)=CCOP([O-])(=O)OP([O-])([O-])=O,CC(=C)C1CC2C(C)CCC=2C(C)CC1,['CC(C)=CCCC(C)=CCCC(C)=CCOP([O-])(=O)OP([O-])([O-])=O'],['CC(=C)C1CC2C(C)CCC=2C(C)CC1'],{31808}
marts_E01305,sesq,CC(C)=CCCC(C)=CCCC(C)=CCOP([O-])(=O)OP([O-])([O-])=O,CC1CC2CC(C)(C)CC=2C(C)CCC=1,['CC(C)=CCCC(C)=CCCC(C)=CCOP([O-])(=O)OP([O-])([O-])=O'],['CC1CC2CC(C)(C)CC=2C(C)CCC=1'],{53633}
marts_E01306,sesq,CC(C)=CCCC(C)=CCCC(C)=CCOP([O-])(=O)OP([O-])([O-])=O,CC1(C)CC2C(C1)C=C(C)C1CCC21C,['CC(C)=CCCC(C)=CCCC(C)=CCOP([O-])(=O)OP([O-])([O-])=O'],['CC1(C)CC2C(C1)C=C(C)C1CCC21C'],{53629}
marts_E01306,sesq,CC(C)=CCCC(C)=CCCC(C)=CCOP([O-])(=O)OP([O-])([O-])=O,CC1(C)CC2C=C(C)C3CCC(C)C23C1,['CC(C)=CCCC(C)=CCCC(C)=CCOP([O-])(=O)OP([O-])([O-])=O'],['CC1(C)CC2C=C(C)C3CCC(C)C23C1'],{18082}
marts_E01307,di,CC(C)=CCCC(C)=CCCC(C)=CCCC(C)=CCOP([O-])(=O)OP([O-])([O-])=O,CC1CCC=C(C)CCC=C(C)CCC(=CC=1)C(C)C,['CC(C)=CCCC(C)=CCCC(C)=CCCC(C)=CCOP([O-])(=O)OP([O-])([O-])=O'],['CC1CCC=C(C)CCC=C(C)CCC(=CC=1)C(C)C'],{58173}
marts_E01308,di,CC(C)=CCCC(C)=CCCC(C)=CCCC(C)=CCOP([O-])(=O)OP([O-])([O-])=O,CC1CCC2C3C1CCC1(C)CCCC(C)(CC2=C)C13,['CC(C)=CCCC(C)=CCCC(C)=CCCC(C)=CCOP([O-])(=O)OP([O-])([O-])=O'],['CC1CCC2C3C1CCC1(C)CCCC(C)(CC2=C)C13'],{59225}
marts_E01308,di,CC(C)=CCCC(C)=CCCC(C)=CCCC(C)=CCOP([O-])(=O)OP([O-])([O-])=O,CC1CCC2C3C1CCC1(C)CCCC(C)(CC2(C)O)C13,['CC(C)=CCCC(C)=CCCC(C)=CCCC(C)=CCOP([O-])(=O)OP([O-])([O-])=O'],['CC1CCC2C3C1CCC1(C)CCCC(C)(CC2(C)O)C13'],{59233}
marts_E01308,di,CC(C)=CCCC(C)=CCCC(C)=CCCC(C)=CCOP([O-])(=O)OP([O-])([O-])=O,CC(C)=CCCC(C)C1CCC(C)C2CCC(C)=CC=21,['CC(C)=CCCC(C)=CCCC(C)=CCCC(C)=CCOP([O-])(=O)OP([O-])([O-])=O'],['CC(C)=CCCC(C)C1CCC(C)C2CCC(C)=CC=21'],{59237}
marts_E01308,di,CC(C)=CCCC(C)=CCCC(C)=CCCC(C)=CCOP([O-])(=O)OP([O-])([O-])=O,CC(C)=CCCC(C)C1CCC(C)=C2CCC(C)=CC21,['CC(C)=CCCC(C)=CCCC(C)=CCCC(C)=CCOP([O-])(=O)OP([O-])([O-])=O'],['CC(C)=CCCC(C)C1CCC(C)=C2CCC(C)=CC21'],set()
marts_E01308,di,CC(C)=CCCC(C)=CCCC(C)=CCCC(C)=CCOP([O-])(=O)OP([O-])([O-])=O,CC(C)=CCCC(C)C1CCC(=C)C2CCC(C)=CC21,['CC(C)=CCCC(C)=CCCC(C)=CCCC(C)=CCOP([O-])(=O)OP([O-])([O-])=O'],['CC(C)=CCCC(C)C1CCC(=C)C2CCC(C)=CC21'],set()
marts_E01309,sester,CC(C)=CCCC(C)=CCCC(C)=CCCC(C)=CCCC(C)=CCOP([O-])(=O)OP([O-])([O-])=O,CC(C)C1CCC2(C)CCC3(C)CC4C(CC5(C)C6CC6C54C)C3C21,['CC(C)=CCCC(C)=CCCC(C)=CCCC(C)=CCCC(C)=CCOP([O-])(=O)OP([O-])([O-])=O'],['CC(C)C1CCC2(C)CCC3(C)CC4C(CC5(C)C6CC6C54C)C3C21'],set()
marts_E01309,sester,CC(C)=CCCC(C)=CCCC(C)=CCCC(C)=CCCC(C)=CCOP([O-])(=O)OP([O-])([O-])=O,CC(C)C1CCC2(C)CCC3(C)CC4C(CC5CCC(=C)C45C)C3C21,['CC(C)=CCCC(C)=CCCC(C)=CCCC(C)=CCCC(C)=CCOP([O-])(=O)OP([O-])([O-])=O'],['CC(C)C1CCC2(C)CCC3(C)CC4C(CC5CCC(=C)C45C)C3C21'],set()
marts_E01309,sester,CC(C)=CCCC(C)=CCCC(C)=CCCC(C)=CCCC(C)=CCOP([O-])(=O)OP([O-])([O-])=O,CC(C)C1CCC2(C)CCC3(C)CC4C(CC5(C)C(C)CC=C54)C3C21,['CC(C)=CCCC(C)=CCCC(C)=CCCC(C)=CCCC(C)=CCOP([O-])(=O)OP([O-])([O-])=O'],['CC(C)C1CCC2(C)CCC3(C)CC4C(CC5(C)C(C)CC=C54)C3C21'],set()
marts_E01309,sester,CC(C)=CCCC(C)=CCCC(C)=CCCC(C)=CCCC(C)=CCOP([O-])(=O)OP([O-])([O-])=O,CC(C)C1CCC2(C)CCC3(C)CC4C(CC5(C)C=CCC54C)C3C21,['CC(C)=CCCC(C)=CCCC(C)=CCCC(C)=CCCC(C)=CCOP([O-])(=O)OP([O-])([O-])=O'],['CC(C)C1CCC2(C)CCC3(C)CC4C(CC5(C)C=CCC54C)C3C21'],set()
marts_E01309,sester,CC(C)=CCCC(C)=CCCC(C)=CCCC(C)=CCCC(C)=CCOP([O-])(=O)OP([O-])([O-])=O,CC(C)C1CCC2(C)CCC3(C)C=C4C(CC5(C)CCCC54C)C3C21,['CC(C)=CCCC(C)=CCCC(C)=CCCC(C)=CCCC(C)=CCOP([O-])(=O)OP([O-])([O-])=O'],['CC(C)C1CCC2(C)CCC3(C)C=C4C(CC5(C)CCCC54C)C3C21'],set()
marts_E01309,sester,CC(C)=CCCC(C)=CCCC(C)=CCCC(C)=CCCC(C)=CCOP([O-])(=O)OP([O-])([O-])=O,CC(C)C1CCC2(C)CCC3(C)CC45CCCC(C)(CC4C3C21)C5=C,['CC(C)=CCCC(C)=CCCC(C)=CCCC(C)=CCCC(C)=CCOP([O-])(=O)OP([O-])([O-])=O'],['CC(C)C1CCC2(C)CCC3(C)CC45CCCC(C)(CC4C3C21)C5=C'],set()
marts_E01309,sester,CC(C)=CCCC(C)=CCCC(C)=CCCC(C)=CCCC(C)=CCOP([O-])(=O)OP([O-])([O-])=O,CC(C)C1CCC2(C)CCC3(C)CC4C5CCC(C)(CC4C3C21)C5=C,['CC(C)=CCCC(C)=CCCC(C)=CCCC(C)=CCCC(C)=CCOP([O-])(=O)OP([O-])([O-])=O'],['CC(C)C1CCC2(C)CCC3(C)CC4C5CCC(C)(CC4C3C21)C5=C'],set()
marts_E01309,sester,CC(C)=CCCC(C)=CCCC(C)=CCCC(C)=CCCC(C)=CCOP([O-])(=O)OP([O-])([O-])=O,CC(C)C1CCC2(C)CCC3(C)CC4C(CC5(C)C4CC=C5C)C3C21,['CC(C)=CCCC(C)=CCCC(C)=CCCC(C)=CCCC(C)=CCOP([O-])(=O)OP([O-])([O-])=O'],['CC(C)C1CCC2(C)CCC3(C)CC4C(CC5(C)C4CC=C5C)C3C21'],set()
marts_E01309,sester,CC(C)=CCCC(C)=CCCC(C)=CCCC(C)=CCCC(C)=CCOP([O-])(=O)OP([O-])([O-])=O,CC1(C)CC=C2C1CC1C3C4C(CCC4(C)CCC3(C)CC21)C(C)C,['CC(C)=CCCC(C)=CCCC(C)=CCCC(C)=CCCC(C)=CCOP([O-])(=O)OP([O-])([O-])=O'],['CC1(C)CC=C2C1CC1C3C4C(CCC4(C)CCC3(C)CC21)C(C)C'],set()
marts_E01310,di,CC(C)=CCCC(C)=CCCC(C)=CCCC(C)=CCOP([O-])(=O)OP([O-])([O-])=O,CC(C)C1CCC2(C)CC3C(CCC3C)C(C)(O)CC=C21,['CC(C)=CCCC(C)=CCCC(C)=CCCC(C)=CCOP([O-])(=O)OP([O-])([O-])=O'],['CC(C)C1CCC2(C)CC3C(CCC3C)C(C)(O)CC=C21'],{41629}
marts_E01310,di,CC(C)=CCCC(C)=CCCC(C)=CCCC(C)=CCOP([O-])(=O)OP([O-])([O-])=O,CC1CCC2C(CCC2(C)CC=C(C)CCC=1)C(C)=C,['CC(C)=CCCC(C)=CCCC(C)=CCCC(C)=CCOP([O-])(=O)OP([O-])([O-])=O'],['CC1CCC2C(CCC2(C)CC=C(C)CCC=1)C(C)=C'],set()
marts_E01310,di,CC(C)=CCCC(C)=CCCC(C)=CCCC(C)=CCOP([O-])(=O)OP([O-])([O-])=O,CC(C)C1=CCC2(C)CC=C(C)CCC=C(C)CCC21,['CC(C)=CCCC(C)=CCCC(C)=CCCC(C)=CCOP([O-])(=O)OP([O-])([O-])=O'],['CC(C)C1=CCC2(C)CC=C(C)CCC=C(C)CCC21'],set()
marts_E01310,di,CC(C)=CCCC(C)=CCCC(C)=CCCC(C)=CCOP([O-])(=O)OP([O-])([O-])=O,CC1=CCC2(C)C(CCC2C(C)C)CC2C(C)CC=C12,['CC(C)=CCCC(C)=CCCC(C)=CCCC(C)=CCOP([O-])(=O)OP([O-])([O-])=O'],['CC1=CCC2(C)C(CCC2C(C)C)CC2C(C)CC=C12'],set()
marts_E01311,di,CC(C)=CCCC(C)=CCCC(C)=CCCC(C)=CCOP([O-])(=O)OP([O-])([O-])=O,CC1CCC2CC3C4C2C1(C)CCC4(C)CCC=C3C,['CC(C)=CCCC(C)=CCCC(C)=CCCC(C)=CCOP([O-])(=O)OP([O-])([O-])=O'],['CC1CCC2CC3C4C2C1(C)CCC4(C)CCC=C3C'],set()
marts_E01311,di,CC(C)=CCCC(C)=CCCC(C)=CCCC(C)=CCOP([O-])(=O)OP([O-])([O-])=O,CC1CCC=C(C)CCC(CC=C(C)CCC=1)C(C)=C,['CC(C)=CCCC(C)=CCCC(C)=CCCC(C)=CCOP([O-])(=O)OP([O-])([O-])=O'],['CC1CCC=C(C)CCC(CC=C(C)CCC=1)C(C)=C'],{42997}
marts_E01311,di,CC(C)=CCCC(C)=CCCC(C)=CCCC(C)=CCOP([O-])(=O)OP([O-])([O-])=O,CC1=CCC2CC=C(C)CCC=C(C)CCC1C2(C)C,['CC(C)=CCCC(C)=CCCC(C)=CCCC(C)=CCOP([O-])(=O)OP([O-])([O-])=O'],['CC1=CCC2CC=C(C)CCC=C(C)CCC1C2(C)C'],set()
marts_E01311,di,CC(C)=CCCC(C)=CCCC(C)=CCCC(C)=CCOP([O-])(=O)OP([O-])([O-])=O,CC1CCC2(C)C(C)CCC(CC=C(C)CCC=1)=C2C,['CC(C)=CCCC(C)=CCCC(C)=CCCC(C)=CCOP([O-])(=O)OP([O-])([O-])=O'],['CC1CCC2(C)C(C)CCC(CC=C(C)CCC=1)=C2C'],set()
marts_E01311,di,CC(C)=CCCC(C)=CCCC(C)=CCCC(C)=CCOP([O-])(=O)OP([O-])([O-])=O,CC1CCC2CC3C4C2C1(C)CCC4(C)CCCC3=C,['CC(C)=CCCC(C)=CCCC(C)=CCCC(C)=CCOP([O-])(=O)OP([O-])([O-])=O'],['CC1CCC2CC3C4C2C1(C)CCC4(C)CCCC3=C'],set()
marts_E01312,sester,CC(C)=CCCC(C)=CCCC(C)=CCCC(C)=CCCC(C)=CCOP([O-])(=O)OP([O-])([O-])=O,CC12CC3C45CCC(C)C4CCC(C)C3(C=C1CCC2C(C)C)C5C,['CC(C)=CCCC(C)=CCCC(C)=CCCC(C)=CCCC(C)=CCOP([O-])(=O)OP([O-])([O-])=O'],['CC12CC3C45CCC(C)C4CCC(C)C3(C=C1CCC2C(C)C)C5C'],set()
marts_E01312,sester,CC(C)=CCCC(C)=CCCC(C)=CCCC(C)=CCCC(C)=CCOP([O-])(=O)OP([O-])([O-])=O,CC12CC3C45CCC(C)C4CCC(C)C3(CC1=CCC2C(C)C)C5C,['CC(C)=CCCC(C)=CCCC(C)=CCCC(C)=CCCC(C)=CCOP([O-])(=O)OP([O-])([O-])=O'],['CC12CC3C45CCC(C)C4CCC(C)C3(CC1=CCC2C(C)C)C5C'],set()
marts_E01312,sester,CC(C)=CCCC(C)=CCCC(C)=CCCC(C)=CCCC(C)=CCOP([O-])(=O)OP([O-])([O-])=O,CC(C)C1CCC2(C)CC3C(CC21)C(C)=C1CCC(C)C1CCC=3C,['CC(C)=CCCC(C)=CCCC(C)=CCCC(C)=CCCC(C)=CCOP([O-])(=O)OP([O-])([O-])=O'],['CC(C)C1CCC2(C)CC3C(CC21)C(C)=C1CCC(C)C1CCC=3C'],set()
marts_E01312,di,CC(C)=CCCC(C)=CCCC(C)=CCCC(C)=CCOP([O-])(=O)OP([O-])([O-])=O,CC1CCC=C(C)CCC(CC=C(C)CCC=1)C(C)=C,['CC(C)=CCCC(C)=CCCC(C)=CCCC(C)=CCOP([O-])(=O)OP([O-])([O-])=O'],['CC1CCC=C(C)CCC(CC=C(C)CCC=1)C(C)=C'],{42997}
marts_E01313,sester,CC(C)=CCCC(C)=CCCC(C)=CCCC(C)=CCCC(C)=CCOP([O-])(=O)OP([O-])([O-])=O,CC12CC3C(C)CCC4(C(C)CCC=C4C)C3=CC1C(CC2)C(C)C,['CC(C)=CCCC(C)=CCCC(C)=CCCC(C)=CCCC(C)=CCOP([O-])(=O)OP([O-])([O-])=O'],['CC12CC3C(C)CCC4(C(C)CCC=C4C)C3=CC1C(CC2)C(C)C'],set()
marts_E01313,sester,CC(C)=CCCC(C)=CCCC(C)=CCCC(C)=CCCC(C)=CCOP([O-])(=O)OP([O-])([O-])=O,CC(C)C1CCC2(C)CC=C(C)CC=C3C(CCC3C)C(C)=CCC21,['CC(C)=CCCC(C)=CCCC(C)=CCCC(C)=CCCC(C)=CCOP([O-])(=O)OP([O-])([O-])=O'],['CC(C)C1CCC2(C)CC=C(C)CC=C3C(CCC3C)C(C)=CCC21'],{71988}
marts_E01313,sester,CC(C)=CCCC(C)=CCCC(C)=CCCC(C)=CCCC(C)=CCOP([O-])(=O)OP([O-])([O-])=O,CC12CC3C(C=C1C(CC2)C(C)C)C1(CCC3C)C(C)CCC=C1C,['CC(C)=CCCC(C)=CCCC(C)=CCCC(C)=CCCC(C)=CCOP([O-])(=O)OP([O-])([O-])=O'],['CC12CC3C(C=C1C(CC2)C(C)C)C1(CCC3C)C(C)CCC=C1C'],set()
marts_E01313,sester,CC(C)=CCCC(C)=CCCC(C)=CCCC(C)=CCCC(C)=CCOP([O-])(=O)OP([O-])([O-])=O,CC12CC3C(CC1=C(CC2)C(C)C)C1(CCC3C)C(C)CCC=C1C,['CC(C)=CCCC(C)=CCCC(C)=CCCC(C)=CCCC(C)=CCOP([O-])(=O)OP([O-])([O-])=O'],['CC12CC3C(CC1=C(CC2)C(C)C)C1(CCC3C)C(C)CCC=C1C'],set()
marts_E01313,sester,CC(C)=CCCC(C)=CCCC(C)=CCCC(C)=CCCC(C)=CCOP([O-])(=O)OP([O-])([O-])=O,CC(C)C1CCC2(C)CCC(=C)CCC=C(C)CCC=C(C)C=CC21,['CC(C)=CCCC(C)=CCCC(C)=CCCC(C)=CCCC(C)=CCOP([O-])(=O)OP([O-])([O-])=O'],['CC(C)C1CCC2(C)CCC(=C)CCC=C(C)CCC=C(C)C=CC21'],set()
marts_E01313,sester,CC(C)=CCCC(C)=CCCC(C)=CCCC(C)=CCCC(C)=CCOP([O-])(=O)OP([O-])([O-])=O,CC(C)C1CCC2(C)C=CC(=C)CCC=C(C)CCC=C(C)CCC21,['CC(C)=CCCC(C)=CCCC(C)=CCCC(C)=CCCC(C)=CCOP([O-])(=O)OP([O-])([O-])=O'],['CC(C)C1CCC2(C)C=CC(=C)CCC=C(C)CCC=C(C)CCC21'],set()
marts_E01313,sester,CC(C)=CCCC(C)=CCCC(C)=CCCC(C)=CCCC(C)=CCOP([O-])(=O)OP([O-])([O-])=O,CC(C)C1CCC2(C)C=CC(=C)CCC=C(C)CCC=C(C)CCC21,['CC(C)=CCCC(C)=CCCC(C)=CCCC(C)=CCCC(C)=CCOP([O-])(=O)OP([O-])([O-])=O'],['CC(C)C1CCC2(C)C=CC(=C)CCC=C(C)CCC=C(C)CCC21'],set()
marts_E01314,di,CC(C)=CCCC(C)=CCCC(C)=CCCC(C)=CCOP([O-])(=O)OP([O-])([O-])=O,CC12CCC3(C1C1C2CCC1C)C(CCC3=C)C(C)C,['CC(C)=CCCC(C)=CCCC(C)=CCCC(C)=CCOP([O-])(=O)OP([O-])([O-])=O'],['CC12CCC3(C1C1C2CCC1C)C(CCC3=C)C(C)C'],set()
marts_E01314,di,CC(C)=CCCC(C)=CCCC(C)=CCCC(C)=CCOP([O-])(=O)OP([O-])([O-])=O,CC12CCC3(C1C1C2CCC1C)C(CC=C3C)C(C)C,['CC(C)=CCCC(C)=CCCC(C)=CCCC(C)=CCOP([O-])(=O)OP([O-])([O-])=O'],['CC12CCC3(C1C1C2CCC1C)C(CC=C3C)C(C)C'],set()
marts_E01314,di,CC(C)=CCCC(C)=CCCC(C)=CCCC(C)=CCOP([O-])(=O)OP([O-])([O-])=O,CC12CCC(C(C)C)C31CCC(C)=CCCC(C)=CC23,['CC(C)=CCCC(C)=CCCC(C)=CCCC(C)=CCOP([O-])(=O)OP([O-])([O-])=O'],['CC12CCC(C(C)C)C31CCC(C)=CCCC(C)=CC23'],set()
marts_E01315,di,CC(C)=CCCC(C)=CCCC(C)=CCCC(C)=CCOP([O-])(=O)OP([O-])([O-])=O,CC(C)=CCCC(=C)C1C2CCC2(C)C2CCC(C)C12,['CC(C)=CCCC(C)=CCCC(C)=CCCC(C)=CCOP([O-])(=O)OP([O-])([O-])=O'],['CC(C)=CCCC(=C)C1C2CCC2(C)C2CCC(C)C12'],set()
marts_E01315,di,CC(C)=CCCC(C)=CCCC(C)=CCCC(C)=CCOP([O-])(=O)OP([O-])([O-])=O,CC(C)=CCCC(=C)C1CCC2(C)C1C1C2CCC1C,['CC(C)=CCCC(C)=CCCC(C)=CCCC(C)=CCOP([O-])(=O)OP([O-])([O-])=O'],['CC(C)=CCCC(=C)C1CCC2(C)C1C1C2CCC1C'],set()
marts_E01315,di,CC(C)=CCCC(C)=CCCC(C)=CCCC(C)=CCOP([O-])(=O)OP([O-])([O-])=O,CC(C)=CCCC1(C)C2C=C(C)CCC=C(C)CCC12,['CC(C)=CCCC(C)=CCCC(C)=CCCC(C)=CCOP([O-])(=O)OP([O-])([O-])=O'],['CC(C)=CCCC1(C)C2C=C(C)CCC=C(C)CCC12'],set()
marts_E01315,sester,CC(C)=CCCC(C)=CCCC(C)=CCCC(C)=CCCC(C)=CCOP([O-])(=O)OP([O-])([O-])=O,CC(C)=CCCC(C)=CCCC(=C)C1CCC2(C)C3CCC(C)C3C21,['CC(C)=CCCC(C)=CCCC(C)=CCCC(C)=CCCC(C)=CCOP([O-])(=O)OP([O-])([O-])=O'],['CC(C)=CCCC(C)=CCCC(=C)C1CCC2(C)C3CCC(C)C3C21'],set()
marts_E01315,sester,CC(C)=CCCC(C)=CCCC(C)=CCCC(C)=CCCC(C)=CCOP([O-])(=O)OP([O-])([O-])=O,CC(C)=CCCC(C)=CCCC(=C)C1C2CCC2(C)C2CCC(C)C12,['CC(C)=CCCC(C)=CCCC(C)=CCCC(C)=CCCC(C)=CCOP([O-])(=O)OP([O-])([O-])=O'],['CC(C)=CCCC(C)=CCCC(=C)C1C2CCC2(C)C2CCC(C)C12'],set()
marts_E01315,sesq,CC(C)=CCCC(C)=CCCC(C)=CCOP([O-])(=O)OP([O-])([O-])=O,CC1CCC=C(C)CCC2C(C=1)C2(C)C,['CC(C)=CCCC(C)=CCCC(C)=CCOP([O-])(=O)OP([O-])([O-])=O'],['CC1CCC=C(C)CCC2C(C=1)C2(C)C'],{32000}
marts_E01315,sesq,CC(C)=CCCC(C)=CCCC(C)=CCOP([O-])(=O)OP([O-])([O-])=O,CC1CCC(CC=C(C)CCC=1)C(C)=C,['CC(C)=CCCC(C)=CCCC(C)=CCOP([O-])(=O)OP([O-])([O-])=O'],['CC1CCC(CC=C(C)CCC=1)C(C)=C'],"{68777, 25453, 12517}"
marts_E01315,sesq,CC(C)=CCCC(C)=CCCC(C)=CCOP([O-])(=O)OP([O-])([O-])=O,CC1CCC(C=CC(=C)CCC=1)C(C)C,['CC(C)=CCCC(C)=CCCC(C)=CCOP([O-])(=O)OP([O-])([O-])=O'],['CC1CCC(C=CC(=C)CCC=1)C(C)C'],"{12017, 30428, 68717}"
marts_E01316,sesq,CC(C)=CCCC(C)=CCCC(C)=CCOP([O-])(=O)OP([O-])([O-])=O,CC(C)C1CCC(C)C2(O)CCC(C)=CC21,['CC(C)=CCCC(C)=CCCC(C)=CCOP([O-])(=O)OP([O-])([O-])=O'],['CC(C)C1CCC(C)C2(O)CCC(C)=CC21'],{29480}
marts_E01317,di,CC(C)=CCCC(C)=CCCC(C)=CCCC(C)=CCOP([O-])(=O)OP([O-])([O-])=O,CC(C)=C1CCC(C)C2CCC3(C)C(O)CCC(C)C3C12,['CC(C)=CCCC(C)=CCCC(C)=CCCC(C)=CCOP([O-])(=O)OP([O-])([O-])=O'],['CC(C)=C1CCC(C)C2CCC3(C)C(O)CCC(C)C3C12'],set()
marts_E01317,di,CC(C)=CCCC(C)=CCCC(C)=CCCC(C)=CCOP([O-])(=O)OP([O-])([O-])=O,CC(C)=C1CCC(C)C2CCC(C)C3CCC(C)C=3C12,['CC(C)=CCCC(C)=CCCC(C)=CCCC(C)=CCOP([O-])(=O)OP([O-])([O-])=O'],['CC(C)=C1CCC(C)C2CCC(C)C3CCC(C)C=3C12'],set()
marts_E01317,di,CC(C)=CCCC(C)=CCCC(C)=CCCC(C)=CCOP([O-])(=O)OP([O-])([O-])=O,CC(C)=C1CCC(C)C2CCC(C)C3CCC(C)=C3C12,['CC(C)=CCCC(C)=CCCC(C)=CCCC(C)=CCOP([O-])(=O)OP([O-])([O-])=O'],['CC(C)=C1CCC(C)C2CCC(C)C3CCC(C)=C3C12'],set()
marts_E01318,sesq,CC(C)=CCCC(C)=CCCC(C)=CCOP([O-])(=O)OP([O-])([O-])=O,CC1(C)C2C1CCC1(C)CCCC1(C)C2O,['CC(C)=CCCC(C)=CCCC(C)=CCOP([O-])(=O)OP([O-])([O-])=O'],['CC1(C)C2C1CCC1(C)CCCC1(C)C2O'],set()
marts_E01318,sesq,CC(C)=CCCC(C)=CCCC(C)=CCOP([O-])(=O)OP([O-])([O-])=O,CC1CCC=C(C)CCC2C(C=1)C2(C)C,['CC(C)=CCCC(C)=CCCC(C)=CCOP([O-])(=O)OP([O-])([O-])=O'],['CC1CCC=C(C)CCC2C(C=1)C2(C)C'],{32000}
marts_E01319,sesq,CC(C)=CCCC(C)=CCCC(C)=CCOP([O-])(=O)OP([O-])([O-])=O,CC(C)(O)C1CCC2(C)CC=C(C)CCC21,['CC(C)=CCCC(C)=CCCC(C)=CCOP([O-])(=O)OP([O-])([O-])=O'],['CC(C)(O)C1CCC2(C)CC=C(C)CCC21'],set()
marts_E01319,sesq,CC(C)=CCCC(C)=CCCC(C)=CCOP([O-])(=O)OP([O-])([O-])=O,CC(C)=C1CCC2(C)CC=C(C)CCC21,['CC(C)=CCCC(C)=CCCC(C)=CCOP([O-])(=O)OP([O-])([O-])=O'],['CC(C)=C1CCC2(C)CC=C(C)CCC21'],{85536}
marts_E01319,sesq,CC(C)=CCCC(C)=CCCC(C)=CCOP([O-])(=O)OP([O-])([O-])=O,CC1CCC2C(CCC2(C)CC=1)C(C)=C,['CC(C)=CCCC(C)=CCCC(C)=CCOP([O-])(=O)OP([O-])([O-])=O'],['CC1CCC2C(CCC2(C)CC=1)C(C)=C'],set()
marts_E01319,sesq,CC(C)=CCCC(C)=CCCC(C)=CCOP([O-])(=O)OP([O-])([O-])=O,CC1CCC2=C(CCC2(C)CC=1)C(C)C,['CC(C)=CCCC(C)=CCCC(C)=CCOP([O-])(=O)OP([O-])([O-])=O'],['CC1CCC2=C(CCC2(C)CC=1)C(C)C'],set()
marts_E01320,sesq,CC(C)=CCCC(C)=CCCC(C)=CCOP([O-])(=O)OP([O-])([O-])=O,CC12CCCC(C)(O)C1CC(CC2)C(C)=C,['CC(C)=CCCC(C)=CCCC(C)=CCOP([O-])(=O)OP([O-])([O-])=O'],['CC12CCCC(C)(O)C1CC(CC2)C(C)=C'],set()
marts_E01321,sesq,CC(C)=CCCC(C)=CCCC(C)=CCOP([O-])(=O)OP([O-])([O-])=O,CC(C)C1CCC(C)=CCCC(C)(O)C=C1,['CC(C)=CCCC(C)=CCCC(C)=CCOP([O-])(=O)OP([O-])([O-])=O'],['CC(C)C1CCC(C)=CCCC(C)(O)C=C1'],set()
marts_E01321,mono,CC(C)=CCCC(C)=CCOP([O-])(=O)OP([O-])([O-])=O,CC(C)=CCCC(C)=CCO,['CC(C)=CCCC(C)=CCOP([O-])(=O)OP([O-])([O-])=O'],['CC(C)=CCCC(C)=CCO'],"{32680, 65829}"
marts_E01322,sesq,CC(C)=CCCC(C)=CCCC(C)=CCOP([O-])(=O)OP([O-])([O-])=O,CC(C)C12CC=C(C)C3CC13C(C)CC2,['CC(C)=CCCC(C)=CCCC(C)=CCOP([O-])(=O)OP([O-])([O-])=O'],['CC(C)C12CC=C(C)C3CC13C(C)CC2'],set()
marts_E01323,sesq,CC(C)=CCCC(C)=CCCC(C)=CCOP([O-])(=O)OP([O-])([O-])=O,CC1(C)CC2C=C(C)C3CCC(C)C23C1,['CC(C)=CCCC(C)=CCCC(C)=CCOP([O-])(=O)OP([O-])([O-])=O'],['CC1(C)CC2C=C(C)C3CCC(C)C23C1'],{18082}
marts_E01324,sester,CC(C)=CCCC(C)=CCCC(C)=CCCC(C)=CCCC(C)=CCOP([O-])(=O)OP([O-])([O-])=O,CC(C)C1CCC2(C)CCC3(C)CCC4C5CCC4(C)C(=CC21)C35C,['CC(C)=CCCC(C)=CCCC(C)=CCCC(C)=CCCC(C)=CCOP([O-])(=O)OP([O-])([O-])=O'],['CC(C)C1CCC2(C)CCC3(C)CCC4C5CCC4(C)C(=CC21)C35C'],set()
marts_E01324,sester,CC(C)=CCCC(C)=CCCC(C)=CCCC(C)=CCCC(C)=CCOP([O-])(=O)OP([O-])([O-])=O,CC(C)C1CCC2(C)CC3C(C)CCC4C5CCC4(C)C3(CC21)C5=C,['CC(C)=CCCC(C)=CCCC(C)=CCCC(C)=CCCC(C)=CCOP([O-])(=O)OP([O-])([O-])=O'],['CC(C)C1CCC2(C)CC3C(C)CCC4C5CCC4(C)C3(CC21)C5=C'],set()
marts_E01324,sester,CC(C)=CCCC(C)=CCCC(C)=CCCC(C)=CCCC(C)=CCOP([O-])(=O)OP([O-])([O-])=O,CC(C)C1CCC2(C)CC3C(=C)CCC4C5CCC4(C)C3(CC21)C5C,['CC(C)=CCCC(C)=CCCC(C)=CCCC(C)=CCCC(C)=CCOP([O-])(=O)OP([O-])([O-])=O'],['CC(C)C1CCC2(C)CC3C(=C)CCC4C5CCC4(C)C3(CC21)C5C'],set()
marts_E01324,sester,CC(C)=CCCC(C)=CCCC(C)=CCCC(C)=CCCC(C)=CCOP([O-])(=O)OP([O-])([O-])=O,CC(C)C1CCC2(C)CC3C(=C)CCC4C5CCC(CC21)(C5C)C43C,['CC(C)=CCCC(C)=CCCC(C)=CCCC(C)=CCCC(C)=CCOP([O-])(=O)OP([O-])([O-])=O'],['CC(C)C1CCC2(C)CC3C(=C)CCC4C5CCC(CC21)(C5C)C43C'],set()
marts_E01324,sester,CC(C)=CCCC(C)=CCCC(C)=CCCC(C)=CCCC(C)=CCOP([O-])(=O)OP([O-])([O-])=O,CC(C)C1CCC2(C)CCC(=C)CCC=C(C)CCC=C(C)C=CC21,['CC(C)=CCCC(C)=CCCC(C)=CCCC(C)=CCCC(C)=CCOP([O-])(=O)OP([O-])([O-])=O'],['CC(C)C1CCC2(C)CCC(=C)CCC=C(C)CCC=C(C)C=CC21'],set()
marts_E01324,sester,CC(C)=CCCC(C)=CCCC(C)=CCCC(C)=CCCC(C)=CCOP([O-])(=O)OP([O-])([O-])=O,CC(C)C1CCC2(C)CC3C(CC21)C1(C)C2CCC(C)C12CCC3=C,['CC(C)=CCCC(C)=CCCC(C)=CCCC(C)=CCCC(C)=CCOP([O-])(=O)OP([O-])([O-])=O'],['CC(C)C1CCC2(C)CC3C(CC21)C1(C)C2CCC(C)C12CCC3=C'],{71984}
marts_E01324,sester,CC(C)=CCCC(C)=CCCC(C)=CCCC(C)=CCCC(C)=CCOP([O-])(=O)OP([O-])([O-])=O,CC(C)C1CCC2(C)CC(C)C3(O)CCC4C5CCC4(C)C(CC21)C35C,['CC(C)=CCCC(C)=CCCC(C)=CCCC(C)=CCCC(C)=CCOP([O-])(=O)OP([O-])([O-])=O'],['CC(C)C1CCC2(C)CC(C)C3(O)CCC4C5CCC4(C)C(CC21)C35C'],set()
marts_E01325,di,CC(C)=CCCC(C)=CCCC(C)=CCCC(C)=CCOP([O-])(=O)OP([O-])([O-])=O,CC(C)C1CCC(=C)C2CCC(C)=CCCC(C)=CC21,['CC(C)=CCCC(C)=CCCC(C)=CCCC(C)=CCOP([O-])(=O)OP([O-])([O-])=O'],['CC(C)C1CCC(=C)C2CCC(C)=CCCC(C)=CC21'],set()
marts_E01325,di,CC(C)=CCCC(C)=CCCC(C)=CCCC(C)=CCOP([O-])(=O)OP([O-])([O-])=O,CC1CCC=C(C)CCC=C(C)CCC(=CC=1)C(C)C,['CC(C)=CCCC(C)=CCCC(C)=CCCC(C)=CCOP([O-])(=O)OP([O-])([O-])=O'],['CC1CCC=C(C)CCC=C(C)CCC(=CC=1)C(C)C'],{58173}
marts_E01326,di,CC(C)=CCCC(C)=CCCC(C)=CCCC(C)=CCOP([O-])(=O)OP([O-])([O-])=O,CC1CCC2CC=C(C)CCCC(C)=CCC=1C2(C)C,['CC(C)=CCCC(C)=CCCC(C)=CCCC(C)=CCOP([O-])(=O)OP([O-])([O-])=O'],['CC1CCC2CC=C(C)CCCC(C)=CCC=1C2(C)C'],{79460}
marts_E01326,di,CC(C)=CCCC(C)=CCCC(C)=CCCC(C)=CCOP([O-])(=O)OP([O-])([O-])=O,CC1CCC=C(C)CCC(CC=C(C)CCC=1)C(C)=C,['CC(C)=CCCC(C)=CCCC(C)=CCCC(C)=CCOP([O-])(=O)OP([O-])([O-])=O'],['CC1CCC=C(C)CCC(CC=C(C)CCC=1)C(C)=C'],{42997}
marts_E01326,di,CC(C)=CCCC(C)=CCCC(C)=CCCC(C)=CCOP([O-])(=O)OP([O-])([O-])=O,CC1=CCC2CC=C(C)CCC=C(C)CCC1C2(C)C,['CC(C)=CCCC(C)=CCCC(C)=CCCC(C)=CCOP([O-])(=O)OP([O-])([O-])=O'],['CC1=CCC2CC=C(C)CCC=C(C)CCC1C2(C)C'],set()
marts_E01326,di,CC(C)=CCCC(C)=CCCC(C)=CCCC(C)=CCOP([O-])(=O)OP([O-])([O-])=O,CC1CCC2=C(C)CCC(CC=C(C)CCC=1)C2(C)C,['CC(C)=CCCC(C)=CCCC(C)=CCCC(C)=CCOP([O-])(=O)OP([O-])([O-])=O'],['CC1CCC2=C(C)CCC(CC=C(C)CCC=1)C2(C)C'],set()
marts_E01326,mono,CC(C)=CCCC(C)=CCOP([O-])(=O)OP([O-])([O-])=O,CC(C)=CCCC(=C)C=C,['CC(C)=CCCC(C)=CCOP([O-])(=O)OP([O-])([O-])=O'],['CC(C)=CCCC(=C)C=C'],{16966}
marts_E01326,mono,CC(C)=CCCC(C)=CCOP([O-])(=O)OP([O-])([O-])=O,CC1CCC(CC=1)C(C)=C,['CC(C)=CCCC(C)=CCOP([O-])(=O)OP([O-])([O-])=O'],['CC1CCC(CC=1)C(C)=C'],"{68641, 10941, 12870}"
marts_E01326,mono,CC(C)=CCCC(C)=CCOP([O-])(=O)OP([O-])([O-])=O,CC(C)=CCC=C(C)C=C,['CC(C)=CCCC(C)=CCOP([O-])(=O)OP([O-])([O-])=O'],['CC(C)=CCC=C(C)C=C'],"{68825, 32692}"
marts_E01326,mono,CC(C)=CCCC(C)=CCOP([O-])(=O)OP([O-])([O-])=O,CC(C)=CCC=C(C)C=C,['CC(C)=CCCC(C)=CCOP([O-])(=O)OP([O-])([O-])=O'],['CC(C)=CCC=C(C)C=C'],"{68825, 32692}"
marts_E01326,sesq,CC(C)=CCCC(C)=CCCC(C)=CCOP([O-])(=O)OP([O-])([O-])=O,CC(C)=CCCC(C)=CCCC(=C)C=C,['CC(C)=CCCC(C)=CCCC(C)=CCOP([O-])(=O)OP([O-])([O-])=O'],['CC(C)=CCCC(C)=CCCC(=C)C=C'],"{68545, 27426, 68857, 68505, 68509}"
marts_E01326,sesq,CC(C)=CCCC(C)=CCCC(C)=CCOP([O-])(=O)OP([O-])([O-])=O,CC(C)=CCCC(=C)C1CC=C(C)CC1,['CC(C)=CCCC(C)=CCCC(C)=CCOP([O-])(=O)OP([O-])([O-])=O'],['CC(C)=CCCC(=C)C1CC=C(C)CC1'],"{68813, 68529, 28267, 68525}"
marts_E01326,sesq,CC(C)=CCCC(C)=CCCC(C)=CCOP([O-])(=O)OP([O-])([O-])=O,CC(C)=CCC=C(C)C1CC=C(C)CC1,['CC(C)=CCCC(C)=CCCC(C)=CCOP([O-])(=O)OP([O-])([O-])=O'],['CC(C)=CCC=C(C)C1CC=C(C)CC1'],"{68845, 68817, 68533, 68473, 25437}"
marts_E01326,sesq,CC(C)=CCCC(C)=CCCC(C)=CCOP([O-])(=O)OP([O-])([O-])=O,CC(C)=CCCC(C)=C1CC=C(C)CC1,['CC(C)=CCCC(C)=CCCC(C)=CCOP([O-])(=O)OP([O-])([O-])=O'],['CC(C)=CCCC(C)=C1CC=C(C)CC1'],"{26082, 79464, 28299, 68469, 68789}"
marts_E01326,sesq,CC(C)=CCCC(C)=CCCC(C)=CCOP([O-])(=O)OP([O-])([O-])=O,CC(C)=CCCC(=C)C1CC=C(C)CC1,['CC(C)=CCCC(C)=CCCC(C)=CCOP([O-])(=O)OP([O-])([O-])=O'],['CC(C)=CCCC(=C)C1CC=C(C)CC1'],"{68813, 68529, 28267, 68525}"
marts_E01326,sesq,CC(C)=CCCC(C)=CCCC(C)=CCOP([O-])(=O)OP([O-])([O-])=O,CC(C)=CCC=C(C)C1CC=C(C)CC1,['CC(C)=CCCC(C)=CCCC(C)=CCOP([O-])(=O)OP([O-])([O-])=O'],['CC(C)=CCC=C(C)C1CC=C(C)CC1'],"{68845, 68817, 68533, 68473, 25437}"
marts_E01326,sesq,CC(C)=CCCC(C)=CCCC(C)=CCOP([O-])(=O)OP([O-])([O-])=O,CC(C)=CCCC(C)=C1CC=C(C)CC1,['CC(C)=CCCC(C)=CCCC(C)=CCOP([O-])(=O)OP([O-])([O-])=O'],['CC(C)=CCCC(C)=C1CC=C(C)CC1'],"{26082, 79464, 28299, 68469, 68789}"
marts_E01326,sesq,CC(C)=CCCC(C)=CCCC(C)=CCOP([O-])(=O)OP([O-])([O-])=O,CC1CCC(CC=C(C)CCC=1)C(C)=C,['CC(C)=CCCC(C)=CCCC(C)=CCOP([O-])(=O)OP([O-])([O-])=O'],['CC1CCC(CC=C(C)CCC=1)C(C)=C'],"{68777, 25453, 12517}"
marts_E01327,sesquar,CC(C)=CCCC(C)=CCCC(C)=CCCC(C)=CCCC(C)=CCCC(C)=CCCC(C)=CCOP([O-])(=O)OP([O-])([O-])=O,CC(C)=CCCC(C)=CCCC(C)=CCCC(C)=CCCC(C)=CCCC(C)C1CC=C(C)CC=1,['CC(C)=CCCC(C)=CCCC(C)=CCCC(C)=CCCC(C)=CCCC(C)=CCCC(C)=CCOP([O-])(=O)OP([O-])([O-])=O'],['CC(C)=CCCC(C)=CCCC(C)=CCCC(C)=CCCC(C)=CCCC(C)C1CC=C(C)CC=1'],{33124}
marts_E01328,sesq,CC1C(C)C(C)C(C)(CCC(C)=CCOP([O-])(=O)OP([O-])([O-])=O)C=1C,CC12C(C)C(=C)C(C)C(C)(C1C)C(C)=C2C,['CC1C(C)C(C)C(C)(CCC(C)=CCOP([O-])(=O)OP([O-])([O-])=O)C=1C'],['CC12C(C)C(=C)C(C)C(C)(C1C)C(C)=C2C'],{60125}
marts_E01329,sester,CC(C)=CCCC(C)=CCCC(C)=CCCC(C)=CCCC(C)=CCOP([O-])(=O)OP([O-])([O-])=O,CC(C)C1CCC2(C)CC3C(CC21)=C(C)C1CCC(C)C1CCC=3C,['CC(C)=CCCC(C)=CCCC(C)=CCCC(C)=CCCC(C)=CCOP([O-])(=O)OP([O-])([O-])=O'],['CC(C)C1CCC2(C)CC3C(CC21)=C(C)C1CCC(C)C1CCC=3C'],set()
marts_E01329,sester,CC(C)=CCCC(C)=CCCC(C)=CCCC(C)=CCCC(C)=CCOP([O-])(=O)OP([O-])([O-])=O,CC(=C)C1CCC2(C)CC=C(C)CCC=C(C)CCC=C(C)CCC21,['CC(C)=CCCC(C)=CCCC(C)=CCCC(C)=CCCC(C)=CCOP([O-])(=O)OP([O-])([O-])=O'],['CC(=C)C1CCC2(C)CC=C(C)CCC=C(C)CCC=C(C)CCC21'],set()
marts_E01329,sester,CC(C)=CCCC(C)=CCCC(C)=CCCC(C)=CCCC(C)=CCOP([O-])(=O)OP([O-])([O-])=O,CC(C)C1CCC2(C)CC3C(CC21)C1(C)C2CCC(C)C12CCC3=C,['CC(C)=CCCC(C)=CCCC(C)=CCCC(C)=CCCC(C)=CCOP([O-])(=O)OP([O-])([O-])=O'],['CC(C)C1CCC2(C)CC3C(CC21)C1(C)C2CCC(C)C12CCC3=C'],{71984}
marts_E01330,sester,CC(C)=CCCC(C)=CCCC(C)=CCCC(C)=CCCC(C)=CCOP([O-])(=O)OP([O-])([O-])=O,CC(C)C1CCC2(C)CC=C(C)CCC3C(CCC3=C)C(C)=CCC21,['CC(C)=CCCC(C)=CCCC(C)=CCCC(C)=CCCC(C)=CCOP([O-])(=O)OP([O-])([O-])=O'],['CC(C)C1CCC2(C)CC=C(C)CCC3C(CCC3=C)C(C)=CCC21'],set()
marts_E01330,sester,CC(C)=CCCC(C)=CCCC(C)=CCCC(C)=CCCC(C)=CCOP([O-])(=O)OP([O-])([O-])=O,CC(C)C1CCC2(C)CC=C(C)CCC3C(CCC=3C)C(C)=CCC21,['CC(C)=CCCC(C)=CCCC(C)=CCCC(C)=CCCC(C)=CCOP([O-])(=O)OP([O-])([O-])=O'],['CC(C)C1CCC2(C)CC=C(C)CCC3C(CCC=3C)C(C)=CCC21'],set()
marts_E01330,sester,CC(C)=CCCC(C)=CCCC(C)=CCCC(C)=CCCC(C)=CCOP([O-])(=O)OP([O-])([O-])=O,CC(C)C1CCC2(C)CC=C(C)CCC3C(C)CC=C3C(C)=CCC21,['CC(C)=CCCC(C)=CCCC(C)=CCCC(C)=CCCC(C)=CCOP([O-])(=O)OP([O-])([O-])=O'],['CC(C)C1CCC2(C)CC=C(C)CCC3C(C)CC=C3C(C)=CCC21'],set()
marts_E01330,sester,CC(C)=CCCC(C)=CCCC(C)=CCCC(C)=CCCC(C)=CCOP([O-])(=O)OP([O-])([O-])=O,CC(C)C1CCC2(C)CC=C(C)CCC3C(C)CCC3=C(C)C=CC21,['CC(C)=CCCC(C)=CCCC(C)=CCCC(C)=CCCC(C)=CCOP([O-])(=O)OP([O-])([O-])=O'],['CC(C)C1CCC2(C)CC=C(C)CCC3C(C)CCC3=C(C)C=CC21'],set()
marts_E01330,sester,CC(C)=CCCC(C)=CCCC(C)=CCCC(C)=CCCC(C)=CCOP([O-])(=O)OP([O-])([O-])=O,CC(C)C1CCC2(C)CC=C(C)CCC3C(CCC3=C)C(C)=CCC21,['CC(C)=CCCC(C)=CCCC(C)=CCCC(C)=CCCC(C)=CCOP([O-])(=O)OP([O-])([O-])=O'],['CC(C)C1CCC2(C)CC=C(C)CCC3C(CCC3=C)C(C)=CCC21'],set()
marts_E01330,sester,CC(C)=CCCC(C)=CCCC(C)=CCCC(C)=CCCC(C)=CCOP([O-])(=O)OP([O-])([O-])=O,CC1=CC2C3C(CCC3(C)CCC2(C)CCC2C(C)CC=C12)C(C)C,['CC(C)=CCCC(C)=CCCC(C)=CCCC(C)=CCCC(C)=CCOP([O-])(=O)OP([O-])([O-])=O'],['CC1=CC2C3C(CCC3(C)CCC2(C)CCC2C(C)CC=C12)C(C)C'],set()
marts_E01331,sesq,CC(C)=CCCC(C)=CCCC(C)=CCOP([O-])(=O)OP([O-])([O-])=O,CC1CCC(CC=C(C)CCC=1)C(C)=C,['CC(C)=CCCC(C)=CCCC(C)=CCOP([O-])(=O)OP([O-])([O-])=O'],['CC1CCC(CC=C(C)CCC=1)C(C)=C'],"{68777, 25453, 12517}"
marts_E01331,sesq,CC(C)=CCCC(C)=CCCC(C)=CCOP([O-])(=O)OP([O-])([O-])=O,CC(=C)C1CC2(C)C(C)CCC=C2CC1,['CC(C)=CCCC(C)=CCCC(C)=CCOP([O-])(=O)OP([O-])([O-])=O'],['CC(=C)C1CC2(C)C(C)CCC=C2CC1'],"{29512, 58169, 52805}"
marts_E01331,sesq,CC(C)=CCCC(C)=CCCC(C)=CCOP([O-])(=O)OP([O-])([O-])=O,CC1=CCCC2(C)CCC(CC21)C(C)=C,['CC(C)=CCCC(C)=CCCC(C)=CCOP([O-])(=O)OP([O-])([O-])=O'],['CC1=CCCC2(C)CCC(CC21)C(C)=C'],"{30384, 31820, 47053}"
marts_E01331,sesq,CC(C)=CCCC(C)=CCCC(C)=CCOP([O-])(=O)OP([O-])([O-])=O,CC(=C)C1CC=C2CCCC(C)C2(C)C1,['CC(C)=CCCC(C)=CCCC(C)=CCOP([O-])(=O)OP([O-])([O-])=O'],['CC(=C)C1CC=C2CCCC(C)C2(C)C1'],"{19826, 28636}"
marts_E01331,sesq,CC(C)=CCCC(C)=CCCC(C)=CCOP([O-])(=O)OP([O-])([O-])=O,CC12CC3CCC1(CCCC2C)C=C3C,['CC(C)=CCCC(C)=CCCC(C)=CCOP([O-])(=O)OP([O-])([O-])=O'],['CC12CC3CCC1(CCCC2C)C=C3C'],set()
marts_E01332,sesq,CC(C)=CCCC(C)=CCCC(C)=CCOP([O-])(=O)OP([O-])([O-])=O,CC1(C)CC2CC3(C)CCC(C)C3C2=C1,['CC(C)=CCCC(C)=CCCC(C)=CCOP([O-])(=O)OP([O-])([O-])=O'],['CC1(C)CC2CC3(C)CCC(C)C3C2=C1'],set()
marts_E01332,sesq,CC(C)=CCCC(C)=CCCC(C)=CCOP([O-])(=O)OP([O-])([O-])=O,CC1CCC2C(CC2(C)C)C(=C)CCC=1,['CC(C)=CCCC(C)=CCCC(C)=CCOP([O-])(=O)OP([O-])([O-])=O'],['CC1CCC2C(CC2(C)C)C(=C)CCC=1'],"{31816, 34704, 28295}"
marts_E01333,sesq,CC(C)=CCCC(C)=CCCC(C)=CCOP([O-])(=O)OP([O-])([O-])=O,CC1(C)C2CC3=C(C)CCC13C(C)CC2,['CC(C)=CCCC(C)=CCCC(C)=CCOP([O-])(=O)OP([O-])([O-])=O'],['CC1(C)C2CC3=C(C)CCC13C(C)CC2'],set()
marts_E01334,sesq,CC(C)=CCCC(C)=CCCC(C)=CCOP([O-])(=O)OP([O-])([O-])=O,CC1CCCC23CC4(C)C(CC21C)C4C3,['CC(C)=CCCC(C)=CCCC(C)=CCOP([O-])(=O)OP([O-])([O-])=O'],['CC1CCCC23CC4(C)C(CC21C)C4C3'],set()
marts_E01335,sesq,CC(C)=CCCC(C)=CCCC(C)=CCOP([O-])(=O)OP([O-])([O-])=O,CC1(C)CC2CC3CCC(=C)C3(C)C2C1,['CC(C)=CCCC(C)=CCCC(C)=CCOP([O-])(=O)OP([O-])([O-])=O'],['CC1(C)CC2CC3CCC(=C)C3(C)C2C1'],set()
marts_E01335,sesq,CC(C)=CCCC(C)=CCCC(C)=CCOP([O-])(=O)OP([O-])([O-])=O,CC1(C)CC2=C(C)CCC32C1CCC3C,['CC(C)=CCCC(C)=CCCC(C)=CCOP([O-])(=O)OP([O-])([O-])=O'],['CC1(C)CC2=C(C)CCC32C1CCC3C'],set()
marts_E01335,sesq,CC(C)=CCCC(C)=CCCC(C)=CCOP([O-])(=O)OP([O-])([O-])=O,CC1CCC2C(CC2(C)C)C(=C)CCC=1,['CC(C)=CCCC(C)=CCCC(C)=CCOP([O-])(=O)OP([O-])([O-])=O'],['CC1CCC2C(CC2(C)C)C(=C)CCC=1'],"{31816, 34704, 28295}"
marts_E01335,sesq,CC(C)=CCCC(C)=CCCC(C)=CCOP([O-])(=O)OP([O-])([O-])=O,CC1CCC=C(C)CC=CC(C)(C)CC=1,['CC(C)=CCCC(C)=CCCC(C)=CCOP([O-])(=O)OP([O-])([O-])=O'],['CC1CCC=C(C)CC=CC(C)(C)CC=1'],"{31896, 68781}"
marts_E01336,di,CC(C)=CCCC(C)=CCCC(C)=CCCC(C)=CCOP([O-])(=O)OP([O-])([O-])=O,CC12CCC3C(C)=C4CCC(C)C4C13CCC2C(C)C,['CC(C)=CCCC(C)=CCCC(C)=CCCC(C)=CCOP([O-])(=O)OP([O-])([O-])=O'],['CC12CCC3C(C)=C4CCC(C)C4C13CCC2C(C)C'],set()
marts_E01336,di,CC(C)=CCCC(C)=CCCC(C)=CCCC(C)=CCOP([O-])(=O)OP([O-])([O-])=O,CC(C)=CCCC1(C)CC2C1CCC(C)=CCCC2=C,['CC(C)=CCCC(C)=CCCC(C)=CCCC(C)=CCOP([O-])(=O)OP([O-])([O-])=O'],['CC(C)=CCCC1(C)CC2C1CCC(C)=CCCC2=C'],set()
marts_E01336,di,CC(C)=CCCC(C)=CCCC(C)=CCCC(C)=CCOP([O-])(=O)OP([O-])([O-])=O,CC1CCC2C(CCC2(C)CC=C(C)CCC=1)C(C)=C,['CC(C)=CCCC(C)=CCCC(C)=CCCC(C)=CCOP([O-])(=O)OP([O-])([O-])=O'],['CC1CCC2C(CCC2(C)CC=C(C)CCC=1)C(C)=C'],set()
marts_E01336,di,CC(C)=CCCC(C)=CCCC(C)=CCCC(C)=CCOP([O-])(=O)OP([O-])([O-])=O,CC1CCC=C(C)CC=C2C(CCC2(C)CC=1)C(C)=C,['CC(C)=CCCC(C)=CCCC(C)=CCCC(C)=CCOP([O-])(=O)OP([O-])([O-])=O'],['CC1CCC=C(C)CC=C2C(CCC2(C)CC=1)C(C)=C'],set()
marts_E01337,di,CC(C)=CCCC(C)=CCCC(C)=CCCC(C)=CCOP([O-])(=O)OP([O-])([O-])=O,CC12CCC3C(C)CCC(=CC13C(O)C(C)CC2)C(C)C,['CC(C)=CCCC(C)=CCCC(C)=CCCC(C)=CCOP([O-])(=O)OP([O-])([O-])=O'],['CC12CCC3C(C)CCC(=CC13C(O)C(C)CC2)C(C)C'],set()
marts_E01338,di,CC(C)=CCCC(C)=CCCC(C)=CCCC(C)=CCOP([O-])(=O)OP([O-])([O-])=O,CC(C)C1CCC2(C)C=CCC(C)=CCCC(C)=CC21,['CC(C)=CCCC(C)=CCCC(C)=CCCC(C)=CCOP([O-])(=O)OP([O-])([O-])=O'],['CC(C)C1CCC2(C)C=CCC(C)=CCCC(C)=CC21'],set()
marts_E01339,di,CC(C)=CCCC(C)=CCCC(C)=CCCC(C)=CCOP([O-])(=O)OP([O-])([O-])=O,CC12CCC(C)C34CCC(C)=CC3C14CCC2C(C)C,['CC(C)=CCCC(C)=CCCC(C)=CCCC(C)=CCOP([O-])(=O)OP([O-])([O-])=O'],['CC12CCC(C)C34CCC(C)=CC3C14CCC2C(C)C'],set()
marts_E01340,di,CC(C)=CCCC(C)=CCCC(C)=CCCC(C)=CCOP([O-])(=O)OP([O-])([O-])=O,CC(=C)C1CCC2(C)CC3C(=C)CCCC3(C)CCC21,['CC(C)=CCCC(C)=CCCC(C)=CCCC(C)=CCOP([O-])(=O)OP([O-])([O-])=O'],['CC(=C)C1CCC2(C)CC3C(=C)CCCC3(C)CCC21'],set()
marts_E01341,di,CC(C)=CCCC(C)=CCCC(C)=CCCC(C)=CCOP([O-])(=O)OP([O-])([O-])=O,CC1(C)CCC2(C)CC3C(CCC(C)=CCCC=3C)C12,['CC(C)=CCCC(C)=CCCC(C)=CCCC(C)=CCOP([O-])(=O)OP([O-])([O-])=O'],['CC1(C)CCC2(C)CC3C(CCC(C)=CCCC=3C)C12'],{78288}
marts_E01342,di,CC(C)=CCCC(C)=CCCC(C)=CCCC(C)=CCOP([O-])(=O)OP([O-])([O-])=O,CC1(C)CCC2(C)CC3C(CCC(C)=CCCC=3C)C12,['CC(C)=CCCC(C)=CCCC(C)=CCCC(C)=CCOP([O-])(=O)OP([O-])([O-])=O'],['CC1(C)CCC2(C)CC3C(CCC(C)=CCCC=3C)C12'],{78288}
marts_E01343,di,CC(C)=CCCC(C)=CCCC(C)=CCCC(C)=CCOP([O-])(=O)OP([O-])([O-])=O,CC1=CCC2CC=C(C)CCC=C(C)CCC1C2(C)C,['CC(C)=CCCC(C)=CCCC(C)=CCCC(C)=CCOP([O-])(=O)OP([O-])([O-])=O'],['CC1=CCC2CC=C(C)CCC=C(C)CCC1C2(C)C'],set()
marts_E01344,di,CC(C)=CCCC(C)=CCCC(C)=CCCC(C)=CCOP([O-])(=O)OP([O-])([O-])=O,CC1CCCC(=C)CCC2=C(C)CCC(CC=1)C2(C)C,['CC(C)=CCCC(C)=CCCC(C)=CCCC(C)=CCOP([O-])(=O)OP([O-])([O-])=O'],['CC1CCCC(=C)CCC2=C(C)CCC(CC=1)C2(C)C'],set()
marts_E01345,di,CC(C)=CCCC(C)=CCCC(C)=CCCC(C)=CCOP([O-])(=O)OP([O-])([O-])=O,CC1(C)CCCC2(C)C1CCC(=C)C2CCC(C)=CCOP([O-])(=O)OP([O-])([O-])=O,['CC(C)=CCCC(C)=CCCC(C)=CCCC(C)=CCOP([O-])(=O)OP([O-])([O-])=O'],['CC1(C)CCCC2(C)C1CCC(=C)C2CCC(C)=CCOP([O-])(=O)OP([O-])([O-])=O'],"{14842, 24317, 25525}"
marts_E01345,di,CC1(C)CCCC2(C)C1CCC(=C)C2CCC(C)=CCOP([O-])(=O)OP([O-])([O-])=O,CC1(C)CCCC2(C)C1CCC1=CC(C)(CCC21)C=C,['CC1(C)CCCC2(C)C1CCC(=C)C2CCC(C)=CCOP([O-])(=O)OP([O-])([O-])=O'],['CC1(C)CCCC2(C)C1CCC1=CC(C)(CCC21)C=C'],"{25537, 32004, 25541, 32008, 42985}"
marts_E01346,di,CC(C)=CCCC(C)=CCCC(C)=CCCC(C)=CCOP([O-])(=O)OP([O-])([O-])=O,CC1(C)C2CCC(C)C3CCC(C)=C4CCC1(C)C4C32,['CC(C)=CCCC(C)=CCCC(C)=CCCC(C)=CCOP([O-])(=O)OP([O-])([O-])=O'],['CC1(C)C2CCC(C)C3CCC(C)=C4CCC1(C)C4C32'],set()
marts_E01346,di,CC(C)=CCCC(C)=CCCC(C)=CCCC(C)=CCOP([O-])(=O)OP([O-])([O-])=O,CC1CCC2C(CCC2(C)CC=C(C)CCC=1)C(C)=C,['CC(C)=CCCC(C)=CCCC(C)=CCCC(C)=CCOP([O-])(=O)OP([O-])([O-])=O'],['CC1CCC2C(CCC2(C)CC=C(C)CCC=1)C(C)=C'],set()
marts_E01347,di,CC(C)=CCCC(C)=CCCC(C)=CCCC(C)=CCOP([O-])(=O)OP([O-])([O-])=O,CC1(C)C2CCC(C)C3CCC(C)C4CCC1(C)C=4C32,['CC(C)=CCCC(C)=CCCC(C)=CCCC(C)=CCOP([O-])(=O)OP([O-])([O-])=O'],['CC1(C)C2CCC(C)C3CCC(C)C4CCC1(C)C=4C32'],set()
marts_E01348,di,CC(C)=CCCC(C)=CCCC(C)=CCCC(C)=CCOP([O-])(=O)OP([O-])([O-])=O,CC(=C)C1CCC(C)C2CCC(=C)C3CCC(C)C3C21,['CC(C)=CCCC(C)=CCCC(C)=CCCC(C)=CCOP([O-])(=O)OP([O-])([O-])=O'],['CC(=C)C1CCC(C)C2CCC(=C)C3CCC(C)C3C21'],set()
marts_E01349,di,CC(C)=CCCC(C)=CCCC(C)=CCCC(C)=CCOP([O-])(=O)OP([O-])([O-])=O,CC1CCC2C(CCC2(C)CC=C(C)CCC=1)C(C)=C,['CC(C)=CCCC(C)=CCCC(C)=CCCC(C)=CCOP([O-])(=O)OP([O-])([O-])=O'],['CC1CCC2C(CCC2(C)CC=C(C)CCC=1)C(C)=C'],set()
marts_E01350,di,CC(C)=CCCC(C)=CCCC(C)=CCCC(C)=CCOP([O-])(=O)OP([O-])([O-])=O,CC1CC=C2C(CCC2(C)CCC(=C)CCC=1)C(C)C,['CC(C)=CCCC(C)=CCCC(C)=CCCC(C)=CCOP([O-])(=O)OP([O-])([O-])=O'],['CC1CC=C2C(CCC2(C)CCC(=C)CCC=1)C(C)C'],set()
marts_E01351,di,CC(C)=CCCC(C)=CCCC(C)=CCCC(C)=CCOP([O-])(=O)OP([O-])([O-])=O,CC1=CCC2=C(CCC2(C)CC2C1CCC2C)C(C)C,['CC(C)=CCCC(C)=CCCC(C)=CCCC(C)=CCOP([O-])(=O)OP([O-])([O-])=O'],['CC1=CCC2=C(CCC2(C)CC2C1CCC2C)C(C)C'],set()
marts_E01352,di,CC(C)=CCCC(C)=CCCC(C)=CCCC(C)=CCOP([O-])(=O)OP([O-])([O-])=O,CC1=CCC2=C(CCC2(C)CC2C1CCC2C)C(C)C,['CC(C)=CCCC(C)=CCCC(C)=CCCC(C)=CCOP([O-])(=O)OP([O-])([O-])=O'],['CC1=CCC2=C(CCC2(C)CC2C1CCC2C)C(C)C'],set()
marts_E01353,di,CC(C)=CCCC(C)=CCCC(C)=CCCC(C)=CCOP([O-])(=O)OP([O-])([O-])=O,CC(C)=CCCC(C)=CCCC(C)C1CC=C(C)CC=1,['CC(C)=CCCC(C)=CCCC(C)=CCCC(C)=CCOP([O-])(=O)OP([O-])([O-])=O'],['CC(C)=CCCC(C)=CCCC(C)C1CC=C(C)CC=1'],set()
marts_E01354,di,CC(C)=CCCC(C)=CCCC(C)=CCCC(C)=CCOP([O-])(=O)OP([O-])([O-])=O,CC1CCC(C2C=C(C)CCC=C(C)CCC12)C(C)=C,['CC(C)=CCCC(C)=CCCC(C)=CCCC(C)=CCOP([O-])(=O)OP([O-])([O-])=O'],['CC1CCC(C2C=C(C)CCC=C(C)CCC12)C(C)=C'],set()
marts_E01355,di,CC(C)=CCCC(C)=CCCC(C)=CCCC(C)=CCOP([O-])(=O)OP([O-])([O-])=O,CC1CCC(C2C=C(C)CCC=C(C)CCC12)C(C)=C,['CC(C)=CCCC(C)=CCCC(C)=CCCC(C)=CCOP([O-])(=O)OP([O-])([O-])=O'],['CC1CCC(C2C=C(C)CCC=C(C)CCC12)C(C)=C'],set()
marts_E01356,di,CC(C)=CCCC(C)=CCCC(C)=CCCC(C)=CCOP([O-])(=O)OP([O-])([O-])=O,CC1CCC(C2C=C(C)CCC=C(C)CCC12)C(C)=C,['CC(C)=CCCC(C)=CCCC(C)=CCCC(C)=CCOP([O-])(=O)OP([O-])([O-])=O'],['CC1CCC(C2C=C(C)CCC=C(C)CCC12)C(C)=C'],set()
marts_E01357,di,CC(C)=CCCC(C)=CCCC(C)=CCCC(C)=CCOP([O-])(=O)OP([O-])([O-])=O,CC1CCC(C2C=C(C)CCC=C(C)CCC12)C(C)=C,['CC(C)=CCCC(C)=CCCC(C)=CCCC(C)=CCOP([O-])(=O)OP([O-])([O-])=O'],['CC1CCC(C2C=C(C)CCC=C(C)CCC12)C(C)=C'],set()
marts_E01358,di,CC(C)=CCCC(C)=CCCC(C)=CCCC(C)=CCOP([O-])(=O)OP([O-])([O-])=O,CC1(C)CCCC(C)=CCCC(C)=CCCC(C)(O)C=C1,['CC(C)=CCCC(C)=CCCC(C)=CCCC(C)=CCOP([O-])(=O)OP([O-])([O-])=O'],['CC1(C)CCCC(C)=CCCC(C)=CCCC(C)(O)C=C1'],set()
marts_E01358,di,CC(C)=CCCC(C)=CCCC(C)=CCCC(C)=CCOP([O-])(=O)OP([O-])([O-])=O,CC1CCC=C(C)CCC(CC=C(C)CCC=1)C(C)=C,['CC(C)=CCCC(C)=CCCC(C)=CCCC(C)=CCOP([O-])(=O)OP([O-])([O-])=O'],['CC1CCC=C(C)CCC(CC=C(C)CCC=1)C(C)=C'],{42997}
marts_E01359,di,CC(C)=CCCC(C)=CCCC(C)=CCCC(C)=CCOP([O-])(=O)OP([O-])([O-])=O,CC1(C)CCCC(C)=CCCC(C)=CCCC(C)(O)C=C1,['CC(C)=CCCC(C)=CCCC(C)=CCCC(C)=CCOP([O-])(=O)OP([O-])([O-])=O'],['CC1(C)CCCC(C)=CCCC(C)=CCCC(C)(O)C=C1'],set()
marts_E01359,di,CC(C)=CCCC(C)=CCCC(C)=CCCC(C)=CCOP([O-])(=O)OP([O-])([O-])=O,CC1CCC=C(C)CCC(CC=C(C)CCC=1)C(C)=C,['CC(C)=CCCC(C)=CCCC(C)=CCCC(C)=CCOP([O-])(=O)OP([O-])([O-])=O'],['CC1CCC=C(C)CCC(CC=C(C)CCC=1)C(C)=C'],{42997}
marts_E01360,di,CC(C)=CCCC(C)=CCCC(C)=CCCC(C)=CCOP([O-])(=O)OP([O-])([O-])=O,CC1(C)CCCC(C)=CCCC(C)=CCCC(C)(O)C=C1,['CC(C)=CCCC(C)=CCCC(C)=CCCC(C)=CCOP([O-])(=O)OP([O-])([O-])=O'],['CC1(C)CCCC(C)=CCCC(C)=CCCC(C)(O)C=C1'],set()
marts_E01361,di,CC(C)=CCCC(C)=CCCC(C)=CCCC(C)=CCOP([O-])(=O)OP([O-])([O-])=O,CC1CCC=C(C)CCC(CC=C(C)CCC=1)C(C)=C,['CC(C)=CCCC(C)=CCCC(C)=CCCC(C)=CCOP([O-])(=O)OP([O-])([O-])=O'],['CC1CCC=C(C)CCC(CC=C(C)CCC=1)C(C)=C'],{42997}
marts_E01362,di,CC(C)=CCCC(C)=CCCC(C)=CCCC(C)=CCOP([O-])(=O)OP([O-])([O-])=O,CC1CCC=C(C)CCC(CC=C(C)CCC=1)C(C)(C)O,['CC(C)=CCCC(C)=CCCC(C)=CCCC(C)=CCOP([O-])(=O)OP([O-])([O-])=O'],['CC1CCC=C(C)CCC(CC=C(C)CCC=1)C(C)(C)O'],"{42993, 73996}"
marts_E01362,di,CC(C)=CCCC(C)=CCCC(C)=CCCC(C)=CCOP([O-])(=O)OP([O-])([O-])=O,CC1CCC=C(C)CCC(CC=C(C)CCC=1)C(C)=C,['CC(C)=CCCC(C)=CCCC(C)=CCCC(C)=CCOP([O-])(=O)OP([O-])([O-])=O'],['CC1CCC=C(C)CCC(CC=C(C)CCC=1)C(C)=C'],{42997}
marts_E01363,di,CC(C)=CCCC(C)=CCCC(C)=CCCC(C)=CCOP([O-])(=O)OP([O-])([O-])=O,CC(C)=C1CC=C(C)CCC=C(C)CCC=C(C)CC1,['CC(C)=CCCC(C)=CCCC(C)=CCCC(C)=CCOP([O-])(=O)OP([O-])([O-])=O'],['CC(C)=C1CC=C(C)CCC=C(C)CCC=C(C)CC1'],{42989}
marts_E01364,di,CC(C)=CCCC(C)=CCCC(C)=CCCC(C)=CCOP([O-])(=O)OP([O-])([O-])=O,CC1(C)CCC2(C)C=C3C(CCC43C(C)CCC4C)C12,['CC(C)=CCCC(C)=CCCC(C)=CCCC(C)=CCOP([O-])(=O)OP([O-])([O-])=O'],['CC1(C)CCC2(C)C=C3C(CCC43C(C)CCC4C)C12'],{53621}
marts_E01365,di,CC(C)=CCCC(C)=CCCC(C)=CCCC(C)=CCOP([O-])(=O)OP([O-])([O-])=O,CC1(C)CCCC(C)=CCCC(C)=CCCC(C)(O)C=C1,['CC(C)=CCCC(C)=CCCC(C)=CCCC(C)=CCOP([O-])(=O)OP([O-])([O-])=O'],['CC1(C)CCCC(C)=CCCC(C)=CCCC(C)(O)C=C1'],set()
marts_E01366,di,CC(C)=CCCC(C)=CCCC(C)=CCCC(C)=CCOP([O-])(=O)OP([O-])([O-])=O,CC1(C)C2CCC(C)C3CCC(C)=C4CCC1(C)C4C32,['CC(C)=CCCC(C)=CCCC(C)=CCCC(C)=CCOP([O-])(=O)OP([O-])([O-])=O'],['CC1(C)C2CCC(C)C3CCC(C)=C4CCC1(C)C4C32'],set()
marts_E01366,sesq,CC(C)=CCCC(C)=CCCC(C)=CCOP([O-])(=O)OP([O-])([O-])=O,CC1CCC(CC=C(C)CCC=1)C(C)(C)O,['CC(C)=CCCC(C)=CCCC(C)=CCOP([O-])(=O)OP([O-])([O-])=O'],['CC1CCC(CC=C(C)CCC=1)C(C)(C)O'],"{54057, 54061}"
marts_E01366,sesq,CC(C)=CCCC(C)=CCCC(C)=CCOP([O-])(=O)OP([O-])([O-])=O,CC1CCC(CC=C(C)CCC=1)C(C)=C,['CC(C)=CCCC(C)=CCCC(C)=CCOP([O-])(=O)OP([O-])([O-])=O'],['CC1CCC(CC=C(C)CCC=1)C(C)=C'],"{68777, 25453, 12517}"
marts_E01366,sesq,CC(C)=CCCC(C)=CCCC(C)=CCOP([O-])(=O)OP([O-])([O-])=O,CC1CCC(C=CC(=C)CCC=1)C(C)C,['CC(C)=CCCC(C)=CCCC(C)=CCOP([O-])(=O)OP([O-])([O-])=O'],['CC1CCC(C=CC(=C)CCC=1)C(C)C'],"{12017, 30428, 68717}"
marts_E01366,sesq,CC(C)=CCCC(C)=CCCC(C)=CCOP([O-])(=O)OP([O-])([O-])=O,CC(C)=CCCC(C)=CCCC(=C)C=C,['CC(C)=CCCC(C)=CCCC(C)=CCOP([O-])(=O)OP([O-])([O-])=O'],['CC(C)=CCCC(C)=CCCC(=C)C=C'],"{68545, 27426, 68857, 68505, 68509}"
marts_E01366,mono,CC(C)=CCCC(C)=CCOP([O-])(=O)OP([O-])([O-])=O,CC(C)=CCCC(C)=CCO,['CC(C)=CCCC(C)=CCOP([O-])(=O)OP([O-])([O-])=O'],['CC(C)=CCCC(C)=CCO'],"{32680, 65829}"
marts_E01367,di,CC(C)=CCCC(C)=CCCC(C)=CCCC(C)=CCOP([O-])(=O)OP([O-])([O-])=O,CC12CCC(C)C34CCC(C)C(O)C3C14CCC2C(C)C,['CC(C)=CCCC(C)=CCCC(C)=CCCC(C)=CCOP([O-])(=O)OP([O-])([O-])=O'],['CC12CCC(C)C34CCC(C)C(O)C3C14CCC2C(C)C'],set()
marts_E01368,di,CC(C)=CCCC(C)=CCCC(C)=CCCC(C)=CCOP([O-])(=O)OP([O-])([O-])=O,CC(C)C1(O)CCC(C)C2CCC(C)=CCCC(C)=CC12,['CC(C)=CCCC(C)=CCCC(C)=CCCC(C)=CCOP([O-])(=O)OP([O-])([O-])=O'],['CC(C)C1(O)CCC(C)C2CCC(C)=CCCC(C)=CC12'],set()
marts_E01369,di,CC(C)=CCCC(C)=CCCC(C)=CCCC(C)=CCOP([O-])(=O)OP([O-])([O-])=O,CC(C)=CCCC1(C)CCC(C)=CCCC(C)(O)C2CC12,['CC(C)=CCCC(C)=CCCC(C)=CCCC(C)=CCOP([O-])(=O)OP([O-])([O-])=O'],['CC(C)=CCCC1(C)CCC(C)=CCCC(C)(O)C2CC12'],set()
marts_E01369,di,CC(C)=CCCC(C)=CCCC(C)=CCCC(C)=CCOP([O-])(=O)OP([O-])([O-])=O,CC(C)=CCCC1(C)CCC(C)=CCCC(=C)C2CC12,['CC(C)=CCCC(C)=CCCC(C)=CCCC(C)=CCOP([O-])(=O)OP([O-])([O-])=O'],['CC(C)=CCCC1(C)CCC(C)=CCCC(=C)C2CC12'],set()
marts_E01369,di,CC(C)=CCCC(C)=CCCC(C)=CCCC(C)=CCOP([O-])(=O)OP([O-])([O-])=O,CC1CCC2(C)CCC(C2CC=C(C)CCC=1)C(C)=C,['CC(C)=CCCC(C)=CCCC(C)=CCCC(C)=CCOP([O-])(=O)OP([O-])([O-])=O'],['CC1CCC2(C)CCC(C2CC=C(C)CCC=1)C(C)=C'],set()
marts_E01369,di,CC(C)=CCCC(C)=CCCC(C)=CCCC(C)=CCOP([O-])(=O)OP([O-])([O-])=O,CC(C)(O)C1CCC2(C)CCC(C)=CCCC(C)=CCC21,['CC(C)=CCCC(C)=CCCC(C)=CCCC(C)=CCOP([O-])(=O)OP([O-])([O-])=O'],['CC(C)(O)C1CCC2(C)CCC(C)=CCCC(C)=CCC21'],set()
marts_E01369,di,CC(C)=CCCC(C)=CCCC(C)=CCCC(C)=CCOP([O-])(=O)OP([O-])([O-])=O,CC(C)(O)C1CCC2(C)CCC3(C)CCCC(=C)C3CC21,['CC(C)=CCCC(C)=CCCC(C)=CCCC(C)=CCOP([O-])(=O)OP([O-])([O-])=O'],['CC(C)(O)C1CCC2(C)CCC3(C)CCCC(=C)C3CC21'],set()
marts_E01369,mono,CC(C)=CCCC(C)=CCOP([O-])(=O)OP([O-])([O-])=O,CC(C)=CCCC(C)=CCO,['CC(C)=CCCC(C)=CCOP([O-])(=O)OP([O-])([O-])=O'],['CC(C)=CCCC(C)=CCO'],"{32680, 65829}"
marts_E01369,sesq,CC(C)=CCCC(C)=CCCC(C)=CCOP([O-])(=O)OP([O-])([O-])=O,CC(=C)C1CC2(C)C(C)CCC=C2CC1,['CC(C)=CCCC(C)=CCCC(C)=CCOP([O-])(=O)OP([O-])([O-])=O'],['CC(=C)C1CC2(C)C(C)CCC=C2CC1'],"{29512, 58169, 52805}"
marts_E01369,sesq,CC(C)=CCCC(C)=CCCC(C)=CCOP([O-])(=O)OP([O-])([O-])=O,CC1CCC(CC=C(C)CCC=1)C(C)=C,['CC(C)=CCCC(C)=CCCC(C)=CCOP([O-])(=O)OP([O-])([O-])=O'],['CC1CCC(CC=C(C)CCC=1)C(C)=C'],"{68777, 25453, 12517}"
marts_E01369,sesq,CC(C)=CCCC(C)=CCCC(C)=CCOP([O-])(=O)OP([O-])([O-])=O,CC(C)=CCC=C(C)C1CC=C(C)CC1,['CC(C)=CCCC(C)=CCCC(C)=CCOP([O-])(=O)OP([O-])([O-])=O'],['CC(C)=CCC=C(C)C1CC=C(C)CC1'],"{68845, 68817, 68533, 68473, 25437}"
marts_E01369,sesq,CC(C)=CCCC(C)=CCCC(C)=CCOP([O-])(=O)OP([O-])([O-])=O,CC(C)=CCCC(C)=CCCC(C)(O)C=C,['CC(C)=CCCC(C)=CCCC(C)=CCOP([O-])(=O)OP([O-])([O-])=O'],['CC(C)=CCCC(C)=CCCC(C)(O)C=C'],"{68833, 27531, 27535, 68821, 56985}"
marts_E01369,sesq,CC(C)=CCCC(C)=CCCC(C)=CCOP([O-])(=O)OP([O-])([O-])=O,CC1CCC(CC=C(C)CCC=1)C(C)(C)O,['CC(C)=CCCC(C)=CCCC(C)=CCOP([O-])(=O)OP([O-])([O-])=O'],['CC1CCC(CC=C(C)CCC=1)C(C)(C)O'],"{54057, 54061}"
marts_E01369,sesq,CC(C)=CCCC(C)=CCCC(C)=CCOP([O-])(=O)OP([O-])([O-])=O,CC(C)=CCCC(C)(O)C1CC=C(C)CC1,['CC(C)=CCCC(C)=CCCC(C)=CCOP([O-])(=O)OP([O-])([O-])=O'],['CC(C)=CCCC(C)(O)C1CC=C(C)CC1'],{34504}
marts_E01369,sesq,CC(C)=CCCC(C)=CCCC(C)=CCOP([O-])(=O)OP([O-])([O-])=O,CC(C)=CCCC(C)=CCCC(C)=CCO,['CC(C)=CCCC(C)=CCCC(C)=CCOP([O-])(=O)OP([O-])([O-])=O'],['CC(C)=CCCC(C)=CCCC(C)=CCO'],{27527}
marts_E01370,mono,CC(C)=CCCC(C)=CCOP([O-])(=O)OP([O-])([O-])=O,CC1=CCC2CC1C2(C)C,['CC(C)=CCCC(C)=CCOP([O-])(=O)OP([O-])([O-])=O'],['CC1=CCC2CC1C2(C)C'],"{32576, 25489, 25663}"
marts_E01370,mono,CC(C)=CCCC(C)=CCOP([O-])(=O)OP([O-])([O-])=O,CC(C)=CCCC(=C)C=C,['CC(C)=CCCC(C)=CCOP([O-])(=O)OP([O-])([O-])=O'],['CC(C)=CCCC(=C)C=C'],{16966}
marts_E01370,mono,CC(C)=CCCC(C)=CCOP([O-])(=O)OP([O-])([O-])=O,CC1CCC(CC=1)C(C)=C,['CC(C)=CCCC(C)=CCOP([O-])(=O)OP([O-])([O-])=O'],['CC1CCC(CC=1)C(C)=C'],"{68641, 10941, 12870}"
marts_E01370,mono,CC(C)=CCCC(C)=CCOP([O-])(=O)OP([O-])([O-])=O,CC(C)=C1CC=C(C)CC1,['CC(C)=CCCC(C)=CCOP([O-])(=O)OP([O-])([O-])=O'],['CC(C)=C1CC=C(C)CC1'],{25501}
marts_E01370,mono,CC(C)=CCCC(C)=CCOP([O-])(=O)OP([O-])([O-])=O,CC(C)=CCCC(C)(O)C=C,['CC(C)=CCCC(C)=CCOP([O-])(=O)OP([O-])([O-])=O'],['CC(C)=CCCC(C)(O)C=C'],"{15810, 68709, 24117}"
marts_E01370,mono,CC(C)=CCCC(C)=CCOP([O-])(=O)OP([O-])([O-])=O,CC1CCC(CC=1)C(C)(C)O,['CC(C)=CCCC(C)=CCOP([O-])(=O)OP([O-])([O-])=O'],['CC1CCC(CC=1)C(C)(C)O'],"{32552, 32556}"
marts_E01370,mono,CC(C)=CCCC(C)=CCOP([O-])(=O)OP([O-])([O-])=O,CC(C)=CCCC(C)=CCO,['CC(C)=CCCC(C)=CCOP([O-])(=O)OP([O-])([O-])=O'],['CC(C)=CCCC(C)=CCO'],"{32680, 65829}"
marts_E01370,sesq,CC(C)=CCCC(C)=CCCC(C)=CCOP([O-])(=O)OP([O-])([O-])=O,CC1(C)CCCC2(C)C3CC=C(C)C2C13,['CC(C)=CCCC(C)=CCCC(C)=CCOP([O-])(=O)OP([O-])([O-])=O'],['CC1(C)CCCC2(C)C3CC=C(C)C2C13'],{31440}
marts_E01370,sesq,CC(C)=CCCC(C)=CCCC(C)=CCOP([O-])(=O)OP([O-])([O-])=O,CC1(C)CCCC2(C)C3CC4C(C13)C24C,['CC(C)=CCCC(C)=CCCC(C)=CCOP([O-])(=O)OP([O-])([O-])=O'],['CC1(C)CCCC2(C)C3CC4C(C13)C24C'],set()
marts_E01370,sesq,CC(C)=CCCC(C)=CCCC(C)=CCOP([O-])(=O)OP([O-])([O-])=O,CC1(C)CCCC2(C)C3CCC(C13)C2=C,['CC(C)=CCCC(C)=CCCC(C)=CCOP([O-])(=O)OP([O-])([O-])=O'],['CC1(C)CCCC2(C)C3CCC(C13)C2=C'],{25465}
marts_E01370,sesq,CC(C)=CCCC(C)=CCCC(C)=CCOP([O-])(=O)OP([O-])([O-])=O,CC1CCC2C(C=1)C(C)(C)CCCC2=C,['CC(C)=CCCC(C)=CCCC(C)=CCOP([O-])(=O)OP([O-])([O-])=O'],['CC1CCC2C(C=1)C(C)(C)CCCC2=C'],{25477}
marts_E01370,sesq,CC(C)=CCCC(C)=CCCC(C)=CCOP([O-])(=O)OP([O-])([O-])=O,CC1CCC2C(CC2(C)C)C(=C)CCC=1,['CC(C)=CCCC(C)=CCCC(C)=CCOP([O-])(=O)OP([O-])([O-])=O'],['CC1CCC2C(CC2(C)C)C(=C)CCC=1'],"{31816, 34704, 28295}"
marts_E01370,sesq,CC(C)=CCCC(C)=CCCC(C)=CCOP([O-])(=O)OP([O-])([O-])=O,CC1CCCC(C)(C)C=CC(=C)CCC=1,['CC(C)=CCCC(C)=CCCC(C)=CCOP([O-])(=O)OP([O-])([O-])=O'],['CC1CCCC(C)(C)C=CC(=C)CCC=1'],{25457}
marts_E01370,sesq,CC(C)=CCCC(C)=CCCC(C)=CCOP([O-])(=O)OP([O-])([O-])=O,CC1CCC2C(C=1)C(C)(C)CCC=C2C,['CC(C)=CCCC(C)=CCCC(C)=CCOP([O-])(=O)OP([O-])([O-])=O'],['CC1CCC2C(C=1)C(C)(C)CCC=C2C'],{25473}
marts_E01370,di,CC(C)=CCCC(C)=CCCC(C)=CCCC(C)=CCOP([O-])(=O)OP([O-])([O-])=O,CC(C)=CCCC(C)=CCCC(C)=CCCC(=C)C=C,['CC(C)=CCCC(C)=CCCC(C)=CCCC(C)=CCOP([O-])(=O)OP([O-])([O-])=O'],['CC(C)=CCCC(C)=CCCC(C)=CCCC(=C)C=C'],set()
marts_E01370,di,CC(C)=CCCC(C)=CCCC(C)=CCCC(C)=CCOP([O-])(=O)OP([O-])([O-])=O,CC1CCC=C(C)CCC(CC=C(C)CCC=1)C(C)=C,['CC(C)=CCCC(C)=CCCC(C)=CCCC(C)=CCOP([O-])(=O)OP([O-])([O-])=O'],['CC1CCC=C(C)CCC(CC=C(C)CCC=1)C(C)=C'],{42997}
marts_E01370,di,CC(C)=CCCC(C)=CCCC(C)=CCCC(C)=CCOP([O-])(=O)OP([O-])([O-])=O,CC1CCC=C(C)CCC(CC=C(C)CCC=1)C(C)=C,['CC(C)=CCCC(C)=CCCC(C)=CCCC(C)=CCOP([O-])(=O)OP([O-])([O-])=O'],['CC1CCC=C(C)CCC(CC=C(C)CCC=1)C(C)=C'],{42997}
marts_E01370,sesq,CC(C)=CCCC(C)=CCCC(C)=CCOP([O-])(=O)OP([O-])([O-])=O,CC1CCCC(C)(C)C2C=C(C)CCC=12,['CC(C)=CCCC(C)=CCCC(C)=CCOP([O-])(=O)OP([O-])([O-])=O'],['CC1CCCC(C)(C)C2C=C(C)CCC=12'],{25469}
marts_E01371,sesq,CC(C)=CCCC(C)=CCCC(C)=CCOP([O-])(=O)OP([O-])([O-])=O,CC(C)=CCCC(C)=CCCC(C)(O)C=C,['CC(C)=CCCC(C)=CCCC(C)=CCOP([O-])(=O)OP([O-])([O-])=O'],['CC(C)=CCCC(C)=CCCC(C)(O)C=C'],"{68833, 27531, 27535, 68821, 56985}"
marts_E01371,mono,CC(C)=CCCC(C)=CCOP([O-])(=O)OP([O-])([O-])=O,CC(C)=CCCC(C)(O)C=C,['CC(C)=CCCC(C)=CCOP([O-])(=O)OP([O-])([O-])=O'],['CC(C)=CCCC(C)(O)C=C'],"{15810, 68709, 24117}"
marts_E01372,mono,CC(C)=CCCC(C)=CCOP([O-])(=O)OP([O-])([O-])=O,CC(C)=CCCC(=C)C=C,['CC(C)=CCCC(C)=CCOP([O-])(=O)OP([O-])([O-])=O'],['CC(C)=CCCC(=C)C=C'],{16966}
marts_E01373,mono,CC(C)=CCCC(C)=CCOP([O-])(=O)OP([O-])([O-])=O,CC(C)=CCCC(=C)C=C,['CC(C)=CCCC(C)=CCOP([O-])(=O)OP([O-])([O-])=O'],['CC(C)=CCCC(=C)C=C'],{16966}
marts_E01373,mono,CC(C)=CCCC(C)=CCOP([O-])(=O)OP([O-])([O-])=O,CC1=CCC2CC1C2(C)C,['CC(C)=CCCC(C)=CCOP([O-])(=O)OP([O-])([O-])=O'],['CC1=CCC2CC1C2(C)C'],"{32576, 25489, 25663}"
marts_E01373,mono,CC(C)=CCCC(C)=CCOP([O-])(=O)OP([O-])([O-])=O,CC1CCC(CC=1)C(C)=C,['CC(C)=CCCC(C)=CCOP([O-])(=O)OP([O-])([O-])=O'],['CC1CCC(CC=1)C(C)=C'],"{68641, 10941, 12870}"
marts_E01373,mono,CC(C)=CCCC(C)=CCOP([O-])(=O)OP([O-])([O-])=O,CC(C)C12CCC(=C)C1C2,['CC(C)=CCCC(C)=CCOP([O-])(=O)OP([O-])([O-])=O'],['CC(C)C12CCC(=C)C1C2'],"{68637, 32548, 25509}"
marts_E01373,mono,CC(C)=CCCC(C)=CCOP([O-])(=O)OP([O-])([O-])=O,CC1(C)C2CC1CCC2=C,['CC(C)=CCCC(C)=CCOP([O-])(=O)OP([O-])([O-])=O'],['CC1(C)C2CC1CCC2=C'],"{25497, 25667, 32580}"
marts_E01373,sesq,CC(C)=CCCC(C)=CCCC(C)=CCOP([O-])(=O)OP([O-])([O-])=O,CC(C)=CCCC(C)=CCC=C(C)C=C,['CC(C)=CCCC(C)=CCCC(C)=CCOP([O-])(=O)OP([O-])([O-])=O'],['CC(C)=CCCC(C)=CCC=C(C)C=C'],{27422}
marts_E01374,mono,CC(C)=CCCC(C)=CCOP([O-])(=O)OP([O-])([O-])=O,CC(C)=CCC=C(C)C=C,['CC(C)=CCCC(C)=CCOP([O-])(=O)OP([O-])([O-])=O'],['CC(C)=CCC=C(C)C=C'],"{68825, 32692}"
marts_E01374,mono,CC(C)=CCCC(C)=CCOP([O-])(=O)OP([O-])([O-])=O,CC(C)=CCC=C(C)C=C,['CC(C)=CCCC(C)=CCOP([O-])(=O)OP([O-])([O-])=O'],['CC(C)=CCC=C(C)C=C'],"{68825, 32692}"
marts_E01375,mono,CC(C)=CCCC(C)=CCOP([O-])(=O)OP([O-])([O-])=O,CC(C)=CCC=C(C)C=C,['CC(C)=CCCC(C)=CCOP([O-])(=O)OP([O-])([O-])=O'],['CC(C)=CCC=C(C)C=C'],"{68825, 32692}"
marts_E01375,mono,CC(C)=CCCC(C)=CCOP([O-])(=O)OP([O-])([O-])=O,CC(C)=CCC=C(C)C=C,['CC(C)=CCCC(C)=CCOP([O-])(=O)OP([O-])([O-])=O'],['CC(C)=CCC=C(C)C=C'],"{68825, 32692}"
marts_E01376,sesq,CC(C)=CCCC(C)=CCCC(C)=CCOP([O-])(=O)OP([O-])([O-])=O,CC(C)=CCCC(C)=CCCC(=C)C=C,['CC(C)=CCCC(C)=CCCC(C)=CCOP([O-])(=O)OP([O-])([O-])=O'],['CC(C)=CCCC(C)=CCCC(=C)C=C'],"{68545, 27426, 68857, 68505, 68509}"
marts_E01376,sesq,CC(C)=CCCC(C)=CCCC(C)=CCOP([O-])(=O)OP([O-])([O-])=O,CC(C)=CCCC(C)C1CCC(=C)C=C1,['CC(C)=CCCC(C)=CCCC(C)=CCOP([O-])(=O)OP([O-])([O-])=O'],['CC(C)=CCCC(C)C1CCC(=C)C=C1'],{32700}
marts_E01376,sesq,CC(C)=CCCC(C)=CCCC(C)=CCOP([O-])(=O)OP([O-])([O-])=O,CC(C)=CCCC(C)C1CC=C(C)C=C1,['CC(C)=CCCC(C)=CCCC(C)=CCOP([O-])(=O)OP([O-])([O-])=O'],['CC(C)=CCCC(C)C1CC=C(C)C=C1'],"{35748, 28644}"
marts_E01376,sesq,CC(C)=CCCC(C)=CCCC(C)=CCOP([O-])(=O)OP([O-])([O-])=O,CC1(C)C2C1CCC1(C)CCCC(C)=C12,['CC(C)=CCCC(C)=CCCC(C)=CCOP([O-])(=O)OP([O-])([O-])=O'],['CC1(C)C2C1CCC1(C)CCCC(C)=C12'],{73952}
marts_E01377,sesq,CC(C)=CCCC(C)=CCCC(C)=CCOP([O-])(=O)OP([O-])([O-])=O,CC(C)=CCCC(C)=CCCC(=C)C=C,['CC(C)=CCCC(C)=CCCC(C)=CCOP([O-])(=O)OP([O-])([O-])=O'],['CC(C)=CCCC(C)=CCCC(=C)C=C'],"{68545, 27426, 68857, 68505, 68509}"
marts_E01377,sesq,CC(C)=CCCC(C)=CCCC(C)=CCOP([O-])(=O)OP([O-])([O-])=O,CC(C)=CCCC(C)=CCC=C(C)C=C,['CC(C)=CCCC(C)=CCCC(C)=CCOP([O-])(=O)OP([O-])([O-])=O'],['CC(C)=CCCC(C)=CCC=C(C)C=C'],{27422}
marts_E01377,sesq,CC(C)=CCCC(C)=CCCC(C)=CCOP([O-])(=O)OP([O-])([O-])=O,CC(C)=CCCC(C)=CCCC(C)=CCO,['CC(C)=CCCC(C)=CCCC(C)=CCOP([O-])(=O)OP([O-])([O-])=O'],['CC(C)=CCCC(C)=CCCC(C)=CCO'],{27527}
marts_E01377,sesq,CC(C)=CCCC(C)=CCCC(C)=CCOP([O-])(=O)OP([O-])([O-])=O,CC(C)=CCCC(C)=CCCC(C)(O)C=C,['CC(C)=CCCC(C)=CCCC(C)=CCOP([O-])(=O)OP([O-])([O-])=O'],['CC(C)=CCCC(C)=CCCC(C)(O)C=C'],"{68833, 27531, 27535, 68821, 56985}"
marts_E01378,mono,CC(C)=CCCC(C)=CCOP([O-])(=O)OP([O-])([O-])=O,CC1=CCC2CC1C2(C)C,['CC(C)=CCCC(C)=CCOP([O-])(=O)OP([O-])([O-])=O'],['CC1=CCC2CC1C2(C)C'],"{32576, 25489, 25663}"
marts_E01378,mono,CC(C)=CCCC(C)=CCOP([O-])(=O)OP([O-])([O-])=O,CC1(C)C2CC1CCC2=C,['CC(C)=CCCC(C)=CCOP([O-])(=O)OP([O-])([O-])=O'],['CC1(C)C2CC1CCC2=C'],"{25497, 25667, 32580}"
marts_E01378,sesq,CC(C)=CCCC(C)=CCCC(C)=CCOP([O-])(=O)OP([O-])([O-])=O,CC1CCC2C(CC2(C)C)C(=C)CCC=1,['CC(C)=CCCC(C)=CCCC(C)=CCOP([O-])(=O)OP([O-])([O-])=O'],['CC1CCC2C(CC2(C)C)C(=C)CCC=1'],"{31816, 34704, 28295}"
marts_E01378,sesq,CC(C)=CCCC(C)=CCCC(C)=CCOP([O-])(=O)OP([O-])([O-])=O,CC1CCC=C(C)CC=CC(C)(C)CC=1,['CC(C)=CCCC(C)=CCCC(C)=CCOP([O-])(=O)OP([O-])([O-])=O'],['CC1CCC=C(C)CC=CC(C)(C)CC=1'],"{31896, 68781}"
marts_E01378,mono,CC(C)=CCCC(C)=CCOP([O-])(=O)OP([O-])([O-])=O,CC1=CCC2CC1C2(C)C,['CC(C)=CCCC(C)=CCOP([O-])(=O)OP([O-])([O-])=O'],['CC1=CCC2CC1C2(C)C'],"{32576, 25489, 25663}"
marts_E01378,mono,CC(C)=CCCC(C)=CCOP([O-])(=O)OP([O-])([O-])=O,CC1(C)C2CC1CCC2=C,['CC(C)=CCCC(C)=CCOP([O-])(=O)OP([O-])([O-])=O'],['CC1(C)C2CC1CCC2=C'],"{25497, 25667, 32580}"
marts_E01379,mono,CC(C)=CCCC(C)=CCOP([O-])(=O)OP([O-])([O-])=O,CC1=CCC2CC1C2(C)C,['CC(C)=CCCC(C)=CCOP([O-])(=O)OP([O-])([O-])=O'],['CC1=CCC2CC1C2(C)C'],"{32576, 25489, 25663}"
marts_E01379,mono,CC(C)=CCCC(C)=CCOP([O-])(=O)OP([O-])([O-])=O,CC1(C)C2CC1CCC2=C,['CC(C)=CCCC(C)=CCOP([O-])(=O)OP([O-])([O-])=O'],['CC1(C)C2CC1CCC2=C'],"{25497, 25667, 32580}"
marts_E01379,mono,CC(C)=CCCC(C)=CCOP([O-])(=O)OP([O-])([O-])=O,CC1=CCC2CC1C2(C)C,['CC(C)=CCCC(C)=CCOP([O-])(=O)OP([O-])([O-])=O'],['CC1=CCC2CC1C2(C)C'],"{32576, 25489, 25663}"
marts_E01379,mono,CC(C)=CCCC(C)=CCOP([O-])(=O)OP([O-])([O-])=O,CC1(C)C2CC1CCC2=C,['CC(C)=CCCC(C)=CCOP([O-])(=O)OP([O-])([O-])=O'],['CC1(C)C2CC1CCC2=C'],"{25497, 25667, 32580}"
marts_E01380,mono,CC(C)=CCCC(C)=CCOP([O-])(=O)OP([O-])([O-])=O,CC1=CCC2CC1C2(C)C,['CC(C)=CCCC(C)=CCOP([O-])(=O)OP([O-])([O-])=O'],['CC1=CCC2CC1C2(C)C'],"{32576, 25489, 25663}"
marts_E01380,mono,CC(C)=CCCC(C)=CCOP([O-])(=O)OP([O-])([O-])=O,CC1(C)C2CC1CCC2=C,['CC(C)=CCCC(C)=CCOP([O-])(=O)OP([O-])([O-])=O'],['CC1(C)C2CC1CCC2=C'],"{25497, 25667, 32580}"
marts_E01380,mono,CC(C)=CCCC(C)=CCOP([O-])(=O)OP([O-])([O-])=O,CC1=CCC2CC1C2(C)C,['CC(C)=CCCC(C)=CCOP([O-])(=O)OP([O-])([O-])=O'],['CC1=CCC2CC1C2(C)C'],"{32576, 25489, 25663}"
marts_E01380,mono,CC(C)=CCCC(C)=CCOP([O-])(=O)OP([O-])([O-])=O,CC1(C)C2CC1CCC2=C,['CC(C)=CCCC(C)=CCOP([O-])(=O)OP([O-])([O-])=O'],['CC1(C)C2CC1CCC2=C'],"{25497, 25667, 32580}"
marts_E01381,mono,CC(C)=CCCC(C)=CCOP([O-])(=O)OP([O-])([O-])=O,CC1=CCC2CC1C2(C)C,['CC(C)=CCCC(C)=CCOP([O-])(=O)OP([O-])([O-])=O'],['CC1=CCC2CC1C2(C)C'],"{32576, 25489, 25663}"
marts_E01381,mono,CC(C)=CCCC(C)=CCOP([O-])(=O)OP([O-])([O-])=O,CC1(C)C2CC1CCC2=C,['CC(C)=CCCC(C)=CCOP([O-])(=O)OP([O-])([O-])=O'],['CC1(C)C2CC1CCC2=C'],"{25497, 25667, 32580}"
marts_E01381,sesq,CC(C)=CCCC(C)=CCCC(C)=CCOP([O-])(=O)OP([O-])([O-])=O,CC1CCC=C(C)CC=CC(C)(C)CC=1,['CC(C)=CCCC(C)=CCCC(C)=CCOP([O-])(=O)OP([O-])([O-])=O'],['CC1CCC=C(C)CC=CC(C)(C)CC=1'],"{31896, 68781}"
marts_E01381,sesq,CC(C)=CCCC(C)=CCCC(C)=CCOP([O-])(=O)OP([O-])([O-])=O,CC1CCC2C(CC2(C)C)C(=C)CCC=1,['CC(C)=CCCC(C)=CCCC(C)=CCOP([O-])(=O)OP([O-])([O-])=O'],['CC1CCC2C(CC2(C)C)C(=C)CCC=1'],"{31816, 34704, 28295}"
marts_E01381,mono,CC(C)=CCCC(C)=CCOP([O-])(=O)OP([O-])([O-])=O,CC1=CCC2CC1C2(C)C,['CC(C)=CCCC(C)=CCOP([O-])(=O)OP([O-])([O-])=O'],['CC1=CCC2CC1C2(C)C'],"{32576, 25489, 25663}"
marts_E01381,mono,CC(C)=CCCC(C)=CCOP([O-])(=O)OP([O-])([O-])=O,CC1(C)C2CC1CCC2=C,['CC(C)=CCCC(C)=CCOP([O-])(=O)OP([O-])([O-])=O'],['CC1(C)C2CC1CCC2=C'],"{25497, 25667, 32580}"
marts_E01382,sesq,CC(C)=CCCC(C)=CCCC(C)=CCOP([O-])(=O)OP([O-])([O-])=O,CC(C)=CCCC(C)(O)C1CC=C(C)CC1,['CC(C)=CCCC(C)=CCCC(C)=CCOP([O-])(=O)OP([O-])([O-])=O'],['CC(C)=CCCC(C)(O)C1CC=C(C)CC1'],{34504}
marts_E01383,mono,CC(C)=CCCC(C)=CCOP([O-])(=O)OP([O-])([O-])=O,CC(C)=CCCC(C)(O)C=C,['CC(C)=CCCC(C)=CCOP([O-])(=O)OP([O-])([O-])=O'],['CC(C)=CCCC(C)(O)C=C'],"{15810, 68709, 24117}"
marts_E01383,sesq,CC(C)=CCCC(C)=CCCC(C)=CCOP([O-])(=O)OP([O-])([O-])=O,CC(C)=CCCC(C)=CCCC(C)(O)C=C,['CC(C)=CCCC(C)=CCCC(C)=CCOP([O-])(=O)OP([O-])([O-])=O'],['CC(C)=CCCC(C)=CCCC(C)(O)C=C'],"{68833, 27531, 27535, 68821, 56985}"
marts_E01384,sesq,CC(C)=CCCC(C)=CCCC(C)=CCOP([O-])(=O)OP([O-])([O-])=O,CC(C)=CCCC(C)=CCCC(C)(O)C=C,['CC(C)=CCCC(C)=CCCC(C)=CCOP([O-])(=O)OP([O-])([O-])=O'],['CC(C)=CCCC(C)=CCCC(C)(O)C=C'],"{68833, 27531, 27535, 68821, 56985}"
marts_E01384,mono,CC(C)=CCCC(C)=CCOP([O-])(=O)OP([O-])([O-])=O,CC(C)=CCCC(C)(O)C=C,['CC(C)=CCCC(C)=CCOP([O-])(=O)OP([O-])([O-])=O'],['CC(C)=CCCC(C)(O)C=C'],"{15810, 68709, 24117}"
marts_E01385,mono,CC(C)=CCCC(C)=CCOP([O-])(=O)OP([O-])([O-])=O,CC(C)=CCCC(=C)C=C,['CC(C)=CCCC(C)=CCOP([O-])(=O)OP([O-])([O-])=O'],['CC(C)=CCCC(=C)C=C'],{16966}
marts_E01386,sesq,CC(C)=CCCC(C)=CCCC(C)=CCOP([O-])(=O)OP([O-])([O-])=O,CC(C)=CCCC(C)=CCCC(C)(O)C=C,['CC(C)=CCCC(C)=CCCC(C)=CCOP([O-])(=O)OP([O-])([O-])=O'],['CC(C)=CCCC(C)=CCCC(C)(O)C=C'],"{68833, 27531, 27535, 68821, 56985}"
marts_E01386,mono,CC(C)=CCCC(C)=CCOP([O-])(=O)OP([O-])([O-])=O,CC(C)=CCCC(C)(O)C=C,['CC(C)=CCCC(C)=CCOP([O-])(=O)OP([O-])([O-])=O'],['CC(C)=CCCC(C)(O)C=C'],"{15810, 68709, 24117}"
marts_E01386,mono,CC(C)=CCCC(C)=CCOP([O-])(=O)OP([O-])([O-])=O,CC(C)=CCCC(C)(O)C=C,['CC(C)=CCCC(C)=CCOP([O-])(=O)OP([O-])([O-])=O'],['CC(C)=CCCC(C)(O)C=C'],"{15810, 68709, 24117}"
marts_E01387,sesq,CC(C)=CCCC(C)=CCCC(C)=CCOP([O-])(=O)OP([O-])([O-])=O,CC(C)=CCCC(C)=CCCC(=C)C=C,['CC(C)=CCCC(C)=CCCC(C)=CCOP([O-])(=O)OP([O-])([O-])=O'],['CC(C)=CCCC(C)=CCCC(=C)C=C'],"{68545, 27426, 68857, 68505, 68509}"
marts_E01387,sesq,CC(C)=CCCC(C)=CCCC(C)=CCOP([O-])(=O)OP([O-])([O-])=O,CC(C)=CCCC(C)C1CC=C(C)C=C1,['CC(C)=CCCC(C)=CCCC(C)=CCOP([O-])(=O)OP([O-])([O-])=O'],['CC(C)=CCCC(C)C1CC=C(C)C=C1'],"{35748, 28644}"
marts_E01387,sesq,CC(C)=CCCC(C)=CCCC(C)=CCOP([O-])(=O)OP([O-])([O-])=O,CC(C)=CCCC1(C)C2CC1CC=C2C,['CC(C)=CCCC(C)=CCCC(C)=CCOP([O-])(=O)OP([O-])([O-])=O'],['CC(C)=CCCC1(C)C2CC1CC=C2C'],"{30472, 31428}"
marts_E01387,sesq,CC(C)=CCCC(C)=CCCC(C)=CCOP([O-])(=O)OP([O-])([O-])=O,CC(C)=CCCC(=C)C1CC=C(C)CC1,['CC(C)=CCCC(C)=CCCC(C)=CCOP([O-])(=O)OP([O-])([O-])=O'],['CC(C)=CCCC(=C)C1CC=C(C)CC1'],"{68813, 68529, 28267, 68525}"
marts_E01387,sesq,CC(C)=CCCC(C)=CCCC(C)=CCOP([O-])(=O)OP([O-])([O-])=O,CC(C)=CCCC(C)C12CC=C(C)C1C2,['CC(C)=CCCC(C)=CCCC(C)=CCOP([O-])(=O)OP([O-])([O-])=O'],['CC(C)=CCCC(C)C12CC=C(C)C1C2'],"{31992, 31996}"
marts_E01387,sesq,CC(C)=CCCC(C)=CCCC(C)=CCOP([O-])(=O)OP([O-])([O-])=O,CC(C)=CCCC(C)C12CC1C(=C)CC2,['CC(C)=CCCC(C)=CCCC(C)=CCOP([O-])(=O)OP([O-])([O-])=O'],['CC(C)=CCCC(C)C12CC1C(=C)CC2'],"{60017, 60021}"
marts_E01387,sesq,CC(C)=CCCC(C)=CCCC(C)=CCOP([O-])(=O)OP([O-])([O-])=O,CC(C)=CCCC(C)C1CCC(=C)C=C1,['CC(C)=CCCC(C)=CCCC(C)=CCOP([O-])(=O)OP([O-])([O-])=O'],['CC(C)=CCCC(C)C1CCC(=C)C=C1'],{32700}
marts_E01388,sesq,CC(C)=CCCC(C)=CCCC(C)=CCOP([O-])(=O)OP([O-])([O-])=O,CC(C)=CCCC(C)=CCCC(=C)C=C,['CC(C)=CCCC(C)=CCCC(C)=CCOP([O-])(=O)OP([O-])([O-])=O'],['CC(C)=CCCC(C)=CCCC(=C)C=C'],"{68545, 27426, 68857, 68505, 68509}"
marts_E01388,sesq,CC(C)=CCCC(C)=CCCC(C)=CCOP([O-])(=O)OP([O-])([O-])=O,CC(C)=CCCC(C)C1CC=C(C)C=C1,['CC(C)=CCCC(C)=CCCC(C)=CCOP([O-])(=O)OP([O-])([O-])=O'],['CC(C)=CCCC(C)C1CC=C(C)C=C1'],"{35748, 28644}"
marts_E01388,sesq,CC(C)=CCCC(C)=CCCC(C)=CCOP([O-])(=O)OP([O-])([O-])=O,CC(C)=CCCC(=C)C1CC=C(C)CC1,['CC(C)=CCCC(C)=CCCC(C)=CCOP([O-])(=O)OP([O-])([O-])=O'],['CC(C)=CCCC(=C)C1CC=C(C)CC1'],"{68813, 68529, 28267, 68525}"
marts_E01388,sesq,CC(C)=CCCC(C)=CCCC(C)=CCOP([O-])(=O)OP([O-])([O-])=O,CC(C)=CCCC(C)C1CCC(=C)C=C1,['CC(C)=CCCC(C)=CCCC(C)=CCOP([O-])(=O)OP([O-])([O-])=O'],['CC(C)=CCCC(C)C1CCC(=C)C=C1'],{32700}
marts_E01389,sesq,CC(C)=CCCC(C)=CCCC(C)=CCOP([O-])(=O)OP([O-])([O-])=O,CC1CCC(CC=C(C)CCC=1)C(C)(C)O,['CC(C)=CCCC(C)=CCCC(C)=CCOP([O-])(=O)OP([O-])([O-])=O'],['CC1CCC(CC=C(C)CCC=1)C(C)(C)O'],"{54057, 54061}"
marts_E01389,sesq,CC(C)=CCCC(C)=CCCC(C)=CCOP([O-])(=O)OP([O-])([O-])=O,CC(C)(O)C1CC2=C(C)CCCC2(C)CC1,['CC(C)=CCCC(C)=CCCC(C)=CCOP([O-])(=O)OP([O-])([O-])=O'],['CC(C)(O)C1CC2=C(C)CCCC2(C)CC1'],"{80408, 30948}"
marts_E01389,sesq,CC(C)=CCCC(C)=CCCC(C)=CCOP([O-])(=O)OP([O-])([O-])=O,CC1CCC=C(C)CC=CC(C)(C)CC=1,['CC(C)=CCCC(C)=CCCC(C)=CCOP([O-])(=O)OP([O-])([O-])=O'],['CC1CCC=C(C)CC=CC(C)(C)CC=1'],"{31896, 68781}"
marts_E01390,mono,CC(C)=CCCC(C)=CCOP([O-])(=O)OP([O-])([O-])=O,CC(C)=CCCC(=C)C=C,['CC(C)=CCCC(C)=CCOP([O-])(=O)OP([O-])([O-])=O'],['CC(C)=CCCC(=C)C=C'],{16966}
marts_E01390,mono,CC(C)=CCCC(C)=CCOP([O-])(=O)OP([O-])([O-])=O,CC(C)=CCCC(C)(O)C=C,['CC(C)=CCCC(C)=CCOP([O-])(=O)OP([O-])([O-])=O'],['CC(C)=CCCC(C)(O)C=C'],"{15810, 68709, 24117}"
marts_E01390,mono,CC(C)=CCCC(C)=CCOP([O-])(=O)OP([O-])([O-])=O,CC(C)=CCCC(C)=CCO,['CC(C)=CCCC(C)=CCOP([O-])(=O)OP([O-])([O-])=O'],['CC(C)=CCCC(C)=CCO'],"{32680, 65829}"
marts_E01390,mono,CC(C)=CCCC(C)=CCOP([O-])(=O)OP([O-])([O-])=O,CC(C)=CCC=C(C)C=C,['CC(C)=CCCC(C)=CCOP([O-])(=O)OP([O-])([O-])=O'],['CC(C)=CCC=C(C)C=C'],"{68825, 32692}"
marts_E01390,mono,CC(C)=CCCC(C)=CCOP([O-])(=O)OP([O-])([O-])=O,CC1CCC(CC=1)C(C)(C)O,['CC(C)=CCCC(C)=CCOP([O-])(=O)OP([O-])([O-])=O'],['CC1CCC(CC=1)C(C)(C)O'],"{32552, 32556}"
marts_E01391,mono,CC(C)=CCCC(C)=CCOP([O-])(=O)OP([O-])([O-])=O,CC(C)=CCCC(=C)C=C,['CC(C)=CCCC(C)=CCOP([O-])(=O)OP([O-])([O-])=O'],['CC(C)=CCCC(=C)C=C'],{16966}
marts_E01391,mono,CC(C)=CCCC(C)=CCOP([O-])(=O)OP([O-])([O-])=O,CC(C)=CCCC(C)(O)C=C,['CC(C)=CCCC(C)=CCOP([O-])(=O)OP([O-])([O-])=O'],['CC(C)=CCCC(C)(O)C=C'],"{15810, 68709, 24117}"
marts_E01391,mono,CC(C)=CCCC(C)=CCOP([O-])(=O)OP([O-])([O-])=O,CC1CCC(CC=1)C(C)=C,['CC(C)=CCCC(C)=CCOP([O-])(=O)OP([O-])([O-])=O'],['CC1CCC(CC=1)C(C)=C'],"{68641, 10941, 12870}"
marts_E01391,mono,CC(C)=CCCC(C)=CCOP([O-])(=O)OP([O-])([O-])=O,CC(C)=C1CC=C(C)CC1,['CC(C)=CCCC(C)=CCOP([O-])(=O)OP([O-])([O-])=O'],['CC(C)=C1CC=C(C)CC1'],{25501}
marts_E01392,sesq,CC(C)=CCCC(C)=CCCC(C)=CCOP([O-])(=O)OP([O-])([O-])=O,CC(C)=CCCC(C)=CCCC(=C)C=C,['CC(C)=CCCC(C)=CCCC(C)=CCOP([O-])(=O)OP([O-])([O-])=O'],['CC(C)=CCCC(C)=CCCC(=C)C=C'],"{68545, 27426, 68857, 68505, 68509}"
marts_E01392,sesq,CC(C)=CCCC(C)=CCCC(C)=CCOP([O-])(=O)OP([O-])([O-])=O,CC(C)=CCCC(C)=CCC=C(C)C=C,['CC(C)=CCCC(C)=CCCC(C)=CCOP([O-])(=O)OP([O-])([O-])=O'],['CC(C)=CCCC(C)=CCC=C(C)C=C'],{27422}
marts_E01392,sesq,CC(C)=CCCC(C)=CCCC(C)=CCOP([O-])(=O)OP([O-])([O-])=O,CC(C)=CCCC(C)=CCCC(C)(O)C=C,['CC(C)=CCCC(C)=CCCC(C)=CCOP([O-])(=O)OP([O-])([O-])=O'],['CC(C)=CCCC(C)=CCCC(C)(O)C=C'],"{68833, 27531, 27535, 68821, 56985}"
marts_E01393,sesq,CC(C)=CCCC(C)=CCCC(C)=CCOP([O-])(=O)OP([O-])([O-])=O,CC1(CCC=C(C)C)C2CC3C(C2)C13C,['CC(C)=CCCC(C)=CCCC(C)=CCOP([O-])(=O)OP([O-])([O-])=O'],['CC1(CCC=C(C)C)C2CC3C(C2)C13C'],"{30464, 31436}"
marts_E01393,sesq,CC(C)=CCCC(C)=CCCC(C)=CCOP([O-])(=O)OP([O-])([O-])=O,CC(C)=CCCC1(C)C2CC1CC=C2C,['CC(C)=CCCC(C)=CCCC(C)=CCOP([O-])(=O)OP([O-])([O-])=O'],['CC(C)=CCCC1(C)C2CC1CC=C2C'],"{30472, 31428}"
marts_E01393,sesq,CC(C)=CCCC(C)=CCCC(C)=CCOP([O-])(=O)OP([O-])([O-])=O,CC(C)=CCCC1(C)C2CC(CC2)C1=C,['CC(C)=CCCC(C)=CCCC(C)=CCOP([O-])(=O)OP([O-])([O-])=O'],['CC(C)=CCCC1(C)C2CC(CC2)C1=C'],{31432}
marts_E01394,sesq,CC(C)=CCCC(C)=CCCC(C)=CCOP([O-])(=O)OP([O-])([O-])=O,CC1CCC2C(CC2(C)C)C(=C)CCC=1,['CC(C)=CCCC(C)=CCCC(C)=CCOP([O-])(=O)OP([O-])([O-])=O'],['CC1CCC2C(CC2(C)C)C(=C)CCC=1'],"{31816, 34704, 28295}"
marts_E01394,sesq,CC(C)=CCCC(C)=CCCC(C)=CCOP([O-])(=O)OP([O-])([O-])=O,CC1CCC(CC=C(C)CCC=1)C(C)=C,['CC(C)=CCCC(C)=CCCC(C)=CCOP([O-])(=O)OP([O-])([O-])=O'],['CC1CCC(CC=C(C)CCC=1)C(C)=C'],"{68777, 25453, 12517}"
marts_E01394,sesq,CC(C)=CCCC(C)=CCCC(C)=CCOP([O-])(=O)OP([O-])([O-])=O,CC1CCC=C(C)CC=CC(C)(C)CC=1,['CC(C)=CCCC(C)=CCCC(C)=CCOP([O-])(=O)OP([O-])([O-])=O'],['CC1CCC=C(C)CC=CC(C)(C)CC=1'],"{31896, 68781}"
marts_E01395,sesq,CC(C)=CCCC(C)=CCCC(C)=CCOP([O-])(=O)OP([O-])([O-])=O,CC(C)=CCCC(C)C1CC=C(C)C=C1,['CC(C)=CCCC(C)=CCCC(C)=CCOP([O-])(=O)OP([O-])([O-])=O'],['CC(C)=CCCC(C)C1CC=C(C)C=C1'],"{35748, 28644}"
marts_E01395,sesq,CC(C)=CCCC(C)=CCCC(C)=CCOP([O-])(=O)OP([O-])([O-])=O,CC(C)=CCCC(C)C12CC1C(=C)CC2,['CC(C)=CCCC(C)=CCCC(C)=CCOP([O-])(=O)OP([O-])([O-])=O'],['CC(C)=CCCC(C)C12CC1C(=C)CC2'],"{60017, 60021}"
marts_E01396,sesq,CC(C)=CCCC(C)=CCCC(C)=CCOP([O-])(=O)OP([O-])([O-])=O,CC(C)=CCCC1(C)C2CC1CC=C2C,['CC(C)=CCCC(C)=CCCC(C)=CCOP([O-])(=O)OP([O-])([O-])=O'],['CC(C)=CCCC1(C)C2CC1CC=C2C'],"{30472, 31428}"
marts_E01396,sesq,CC(C)=CCCC(C)=CCCC(C)=CCOP([O-])(=O)OP([O-])([O-])=O,CC(C)=CCCC(=C)C1CC=C(C)CC1,['CC(C)=CCCC(C)=CCCC(C)=CCOP([O-])(=O)OP([O-])([O-])=O'],['CC(C)=CCCC(=C)C1CC=C(C)CC1'],"{68813, 68529, 28267, 68525}"
marts_E01396,sesq,CC(C)=CCCC(C)=CCCC(C)=CCOP([O-])(=O)OP([O-])([O-])=O,CC(C)=CCCC(C)(O)C1CC=C(C)CC1,['CC(C)=CCCC(C)=CCCC(C)=CCOP([O-])(=O)OP([O-])([O-])=O'],['CC(C)=CCCC(C)(O)C1CC=C(C)CC1'],{34504}
marts_E01397,sesq,CC(C)=CCCC(C)=CCCC(C)=CCOP([O-])(=O)OP([O-])([O-])=O,CC(=C)C1CC2(C)C(C)CCC=C2CC1,['CC(C)=CCCC(C)=CCCC(C)=CCOP([O-])(=O)OP([O-])([O-])=O'],['CC(=C)C1CC2(C)C(C)CCC=C2CC1'],"{29512, 58169, 52805}"
marts_E01397,sesq,CC(C)=CCCC(C)=CCCC(C)=CCOP([O-])(=O)OP([O-])([O-])=O,CC1CCC(CC=C(C)CCC=1)C(C)=C,['CC(C)=CCCC(C)=CCCC(C)=CCOP([O-])(=O)OP([O-])([O-])=O'],['CC1CCC(CC=C(C)CCC=1)C(C)=C'],"{68777, 25453, 12517}"
marts_E01398,sesq,CC(C)=CCCC(C)=CCCC(C)=CCOP([O-])(=O)OP([O-])([O-])=O,CC(C)=CCCC(C)=CCCC(=C)C=C,['CC(C)=CCCC(C)=CCCC(C)=CCOP([O-])(=O)OP([O-])([O-])=O'],['CC(C)=CCCC(C)=CCCC(=C)C=C'],"{68545, 27426, 68857, 68505, 68509}"
marts_E01398,sesq,CC(C)=CCCC(C)=CCCC(C)=CCOP([O-])(=O)OP([O-])([O-])=O,CC(C)=CCCC(C)=CCC=C(C)C=C,['CC(C)=CCCC(C)=CCCC(C)=CCOP([O-])(=O)OP([O-])([O-])=O'],['CC(C)=CCCC(C)=CCC=C(C)C=C'],{27422}
marts_E01398,sesq,CC(C)=CCCC(C)=CCCC(C)=CCOP([O-])(=O)OP([O-])([O-])=O,CC(C)=CCCC(C)=CCCC(C)=CCO,['CC(C)=CCCC(C)=CCCC(C)=CCOP([O-])(=O)OP([O-])([O-])=O'],['CC(C)=CCCC(C)=CCCC(C)=CCO'],{27527}
marts_E01399,sesq,CC(C)=CCCC(C)=CCCC(C)=CCOP([O-])(=O)OP([O-])([O-])=O,CC(=C)C1CCC(C)C2CC(C)(C)CC=21,['CC(C)=CCCC(C)=CCCC(C)=CCOP([O-])(=O)OP([O-])([O-])=O'],['CC(=C)C1CCC(C)C2CC(C)(C)CC=21'],set()
marts_E01399,sesq,CC(C)=CCCC(C)=CCCC(C)=CCOP([O-])(=O)OP([O-])([O-])=O,CC1CCC=C(C)CC=CC(C)(C)CC=1,['CC(C)=CCCC(C)=CCCC(C)=CCOP([O-])(=O)OP([O-])([O-])=O'],['CC1CCC=C(C)CC=CC(C)(C)CC=1'],"{31896, 68781}"
marts_E01400,sesq,CC(C)=CCCC(C)=CCCC(C)=CCOP([O-])(=O)OP([O-])([O-])=O,CC(C)C1CCC(C)(O)C2CCC(C)=CC21,['CC(C)=CCCC(C)=CCCC(C)=CCOP([O-])(=O)OP([O-])([O-])=O'],['CC(C)C1CCC(C)(O)C2CCC(C)=CC21'],"{78272, 69449, 32012, 54053}"
marts_E01400,sesq,CC(C)=CCCC(C)=CCCC(C)=CCOP([O-])(=O)OP([O-])([O-])=O,CC(C)C1CC=C(C)C2CCC(C)=CC21,['CC(C)=CCCC(C)=CCCC(C)=CCOP([O-])(=O)OP([O-])([O-])=O'],['CC(C)C1CC=C(C)C2CCC(C)=CC21'],"{33104, 53641, 69445}"
marts_E01400,sesq,CC(C)=CCCC(C)=CCCC(C)=CCOP([O-])(=O)OP([O-])([O-])=O,CC(C)C1CCC(C)=C2CCC(C)=CC21,['CC(C)=CCCC(C)=CCCC(C)=CCOP([O-])(=O)OP([O-])([O-])=O'],['CC(C)C1CCC(C)=C2CCC(C)=CC21'],"{32016, 56557, 19526}"
marts_E01401,sesq,CC(C)=CCCC(C)=CCCC(C)=CCOP([O-])(=O)OP([O-])([O-])=O,CC(C)C1CCC(C)(O)C2CCC(C)=CC21,['CC(C)=CCCC(C)=CCCC(C)=CCOP([O-])(=O)OP([O-])([O-])=O'],['CC(C)C1CCC(C)(O)C2CCC(C)=CC21'],"{78272, 69449, 32012, 54053}"
marts_E01401,sesq,CC(C)=CCCC(C)=CCCC(C)=CCOP([O-])(=O)OP([O-])([O-])=O,CC(C)C1CC=C(C)C2CCC(C)=CC21,['CC(C)=CCCC(C)=CCCC(C)=CCOP([O-])(=O)OP([O-])([O-])=O'],['CC(C)C1CC=C(C)C2CCC(C)=CC21'],"{33104, 53641, 69445}"
marts_E01401,sesq,CC(C)=CCCC(C)=CCCC(C)=CCOP([O-])(=O)OP([O-])([O-])=O,CC(C)C1CCC(C)=C2CCC(C)=CC21,['CC(C)=CCCC(C)=CCCC(C)=CCOP([O-])(=O)OP([O-])([O-])=O'],['CC(C)C1CCC(C)=C2CCC(C)=CC21'],"{32016, 56557, 19526}"
marts_E01402,di,CC(C)=CCCC(C)=CCCC(C)=CCCC(C)=CCOP([O-])(=O)OP([O-])([O-])=O,CC(C)=CCCC(C)=CCCC(C)C1CCC(=C)C=C1,['CC(C)=CCCC(C)=CCCC(C)=CCCC(C)=CCOP([O-])(=O)OP([O-])([O-])=O'],['CC(C)=CCCC(C)=CCCC(C)C1CCC(=C)C=C1'],set()
marts_E01402,di,CC(C)=CCCC(C)=CCCC(C)=CCCC(C)=CCOP([O-])(=O)OP([O-])([O-])=O,CC(C)=CCCC(C)=CCCC(C)=CCCC(=C)C=C,['CC(C)=CCCC(C)=CCCC(C)=CCCC(C)=CCOP([O-])(=O)OP([O-])([O-])=O'],['CC(C)=CCCC(C)=CCCC(C)=CCCC(=C)C=C'],set()
marts_E01402,sester,CC(C)=CCCC(C)=CCCC(C)=CCCC(C)=CCCC(C)=CCOP([O-])(=O)OP([O-])([O-])=O,CC(C)=CCCC(C)=CCCC(C)=CCCC(C)=CCCC(=C)C=C,['CC(C)=CCCC(C)=CCCC(C)=CCCC(C)=CCCC(C)=CCOP([O-])(=O)OP([O-])([O-])=O'],['CC(C)=CCCC(C)=CCCC(C)=CCCC(C)=CCCC(=C)C=C'],{54501}
marts_E01402,tri,CC(C)=CCCC(C)=CCCC(C)=CCCC(C)=CCCC(C)=CCCC(C)=CCOP([O-])(=O)OP([O-])([O-])=O,CC(C)=CCCC(C)=CCCC(C)=CCCC(C)=CCCC(C)=CCCC(=C)C=C,['CC(C)=CCCC(C)=CCCC(C)=CCCC(C)=CCCC(C)=CCCC(C)=CCOP([O-])(=O)OP([O-])([O-])=O'],['CC(C)=CCCC(C)=CCCC(C)=CCCC(C)=CCCC(C)=CCCC(=C)C=C'],{54505}
marts_E01402,sesquar,CC(C)=CCCC(C)=CCCC(C)=CCCC(C)=CCCC(C)=CCCC(C)=CCCC(C)=CCOP([O-])(=O)OP([O-])([O-])=O,CC(C)=CCCC(C)=CCCC(C)=CCCC(C)=CCCC(C)=CCCC(C)=CCCC(=C)C=C,['CC(C)=CCCC(C)=CCCC(C)=CCCC(C)=CCCC(C)=CCCC(C)=CCCC(C)=CCOP([O-])(=O)OP([O-])([O-])=O'],['CC(C)=CCCC(C)=CCCC(C)=CCCC(C)=CCCC(C)=CCCC(C)=CCCC(=C)C=C'],{54509}
marts_E01403,sesq,CC(C)=CCCC(C)=CCCC(C)=CCOP([O-])(=O)OP([O-])([O-])=O,CC1(C)CC2CC3(C)CC=C(C)C3C2C1,['CC(C)=CCCC(C)=CCCC(C)=CCOP([O-])(=O)OP([O-])([O-])=O'],['CC1(C)CC2CC3(C)CC=C(C)C3C2C1'],set()
marts_E01404,di,CC(C)=CCCC(C)=CCCC(C)=CCCC(C)=CCOP([O-])(=O)OP([O-])([O-])=O,CC(=C)C1CCC(C)C2CCC(=C)C3CCC3(C)CC21,['CC(C)=CCCC(C)=CCCC(C)=CCCC(C)=CCOP([O-])(=O)OP([O-])([O-])=O'],['CC(=C)C1CCC(C)C2CCC(=C)C3CCC3(C)CC21'],set()
marts_E01404,di,CC(C)=CCCC(C)=CCCC(C)=CCCC(C)=CCOP([O-])(=O)OP([O-])([O-])=O,CC(=C)C1CCC(C)C2CCC(=C)C3CCC(C)C3C21,['CC(C)=CCCC(C)=CCCC(C)=CCCC(C)=CCOP([O-])(=O)OP([O-])([O-])=O'],['CC(=C)C1CCC(C)C2CCC(=C)C3CCC(C)C3C21'],set()
marts_E01405,sesq,CC(C)=CCCC(C)=CCCC(C)=CCOP([O-])(=O)OP([O-])([O-])=O,CC(C)=CCCC(C)=CCCC(=C)C=C,['CC(C)=CCCC(C)=CCCC(C)=CCOP([O-])(=O)OP([O-])([O-])=O'],['CC(C)=CCCC(C)=CCCC(=C)C=C'],"{68545, 27426, 68857, 68505, 68509}"
marts_E01406,sesq,CC(C)=CCCC(C)=CCCC(C)=CCOP([O-])(=O)OP([O-])([O-])=O,CC(=C)C1CCC(C)C2CC(C)(C)CC=21,['CC(C)=CCCC(C)=CCCC(C)=CCOP([O-])(=O)OP([O-])([O-])=O'],['CC(=C)C1CCC(C)C2CC(C)(C)CC=21'],set()
marts_E01406,sesq,CC(C)=CCCC(C)=CCCC(C)=CCOP([O-])(=O)OP([O-])([O-])=O,CC1CCC=C(C)CC=CC(C)(C)CC=1,['CC(C)=CCCC(C)=CCCC(C)=CCOP([O-])(=O)OP([O-])([O-])=O'],['CC1CCC=C(C)CC=CC(C)(C)CC=1'],"{31896, 68781}"
marts_E01407,sesq,CC(C)=CCCC(C)=CCCC(C)=CCOP([O-])(=O)OP([O-])([O-])=O,CC(C)C1CCC(C)=C2CCC(C)=CC21,['CC(C)=CCCC(C)=CCCC(C)=CCOP([O-])(=O)OP([O-])([O-])=O'],['CC(C)C1CCC(C)=C2CCC(C)=CC21'],"{32016, 56557, 19526}"
marts_E01408,sesq,CC(C)=CCCC(C)=CCCC(C)=CCOP([O-])(=O)OP([O-])([O-])=O,CC(C)=CCCC(C)=CCCC(=C)C=C,['CC(C)=CCCC(C)=CCCC(C)=CCOP([O-])(=O)OP([O-])([O-])=O'],['CC(C)=CCCC(C)=CCCC(=C)C=C'],"{68545, 27426, 68857, 68505, 68509}"
marts_E01409,di,CC(C)=CCCC(C)=CCCC(C)=CCCC(C)=CCOP([O-])(=O)OP([O-])([O-])=O,CC1CCC2(C)C(CCC=C2C)C1(C)CCC(C)=CCOP([O-])(=O)OP([O-])([O-])=O,['CC(C)=CCCC(C)=CCCC(C)=CCCC(C)=CCOP([O-])(=O)OP([O-])([O-])=O'],['CC1CCC2(C)C(CCC=C2C)C1(C)CCC(C)=CCOP([O-])(=O)OP([O-])([O-])=O'],"{54685, 54677, 25614}"
marts_E01410,di,CC(C)=CCCC(C)=CCCC(C)=CCCC(C)=CCOP([O-])(=O)OP([O-])([O-])=O,CC1(C)CCCC2(C)C1CCC(C)=C2CCC(C)=CCOP([O-])(=O)OP([O-])([O-])=O,['CC(C)=CCCC(C)=CCCC(C)=CCCC(C)=CCOP([O-])(=O)OP([O-])([O-])=O'],['CC1(C)CCCC2(C)C1CCC(C)=C2CCC(C)=CCOP([O-])(=O)OP([O-])([O-])=O'],set()
marts_E01411,di,CC(C)=CCCC(C)=CCCC(C)=CCCC(C)=CCOP([O-])(=O)OP([O-])([O-])=O,CC1(C)CCCC2(C)C1CCC(=C)C2CCC(C)=CCOP([O-])(=O)OP([O-])([O-])=O,['CC(C)=CCCC(C)=CCCC(C)=CCCC(C)=CCOP([O-])(=O)OP([O-])([O-])=O'],['CC1(C)CCCC2(C)C1CCC(=C)C2CCC(C)=CCOP([O-])(=O)OP([O-])([O-])=O'],"{14842, 24317, 25525}"
marts_E01412,di,CC(C)=CCCC(C)=CCCC(C)=CCCC(C)=CCOP([O-])(=O)OP([O-])([O-])=O,CC1(C)CCCC2(C)C1CCC(=C)C2CCC(C)=CCOP([O-])(=O)OP([O-])([O-])=O,['CC(C)=CCCC(C)=CCCC(C)=CCCC(C)=CCOP([O-])(=O)OP([O-])([O-])=O'],['CC1(C)CCCC2(C)C1CCC(=C)C2CCC(C)=CCOP([O-])(=O)OP([O-])([O-])=O'],"{14842, 24317, 25525}"
marts_E01413,di,CC(C)=CCCC(C)=CCCC(C)=CCCC(C)=CCOP([O-])(=O)OP([O-])([O-])=O,CC1(C)CCCC2(C)C1CCC(=C)C2CCC(C)=CCOP([O-])(=O)OP([O-])([O-])=O,['CC(C)=CCCC(C)=CCCC(C)=CCCC(C)=CCOP([O-])(=O)OP([O-])([O-])=O'],['CC1(C)CCCC2(C)C1CCC(=C)C2CCC(C)=CCOP([O-])(=O)OP([O-])([O-])=O'],"{14842, 24317, 25525}"
marts_E01414,di,CC1(C)CCCC2(C)C1CCC(C)(O)C2CCC(C)=CCOP([O-])(=O)OP([O-])([O-])=O,CC1(C)CCCC2(C)C1CCC1(C)OC(C)(CCC12)C=C,['CC1(C)CCCC2(C)C1CCC(C)(O)C2CCC(C)=CCOP([O-])(=O)OP([O-])([O-])=O'],['CC1(C)CCCC2(C)C1CCC1(C)OC(C)(CCC12)C=C'],"{18722, 54517}"
marts_E01414,di,CC1(C)CCCC2(C)C1CCC(=C)C2CCC(C)=CCOP([O-])(=O)OP([O-])([O-])=O,CC1(C)CCCC2(C)C1CCC1=CC(C)(CCC21)C=C,['CC1(C)CCCC2(C)C1CCC(=C)C2CCC(C)=CCOP([O-])(=O)OP([O-])([O-])=O'],['CC1(C)CCCC2(C)C1CCC1=CC(C)(CCC21)C=C'],"{25537, 32004, 25541, 32008, 42985}"
marts_E01414,di,CC1CCC2(C)C(CCC=C2C)C1(C)CCC(C)=CCOP([O-])(=O)OP([O-])([O-])=O,CC1CCC2(C)C(CCC=C2C)C1(C)CCC(C)(O)C=C,['CC1CCC2(C)C(CCC=C2C)C1(C)CCC(C)=CCOP([O-])(=O)OP([O-])([O-])=O'],['CC1CCC2(C)C(CCC=C2C)C1(C)CCC(C)(O)C=C'],{54673}
marts_E01415,di,CC1(C)CCCC2(C)C1CCC(=C)C2CCC(C)=CCOP([O-])(=O)OP([O-])([O-])=O,CC1(C)CCCC2(C)C1CCC1=CC(C)(CCC21)C=C,['CC1(C)CCCC2(C)C1CCC(=C)C2CCC(C)=CCOP([O-])(=O)OP([O-])([O-])=O'],['CC1(C)CCCC2(C)C1CCC1=CC(C)(CCC21)C=C'],"{25537, 32004, 25541, 32008, 42985}"
marts_E01415,di,CC1(C)CCCC2(C)C1CCC(C)(O)C2CCC(C)=CCOP([O-])(=O)OP([O-])([O-])=O,CC1(C)CCCC2(C)C1CCC1(C)OC(C)(CCC12)C=C,['CC1(C)CCCC2(C)C1CCC(C)(O)C2CCC(C)=CCOP([O-])(=O)OP([O-])([O-])=O'],['CC1(C)CCCC2(C)C1CCC1(C)OC(C)(CCC12)C=C'],"{18722, 54517}"
marts_E01415,di,CC1(C)CCCC2(C)C1CCC(=C)C2CCC(C)=CCOP([O-])(=O)OP([O-])([O-])=O,CC1(C)CCCC2(C)C1CCC1CC(C)(CCC21O)C=C,['CC1(C)CCCC2(C)C1CCC(=C)C2CCC(C)=CCOP([O-])(=O)OP([O-])([O-])=O'],['CC1(C)CCCC2(C)C1CCC1CC(C)(CCC21O)C=C'],set()
marts_E01416,di,CC1(C)CCCC2(C)C1CCC(=C)C2CCC(C)=CCOP([O-])(=O)OP([O-])([O-])=O,CC1(C)CCCC2(C)C1CCC1=CC(C)(CCC21)C=C,['CC1(C)CCCC2(C)C1CCC(=C)C2CCC(C)=CCOP([O-])(=O)OP([O-])([O-])=O'],['CC1(C)CCCC2(C)C1CCC1=CC(C)(CCC21)C=C'],"{25537, 32004, 25541, 32008, 42985}"
marts_E01416,di,CC1(C)CCCC2(C)C1CCC(C)(O)C2CCC(C)=CCOP([O-])(=O)OP([O-])([O-])=O,CC1(C)CCCC2(C)C1CCC1(C)OC(C)(CCC12)C=C,['CC1(C)CCCC2(C)C1CCC(C)(O)C2CCC(C)=CCOP([O-])(=O)OP([O-])([O-])=O'],['CC1(C)CCCC2(C)C1CCC1(C)OC(C)(CCC12)C=C'],"{18722, 54517}"
marts_E01416,di,CC1(C)CCCC2(C)C1CCC(=C)C2CCC(C)=CCOP([O-])(=O)OP([O-])([O-])=O,CC1(C)CCCC2(C)C1CCC1CC(C)(CCC21O)C=C,['CC1(C)CCCC2(C)C1CCC(=C)C2CCC(C)=CCOP([O-])(=O)OP([O-])([O-])=O'],['CC1(C)CCCC2(C)C1CCC1CC(C)(CCC21O)C=C'],set()
marts_E01417,di,CC1(C)CCCC2(C)C1CCC(=C)C2CCC(C)=CCOP([O-])(=O)OP([O-])([O-])=O,CC1(C)CCCC2(C)C1CCC13CC(CCC21)C(=C)C3,['CC1(C)CCCC2(C)C1CCC(=C)C2CCC(C)=CCOP([O-])(=O)OP([O-])([O-])=O'],['CC1(C)CCCC2(C)C1CCC13CC(CCC21)C(=C)C3'],{22221}
marts_E01418,di,CC1(C)CCCC2(C)C1CCC(=C)C2CCC(C)=CCOP([O-])(=O)OP([O-])([O-])=O,CC1(C)CCCC2(C)C1CCC13CC(CCC21)C(=C)C3,['CC1(C)CCCC2(C)C1CCC(=C)C2CCC(C)=CCOP([O-])(=O)OP([O-])([O-])=O'],['CC1(C)CCCC2(C)C1CCC13CC(CCC21)C(=C)C3'],{22221}
marts_E01419,sesq,CC(C)=CCCC(C)=CCCC(C)=CCOP([O-])(=O)OP([O-])([O-])=O,CC(C)C1CCC(C)(O)C2CCC(C)=CC21,['CC(C)=CCCC(C)=CCCC(C)=CCOP([O-])(=O)OP([O-])([O-])=O'],['CC(C)C1CCC(C)(O)C2CCC(C)=CC21'],"{78272, 69449, 32012, 54053}"
marts_E01419,sesq,CC(C)=CCCC(C)=CCCC(C)=CCOP([O-])(=O)OP([O-])([O-])=O,CC(C)C1CC=C(C)C2CCC(C)=CC21,['CC(C)=CCCC(C)=CCCC(C)=CCOP([O-])(=O)OP([O-])([O-])=O'],['CC(C)C1CC=C(C)C2CCC(C)=CC21'],"{33104, 53641, 69445}"
marts_E01419,sesq,CC(C)=CCCC(C)=CCCC(C)=CCOP([O-])(=O)OP([O-])([O-])=O,CC(C)C1CCC(C)=C2CCC(C)=CC21,['CC(C)=CCCC(C)=CCCC(C)=CCOP([O-])(=O)OP([O-])([O-])=O'],['CC(C)C1CCC(C)=C2CCC(C)=CC21'],"{32016, 56557, 19526}"
marts_E01420,sesq,CC(C)=CCCC(C)=CCCC(C)=CCOP([O-])(=O)OP([O-])([O-])=O,CC(C)C1CCC(C)=C2CCC(C)=CC21,['CC(C)=CCCC(C)=CCCC(C)=CCOP([O-])(=O)OP([O-])([O-])=O'],['CC(C)C1CCC(C)=C2CCC(C)=CC21'],"{32016, 56557, 19526}"
marts_E01420,sesq,CC(C)=CCCC(C)=CCCC(C)=CCOP([O-])(=O)OP([O-])([O-])=O,CC(C)C1CCC2(C)C3C1C2CCC3=C,['CC(C)=CCCC(C)=CCCC(C)=CCOP([O-])(=O)OP([O-])([O-])=O'],['CC(C)C1CCC2(C)C3C1C2CCC3=C'],"{33112, 69776}"
marts_E01420,sesq,CC(C)=CCCC(C)=CCCC(C)=CCOP([O-])(=O)OP([O-])([O-])=O,CC(C)C1CCC(C)C2(O)CCC(C)=CC21,['CC(C)=CCCC(C)=CCCC(C)=CCOP([O-])(=O)OP([O-])([O-])=O'],['CC(C)C1CCC(C)C2(O)CCC(C)=CC21'],{29480}
marts_E01421,di,CC1(C)CCCC2(C)C1CCC(=C)C2CCC(C)=CCOP([O-])(=O)OP([O-])([O-])=O,CC1(C)CCCC2(C)C1CCC1=CC(O)(CCC21)C(C)C,['CC1(C)CCCC2(C)C1CCC(=C)C2CCC(C)=CCOP([O-])(=O)OP([O-])([O-])=O'],['CC1(C)CCCC2(C)C1CCC1=CC(O)(CCC21)C(C)C'],set()
marts_E01422,di,CC(C)=CCCC(C)=CCCC(C)=CCCC(C)=CCOP([O-])(=O)OP([O-])([O-])=O,CC(C)=CCCC(=C)C1CC2=C(C)CCCC2(C)CC1,['CC(C)=CCCC(C)=CCCC(C)=CCCC(C)=CCOP([O-])(=O)OP([O-])([O-])=O'],['CC(C)=CCCC(=C)C1CC2=C(C)CCCC2(C)CC1'],set()
marts_E01422,di,CC(C)=CCCC(C)=CCCC(C)=CCCC(C)=CCOP([O-])(=O)OP([O-])([O-])=O,CC(C)=CCCC(C)=C1CCC2(C)CCCC(C)C2=C1,['CC(C)=CCCC(C)=CCCC(C)=CCCC(C)=CCOP([O-])(=O)OP([O-])([O-])=O'],['CC(C)=CCCC(C)=C1CCC2(C)CCCC(C)C2=C1'],set()
marts_E01422,di,CC(C)=CCCC(C)=CCCC(C)=CCCC(C)=CCOP([O-])(=O)OP([O-])([O-])=O,CC(C)=CCCC(C)=C1CC=C(C)CCC=C(C)CC1,['CC(C)=CCCC(C)=CCCC(C)=CCCC(C)=CCOP([O-])(=O)OP([O-])([O-])=O'],['CC(C)=CCCC(C)=C1CC=C(C)CCC=C(C)CC1'],set()
marts_E01422,di,CC(C)=CCCC(C)=CCCC(C)=CCCC(C)=CCOP([O-])(=O)OP([O-])([O-])=O,CC(C)=CCCC(=C)C1CC=C(C)CCC=C(C)CC1,['CC(C)=CCCC(C)=CCCC(C)=CCCC(C)=CCOP([O-])(=O)OP([O-])([O-])=O'],['CC(C)=CCCC(=C)C1CC=C(C)CCC=C(C)CC1'],set()
marts_E01422,di,CC(C)=CCCC(C)=CCCC(C)=CCCC(C)=CCOP([O-])(=O)OP([O-])([O-])=O,CC(C)=CCCC(=C)C1CC2C(=C)CCCC2(C)CC1,['CC(C)=CCCC(C)=CCCC(C)=CCCC(C)=CCOP([O-])(=O)OP([O-])([O-])=O'],['CC(C)=CCCC(=C)C1CC2C(=C)CCCC2(C)CC1'],set()
marts_E01423,di,CC(C)=CCCC(C)=CCCC(C)=CCCC(C)=CCOP([O-])(=O)OP([O-])([O-])=O,CC1(C)CCCC2(C)C1CCC(=C)C2CCC(C)=CCOP([O-])(=O)OP([O-])([O-])=O,['CC(C)=CCCC(C)=CCCC(C)=CCCC(C)=CCOP([O-])(=O)OP([O-])([O-])=O'],['CC1(C)CCCC2(C)C1CCC(=C)C2CCC(C)=CCOP([O-])(=O)OP([O-])([O-])=O'],"{14842, 24317, 25525}"
marts_E01424,di,CC1(C)CCCC2(C)C1CCC(=C)C2CCC(C)=CCOP([O-])(=O)OP([O-])([O-])=O,CC1(C)CCCC2(C)C1CC=C1CC(C)C(C)(O)CCC21,['CC1(C)CCCC2(C)C1CCC(=C)C2CCC(C)=CCOP([O-])(=O)OP([O-])([O-])=O'],['CC1(C)CCCC2(C)C1CC=C1CC(C)C(C)(O)CCC21'],set()
marts_E01425,di,CC1(C)CCCC2(C)C1CCC(=C)C2CCC(C)=CCOP([O-])(=O)OP([O-])([O-])=O,CC1(C)CCCC2(C)C1CCC1CC(=CC=C21)C(C)C,['CC1(C)CCCC2(C)C1CCC(=C)C2CCC(C)=CCOP([O-])(=O)OP([O-])([O-])=O'],['CC1(C)CCCC2(C)C1CCC1CC(=CC=C21)C(C)C'],set()
marts_E01426,di,CC(C)=CCCC(C)=CCCC(C)=CCCC(C)=CCOP([O-])(=O)OP([O-])([O-])=O,CC(C)C1CCC(C)=C2CCC(C)C32CCC(C)=CC31,['CC(C)=CCCC(C)=CCCC(C)=CCCC(C)=CCOP([O-])(=O)OP([O-])([O-])=O'],['CC(C)C1CCC(C)=C2CCC(C)C32CCC(C)=CC31'],{78980}
marts_E01427,sesq,CC(C)=CCCC(C)=CCCC(C)=CCOP([O-])(=O)OP([O-])([O-])=O,CC1CCC(CC=C(C)CCC=1)C(C)(C)O,['CC(C)=CCCC(C)=CCCC(C)=CCOP([O-])(=O)OP([O-])([O-])=O'],['CC1CCC(CC=C(C)CCC=1)C(C)(C)O'],"{54057, 54061}"
marts_E01427,sesq,CC(C)=CCCC(C)=CCCC(C)=CCOP([O-])(=O)OP([O-])([O-])=O,CC(C)(O)C1CC2=C(C)CCCC2(C)CC1,['CC(C)=CCCC(C)=CCCC(C)=CCOP([O-])(=O)OP([O-])([O-])=O'],['CC(C)(O)C1CC2=C(C)CCCC2(C)CC1'],"{80408, 30948}"
marts_E01427,sesq,CC(C)=CCCC(C)=CCCC(C)=CCOP([O-])(=O)OP([O-])([O-])=O,CC(C)(O)C1CC2C(C)=CCCC2(C)CC1,['CC(C)=CCCC(C)=CCCC(C)=CCOP([O-])(=O)OP([O-])([O-])=O'],['CC(C)(O)C1CC2C(C)=CCCC2(C)CC1'],"{30952, 54045}"
marts_E01428,sesq,CC(C)=CCCC(C)=CCCC(C)=CCOP([O-])(=O)OP([O-])([O-])=O,CC(C)=CCCC(C)=CCCC(C)(O)C=C,['CC(C)=CCCC(C)=CCCC(C)=CCOP([O-])(=O)OP([O-])([O-])=O'],['CC(C)=CCCC(C)=CCCC(C)(O)C=C'],"{68833, 27531, 27535, 68821, 56985}"
marts_E01428,mono,CC(C)=CCCC(C)=CCOP([O-])(=O)OP([O-])([O-])=O,CC(C)=CCCC(C)(O)C=C,['CC(C)=CCCC(C)=CCOP([O-])(=O)OP([O-])([O-])=O'],['CC(C)=CCCC(C)(O)C=C'],"{15810, 68709, 24117}"
marts_E01429,di,CC(C)=CCCC(C)=CCCC(C)=CCCC(C)=CCOP([O-])(=O)OP([O-])([O-])=O,CC1(C)CCCC2(C)C1CCC(=C)C2CCC(C)=CCOP([O-])(=O)OP([O-])([O-])=O,['CC(C)=CCCC(C)=CCCC(C)=CCCC(C)=CCOP([O-])(=O)OP([O-])([O-])=O'],['CC1(C)CCCC2(C)C1CCC(=C)C2CCC(C)=CCOP([O-])(=O)OP([O-])([O-])=O'],"{14842, 24317, 25525}"
marts_E01430,di,CC(C)=CCCC(C)=CCCC(C)=CCCC(C)=CCOP([O-])(=O)OP([O-])([O-])=O,CC1CCC=C(C)CCC2C(C=C(C)CCC=1)C2(C)C,['CC(C)=CCCC(C)=CCCC(C)=CCCC(C)=CCOP([O-])(=O)OP([O-])([O-])=O'],['CC1CCC=C(C)CCC2C(C=C(C)CCC=1)C2(C)C'],{14902}
marts_E01430,di,CC(C)=CCCC(C)=CCCC(C)=CCCC(C)=CCOP([O-])(=O)OP([O-])([O-])=O,CC1CCC=C(C)CCC(CC=C(C)CCC=1)C(C)=C,['CC(C)=CCCC(C)=CCCC(C)=CCCC(C)=CCOP([O-])(=O)OP([O-])([O-])=O'],['CC1CCC=C(C)CCC(CC=C(C)CCC=1)C(C)=C'],{42997}
marts_E01430,di,CC(C)=CCCC(C)=CCCC(C)=CCCC(C)=CCOP([O-])(=O)OP([O-])([O-])=O,CC(C)=CCCC(C)=CCCC(C)=C1CC=C(C)CC1,['CC(C)=CCCC(C)=CCCC(C)=CCCC(C)=CCOP([O-])(=O)OP([O-])([O-])=O'],['CC(C)=CCCC(C)=CCCC(C)=C1CC=C(C)CC1'],set()
marts_E01430,di,CC(C)=CCCC(C)=CCCC(C)=CCCC(C)=CCOP([O-])(=O)OP([O-])([O-])=O,CC(C)=CCCC(C)=CCCC(=C)C1CC=C(C)CC1,['CC(C)=CCCC(C)=CCCC(C)=CCCC(C)=CCOP([O-])(=O)OP([O-])([O-])=O'],['CC(C)=CCCC(C)=CCCC(=C)C1CC=C(C)CC1'],{75180}
marts_E01430,di,CC(C)=CCCC(C)=CCCC(C)=CCCC(C)=CCOP([O-])(=O)OP([O-])([O-])=O,CC1CCC=C(C)CCC(CC=C(C)CCC=1)C(C)=C,['CC(C)=CCCC(C)=CCCC(C)=CCCC(C)=CCOP([O-])(=O)OP([O-])([O-])=O'],['CC1CCC=C(C)CCC(CC=C(C)CCC=1)C(C)=C'],{42997}
marts_E01430,di,CC(C)=CCCC(C)=CCCC(C)=CCCC(C)=CCOP([O-])(=O)OP([O-])([O-])=O,CC(=C)C1CC=C(C)CCC=C(C)CCC=C(C)CC=1,['CC(C)=CCCC(C)=CCCC(C)=CCCC(C)=CCOP([O-])(=O)OP([O-])([O-])=O'],['CC(=C)C1CC=C(C)CCC=C(C)CCC=C(C)CC=1'],set()
marts_E01431,di,CC(C)=CCCC(C)=CCCC(C)=CCCC(C)=CCOP([O-])(=O)OP([O-])([O-])=O,CC1(C)CCCC2(C)C1CCC(=C)C2CCC(C)=CCOP([O-])(=O)OP([O-])([O-])=O,['CC(C)=CCCC(C)=CCCC(C)=CCCC(C)=CCOP([O-])(=O)OP([O-])([O-])=O'],['CC1(C)CCCC2(C)C1CCC(=C)C2CCC(C)=CCOP([O-])(=O)OP([O-])([O-])=O'],"{14842, 24317, 25525}"
marts_E01432,mono,CC(C)=CCCC(C)=CCOP([O-])(=O)OP([O-])([O-])=O,CC1CCC(CC=1)C(C)=C,['CC(C)=CCCC(C)=CCOP([O-])(=O)OP([O-])([O-])=O'],['CC1CCC(CC=1)C(C)=C'],"{68641, 10941, 12870}"
marts_E01432,mono,CC(C)=CCCC(C)=CCOP([O-])(=O)OP([O-])([O-])=O,CC(C)=CCCC(C)(O)C=C,['CC(C)=CCCC(C)=CCOP([O-])(=O)OP([O-])([O-])=O'],['CC(C)=CCCC(C)(O)C=C'],"{15810, 68709, 24117}"
marts_E01433,di,CC(C)=CCCC(C)=CCCC(C)=CCCC(C)=CCOP([O-])(=O)OP([O-])([O-])=O,CC1(C)CCC2(C)CC3C(CCC4(C)C(C)CCC4=3)C12,['CC(C)=CCCC(C)=CCCC(C)=CCCC(C)=CCOP([O-])(=O)OP([O-])([O-])=O'],['CC1(C)CCC2(C)CC3C(CCC4(C)C(C)CCC4=3)C12'],{78988}
marts_E01434,di,CC(C)=CCCC(C)=CCCC(C)=CCCC(C)=CCOP([O-])(=O)OP([O-])([O-])=O,CC1(C)CCC2(C)CC34C(CCC(C)=C3CCC4C)C12,['CC(C)=CCCC(C)=CCCC(C)=CCCC(C)=CCOP([O-])(=O)OP([O-])([O-])=O'],['CC1(C)CCC2(C)CC34C(CCC(C)=C3CCC4C)C12'],{64857}
marts_E01434,di,CC(C)=CCCC(C)=CCCC(C)=CCCC(C)=CCOP([O-])(=O)OP([O-])([O-])=O,CC1(C)CCC2(C)C=C3C(CCC43C(C)CCC4C)C12,['CC(C)=CCCC(C)=CCCC(C)=CCCC(C)=CCOP([O-])(=O)OP([O-])([O-])=O'],['CC1(C)CCC2(C)C=C3C(CCC43C(C)CCC4C)C12'],{53621}
marts_E01434,di,CC(C)=CCCC(C)=CCCC(C)=CCCC(C)=CCOP([O-])(=O)OP([O-])([O-])=O,CC1(C)CCC2(C)CC3=C(C)CCC43C(CCC4C)C12,['CC(C)=CCCC(C)=CCCC(C)=CCCC(C)=CCOP([O-])(=O)OP([O-])([O-])=O'],['CC1(C)CCC2(C)CC3=C(C)CCC43C(CCC4C)C12'],{78984}
marts_E01435,di,CC(C)=CCCC(C)=CCCC(C)=CCCC(C)=CCOP([O-])(=O)OP([O-])([O-])=O,CC1(C)CCC2(C)CC34C(CCC(C)=C3CCC4C)C12,['CC(C)=CCCC(C)=CCCC(C)=CCCC(C)=CCOP([O-])(=O)OP([O-])([O-])=O'],['CC1(C)CCC2(C)CC34C(CCC(C)=C3CCC4C)C12'],{64857}
marts_E01436,di,CC(C)=CCCC(C)=CCCC(C)=CCCC(C)=CCOP([O-])(=O)OP([O-])([O-])=O,CC1(C)CCC2(C)CC34C(CCC(C)=C3CCC4C)C12,['CC(C)=CCCC(C)=CCCC(C)=CCCC(C)=CCOP([O-])(=O)OP([O-])([O-])=O'],['CC1(C)CCC2(C)CC34C(CCC(C)=C3CCC4C)C12'],{64857}
marts_E01437,sesq,CC(C)=CCCC(C)=CCCC(C)=CCOP([O-])(=O)OP([O-])([O-])=O,CC1(C)C2C1CCC(C)(O)C1CCC(C)C12,['CC(C)=CCCC(C)=CCCC(C)=CCOP([O-])(=O)OP([O-])([O-])=O'],['CC1(C)C2C1CCC(C)(O)C1CCC(C)C12'],set()
marts_E01438,sesq,CC(C)=CCCC(C)=CCCC(C)=CCOP([O-])(=O)OP([O-])([O-])=O,CC1(C)CCC=C(C)C21CC=C(C)CC2,['CC(C)=CCCC(C)=CCCC(C)=CCOP([O-])(=O)OP([O-])([O-])=O'],['CC1(C)CCC=C(C)C21CC=C(C)CC2'],set()
marts_E01438,sesq,CC(C)=CCCC(C)=CCCC(C)=CCOP([O-])(=O)OP([O-])([O-])=O,CC1(C)CCCC(=C)C21CC=C(C)CC2,['CC(C)=CCCC(C)=CCCC(C)=CCOP([O-])(=O)OP([O-])([O-])=O'],['CC1(C)CCCC(=C)C21CC=C(C)CC2'],{30380}
marts_E01439,sesq,CC(C)=CCCC(C)=CCCC(C)=CCOP([O-])(=O)OP([O-])([O-])=O,CC1CCC2C(C=1)C(CCC2=C)C(C)C,['CC(C)=CCCC(C)=CCCC(C)=CCOP([O-])(=O)OP([O-])([O-])=O'],['CC1CCC2C(C=1)C(CCC2=C)C(C)C'],"{28640, 68849, 31828, 33108}"
marts_E01440,sesq,CC(C)=CCCC(C)=CCCC(C)=CCOP([O-])(=O)OP([O-])([O-])=O,CC1CC=C2C(C=1)C(CCC2C)C(C)C,['CC(C)=CCCC(C)=CCCC(C)=CCOP([O-])(=O)OP([O-])([O-])=O'],['CC1CC=C2C(C=1)C(CCC2C)C(C)C'],{29476}
marts_E01441,sesq,CC(C)=CCCC(C)=CCCC(C)=CCOP([O-])(=O)OP([O-])([O-])=O,CC1=CCCC2(C)CCC(CC21)C(C)=C,['CC(C)=CCCC(C)=CCCC(C)=CCOP([O-])(=O)OP([O-])([O-])=O'],['CC1=CCCC2(C)CCC(CC21)C(C)=C'],"{30384, 31820, 47053}"
marts_E01441,sesq,CC(C)=CCCC(C)=CCCC(C)=CCOP([O-])(=O)OP([O-])([O-])=O,CC1CCC(CC=C(C)CCC=1)C(C)=C,['CC(C)=CCCC(C)=CCCC(C)=CCOP([O-])(=O)OP([O-])([O-])=O'],['CC1CCC(CC=C(C)CCC=1)C(C)=C'],"{68777, 25453, 12517}"
marts_E01442,sesq,CC(C)=CCCC(C)=CCCC(C)=CCOP([O-])(=O)OP([O-])([O-])=O,CC1(O)CCC23C1C2C(CCC3C)C(C)C,['CC(C)=CCCC(C)=CCCC(C)=CCOP([O-])(=O)OP([O-])([O-])=O'],['CC1(O)CCC23C1C2C(CCC3C)C(C)C'],"{31824, 54049, 54065}"
marts_E01442,sesq,CC(C)=CCCC(C)=CCCC(C)=CCOP([O-])(=O)OP([O-])([O-])=O,CC1CCC(CC=C(C)CCC=1)C(C)=C,['CC(C)=CCCC(C)=CCCC(C)=CCOP([O-])(=O)OP([O-])([O-])=O'],['CC1CCC(CC=C(C)CCC=1)C(C)=C'],"{68777, 25453, 12517}"
marts_E01442,sesq,CC(C)=CCCC(C)=CCCC(C)=CCOP([O-])(=O)OP([O-])([O-])=O,CC(C)C1CCC(C)=CCCC(C)(O)C=C1,['CC(C)=CCCC(C)=CCCC(C)=CCOP([O-])(=O)OP([O-])([O-])=O'],['CC(C)C1CCC(C)=CCCC(C)(O)C=C1'],set()
marts_E01442,sesq,CC(C)=CCCC(C)=CCCC(C)=CCOP([O-])(=O)OP([O-])([O-])=O,CC(C)=CCCC(C)=CCCC(C)=CCO,['CC(C)=CCCC(C)=CCCC(C)=CCOP([O-])(=O)OP([O-])([O-])=O'],['CC(C)=CCCC(C)=CCCC(C)=CCO'],{27527}
marts_E01442,mono,CC(C)=CCCC(C)=CCOP([O-])(=O)OP([O-])([O-])=O,CC(C)=CCC=C(C)C=C,['CC(C)=CCCC(C)=CCOP([O-])(=O)OP([O-])([O-])=O'],['CC(C)=CCC=C(C)C=C'],"{68825, 32692}"
marts_E01442,mono,CC(C)=CCCC(C)=CCOP([O-])(=O)OP([O-])([O-])=O,CC(C)=CCCC(C)=CCO,['CC(C)=CCCC(C)=CCOP([O-])(=O)OP([O-])([O-])=O'],['CC(C)=CCCC(C)=CCO'],"{32680, 65829}"
marts_E01442,mono,CC(C)=CCCC(C)=CCOP([O-])(=O)OP([O-])([O-])=O,CC(C)=CCCC(C)(O)C=C,['CC(C)=CCCC(C)=CCOP([O-])(=O)OP([O-])([O-])=O'],['CC(C)=CCCC(C)(O)C=C'],"{15810, 68709, 24117}"
marts_E01442,mono,CC(C)=CCCC(C)=CCOP([O-])(=O)OP([O-])([O-])=O,CC(C)=CC=CC(C)=CC,['CC(C)=CCCC(C)=CCOP([O-])(=O)OP([O-])([O-])=O'],['CC(C)=CC=CC(C)=CC'],{73948}
marts_E01442,di,CC(C)=CCCC(C)=CCCC(C)=CCCC(C)=CCOP([O-])(=O)OP([O-])([O-])=O,CC1CCC=C(C)CCC(CC=C(C)CCC=1)C(C)=C,['CC(C)=CCCC(C)=CCCC(C)=CCCC(C)=CCOP([O-])(=O)OP([O-])([O-])=O'],['CC1CCC=C(C)CCC(CC=C(C)CCC=1)C(C)=C'],{42997}
marts_E01442,mono,CC(C)=CCCC(C)=CCOP([O-])(=O)OP([O-])([O-])=O,CC(C)=CCCC(=C)C=C,['CC(C)=CCCC(C)=CCOP([O-])(=O)OP([O-])([O-])=O'],['CC(C)=CCCC(=C)C=C'],{16966}
marts_E01443,sesq,CC(C)=CCCC(C)=CCCC(C)=CCOP([O-])(=O)OP([O-])([O-])=O,CC1CCC(CC=C(C)CCC=1)C(C)(C)O,['CC(C)=CCCC(C)=CCCC(C)=CCOP([O-])(=O)OP([O-])([O-])=O'],['CC1CCC(CC=C(C)CCC=1)C(C)(C)O'],"{54057, 54061}"
marts_E01443,sesq,CC(C)=CCCC(C)=CCCC(C)=CCOP([O-])(=O)OP([O-])([O-])=O,CC(C)=CCCC(C)=CCCC(=C)C=C,['CC(C)=CCCC(C)=CCCC(C)=CCOP([O-])(=O)OP([O-])([O-])=O'],['CC(C)=CCCC(C)=CCCC(=C)C=C'],"{68545, 27426, 68857, 68505, 68509}"
marts_E01443,sesq,CC(C)=CCCC(C)=CCCC(C)=CCOP([O-])(=O)OP([O-])([O-])=O,CC(C)=CCC=C(C)C1CC=C(C)CC1,['CC(C)=CCCC(C)=CCCC(C)=CCOP([O-])(=O)OP([O-])([O-])=O'],['CC(C)=CCC=C(C)C1CC=C(C)CC1'],"{68845, 68817, 68533, 68473, 25437}"
marts_E01443,sesq,CC(C)=CCCC(C)=CCCC(C)=CCOP([O-])(=O)OP([O-])([O-])=O,CC1CCC(C2C=C(C)CCC12)C(C)=C,['CC(C)=CCCC(C)=CCCC(C)=CCOP([O-])(=O)OP([O-])([O-])=O'],['CC1CCC(C2C=C(C)CCC12)C(C)=C'],{18326}
marts_E01443,di,CC(C)=CCCC(C)=CCCC(C)=CCCC(C)=CCOP([O-])(=O)OP([O-])([O-])=O,CC1CCC=C(C)CCC(CC=C(C)CCC=1)C(C)=C,['CC(C)=CCCC(C)=CCCC(C)=CCCC(C)=CCOP([O-])(=O)OP([O-])([O-])=O'],['CC1CCC=C(C)CCC(CC=C(C)CCC=1)C(C)=C'],{42997}
marts_E01443,sesq,CC(C)=CCCC(C)=CCCC(C)=CCOP([O-])(=O)OP([O-])([O-])=O,CC(C)=CCCC(C)=CCCC(=C)C=C,['CC(C)=CCCC(C)=CCCC(C)=CCOP([O-])(=O)OP([O-])([O-])=O'],['CC(C)=CCCC(C)=CCCC(=C)C=C'],"{68545, 27426, 68857, 68505, 68509}"
marts_E01443,sesq,CC(C)=CCCC(C)=CCCC(C)=CCOP([O-])(=O)OP([O-])([O-])=O,CC(C)=CCCC(=C)C1CC=C(C)CC1,['CC(C)=CCCC(C)=CCCC(C)=CCOP([O-])(=O)OP([O-])([O-])=O'],['CC(C)=CCCC(=C)C1CC=C(C)CC1'],"{68813, 68529, 28267, 68525}"
marts_E01443,sesq,CC(C)=CCCC(C)=CCCC(C)=CCOP([O-])(=O)OP([O-])([O-])=O,CC(C)=CCCC(C)=C1CC=C(C)CC1,['CC(C)=CCCC(C)=CCCC(C)=CCOP([O-])(=O)OP([O-])([O-])=O'],['CC(C)=CCCC(C)=C1CC=C(C)CC1'],"{26082, 79464, 28299, 68469, 68789}"
marts_E01443,sesq,CC(C)=CCCC(C)=CCCC(C)=CCOP([O-])(=O)OP([O-])([O-])=O,CC(C)=CCC=C(C)C1CC=C(C)CC1,['CC(C)=CCCC(C)=CCCC(C)=CCOP([O-])(=O)OP([O-])([O-])=O'],['CC(C)=CCC=C(C)C1CC=C(C)CC1'],"{68845, 68817, 68533, 68473, 25437}"
marts_E01443,sesq,CC(C)=CCCC(C)=CCCC(C)=CCOP([O-])(=O)OP([O-])([O-])=O,CC1CCC(CC=C(C)CCC=1)C(C)(C)O,['CC(C)=CCCC(C)=CCCC(C)=CCOP([O-])(=O)OP([O-])([O-])=O'],['CC1CCC(CC=C(C)CCC=1)C(C)(C)O'],"{54057, 54061}"
marts_E01444,di,CC1(C)CCCC2(C)C1CCC(=C)C2CCC(C)=CCOP([O-])(=O)OP([O-])([O-])=O,CC1(C)CCCC2(C)C1CCC13CC(CCC21)C(=C)C3,['CC1(C)CCCC2(C)C1CCC(=C)C2CCC(C)=CCOP([O-])(=O)OP([O-])([O-])=O'],['CC1(C)CCCC2(C)C1CCC13CC(CCC21)C(=C)C3'],{22221}
marts_E01445,sesq,CC(C)=CCCC(C)=CCCC(C)=CCOP([O-])(=O)OP([O-])([O-])=O,CC(C)C1CC=C(C)C2CCC(C)=CC21,['CC(C)=CCCC(C)=CCCC(C)=CCOP([O-])(=O)OP([O-])([O-])=O'],['CC(C)C1CC=C(C)C2CCC(C)=CC21'],"{33104, 53641, 69445}"
marts_E01445,sesq,CC(C)=CCCC(C)=CCCC(C)=CCOP([O-])(=O)OP([O-])([O-])=O,CC1CCC2C(C=1)C(CCC2=C)C(C)C,['CC(C)=CCCC(C)=CCCC(C)=CCOP([O-])(=O)OP([O-])([O-])=O'],['CC1CCC2C(C=1)C(CCC2=C)C(C)C'],"{28640, 68849, 31828, 33108}"
marts_E01446,sesq,CC(C)=CCCC(C)=CCCC(C)=CCOP([O-])(=O)OP([O-])([O-])=O,CC1CCC2C1C1C(CCC2=C)C1(C)C,['CC(C)=CCCC(C)=CCCC(C)=CCOP([O-])(=O)OP([O-])([O-])=O'],['CC1CCC2C1C1C(CCC2=C)C1(C)C'],{67401}
marts_E01447,sesq,CC(C)=CCCC(C)=CCCC(C)=CCOP([O-])(=O)OP([O-])([O-])=O,CC1CCC2C(C=1)C(CCC2=C)C(C)C,['CC(C)=CCCC(C)=CCCC(C)=CCOP([O-])(=O)OP([O-])([O-])=O'],['CC1CCC2C(C=1)C(CCC2=C)C(C)C'],"{28640, 68849, 31828, 33108}"
marts_E01448,sesq,CC(C)=CCCC(C)=CCCC(C)=CCOP([O-])(=O)OP([O-])([O-])=O,CC(C)C1CC=C(C)C2CCC(C)=CC21,['CC(C)=CCCC(C)=CCCC(C)=CCOP([O-])(=O)OP([O-])([O-])=O'],['CC(C)C1CC=C(C)C2CCC(C)=CC21'],"{33104, 53641, 69445}"
marts_E01448,sesq,CC(C)=CCCC(C)=CCCC(C)=CCOP([O-])(=O)OP([O-])([O-])=O,CC1CCC2C(C=1)C(CCC2=C)C(C)C,['CC(C)=CCCC(C)=CCCC(C)=CCOP([O-])(=O)OP([O-])([O-])=O'],['CC1CCC2C(C=1)C(CCC2=C)C(C)C'],"{28640, 68849, 31828, 33108}"
marts_E01448,sesq,CC(C)=CCCC(C)=CCCC(C)=CCOP([O-])(=O)OP([O-])([O-])=O,CC(C)C1CCC(C)(O)C2CCC(C)=CC21,['CC(C)=CCCC(C)=CCCC(C)=CCOP([O-])(=O)OP([O-])([O-])=O'],['CC(C)C1CCC(C)(O)C2CCC(C)=CC21'],"{78272, 69449, 32012, 54053}"
marts_E01449,sesq,CC(C)=CCCC(C)=CCCC(C)=CCOP([O-])(=O)OP([O-])([O-])=O,CC1CCC2C(C3C(C)CCC=13)C2(C)C,['CC(C)=CCCC(C)=CCCC(C)=CCOP([O-])(=O)OP([O-])([O-])=O'],['CC1CCC2C(C3C(C)CCC=13)C2(C)C'],{31812}
marts_E01450,sesq,CC(C)=CCCC(C)=CCCC(C)=CCOP([O-])(=O)OP([O-])([O-])=O,CC1(C)CC2C=C(C)C3CCC(C)C23C1,['CC(C)=CCCC(C)=CCCC(C)=CCOP([O-])(=O)OP([O-])([O-])=O'],['CC1(C)CC2C=C(C)C3CCC(C)C23C1'],{18082}
marts_E01451,sesq,CC(C)=CCCC(C)=CCCC(C)=CCOP([O-])(=O)OP([O-])([O-])=O,CC1(C)C2C1CC=C1CCCC(C)C12C,['CC(C)=CCCC(C)=CCCC(C)=CCOP([O-])(=O)OP([O-])([O-])=O'],['CC1(C)C2C1CC=C1CCCC(C)C12C'],{73964}
marts_E01452,sesq,CC(C)=CCCC(C)=CCCC(C)=CCOP([O-])(=O)OP([O-])([O-])=O,CC(C)C1CCC(C)C23CC=C(C)C2C31,['CC(C)=CCCC(C)=CCCC(C)=CCOP([O-])(=O)OP([O-])([O-])=O'],['CC(C)C1CCC(C)C23CC=C(C)C2C31'],set()
marts_E01452,sesq,CC(C)=CCCC(C)=CCCC(C)=CCOP([O-])(=O)OP([O-])([O-])=O,CC(C)C1CCC(C)=C2CCC(C)=CC21,['CC(C)=CCCC(C)=CCCC(C)=CCOP([O-])(=O)OP([O-])([O-])=O'],['CC(C)C1CCC(C)=C2CCC(C)=CC21'],"{32016, 56557, 19526}"
marts_E01453,sesq,CC(C)=CCCC(C)=CCCC(C)=CCOP([O-])(=O)OP([O-])([O-])=O,CC1CCC(CC=C(C)CCC=1)C(C)=C,['CC(C)=CCCC(C)=CCCC(C)=CCOP([O-])(=O)OP([O-])([O-])=O'],['CC1CCC(CC=C(C)CCC=1)C(C)=C'],"{68777, 25453, 12517}"
marts_E01453,sesq,CC(C)=CCCC(C)=CCCC(C)=CCOP([O-])(=O)OP([O-])([O-])=O,CC1CCC2C(C3C(C)CCC=13)C2(C)C,['CC(C)=CCCC(C)=CCCC(C)=CCOP([O-])(=O)OP([O-])([O-])=O'],['CC1CCC2C(C3C(C)CCC=13)C2(C)C'],{31812}
marts_E01453,sesq,CC(C)=CCCC(C)=CCCC(C)=CCOP([O-])(=O)OP([O-])([O-])=O,CC1(C)C2C1CCC(C)(O)C1CCC(C)C12,['CC(C)=CCCC(C)=CCCC(C)=CCOP([O-])(=O)OP([O-])([O-])=O'],['CC1(C)C2C1CCC(C)(O)C1CCC(C)C12'],set()
marts_E01454,sesq,CC(C)=CCCC(C)=CCCC(C)=CCOP([O-])(=O)OP([O-])([O-])=O,CC1(C)CC2CC3(C)CCC3C(C)=C2C1,['CC(C)=CCCC(C)=CCCC(C)=CCOP([O-])(=O)OP([O-])([O-])=O'],['CC1(C)CC2CC3(C)CCC3C(C)=C2C1'],{85616}
marts_E01455,sesq,CC(C)=CCCC(C)=CCCC(C)=CCOP([O-])(=O)OP([O-])([O-])=O,CC1CCC2C1C1C(CC=C2C)C1(C)C,['CC(C)=CCCC(C)=CCCC(C)=CCOP([O-])(=O)OP([O-])([O-])=O'],['CC1CCC2C1C1C(CC=C2C)C1(C)C'],set()
marts_E01456,sesq,CC(C)=CCCC(C)=CCCC(C)=CCOP([O-])(=O)OP([O-])([O-])=O,CC(C)=CCCC(C)=CCC=C(C)C=C,['CC(C)=CCCC(C)=CCCC(C)=CCOP([O-])(=O)OP([O-])([O-])=O'],['CC(C)=CCCC(C)=CCC=C(C)C=C'],{27422}
marts_E01457,sesq,CC(C)=CCCC(C)=CCCC(C)=CCOP([O-])(=O)OP([O-])([O-])=O,CC1CCC2C(CC2(C)C)C(=C)CCC=1,['CC(C)=CCCC(C)=CCCC(C)=CCOP([O-])(=O)OP([O-])([O-])=O'],['CC1CCC2C(CC2(C)C)C(=C)CCC=1'],"{31816, 34704, 28295}"
marts_E01458,sesq,CC(C)=CCCC(C)=CCCC(C)=CCOP([O-])(=O)OP([O-])([O-])=O,CC1(C)CC2CC(C)=C3CCC3(C)C2C1,['CC(C)=CCCC(C)=CCCC(C)=CCOP([O-])(=O)OP([O-])([O-])=O'],['CC1(C)CC2CC(C)=C3CCC3(C)C2C1'],{34696}
marts_E01459,sesq,CC(C)=CCCC(C)=CCCC(C)=CCOP([O-])(=O)OP([O-])([O-])=O,CC1CCC(CC=C(C)CCC=1)C(C)=C,['CC(C)=CCCC(C)=CCCC(C)=CCOP([O-])(=O)OP([O-])([O-])=O'],['CC1CCC(CC=C(C)CCC=1)C(C)=C'],"{68777, 25453, 12517}"
marts_E01459,sesq,CC(C)=CCCC(C)=CCCC(C)=CCOP([O-])(=O)OP([O-])([O-])=O,CC(C)=CCCC(C)=CCCC(=C)C=C,['CC(C)=CCCC(C)=CCCC(C)=CCOP([O-])(=O)OP([O-])([O-])=O'],['CC(C)=CCCC(C)=CCCC(=C)C=C'],"{68545, 27426, 68857, 68505, 68509}"
marts_E01459,sesq,CC(C)=CCCC(C)=CCCC(C)=CCOP([O-])(=O)OP([O-])([O-])=O,CC(C)=CCCC(C)=CCC=C(C)C=C,['CC(C)=CCCC(C)=CCCC(C)=CCOP([O-])(=O)OP([O-])([O-])=O'],['CC(C)=CCCC(C)=CCC=C(C)C=C'],{27422}
marts_E01460,sesq,CC(C)=CCCC(C)=CCCC(C)=CCOP([O-])(=O)OP([O-])([O-])=O,CC1CCC2C(C3C(C)CCC=13)C2(C)C,['CC(C)=CCCC(C)=CCCC(C)=CCOP([O-])(=O)OP([O-])([O-])=O'],['CC1CCC2C(C3C(C)CCC=13)C2(C)C'],{31812}
marts_E01460,sesq,CC(C)=CCCC(C)=CCCC(C)=CCOP([O-])(=O)OP([O-])([O-])=O,CC1(C)C2C1CCC(C)(O)C1CCC(C)C12,['CC(C)=CCCC(C)=CCCC(C)=CCOP([O-])(=O)OP([O-])([O-])=O'],['CC1(C)C2C1CCC(C)(O)C1CCC(C)C12'],set()
marts_E01461,sesq,CC(C)=CCCC(C)=CCCC(C)=CCOP([O-])(=O)OP([O-])([O-])=O,CC(C)C1CCC2(C)C3CCC(C31)C2=C,['CC(C)=CCCC(C)=CCCC(C)=CCOP([O-])(=O)OP([O-])([O-])=O'],['CC(C)C1CCC2(C)C3CCC(C31)C2=C'],"{33120, 81540}"
marts_E01461,sesq,CC(C)=CCCC(C)=CCCC(C)=CCOP([O-])(=O)OP([O-])([O-])=O,CC(C)C1CCC2(C)C3CC(CC31)C2=C,['CC(C)=CCCC(C)=CCCC(C)=CCOP([O-])(=O)OP([O-])([O-])=O'],['CC(C)C1CCC2(C)C3CC(CC31)C2=C'],{81544}
marts_E01461,sesq,CC(C)=CCCC(C)=CCCC(C)=CCOP([O-])(=O)OP([O-])([O-])=O,CC1(C)CCCC2(C)C3CCC(C13)C2=C,['CC(C)=CCCC(C)=CCCC(C)=CCOP([O-])(=O)OP([O-])([O-])=O'],['CC1(C)CCCC2(C)C3CCC(C13)C2=C'],{25465}
marts_E01462,tri,CC(C)=CCCC(C)=CCCC(C)=CCCC=C(C)CCC=C(C)CCC1OC1(C)C,CC1(C)CC2C3=CCC4C5(C)CCC(O)C(C)(C)C5CCC4(C)C3(C)CCC2(C)CC1,['CC(C)=CCCC(C)=CCCC(C)=CCCC=C(C)CCC=C(C)CCC1OC1(C)C'],['CC1(C)CC2C3=CCC4C5(C)CCC(O)C(C)(C)C5CCC4(C)C3(C)CCC2(C)CC1'],{31008}
marts_E01463,di,CC(C)=CCCC(C)=CCCC(C)=CCCC(C)=CCOP([O-])(=O)OP([O-])([O-])=O,CC1(C)CCCC2(C)C1CCC(=C)C2CCC(C)=CCOP([O-])(=O)OP([O-])([O-])=O,['CC(C)=CCCC(C)=CCCC(C)=CCCC(C)=CCOP([O-])(=O)OP([O-])([O-])=O'],['CC1(C)CCCC2(C)C1CCC(=C)C2CCC(C)=CCOP([O-])(=O)OP([O-])([O-])=O'],"{14842, 24317, 25525}"
marts_E01464,di,CC(C)=CCCC(C)=CCCC(C)=CCCC(C)=CCOP([O-])(=O)OP([O-])([O-])=O,CC1(C)CCCC2(C)C1CCC(=C)C2CCC(C)=CCOP([O-])(=O)OP([O-])([O-])=O,['CC(C)=CCCC(C)=CCCC(C)=CCCC(C)=CCOP([O-])(=O)OP([O-])([O-])=O'],['CC1(C)CCCC2(C)C1CCC(=C)C2CCC(C)=CCOP([O-])(=O)OP([O-])([O-])=O'],"{14842, 24317, 25525}"
marts_E01465,sesq,CC(C)=CCCC(C)=CCCC(C)=CCOP([O-])(=O)OP([O-])([O-])=O,CC(C)C1CCC(C)C23CC=C(C)C2C31,['CC(C)=CCCC(C)=CCCC(C)=CCOP([O-])(=O)OP([O-])([O-])=O'],['CC(C)C1CCC(C)C23CC=C(C)C2C31'],set()
marts_E01465,sesq,CC(C)=CCCC(C)=CCCC(C)=CCOP([O-])(=O)OP([O-])([O-])=O,CC(C)C1CCC(C)C2(O)CCC(C)=CC21,['CC(C)=CCCC(C)=CCCC(C)=CCOP([O-])(=O)OP([O-])([O-])=O'],['CC(C)C1CCC(C)C2(O)CCC(C)=CC21'],{29480}
marts_E01466,sesq,CC(C)=CCCC(C)=CCCC(C)=CCOP([O-])(=O)OP([O-])([O-])=O,CC1CCC(C=CC(=C)CCC=1)C(C)C,['CC(C)=CCCC(C)=CCCC(C)=CCOP([O-])(=O)OP([O-])([O-])=O'],['CC1CCC(C=CC(=C)CCC=1)C(C)C'],"{12017, 30428, 68717}"
marts_E01466,sesq,CC(C)=CCCC(C)=CCCC(C)=CCOP([O-])(=O)OP([O-])([O-])=O,CC(C)C1CCC(C)=C2CCC(C)=CC21,['CC(C)=CCCC(C)=CCCC(C)=CCOP([O-])(=O)OP([O-])([O-])=O'],['CC(C)C1CCC(C)=C2CCC(C)=CC21'],"{32016, 56557, 19526}"
marts_E01467,sesq,CC(C)=CCCC(C)=CCCC(C)=CCOP([O-])(=O)OP([O-])([O-])=O,CC(C)C1CCC(C)=C2CCC(C)=CC21,['CC(C)=CCCC(C)=CCCC(C)=CCOP([O-])(=O)OP([O-])([O-])=O'],['CC(C)C1CCC(C)=C2CCC(C)=CC21'],"{32016, 56557, 19526}"
marts_E01468,sesq,CC(C)=CCCC(C)=CCCC(C)=CCOP([O-])(=O)OP([O-])([O-])=O,CC(C)=CCCC(C)=CCC=C(C)C=C,['CC(C)=CCCC(C)=CCCC(C)=CCOP([O-])(=O)OP([O-])([O-])=O'],['CC(C)=CCCC(C)=CCC=C(C)C=C'],{27422}
marts_E01468,sesq,CC(C)=CCCC(C)=CCCC(C)=CCOP([O-])(=O)OP([O-])([O-])=O,CC(C)=CCCC(C)=CCCC(=C)C=C,['CC(C)=CCCC(C)=CCCC(C)=CCOP([O-])(=O)OP([O-])([O-])=O'],['CC(C)=CCCC(C)=CCCC(=C)C=C'],"{68545, 27426, 68857, 68505, 68509}"
marts_E01469,sesq,CC(C)=CCCC(C)=CCCC(C)=CCOP([O-])(=O)OP([O-])([O-])=O,CC1CCC2C(C=1)C(CCC2=C)C(C)C,['CC(C)=CCCC(C)=CCCC(C)=CCOP([O-])(=O)OP([O-])([O-])=O'],['CC1CCC2C(C=1)C(CCC2=C)C(C)C'],"{28640, 68849, 31828, 33108}"
marts_E01470,sesq,CC(C)=CCCC(C)=CCCC(C)=CCOP([O-])(=O)OP([O-])([O-])=O,CC(C)C1CCC(C)C23CC=C(C)C2C31,['CC(C)=CCCC(C)=CCCC(C)=CCOP([O-])(=O)OP([O-])([O-])=O'],['CC(C)C1CCC(C)C23CC=C(C)C2C31'],set()
marts_E01470,sesq,CC(C)=CCCC(C)=CCCC(C)=CCOP([O-])(=O)OP([O-])([O-])=O,CC(C)C1CCC(C)=C2CCC(C)=CC21,['CC(C)=CCCC(C)=CCCC(C)=CCOP([O-])(=O)OP([O-])([O-])=O'],['CC(C)C1CCC(C)=C2CCC(C)=CC21'],"{32016, 56557, 19526}"
marts_E01471,sesq,CC(C)=CCCC(C)=CCCC(C)=CCOP([O-])(=O)OP([O-])([O-])=O,CC1(O)CCC23C1C2C(CCC3C)C(C)C,['CC(C)=CCCC(C)=CCCC(C)=CCOP([O-])(=O)OP([O-])([O-])=O'],['CC1(O)CCC23C1C2C(CCC3C)C(C)C'],"{31824, 54049, 54065}"
marts_E01471,sesq,CC(C)=CCCC(C)=CCCC(C)=CCOP([O-])(=O)OP([O-])([O-])=O,CC1CCC(C=CC(=C)CCC=1)C(C)C,['CC(C)=CCCC(C)=CCCC(C)=CCOP([O-])(=O)OP([O-])([O-])=O'],['CC1CCC(C=CC(=C)CCC=1)C(C)C'],"{12017, 30428, 68717}"
marts_E01471,sesq,CC(C)=CCCC(C)=CCCC(C)=CCOP([O-])(=O)OP([O-])([O-])=O,CC(C)C1CCC(C)=CCCC(C)(O)C=C1,['CC(C)=CCCC(C)=CCCC(C)=CCOP([O-])(=O)OP([O-])([O-])=O'],['CC(C)C1CCC(C)=CCCC(C)(O)C=C1'],set()
marts_E01471,sesq,CC(C)=CCCC(C)=CCCC(C)=CCOP([O-])(=O)OP([O-])([O-])=O,CC(C)C1CCC2(C)C3C1C2CCC3=C,['CC(C)=CCCC(C)=CCCC(C)=CCOP([O-])(=O)OP([O-])([O-])=O'],['CC(C)C1CCC2(C)C3C1C2CCC3=C'],"{33112, 69776}"
marts_E01471,sesq,CC(C)=CCCC(C)=CCCC(C)=CCOP([O-])(=O)OP([O-])([O-])=O,CC(C)C1CCC(C)=C2CCC(C)=CC21,['CC(C)=CCCC(C)=CCCC(C)=CCOP([O-])(=O)OP([O-])([O-])=O'],['CC(C)C1CCC(C)=C2CCC(C)=CC21'],"{32016, 56557, 19526}"
marts_E01471,sesq,CC(C)=CCCC(C)=CCCC(C)=CCOP([O-])(=O)OP([O-])([O-])=O,CC(C)C1CCC(C)(O)C2CCC(C)=CC21,['CC(C)=CCCC(C)=CCCC(C)=CCOP([O-])(=O)OP([O-])([O-])=O'],['CC(C)C1CCC(C)(O)C2CCC(C)=CC21'],"{78272, 69449, 32012, 54053}"
marts_E01471,sesq,CC(C)=CCCC(C)=CCCC(C)=CCOP([O-])(=O)OP([O-])([O-])=O,CC(C)C1CCC(C)C23CCC(=C)C2C31,['CC(C)=CCCC(C)=CCCC(C)=CCOP([O-])(=O)OP([O-])([O-])=O'],['CC(C)C1CCC(C)C23CCC(=C)C2C31'],{32020}
marts_E01471,sesq,CC(C)=CCCC(C)=CCCC(C)=CCOP([O-])(=O)OP([O-])([O-])=O,CC1CCC(CC=C(C)CCC=1)C(C)=C,['CC(C)=CCCC(C)=CCCC(C)=CCOP([O-])(=O)OP([O-])([O-])=O'],['CC1CCC(CC=C(C)CCC=1)C(C)=C'],"{68777, 25453, 12517}"
marts_E01471,sesq,CC(C)=CCCC(C)=CCCC(C)=CCOP([O-])(=O)OP([O-])([O-])=O,CC(C)C1CCC2(C)C3CCC(C31)C2=C,['CC(C)=CCCC(C)=CCCC(C)=CCOP([O-])(=O)OP([O-])([O-])=O'],['CC(C)C1CCC2(C)C3CCC(C31)C2=C'],"{33120, 81540}"
marts_E01472,sesq,CC(C)=CCCC(C)=CCCC(C)=CCOP([O-])(=O)OP([O-])([O-])=O,CC1CCC2C(CC2(C)C)C(=C)CCC=1,['CC(C)=CCCC(C)=CCCC(C)=CCOP([O-])(=O)OP([O-])([O-])=O'],['CC1CCC2C(CC2(C)C)C(=C)CCC=1'],"{31816, 34704, 28295}"
marts_E01473,sesq,CC(C)=CCCC(C)=CCCC(C)=CCOP([O-])(=O)OP([O-])([O-])=O,CC(C)C1CCC(C)C23CC=C(C)C2C31,['CC(C)=CCCC(C)=CCCC(C)=CCOP([O-])(=O)OP([O-])([O-])=O'],['CC(C)C1CCC(C)C23CC=C(C)C2C31'],set()
marts_E01473,sesq,CC(C)=CCCC(C)=CCCC(C)=CCOP([O-])(=O)OP([O-])([O-])=O,CC(C)C1CCC(C)C23CCC(=C)C2C31,['CC(C)=CCCC(C)=CCCC(C)=CCOP([O-])(=O)OP([O-])([O-])=O'],['CC(C)C1CCC(C)C23CCC(=C)C2C31'],{32020}
marts_E01473,sesq,CC(C)=CCCC(C)=CCCC(C)=CCOP([O-])(=O)OP([O-])([O-])=O,CC(C)C1CCC(C)=C2CCC(C)=CC21,['CC(C)=CCCC(C)=CCCC(C)=CCOP([O-])(=O)OP([O-])([O-])=O'],['CC(C)C1CCC(C)=C2CCC(C)=CC21'],"{32016, 56557, 19526}"
marts_E01474,sesq,CC(C)=CCCC(C)=CCCC(C)=CCOP([O-])(=O)OP([O-])([O-])=O,CC12CC=C(C)C(C1)C1(C)CCCC21C,['CC(C)=CCCC(C)=CCCC(C)=CCOP([O-])(=O)OP([O-])([O-])=O'],['CC12CC=C(C)C(C1)C1(C)CCCC21C'],{29500}
marts_E01474,sesq,CC(C)=CCCC(C)=CCCC(C)=CCOP([O-])(=O)OP([O-])([O-])=O,CC12CC(C(=C)CC1)C1(C)CCCC21C,['CC(C)=CCCC(C)=CCCC(C)=CCOP([O-])(=O)OP([O-])([O-])=O'],['CC12CC(C(=C)CC1)C1(C)CCCC21C'],"{73984, 81464}"
marts_E01475,sesq,CC(C)=CCCC(C)=CCCC(C)=CCOP([O-])(=O)OP([O-])([O-])=O,CC(C)=CCCC(C)=CCCC(=C)C=C,['CC(C)=CCCC(C)=CCCC(C)=CCOP([O-])(=O)OP([O-])([O-])=O'],['CC(C)=CCCC(C)=CCCC(=C)C=C'],"{68545, 27426, 68857, 68505, 68509}"
marts_E01476,di,CC(C)=CCCC(C)=CCCC(C)=CCCC(C)=CCOP([O-])(=O)OP([O-])([O-])=O,CC(C)=CCCC(C)=CCCC(=C)C1CC=C(C)CC1,['CC(C)=CCCC(C)=CCCC(C)=CCCC(C)=CCOP([O-])(=O)OP([O-])([O-])=O'],['CC(C)=CCCC(C)=CCCC(=C)C1CC=C(C)CC1'],{75180}
marts_E01477,sesq,CC(C)=CCCC(C)=CCCC(C)=CCOP([O-])(=O)OP([O-])([O-])=O,CC(C)=CCCC(C)=CCCC(C)=CCO,['CC(C)=CCCC(C)=CCCC(C)=CCOP([O-])(=O)OP([O-])([O-])=O'],['CC(C)=CCCC(C)=CCCC(C)=CCO'],{27527}
marts_E01478,sester,CC(C)=CCCC(C)=CCCC(C)=CCCC(C)=CCCC(C)=CCOP([O-])(=O)OP([O-])([O-])=O,CC(C)C1CCC2(C)CC3C(CC21)C12CCC(C)C1CCC2(C)C3=C,['CC(C)=CCCC(C)=CCCC(C)=CCCC(C)=CCCC(C)=CCOP([O-])(=O)OP([O-])([O-])=O'],['CC(C)C1CCC2(C)CC3C(CC21)C12CCC(C)C1CCC2(C)C3=C'],set()
marts_E01479,di,CC(C)=CCCC(C)=CCCC(C)=CCCC(C)=CCOP([O-])(=O)OP([O-])([O-])=O,CC(C)=CCCC(C)=CCCC(C)=CCCC(C)(O)C=C,['CC(C)=CCCC(C)=CCCC(C)=CCCC(C)=CCOP([O-])(=O)OP([O-])([O-])=O'],['CC(C)=CCCC(C)=CCCC(C)=CCCC(C)(O)C=C'],{38156}
marts_E01480,mono,CC(C)=CCCC(C)=CCOP([O-])(=O)OP([O-])([O-])=O,CC1(C)OC2(C)CCC1CC2,['CC(C)=CCCC(C)=CCOP([O-])(=O)OP([O-])([O-])=O'],['CC1(C)OC2(C)CCC1CC2'],"{32544, 56633}"
marts_E01480,mono,CC(C)=CCCC(C)=CCOP([O-])(=O)OP([O-])([O-])=O,CC1=CCC2CC1C2(C)C,['CC(C)=CCCC(C)=CCOP([O-])(=O)OP([O-])([O-])=O'],['CC1=CCC2CC1C2(C)C'],"{32576, 25489, 25663}"
marts_E01480,mono,CC(C)=CCCC(C)=CCOP([O-])(=O)OP([O-])([O-])=O,CC(C)C12CC=C(C)C1C2,['CC(C)=CCCC(C)=CCOP([O-])(=O)OP([O-])([O-])=O'],['CC(C)C12CC=C(C)C1C2'],{68645}
marts_E01480,mono,CC(C)=CCCC(C)=CCOP([O-])(=O)OP([O-])([O-])=O,CC1(C)C2CC1CCC2=C,['CC(C)=CCCC(C)=CCOP([O-])(=O)OP([O-])([O-])=O'],['CC1(C)C2CC1CCC2=C'],"{25497, 25667, 32580}"
marts_E01480,mono,CC(C)=CCCC(C)=CCOP([O-])(=O)OP([O-])([O-])=O,CC1CCC(=CC=1)C(C)C,['CC(C)=CCCC(C)=CCOP([O-])(=O)OP([O-])([O-])=O'],['CC1CCC(=CC=1)C(C)C'],{32564}
marts_E01480,mono,CC(C)=CCCC(C)=CCOP([O-])(=O)OP([O-])([O-])=O,CC1CC=C(CC=1)C(C)C,['CC(C)=CCCC(C)=CCOP([O-])(=O)OP([O-])([O-])=O'],['CC1CC=C(CC=1)C(C)C'],{32560}
marts_E01480,mono,CC(C)=CCCC(C)=CCOP([O-])(=O)OP([O-])([O-])=O,CC(C)=C1CC=C(C)CC1,['CC(C)=CCCC(C)=CCOP([O-])(=O)OP([O-])([O-])=O'],['CC(C)=C1CC=C(C)CC1'],{25501}
marts_E01480,mono,CC(C)=CCCC(C)=CCOP([O-])(=O)OP([O-])([O-])=O,CC(C)C12CCC(=C)C1C2,['CC(C)=CCCC(C)=CCOP([O-])(=O)OP([O-])([O-])=O'],['CC(C)C12CCC(=C)C1C2'],"{68637, 32548, 25509}"
marts_E01480,mono,CC(C)=CCCC(C)=CCOP([O-])(=O)OP([O-])([O-])=O,CC(C)C1CC=C(C)C=C1,['CC(C)=CCCC(C)=CCOP([O-])(=O)OP([O-])([O-])=O'],['CC(C)C1CC=C(C)C=C1'],set()
marts_E01480,mono,CC(C)=CCCC(C)=CCOP([O-])(=O)OP([O-])([O-])=O,CC(C)=CCCC(=C)C=C,['CC(C)=CCCC(C)=CCOP([O-])(=O)OP([O-])([O-])=O'],['CC(C)=CCCC(=C)C=C'],{16966}
marts_E01481,mono,CC(C)=CCCC(C)=CCOP([O-])(=O)OP([O-])([O-])=O,CC(C)=CCCC(C)(O)C=C,['CC(C)=CCCC(C)=CCOP([O-])(=O)OP([O-])([O-])=O'],['CC(C)=CCCC(C)(O)C=C'],"{15810, 68709, 24117}"
marts_E01482,di,CC(C)=CCCC(C)=CCCC(C)=CCCC(C)=CCOP([O-])(=O)OP([O-])([O-])=O,CC(C)C1CCC2(C)CCC3(C)CC4CC4(C)C(O)C3C21,['CC(C)=CCCC(C)=CCCC(C)=CCCC(C)=CCOP([O-])(=O)OP([O-])([O-])=O'],['CC(C)C1CCC2(C)CCC3(C)CC4CC4(C)C(O)C3C21'],{75156}
marts_E01483,di,CC1(C)CCCC2(C)C1CCC(=C)C2CCC(C)=CCOP([O-])(=O)OP([O-])([O-])=O,CC1(C)CCCC2(C)C1CCC13CC(CCC21)C(=C)C3,['CC1(C)CCCC2(C)C1CCC(=C)C2CCC(C)=CCOP([O-])(=O)OP([O-])([O-])=O'],['CC1(C)CCCC2(C)C1CCC13CC(CCC21)C(=C)C3'],{22221}
marts_E01484,di,CC(C)=CCCC(C)=CCCC(C)=CCCC(C)=CCOP([O-])(=O)OP([O-])([O-])=O,CC1CCC2C3=C(CCC3(C)CCC2(C)CC=1)C(C)C,['CC(C)=CCCC(C)=CCCC(C)=CCCC(C)=CCOP([O-])(=O)OP([O-])([O-])=O'],['CC1CCC2C3=C(CCC3(C)CCC2(C)CC=1)C(C)C'],{75148}
marts_E01485,di,CC(C)=CCCC(C)=CCCC(C)=CCCC(C)=CCOP([O-])(=O)OP([O-])([O-])=O,CC1CCC2C3=C(CCC3(C)CCC2(C)CC=1)C(C)C,['CC(C)=CCCC(C)=CCCC(C)=CCCC(C)=CCOP([O-])(=O)OP([O-])([O-])=O'],['CC1CCC2C3=C(CCC3(C)CCC2(C)CC=1)C(C)C'],{75148}
marts_E01486,sesq,CC(C)=CCCC(C)=CCCC(C)=CCOP([O-])(=O)OP([O-])([O-])=O,CC1CCC(CC=C(C)CCC=1)C(C)(C)O,['CC(C)=CCCC(C)=CCCC(C)=CCOP([O-])(=O)OP([O-])([O-])=O'],['CC1CCC(CC=C(C)CCC=1)C(C)(C)O'],"{54057, 54061}"
marts_E01486,sesq,CC(C)=CCCC(C)=CCCC(C)=CCOP([O-])(=O)OP([O-])([O-])=O,CC1CCC(CC=C(C)CCC=1)C(C)=C,['CC(C)=CCCC(C)=CCCC(C)=CCOP([O-])(=O)OP([O-])([O-])=O'],['CC1CCC(CC=C(C)CCC=1)C(C)=C'],"{68777, 25453, 12517}"
marts_E01486,sesq,CC(C)=CCCC(C)=CCCC(C)=CCOP([O-])(=O)OP([O-])([O-])=O,CC(C)=CCCC(C)=CCCC(=C)C=C,['CC(C)=CCCC(C)=CCCC(C)=CCOP([O-])(=O)OP([O-])([O-])=O'],['CC(C)=CCCC(C)=CCCC(=C)C=C'],"{68545, 27426, 68857, 68505, 68509}"
marts_E01486,sesq,CC(C)=CCCC(C)=CCCC(C)=CCOP([O-])(=O)OP([O-])([O-])=O,CC1CCC(C=CC(=C)CCC=1)C(C)C,['CC(C)=CCCC(C)=CCCC(C)=CCOP([O-])(=O)OP([O-])([O-])=O'],['CC1CCC(C=CC(=C)CCC=1)C(C)C'],"{12017, 30428, 68717}"
marts_E01486,sesq,CC(C)=CCCC(C)=CCCC(C)=CCOP([O-])(=O)OP([O-])([O-])=O,CC1CCC=C(C)CCC2C(C=1)C2(C)C,['CC(C)=CCCC(C)=CCCC(C)=CCOP([O-])(=O)OP([O-])([O-])=O'],['CC1CCC=C(C)CCC2C(C=1)C2(C)C'],{32000}
marts_E01486,sesq,CC(C)=CCCC(C)=CCCC(C)=CCOP([O-])(=O)OP([O-])([O-])=O,CC(C)=CCCC(C)=CCCC(C)(O)C=C,['CC(C)=CCCC(C)=CCCC(C)=CCOP([O-])(=O)OP([O-])([O-])=O'],['CC(C)=CCCC(C)=CCCC(C)(O)C=C'],"{68833, 27531, 27535, 68821, 56985}"
marts_E01486,sesq,CC(C)=CCCC(C)=CCCC(C)=CCOP([O-])(=O)OP([O-])([O-])=O,CC1CCC=C(C)CCC(C=C1)C(C)(C)O,['CC(C)=CCCC(C)=CCCC(C)=CCOP([O-])(=O)OP([O-])([O-])=O'],['CC1CCC=C(C)CCC(C=C1)C(C)(C)O'],{22437}
marts_E01486,sesq,CC(C)=CCCC(C)=CCCC(C)=CCOP([O-])(=O)OP([O-])([O-])=O,CC1(C)C2C1CCC(C)(O)C1CCC(C)C12,['CC(C)=CCCC(C)=CCCC(C)=CCOP([O-])(=O)OP([O-])([O-])=O'],['CC1(C)C2C1CCC(C)(O)C1CCC(C)C12'],set()
marts_E01486,sesq,CC(C)=CCCC(C)=CCCC(C)=CCOP([O-])(=O)OP([O-])([O-])=O,CC1(C)C2C1CCC1(C)C(O)CCC(C)C12,['CC(C)=CCCC(C)=CCCC(C)=CCOP([O-])(=O)OP([O-])([O-])=O'],['CC1(C)C2C1CCC1(C)C(O)CCC(C)C12'],{32024}
marts_E01487,sesq,CC(C)=CCCC(C)=CCCC(C)=CCOP([O-])(=O)OP([O-])([O-])=O,CC1CCC(C=CC(=C)CCC=1)C(C)C,['CC(C)=CCCC(C)=CCCC(C)=CCOP([O-])(=O)OP([O-])([O-])=O'],['CC1CCC(C=CC(=C)CCC=1)C(C)C'],"{12017, 30428, 68717}"
marts_E01487,sesq,CC(C)=CCCC(C)=CCCC(C)=CCOP([O-])(=O)OP([O-])([O-])=O,CC(C)=C1CC=C(C)CCC=C(C)CC1,['CC(C)=CCCC(C)=CCCC(C)=CCOP([O-])(=O)OP([O-])([O-])=O'],['CC(C)=C1CC=C(C)CCC=C(C)CC1'],{25445}
marts_E01487,sesq,CC(C)=CCCC(C)=CCCC(C)=CCOP([O-])(=O)OP([O-])([O-])=O,CC(C)C1CCC(C)=C2CCC(C)=CC21,['CC(C)=CCCC(C)=CCCC(C)=CCOP([O-])(=O)OP([O-])([O-])=O'],['CC(C)C1CCC(C)=C2CCC(C)=CC21'],"{32016, 56557, 19526}"
marts_E01487,sesq,CC(C)=CCCC(C)=CCCC(C)=CCOP([O-])(=O)OP([O-])([O-])=O,CC1CCC2C(CC2(C)C)C(=C)CCC=1,['CC(C)=CCCC(C)=CCCC(C)=CCOP([O-])(=O)OP([O-])([O-])=O'],['CC1CCC2C(CC2(C)C)C(=C)CCC=1'],"{31816, 34704, 28295}"
marts_E01487,sesq,CC(C)=CCCC(C)=CCCC(C)=CCOP([O-])(=O)OP([O-])([O-])=O,CC(C)C1CCC2(C)C3C1C2CC=C3C,['CC(C)=CCCC(C)=CCCC(C)=CCOP([O-])(=O)OP([O-])([O-])=O'],['CC(C)C1CCC2(C)C3C1C2CC=C3C'],{33992}
marts_E01487,sesq,CC(C)=CCCC(C)=CCCC(C)=CCOP([O-])(=O)OP([O-])([O-])=O,CC(C)C1CCC(C)C23CC=C(C)C2C31,['CC(C)=CCCC(C)=CCCC(C)=CCOP([O-])(=O)OP([O-])([O-])=O'],['CC(C)C1CCC(C)C23CC=C(C)C2C31'],set()
marts_E01487,sesq,CC(C)=CCCC(C)=CCCC(C)=CCOP([O-])(=O)OP([O-])([O-])=O,CC1CCC2C(C)CCC3C(C=21)C3(C)C,['CC(C)=CCCC(C)=CCCC(C)=CCOP([O-])(=O)OP([O-])([O-])=O'],['CC1CCC2C(C)CCC3C(C=21)C3(C)C'],set()
marts_E01487,sesq,CC(C)=CCCC(C)=CCCC(C)=CCOP([O-])(=O)OP([O-])([O-])=O,CC1CCC(CC=C(C)CCC=1)C(C)=C,['CC(C)=CCCC(C)=CCCC(C)=CCOP([O-])(=O)OP([O-])([O-])=O'],['CC1CCC(CC=C(C)CCC=1)C(C)=C'],"{68777, 25453, 12517}"
marts_E01487,sesq,CC(C)=CCCC(C)=CCCC(C)=CCOP([O-])(=O)OP([O-])([O-])=O,CC1CCC2C1C1C(CCC2=C)C1(C)C,['CC(C)=CCCC(C)=CCCC(C)=CCOP([O-])(=O)OP([O-])([O-])=O'],['CC1CCC2C1C1C(CCC2=C)C1(C)C'],{67401}
marts_E01487,sesq,CC(C)=CCCC(C)=CCCC(C)=CCOP([O-])(=O)OP([O-])([O-])=O,CC(C)C1CC=C(C)C2CC=C(C)CC21,['CC(C)=CCCC(C)=CCCC(C)=CCOP([O-])(=O)OP([O-])([O-])=O'],['CC(C)C1CC=C(C)C2CC=C(C)CC21'],{68597}
marts_E01487,sesq,CC(C)=CCCC(C)=CCCC(C)=CCOP([O-])(=O)OP([O-])([O-])=O,CC1CCC2C(C3C(C)CCC=13)C2(C)C,['CC(C)=CCCC(C)=CCCC(C)=CCOP([O-])(=O)OP([O-])([O-])=O'],['CC1CCC2C(C3C(C)CCC=13)C2(C)C'],{31812}
marts_E01487,sesq,CC(C)=CCCC(C)=CCCC(C)=CCOP([O-])(=O)OP([O-])([O-])=O,CC(C)C1CC=C(C)C2CCC(C)=CC21,['CC(C)=CCCC(C)=CCCC(C)=CCOP([O-])(=O)OP([O-])([O-])=O'],['CC(C)C1CC=C(C)C2CCC(C)=CC21'],"{33104, 53641, 69445}"
marts_E01487,sesq,CC(C)=CCCC(C)=CCCC(C)=CCOP([O-])(=O)OP([O-])([O-])=O,CC1CCC2C(C=1)C(CCC2=C)C(C)C,['CC(C)=CCCC(C)=CCCC(C)=CCOP([O-])(=O)OP([O-])([O-])=O'],['CC1CCC2C(C=1)C(CCC2=C)C(C)C'],"{28640, 68849, 31828, 33108}"
marts_E01488,di,CC(C)=CCCC(C)=CCCC(C)=CCCC(C)=CCOP([O-])(=O)OP([O-])([O-])=O,CC(C)=C1CCC2(C)CC=C(C)CCC=C(C)CCC21,['CC(C)=CCCC(C)=CCCC(C)=CCCC(C)=CCOP([O-])(=O)OP([O-])([O-])=O'],['CC(C)=C1CCC2(C)CC=C(C)CCC=C(C)CCC21'],{73992}
marts_E01489,tri,CC(C)=CCCC(C)=CCCC(C)=CCCC=C(C)CCC=C(C)CCC1OC1(C)C,CC1(C)C(O)CCC2(C)C1CCC1(C)C2CCC2C3C(C)C(=C)CCC3(C)CCC12C,['CC(C)=CCCC(C)=CCCC(C)=CCCC=C(C)CCC=C(C)CCC1OC1(C)C'],['CC1(C)C(O)CCC2(C)C1CCC1(C)C2CCC2C3C(C)C(=C)CCC3(C)CCC12C'],set()
marts_E01489,tri,CC(C)=CCCC(C)=CCCC(C)=CCCC=C(C)CCC=C(C)CCC1OC1(C)C,CC1(C)C(O)CCC2(C)C1CCC1(C)C2CCC2C3C(C)C(C)=CCC3(C)CCC12C,['CC(C)=CCCC(C)=CCCC(C)=CCCC=C(C)CCC=C(C)CCC1OC1(C)C'],['CC1(C)C(O)CCC2(C)C1CCC1(C)C2CCC2C3C(C)C(C)=CCC3(C)CCC12C'],set()
marts_E01489,tri,CC(C)=CCCC(C)=CCCC(C)=CCCC=C(C)CCC=C(C)CCC1OC1(C)C,CC1(C)C(O)CCC2(C)C1CCC1(C)C2CC=C2C3C(C)C(C)CCC3(C)CCC12C,['CC(C)=CCCC(C)=CCCC(C)=CCCC=C(C)CCC=C(C)CCC1OC1(C)C'],['CC1(C)C(O)CCC2(C)C1CCC1(C)C2CC=C2C3C(C)C(C)CCC3(C)CCC12C'],{31388}
marts_E01489,tri,CC(C)=CCCC(C)=CCCC(C)=CCCC=C(C)CCC=C(C)CCC1OC1(C)C,CC1(C)CC2C3=CCC4C5(C)CCC(O)C(C)(C)C5CCC4(C)C3(C)CCC2(C)CC1,['CC(C)=CCCC(C)=CCCC(C)=CCCC=C(C)CCC=C(C)CCC1OC1(C)C'],['CC1(C)CC2C3=CCC4C5(C)CCC(O)C(C)(C)C5CCC4(C)C3(C)CCC2(C)CC1'],{31008}
marts_E01489,tri,CC(C)=CCCC(C)=CCCC(C)=CCCC=C(C)CCC=C(C)CCC1OC1(C)C,CC1(C)CC2=C3CCC4C5(C)CCC(O)C(C)(C)C5CCC4(C)C3(C)CCC2(C)CC1,['CC(C)=CCCC(C)=CCCC(C)=CCCC=C(C)CCC=C(C)CCC1OC1(C)C'],['CC1(C)CC2=C3CCC4C5(C)CCC(O)C(C)(C)C5CCC4(C)C3(C)CCC2(C)CC1'],{31884}
marts_E01489,tri,CC(C)=CCCC(C)=CCCC(C)=CCCC=C(C)CCC=C(C)CCC1OC1(C)C,CC1(C)C2CCC3(C)C(CCC4C(CCC34C)C(C)(O)CCC=C(C)C)C2(C)CCC1O,['CC(C)=CCCC(C)=CCCC(C)=CCCC=C(C)CCC=C(C)CCC1OC1(C)C'],['CC1(C)C2CCC3(C)C(CCC4C(CCC34C)C(C)(O)CCC=C(C)C)C2(C)CCC1O'],{30857}
marts_E01490,tri,CC(C)=CCCC(C)=CCCC(C)=CCCC=C(C)CCC=C(C)CCC1OC1(C)C,CC1(C)C(O)CCC2(C)C1CC=C1C2CCC2(C)C3C(C)C(C)CCC3(C)CCC21C,['CC(C)=CCCC(C)=CCCC(C)=CCCC=C(C)CCC=C(C)CCC1OC1(C)C'],['CC1(C)C(O)CCC2(C)C1CC=C1C2CCC2(C)C3C(C)C(C)CCC3(C)CCC21C'],set()
marts_E01491,di,CC(C)=CCCC(C)=CCCC(C)=CCCC(C)=CCOP([O-])(=O)OP([O-])([O-])=O,CC(C)C1CC=C2C3C4C(CCC4C)C3(C)CCC21C,['CC(C)=CCCC(C)=CCCC(C)=CCCC(C)=CCOP([O-])(=O)OP([O-])([O-])=O'],['CC(C)C1CC=C2C3C4C(CCC4C)C3(C)CCC21C'],set()
marts_E01491,di,CC(C)=CCCC(C)=CCCC(C)=CCCC(C)=CCOP([O-])(=O)OP([O-])([O-])=O,CC(C)C1CCC2=C3C4C(CCC4C)C3(C)CCC21C,['CC(C)=CCCC(C)=CCCC(C)=CCCC(C)=CCOP([O-])(=O)OP([O-])([O-])=O'],['CC(C)C1CCC2=C3C4C(CCC4C)C3(C)CCC21C'],set()
marts_E01491,di,CC(C)=CCCC(C)=CCCC(C)=CCCC(C)=CCOP([O-])(=O)OP([O-])([O-])=O,CC(C)C1CCC2(O)C3C4C(CCC4C)C3(C)CCC21C,['CC(C)=CCCC(C)=CCCC(C)=CCCC(C)=CCOP([O-])(=O)OP([O-])([O-])=O'],['CC(C)C1CCC2(O)C3C4C(CCC4C)C3(C)CCC21C'],set()
marts_E01492,sesq,CC(C)=CCCC(C)=CCCC(C)=CCOP([O-])(=O)OP([O-])([O-])=O,CC12CC3CCC1(CCCC2C)C=C3C,['CC(C)=CCCC(C)=CCCC(C)=CCOP([O-])(=O)OP([O-])([O-])=O'],['CC12CC3CCC1(CCCC2C)C=C3C'],set()
marts_E01492,sesq,CC(C)=CCCC(C)=CCCC(C)=CCOP([O-])(=O)OP([O-])([O-])=O,CC1CCC(CC=C(C)CCC=1)C(C)=C,['CC(C)=CCCC(C)=CCCC(C)=CCOP([O-])(=O)OP([O-])([O-])=O'],['CC1CCC(CC=C(C)CCC=1)C(C)=C'],"{68777, 25453, 12517}"
marts_E01492,sesq,CC(C)=CCCC(C)=CCCC(C)=CCOP([O-])(=O)OP([O-])([O-])=O,CC(=C)C1CC2(C)C(C)CCC=C2CC1,['CC(C)=CCCC(C)=CCCC(C)=CCOP([O-])(=O)OP([O-])([O-])=O'],['CC(=C)C1CC2(C)C(C)CCC=C2CC1'],"{29512, 58169, 52805}"
marts_E01492,sesq,CC(C)=CCCC(C)=CCCC(C)=CCOP([O-])(=O)OP([O-])([O-])=O,CC(=C)C1CC=C2CCCC(C)C2(C)C1,['CC(C)=CCCC(C)=CCCC(C)=CCOP([O-])(=O)OP([O-])([O-])=O'],['CC(=C)C1CC=C2CCCC(C)C2(C)C1'],"{19826, 28636}"
marts_E01493,di,CC(C)=CCCC(C)=CCCC(C)=CCCC(C)=CCOP([O-])(=O)OP([O-])([O-])=O,CC1CC=C2C(C)CCC32C(C=1)C(CCC3C)C(C)C,['CC(C)=CCCC(C)=CCCC(C)=CCCC(C)=CCOP([O-])(=O)OP([O-])([O-])=O'],['CC1CC=C2C(C)CCC32C(C=1)C(CCC3C)C(C)C'],set()
marts_E01493,di,CC(C)=CCCC(C)=CCCC(C)=CCCC(C)=CCOP([O-])(=O)OP([O-])([O-])=O,CC(C)C1CC(CC)C23CCC(C)C42C3CC(C)=CC41,['CC(C)=CCCC(C)=CCCC(C)=CCCC(C)=CCOP([O-])(=O)OP([O-])([O-])=O'],['CC(C)C1CC(CC)C23CCC(C)C42C3CC(C)=CC41'],set()
marts_E01494,di,CC(C)=CCCC(C)=CCCC(C)=CCCC(C)=CCOP([O-])(=O)OP([O-])([O-])=O,CC(C)C1CCC2C(O)C=C(C)CCC=C(C)CCC21C,['CC(C)=CCCC(C)=CCCC(C)=CCCC(C)=CCOP([O-])(=O)OP([O-])([O-])=O'],['CC(C)C1CCC2C(O)C=C(C)CCC=C(C)CCC21C'],set()
marts_E01495,di,CC(C)=CCCC(C)=CCCC(C)=CCCC(C)=CCOP([O-])(=O)OP([O-])([O-])=O,CC1CCC2(C)C(CC=C2C=CC(C)CCC=1)C(C)C,['CC(C)=CCCC(C)=CCCC(C)=CCCC(C)=CCOP([O-])(=O)OP([O-])([O-])=O'],['CC1CCC2(C)C(CC=C2C=CC(C)CCC=1)C(C)C'],set()
marts_E01495,di,CC(C)=CCCC(C)=CCCC(C)=CCCC(C)=CCOP([O-])(=O)OP([O-])([O-])=O,CC(C)C1CC=C2C3C4C(CCC4C)C3(C)CCC21C,['CC(C)=CCCC(C)=CCCC(C)=CCCC(C)=CCOP([O-])(=O)OP([O-])([O-])=O'],['CC(C)C1CC=C2C3C4C(CCC4C)C3(C)CCC21C'],set()
marts_E01496,sesq,CC(C)=CCCC(C)=CCCC(C)=CCOP([O-])(=O)OP([O-])([O-])=O,CC1(C)C2CC3(CC2)C(C)CCC3=C1C,['CC(C)=CCCC(C)=CCCC(C)=CCOP([O-])(=O)OP([O-])([O-])=O'],['CC1(C)C2CC3(CC2)C(C)CCC3=C1C'],{25993}
marts_E01497,sesq,CC(C)=CCCC(C)=CCCC(C)=CCOP([O-])(=O)OP([O-])([O-])=O,CC(C)=C1CCC(C)C2CCC(C)=CC12,['CC(C)=CCCC(C)=CCCC(C)=CCOP([O-])(=O)OP([O-])([O-])=O'],['CC(C)=C1CCC(C)C2CCC(C)=CC12'],set()
marts_E01497,sesq,CC(C)=CCCC(C)=CCCC(C)=CCOP([O-])(=O)OP([O-])([O-])=O,CC(C)C1(O)CCC(C)C2CCC(C)=CC12,['CC(C)=CCCC(C)=CCCC(C)=CCOP([O-])(=O)OP([O-])([O-])=O'],['CC(C)C1(O)CCC(C)C2CCC(C)=CC12'],set()
marts_E01498,sesq,CC(C)=CCCC(C)=CCCC(C)=CCOP([O-])(=O)OP([O-])([O-])=O,CC(C)=CCCC(C)=CCCC(C)(O)C=C,['CC(C)=CCCC(C)=CCCC(C)=CCOP([O-])(=O)OP([O-])([O-])=O'],['CC(C)=CCCC(C)=CCCC(C)(O)C=C'],"{68833, 27531, 27535, 68821, 56985}"
marts_E01499,mono,CC(C)=CCCC(C)=CCOP([O-])(=O)OP([O-])([O-])=O,CC(C)=CCCC(C)=CCO,['CC(C)=CCCC(C)=CCOP([O-])(=O)OP([O-])([O-])=O'],['CC(C)=CCCC(C)=CCO'],"{32680, 65829}"
marts_E01499,mono,CC(C)=CCCC(C)=CCOP([O-])(=O)OP([O-])([O-])=O,CC(C)=CCCC(C)=CC=O,['CC(C)=CCCC(C)=CCOP([O-])(=O)OP([O-])([O-])=O'],['CC(C)=CCCC(C)=CC=O'],set()
marts_E01500,sesq,CC(C)=CCCC(C)=CCCC(C)=CCOP([O-])(=O)OP([O-])([O-])=O,CC12CCC3C(C)CCC3(C1)C(O2)C(C)C,['CC(C)=CCCC(C)=CCCC(C)=CCOP([O-])(=O)OP([O-])([O-])=O'],['CC12CCC3C(C)CCC3(C1)C(O2)C(C)C'],{53645}
marts_E01500,sesq,CC(C)=CCCC(C)=CCCC(C)=CCOP([O-])(=O)OP([O-])([O-])=O,CC12CC3C(CC1)C(C)CCC3(O2)C(C)C,['CC(C)=CCCC(C)=CCCC(C)=CCOP([O-])(=O)OP([O-])([O-])=O'],['CC12CC3C(CC1)C(C)CCC3(O2)C(C)C'],{53649}
marts_E01500,sesq,CC(C)=CCCC(C)=CCCC(C)=CCOP([O-])(=O)OP([O-])([O-])=O,CC1CCC2C(C)CCC(C(C)C)=C2C=1,['CC(C)=CCCC(C)=CCCC(C)=CCOP([O-])(=O)OP([O-])([O-])=O'],['CC1CCC2C(C)CCC(C(C)C)=C2C=1'],set()
marts_E01500,sesq,CC(C)=CCCC(C)=CCCC(C)=CCOP([O-])(=O)OP([O-])([O-])=O,CC1CCC2C(C=1)C(CCC2=C)C(C)C,['CC(C)=CCCC(C)=CCCC(C)=CCOP([O-])(=O)OP([O-])([O-])=O'],['CC1CCC2C(C=1)C(CCC2=C)C(C)C'],"{28640, 68849, 31828, 33108}"
marts_E01500,sesq,CC(C)=CCCC(C)=CCCC(C)=CCOP([O-])(=O)OP([O-])([O-])=O,CC(C)C1CCC(C)=C2CCC(C)=CC21,['CC(C)=CCCC(C)=CCCC(C)=CCOP([O-])(=O)OP([O-])([O-])=O'],['CC(C)C1CCC(C)=C2CCC(C)=CC21'],"{32016, 56557, 19526}"
marts_E01500,sesq,CC(C)=CCCC(C)=CCCC(C)=CCOP([O-])(=O)OP([O-])([O-])=O,CC(C)C1CC=C(C)C2CCC(C)=CC21,['CC(C)=CCCC(C)=CCCC(C)=CCOP([O-])(=O)OP([O-])([O-])=O'],['CC(C)C1CC=C(C)C2CCC(C)=CC21'],"{33104, 53641, 69445}"
marts_E01500,sesq,CC(C)=CCCC(C)=CCCC(C)=CCOP([O-])(=O)OP([O-])([O-])=O,CC(C)C1CCC(C)(O)C2CCC(C)=CC21,['CC(C)=CCCC(C)=CCCC(C)=CCOP([O-])(=O)OP([O-])([O-])=O'],['CC(C)C1CCC(C)(O)C2CCC(C)=CC21'],"{78272, 69449, 32012, 54053}"
marts_E01501,mono,CC(C)=CCCC(C)=CCOP([O-])(=O)OP([O-])([O-])=O,CC(C)=CCCC(C)(O)C=C,['CC(C)=CCCC(C)=CCOP([O-])(=O)OP([O-])([O-])=O'],['CC(C)=CCCC(C)(O)C=C'],"{15810, 68709, 24117}"
marts_E01501,sesq,CC(C)=CCCC(C)=CCCC(C)=CCOP([O-])(=O)OP([O-])([O-])=O,CC(C)=CCCC(C)=CCCC(C)(O)C=C,['CC(C)=CCCC(C)=CCCC(C)=CCOP([O-])(=O)OP([O-])([O-])=O'],['CC(C)=CCCC(C)=CCCC(C)(O)C=C'],"{68833, 27531, 27535, 68821, 56985}"
marts_E01502,sesq,CC(C)=CCCC(C)=CCCC(C)=CCOP([O-])(=O)OP([O-])([O-])=O,CC(C)=CCCC(C)=CCCC(C)=CCO,['CC(C)=CCCC(C)=CCCC(C)=CCOP([O-])(=O)OP([O-])([O-])=O'],['CC(C)=CCCC(C)=CCCC(C)=CCO'],{27527}
marts_E01502,sesq,CC(C)=CCCC(C)=CCCC(C)=CCOP([O-])(=O)OP([O-])([O-])=O,CC(C)=CCCC(C)=CCCC(C)(O)C=C,['CC(C)=CCCC(C)=CCCC(C)=CCOP([O-])(=O)OP([O-])([O-])=O'],['CC(C)=CCCC(C)=CCCC(C)(O)C=C'],"{68833, 27531, 27535, 68821, 56985}"
marts_E01503,di,CC1(C)CCCC2(C)C1CCC(=C)C2CCC(C)=CCOP([O-])(=O)OP([O-])([O-])=O,CC1(C)CCCC2(C)C1CCC13CC(CCC21)C(=C)C3,['CC1(C)CCCC2(C)C1CCC(=C)C2CCC(C)=CCOP([O-])(=O)OP([O-])([O-])=O'],['CC1(C)CCCC2(C)C1CCC13CC(CCC21)C(=C)C3'],{22221}
marts_E01504,di,CC1(C)CCCC2(C)C1CCC(=C)C2CCC(C)=CCOP([O-])(=O)OP([O-])([O-])=O,CC1(C)CCCC2(C)C1CCC1=CC(C)(CCC21)C=C,['CC1(C)CCCC2(C)C1CCC(=C)C2CCC(C)=CCOP([O-])(=O)OP([O-])([O-])=O'],['CC1(C)CCCC2(C)C1CCC1=CC(C)(CCC21)C=C'],"{25537, 32004, 25541, 32008, 42985}"
marts_E01504,di,CC1(C)CCCC2(C)C1CCC(=C)C2CCC(C)=CCOP([O-])(=O)OP([O-])([O-])=O,CC1(C)CCCC2(C)C1CCC1=CC(C)(CCC21)C=C,['CC1(C)CCCC2(C)C1CCC(=C)C2CCC(C)=CCOP([O-])(=O)OP([O-])([O-])=O'],['CC1(C)CCCC2(C)C1CCC1=CC(C)(CCC21)C=C'],"{25537, 32004, 25541, 32008, 42985}"
marts_E01504,di,CC1(C)CCCC2(C)C1CCC(=C)C2CCC(C)=CCOP([O-])(=O)OP([O-])([O-])=O,CC1(C)CCCC2(C)C1CCC(=C)C2CC=C(C)C=C,['CC1(C)CCCC2(C)C1CCC(=C)C2CCC(C)=CCOP([O-])(=O)OP([O-])([O-])=O'],['CC1(C)CCCC2(C)C1CCC(=C)C2CC=C(C)C=C'],"{32152, 54641, 81224, 40004}"
marts_E01505,di,CC1(C)CCCC2(C)C1CCC(=C)C2CCC(C)=CCOP([O-])(=O)OP([O-])([O-])=O,CC1(C)CCCC2(C)C1CCC13CC4(C)C(C1)C4CC23,['CC1(C)CCCC2(C)C1CCC(=C)C2CCC(C)=CCOP([O-])(=O)OP([O-])([O-])=O'],['CC1(C)CCCC2(C)C1CCC13CC4(C)C(C1)C4CC23'],{81220}
marts_E01505,di,CC1(C)CCCC2(C)C1CCC(=C)C2CCC(C)=CCOP([O-])(=O)OP([O-])([O-])=O,CC1(C)CCCC2(C)C1CCC13CC(CCC21)C(=C)C3,['CC1(C)CCCC2(C)C1CCC(=C)C2CCC(C)=CCOP([O-])(=O)OP([O-])([O-])=O'],['CC1(C)CCCC2(C)C1CCC13CC(CCC21)C(=C)C3'],{22221}
marts_E01506,di,CC1(C)CCCC2(C)C1CCC(=C)C2CCC(C)=CCOP([O-])(=O)OP([O-])([O-])=O,CC1(C)CCCC2(C)C1CCC13CC(CCC21)C(C)=C3,['CC1(C)CCCC2(C)C1CCC(=C)C2CCC(C)=CCOP([O-])(=O)OP([O-])([O-])=O'],['CC1(C)CCCC2(C)C1CCC13CC(CCC21)C(C)=C3'],{25760}
marts_E01506,di,CC1(C)CCCC2(C)C1CCC(=C)C2CCC(C)=CCOP([O-])(=O)OP([O-])([O-])=O,CC1(C)CCCC2(C)C1CCC13CC(=C)C(CC21)CC3,['CC1(C)CCCC2(C)C1CCC(=C)C2CCC(C)=CCOP([O-])(=O)OP([O-])([O-])=O'],['CC1(C)CCCC2(C)C1CCC13CC(=C)C(CC21)CC3'],{54497}
marts_E01506,di,CC1(C)CCCC2(C)C1CCC(=C)C2CCC(C)=CCOP([O-])(=O)OP([O-])([O-])=O,CC1(C)CCCC2(C)C1CCC13CC(CCC21)C(=C)C3,['CC1(C)CCCC2(C)C1CCC(=C)C2CCC(C)=CCOP([O-])(=O)OP([O-])([O-])=O'],['CC1(C)CCCC2(C)C1CCC13CC(CCC21)C(=C)C3'],{22221}
marts_E01507,sesq,CC(C)=CCCC(C)=CCCC(C)=CCOP([O-])(=O)OP([O-])([O-])=O,CC(C)=CCCC(C)=CCC=C(C)C=C,['CC(C)=CCCC(C)=CCCC(C)=CCOP([O-])(=O)OP([O-])([O-])=O'],['CC(C)=CCCC(C)=CCC=C(C)C=C'],{27422}
marts_E01507,sesq,CC(C)=CCCC(C)=CCCC(C)=CCOP([O-])(=O)OP([O-])([O-])=O,CC(C)=CCCC(C)=CCC=C(C)C=C,['CC(C)=CCCC(C)=CCCC(C)=CCOP([O-])(=O)OP([O-])([O-])=O'],['CC(C)=CCCC(C)=CCC=C(C)C=C'],{27422}
marts_E01507,mono,CC(C)=CCCC(C)=CCOP([O-])(=O)OP([O-])([O-])=O,CC(C)=CCC=C(C)C=C,['CC(C)=CCCC(C)=CCOP([O-])(=O)OP([O-])([O-])=O'],['CC(C)=CCC=C(C)C=C'],"{68825, 32692}"
marts_E01508,sesq,CC(C)=CCCC(C)=CCCC(C)=CCOP([O-])(=O)OP([O-])([O-])=O,CC(C)=CCCC(C)=CCC=C(C)C=C,['CC(C)=CCCC(C)=CCCC(C)=CCOP([O-])(=O)OP([O-])([O-])=O'],['CC(C)=CCCC(C)=CCC=C(C)C=C'],{27422}
marts_E01508,sesq,CC(C)=CCCC(C)=CCCC(C)=CCOP([O-])(=O)OP([O-])([O-])=O,CC(C)=CCCC(C)=CCCC(=C)C=C,['CC(C)=CCCC(C)=CCCC(C)=CCOP([O-])(=O)OP([O-])([O-])=O'],['CC(C)=CCCC(C)=CCCC(=C)C=C'],"{68545, 27426, 68857, 68505, 68509}"
marts_E01508,mono,CC(C)=CCCC(C)=CCOP([O-])(=O)OP([O-])([O-])=O,CC(C)=CCC=C(C)C=C,['CC(C)=CCCC(C)=CCOP([O-])(=O)OP([O-])([O-])=O'],['CC(C)=CCC=C(C)C=C'],"{68825, 32692}"
marts_E01509,mono,CC(C)=CCCC(C)=CCOP([O-])(=O)OP([O-])([O-])=O,CC(C)=CCCC(C)(O)C=C,['CC(C)=CCCC(C)=CCOP([O-])(=O)OP([O-])([O-])=O'],['CC(C)=CCCC(C)(O)C=C'],"{15810, 68709, 24117}"
marts_E01509,sesq,CC(C)=CCCC(C)=CCCC(C)=CCOP([O-])(=O)OP([O-])([O-])=O,CC(C)=CCCC(C)=CCCC(C)(O)C=C,['CC(C)=CCCC(C)=CCCC(C)=CCOP([O-])(=O)OP([O-])([O-])=O'],['CC(C)=CCCC(C)=CCCC(C)(O)C=C'],"{68833, 27531, 27535, 68821, 56985}"
marts_E01510,sesq,CC(C)=CCCC(C)=CCCC(C)=CCOP([O-])(=O)OP([O-])([O-])=O,CC(C)=CCCC(C)=CCCC(C)(O)C=C,['CC(C)=CCCC(C)=CCCC(C)=CCOP([O-])(=O)OP([O-])([O-])=O'],['CC(C)=CCCC(C)=CCCC(C)(O)C=C'],"{68833, 27531, 27535, 68821, 56985}"
marts_E01510,mono,CC(C)=CCCC(C)=CCOP([O-])(=O)OP([O-])([O-])=O,CC(C)=CCCC(C)(O)C=C,['CC(C)=CCCC(C)=CCOP([O-])(=O)OP([O-])([O-])=O'],['CC(C)=CCCC(C)(O)C=C'],"{15810, 68709, 24117}"
marts_E01511,di,CC1(C)CCCC2(C)C1CCC(=C)C2CCC(C)=CCOP([O-])(=O)OP([O-])([O-])=O,CC1(C)CCCC2(C)C1CC=C1CC(C)(CCC21)C=C,['CC1(C)CCCC2(C)C1CCC(=C)C2CCC(C)=CCOP([O-])(=O)OP([O-])([O-])=O'],['CC1(C)CCCC2(C)C1CC=C1CC(C)(CCC21)C=C'],"{25561, 62189, 26129}"
marts_E01511,di,CC1(C)CCCC2(C)C1CCC(=C)C2CCC(C)=CCOP([O-])(=O)OP([O-])([O-])=O,CC1(C)CCCC2(C)C1CCC1CC(C)(CC=C21)C=C,['CC1(C)CCCC2(C)C1CCC(=C)C2CCC(C)=CCOP([O-])(=O)OP([O-])([O-])=O'],['CC1(C)CCCC2(C)C1CCC1CC(C)(CC=C21)C=C'],{25545}
marts_E01512,sesq,CC(C)=CCCC(C)=CCCC(C)=CCOP([O-])(=O)OP([O-])([O-])=O,CC(C)=CCCC(C)=CCCC(C)(O)C=C,['CC(C)=CCCC(C)=CCCC(C)=CCOP([O-])(=O)OP([O-])([O-])=O'],['CC(C)=CCCC(C)=CCCC(C)(O)C=C'],"{68833, 27531, 27535, 68821, 56985}"
marts_E01512,di,CC1(C)CCCC2(C)C1CCC(=C)C2CCC(C)=CCOP([O-])(=O)OP([O-])([O-])=O,CC1(C)CCCC2(C)C1CCC13CC(CCC21)C(=C)C3,['CC1(C)CCCC2(C)C1CCC(=C)C2CCC(C)=CCOP([O-])(=O)OP([O-])([O-])=O'],['CC1(C)CCCC2(C)C1CCC13CC(CCC21)C(=C)C3'],{22221}
marts_E01512,di,CC1(C)CCCC2(C)C1CCC(=C)C2CCC(C)=CCOP([O-])(=O)OP([O-])([O-])=O,CC1(C)CCCC2(C)C1CCC13CC(CCC21)C(C)=C3,['CC1(C)CCCC2(C)C1CCC(=C)C2CCC(C)=CCOP([O-])(=O)OP([O-])([O-])=O'],['CC1(C)CCCC2(C)C1CCC13CC(CCC21)C(C)=C3'],{25760}
marts_E01513,di,CC(C)=CCCC(C)=CCCC(C)=CCCC(C)=CCOP([O-])(=O)OP([O-])([O-])=O,CC(C)C1CCC2(C)CCC3(C)CC(O)C4(C)CC4C3C21,['CC(C)=CCCC(C)=CCCC(C)=CCCC(C)=CCOP([O-])(=O)OP([O-])([O-])=O'],['CC(C)C1CCC2(C)CCC3(C)CC(O)C4(C)CC4C3C21'],{75152}
marts_E01514,mono,CC(C)=CCCC(C)=CCOP([O-])(=O)OP([O-])([O-])=O,CC(C)=CCC=C(C)C=C,['CC(C)=CCCC(C)=CCOP([O-])(=O)OP([O-])([O-])=O'],['CC(C)=CCC=C(C)C=C'],"{68825, 32692}"
marts_E01515,mono,CC(C)=CCCC(C)=CCOP([O-])(=O)OP([O-])([O-])=O,CC(C)=CCCC(C)(O)C=C,['CC(C)=CCCC(C)=CCOP([O-])(=O)OP([O-])([O-])=O'],['CC(C)=CCCC(C)(O)C=C'],"{15810, 68709, 24117}"
marts_E01515,sesq,CC(C)=CCCC(C)=CCCC(C)=CCOP([O-])(=O)OP([O-])([O-])=O,CC(C)=CCCC(C)=CCCC(C)(O)C=C,['CC(C)=CCCC(C)=CCCC(C)=CCOP([O-])(=O)OP([O-])([O-])=O'],['CC(C)=CCCC(C)=CCCC(C)(O)C=C'],"{68833, 27531, 27535, 68821, 56985}"
marts_E01516,sesq,CC(C)=CCCC(C)=CCCC(C)=CCOP([O-])(=O)OP([O-])([O-])=O,CC(C)=CCCC(C)=CCCC(C)(O)C=C,['CC(C)=CCCC(C)=CCCC(C)=CCOP([O-])(=O)OP([O-])([O-])=O'],['CC(C)=CCCC(C)=CCCC(C)(O)C=C'],"{68833, 27531, 27535, 68821, 56985}"
marts_E01517,mono,CC(C)=CCCC(C)=CCOP([O-])(=O)OP([O-])([O-])=O,CC1(C)C2CC(CC2)C1=C,['CC(C)=CCCC(C)=CCOP([O-])(=O)OP([O-])([O-])=O'],['CC1(C)C2CC(CC2)C1=C'],"{32568, 80392, 25485}"
marts_E01517,mono,CC(C)=CCCC(C)=CCOP([O-])(=O)OP([O-])([O-])=O,CC1=CCC2CC1C2(C)C,['CC(C)=CCCC(C)=CCOP([O-])(=O)OP([O-])([O-])=O'],['CC1=CCC2CC1C2(C)C'],"{32576, 25489, 25663}"
marts_E01517,mono,CC(C)=CCCC(C)=CCOP([O-])(=O)OP([O-])([O-])=O,CC1(C)C2CC1CCC2=C,['CC(C)=CCCC(C)=CCOP([O-])(=O)OP([O-])([O-])=O'],['CC1(C)C2CC1CCC2=C'],"{25497, 25667, 32580}"
marts_E01517,mono,CC(C)=CCCC(C)=CCOP([O-])(=O)OP([O-])([O-])=O,CC1CCC(CC=1)C(C)=C,['CC(C)=CCCC(C)=CCOP([O-])(=O)OP([O-])([O-])=O'],['CC1CCC(CC=1)C(C)=C'],"{68641, 10941, 12870}"
marts_E01517,mono,CC(C)=CCCC(C)=CCOP([O-])(=O)OP([O-])([O-])=O,CC(C)=CCCC(=C)C=C,['CC(C)=CCCC(C)=CCOP([O-])(=O)OP([O-])([O-])=O'],['CC(C)=CCCC(=C)C=C'],{16966}
marts_E01518,sester,CC(C)=CCCC(C)=CCCC(C)=CCCC(C)=CCCC(C)=CCOP([O-])(=O)OP([O-])([O-])=O,CC(C)C1CCC2(C)CC=C(C)CCC3C(C)CCC3=C(C)C=CC21,['CC(C)=CCCC(C)=CCCC(C)=CCCC(C)=CCCC(C)=CCOP([O-])(=O)OP([O-])([O-])=O'],['CC(C)C1CCC2(C)CC=C(C)CCC3C(C)CCC3=C(C)C=CC21'],set()
marts_E01518,pt,CC(C)=CCOP([O-])(=O)OP([O-])([O-])=O.CC(=C)CCOP([O-])(=O)OP([O-])([O-])=O,CC(C)=CCCC(C)=CCCC(C)=CCCC(C)=CCCC(C)=CCOP([O-])(=O)OP([O-])([O-])=O,"['CC(C)=CCOP([O-])(=O)OP([O-])([O-])=O', 'CC(=C)CCOP([O-])(=O)OP([O-])([O-])=O']",['CC(C)=CCCC(C)=CCCC(C)=CCCC(C)=CCCC(C)=CCOP([O-])(=O)OP([O-])([O-])=O'],{66861}
marts_E01519,sester,CC(C)=CCCC(C)=CCCC(C)=CCCC(C)=CCCC(C)=CCOP([O-])(=O)OP([O-])([O-])=O,CC1C2CC3C(CCC3(C)CC=2C(C)CCC2C(C)CCC=12)C(C)C,['CC(C)=CCCC(C)=CCCC(C)=CCCC(C)=CCCC(C)=CCOP([O-])(=O)OP([O-])([O-])=O'],['CC1C2CC3C(CCC3(C)CC=2C(C)CCC2C(C)CCC=12)C(C)C'],set()
marts_E01519,pt,CC(C)=CCOP([O-])(=O)OP([O-])([O-])=O.CC(=C)CCOP([O-])(=O)OP([O-])([O-])=O,CC(C)=CCCC(C)=CCCC(C)=CCCC(C)=CCCC(C)=CCOP([O-])(=O)OP([O-])([O-])=O,"['CC(C)=CCOP([O-])(=O)OP([O-])([O-])=O', 'CC(=C)CCOP([O-])(=O)OP([O-])([O-])=O']",['CC(C)=CCCC(C)=CCCC(C)=CCCC(C)=CCCC(C)=CCOP([O-])(=O)OP([O-])([O-])=O'],{66861}
marts_E01520,di,CC(C)=CCCC(C)=CCCC(C)=CCCC(C)=CCOP([O-])(=O)OP([O-])([O-])=O,CC1(C)CCCC2(C)C1CCC(=C)C2CCC(C)=CCOP([O-])(=O)OP([O-])([O-])=O,['CC(C)=CCCC(C)=CCCC(C)=CCCC(C)=CCOP([O-])(=O)OP([O-])([O-])=O'],['CC1(C)CCCC2(C)C1CCC(=C)C2CCC(C)=CCOP([O-])(=O)OP([O-])([O-])=O'],"{14842, 24317, 25525}"
marts_E01521,di,CC1(C)CCCC2(C)C1CCC(=C)C2CCC(C)=CCOP([O-])(=O)OP([O-])([O-])=O,CC1(C)CCCC2(C)C1CCC13CC(CCC21)C(=C)C3,['CC1(C)CCCC2(C)C1CCC(=C)C2CCC(C)=CCOP([O-])(=O)OP([O-])([O-])=O'],['CC1(C)CCCC2(C)C1CCC13CC(CCC21)C(=C)C3'],{22221}
marts_E01521,di,CC1(C)CCCC2(C)C1CCC(=C)C2CCC(C)=CCOP([O-])(=O)OP([O-])([O-])=O,CC1(C)CCCC2(C)C1CC=C1CC(C)(CCC21)C=C,['CC1(C)CCCC2(C)C1CCC(=C)C2CCC(C)=CCOP([O-])(=O)OP([O-])([O-])=O'],['CC1(C)CCCC2(C)C1CC=C1CC(C)(CCC21)C=C'],"{25561, 62189, 26129}"
marts_E01522,sesq,CC(C)=CCCC(C)=CCCC(C)=CCOP([O-])(=O)OP([O-])([O-])=O,CC(C)=CCCC(C)=CCCC(=C)C=C,['CC(C)=CCCC(C)=CCCC(C)=CCOP([O-])(=O)OP([O-])([O-])=O'],['CC(C)=CCCC(C)=CCCC(=C)C=C'],"{68545, 27426, 68857, 68505, 68509}"
marts_E01523,mono,CC(C)=CCCC(C)=CCOP([O-])(=O)OP([O-])([O-])=O,CC(C)=CCC=C(C)C=C,['CC(C)=CCCC(C)=CCOP([O-])(=O)OP([O-])([O-])=O'],['CC(C)=CCC=C(C)C=C'],"{68825, 32692}"
marts_E01524,sesq,CC(C)=CCCC(C)=CCCC(C)=CCOP([O-])(=O)OP([O-])([O-])=O,CC(C)=CCCC(C)=CCC=C(C)C=C,['CC(C)=CCCC(C)=CCCC(C)=CCOP([O-])(=O)OP([O-])([O-])=O'],['CC(C)=CCCC(C)=CCC=C(C)C=C'],{27422}
marts_E01524,mono,CC(C)=CCCC(C)=CCOP([O-])(=O)OP([O-])([O-])=O,CC(C)=CCC=C(C)C=C,['CC(C)=CCCC(C)=CCOP([O-])(=O)OP([O-])([O-])=O'],['CC(C)=CCC=C(C)C=C'],"{68825, 32692}"
marts_E01525,sesq,CC(C)=CCCC(C)=CCCC(C)=CCOP([O-])(=O)OP([O-])([O-])=O,CC(C)=CCCC(C)=CCC=C(C)C=C,['CC(C)=CCCC(C)=CCCC(C)=CCOP([O-])(=O)OP([O-])([O-])=O'],['CC(C)=CCCC(C)=CCC=C(C)C=C'],{27422}
marts_E01526,mono,CC(C)=CCCC(C)=CCOP([O-])(=O)OP([O-])([O-])=O,CC(C)=CCCC(=C)C=C,['CC(C)=CCCC(C)=CCOP([O-])(=O)OP([O-])([O-])=O'],['CC(C)=CCCC(=C)C=C'],{16966}
marts_E01527,mono,CC(C)=CCCC(C)=CCOP([O-])(=O)OP([O-])([O-])=O,CC(C)=CCCC(C)(O)C=C,['CC(C)=CCCC(C)=CCOP([O-])(=O)OP([O-])([O-])=O'],['CC(C)=CCCC(C)(O)C=C'],"{15810, 68709, 24117}"
marts_E01527,mono,CC(C)=CCCC(C)=CCOP([O-])(=O)OP([O-])([O-])=O,CC(C)=CCCC(C)(O)C=C,['CC(C)=CCCC(C)=CCOP([O-])(=O)OP([O-])([O-])=O'],['CC(C)=CCCC(C)(O)C=C'],"{15810, 68709, 24117}"
marts_E01527,mono,CC(C)=CCCC(C)=CCOP([O-])(=O)OP([O-])([O-])=O,CC(C)=CCC=C(C)C=C,['CC(C)=CCCC(C)=CCOP([O-])(=O)OP([O-])([O-])=O'],['CC(C)=CCC=C(C)C=C'],"{68825, 32692}"
marts_E01527,mono,CC(C)=CCCC(C)=CCOP([O-])(=O)OP([O-])([O-])=O,CC(C)=CCCC(=C)C=C,['CC(C)=CCCC(C)=CCOP([O-])(=O)OP([O-])([O-])=O'],['CC(C)=CCCC(=C)C=C'],{16966}
marts_E01527,mono,CC(C)=CCCC(C)=CCOP([O-])(=O)OP([O-])([O-])=O,CC(C)=C1CC=C(C)CC1,['CC(C)=CCCC(C)=CCOP([O-])(=O)OP([O-])([O-])=O'],['CC(C)=C1CC=C(C)CC1'],{25501}
marts_E01527,mono,CC(C)=CCCC(C)=CCOP([O-])(=O)OP([O-])([O-])=O,CC1CC2C(CC=1)C2(C)C,['CC(C)=CCCC(C)=CCOP([O-])(=O)OP([O-])([O-])=O'],['CC1CC2C(CC=1)C2(C)C'],"{32696, 32540}"
marts_E01528,sesq,CC(C)=CCCC(C)=CCCC(C)=CCOP([O-])(=O)OP([O-])([O-])=O,CC1CCC=C(C)CC=CC(C)(C)CC=1,['CC(C)=CCCC(C)=CCCC(C)=CCOP([O-])(=O)OP([O-])([O-])=O'],['CC1CCC=C(C)CC=CC(C)(C)CC=1'],"{31896, 68781}"
marts_E01528,sesq,CC(C)=CCCC(C)=CCCC(C)=CCOP([O-])(=O)OP([O-])([O-])=O,CC1CCC2C(CC2(C)C)C(=C)CCC=1,['CC(C)=CCCC(C)=CCCC(C)=CCOP([O-])(=O)OP([O-])([O-])=O'],['CC1CCC2C(CC2(C)C)C(=C)CCC=1'],"{31816, 34704, 28295}"
marts_E01529,di,CC1(C)CCCC2(C)C1CCC(=C)C2CCC(C)=CCOP([O-])(=O)OP([O-])([O-])=O,CC1(C)CCCC2(C)C1CCC1=CC(C)(CCC21)C=C,['CC1(C)CCCC2(C)C1CCC(=C)C2CCC(C)=CCOP([O-])(=O)OP([O-])([O-])=O'],['CC1(C)CCCC2(C)C1CCC1=CC(C)(CCC21)C=C'],"{25537, 32004, 25541, 32008, 42985}"
marts_E01529,di,CC1(C)CCCC2(C)C1CCC(=C)C2CCC(C)=CCOP([O-])(=O)OP([O-])([O-])=O,CC1(C)CCCC2(C)C1CCC(=C)C2CCC(C)(O)C=C,['CC1(C)CCCC2(C)C1CCC(=C)C2CCC(C)=CCOP([O-])(=O)OP([O-])([O-])=O'],['CC1(C)CCCC2(C)C1CCC(=C)C2CCC(C)(O)C=C'],"{40016, 40012, 40032, 40028}"
marts_E01529,sesq,CC(C)=CCCC(C)=CCCC(C)=CCOP([O-])(=O)OP([O-])([O-])=O,CC(C)=CCCC(C)=CCCC(C)(O)C=C,['CC(C)=CCCC(C)=CCCC(C)=CCOP([O-])(=O)OP([O-])([O-])=O'],['CC(C)=CCCC(C)=CCCC(C)(O)C=C'],"{68833, 27531, 27535, 68821, 56985}"
marts_E01529,sesq,CC(C)=CCCC(C)=CCCC(C)=CCOP([O-])(=O)OP([O-])([O-])=O,CC(C)=CCCC(C)=CCCC(=C)C=C,['CC(C)=CCCC(C)=CCCC(C)=CCOP([O-])(=O)OP([O-])([O-])=O'],['CC(C)=CCCC(C)=CCCC(=C)C=C'],"{68545, 27426, 68857, 68505, 68509}"
marts_E01529,sester,CC(C)=CCCC(C)=CCCC(C)=CCCC(C)=CCCC(C)=CCOP([O-])(=O)OP([O-])([O-])=O,CC12CC3C(C)CCC45C(CCC4C)C3(CC1C(CC2)C(C)C)C5=C,['CC(C)=CCCC(C)=CCCC(C)=CCCC(C)=CCCC(C)=CCOP([O-])(=O)OP([O-])([O-])=O'],['CC12CC3C(C)CCC45C(CCC4C)C3(CC1C(CC2)C(C)C)C5=C'],{71992}
marts_E01529,sester,CC(C)=CCCC(C)=CCCC(C)=CCCC(C)=CCCC(C)=CCOP([O-])(=O)OP([O-])([O-])=O,CC(C)C1CCC2(C)CC3C(CC21)C(C)=CCCC(C)=CCCC3=C,['CC(C)=CCCC(C)=CCCC(C)=CCCC(C)=CCCC(C)=CCOP([O-])(=O)OP([O-])([O-])=O'],['CC(C)C1CCC2(C)CC3C(CC21)C(C)=CCCC(C)=CCCC3=C'],set()
marts_E01530,sesq,CC(C)=CCCC(C)=CCCC(C)=CCOP([O-])(=O)OP([O-])([O-])=O,CC(C)=CCCC(C)=CCCC(=C)C=C,['CC(C)=CCCC(C)=CCCC(C)=CCOP([O-])(=O)OP([O-])([O-])=O'],['CC(C)=CCCC(C)=CCCC(=C)C=C'],"{68545, 27426, 68857, 68505, 68509}"
marts_E01530,sesq,CC(C)=CCCC(C)=CCCC(C)=CCOP([O-])(=O)OP([O-])([O-])=O,CC(C)=CCCC(C)=CCC=C(C)C=C,['CC(C)=CCCC(C)=CCCC(C)=CCOP([O-])(=O)OP([O-])([O-])=O'],['CC(C)=CCCC(C)=CCC=C(C)C=C'],{27422}
marts_E01530,sesq,CC(C)=CCCC(C)=CCCC(C)=CCOP([O-])(=O)OP([O-])([O-])=O,CC(C)=CCCC(=C)C1CC=C(C)CC1,['CC(C)=CCCC(C)=CCCC(C)=CCOP([O-])(=O)OP([O-])([O-])=O'],['CC(C)=CCCC(=C)C1CC=C(C)CC1'],"{68813, 68529, 28267, 68525}"
marts_E01530,sesq,CC(C)=CCCC(C)=CCCC(C)=CCOP([O-])(=O)OP([O-])([O-])=O,CC(C)=CCCC(C)=CCCC(C)(O)C=C,['CC(C)=CCCC(C)=CCCC(C)=CCOP([O-])(=O)OP([O-])([O-])=O'],['CC(C)=CCCC(C)=CCCC(C)(O)C=C'],"{68833, 27531, 27535, 68821, 56985}"
marts_E01530,sester,CC(C)=CCCC(C)=CCCC(C)=CCCC(C)=CCCC(C)=CCOP([O-])(=O)OP([O-])([O-])=O,CC1=C2CC3(C)CCC(C3CC2C23CCC(C)C2CCC31C)C(C)C,['CC(C)=CCCC(C)=CCCC(C)=CCCC(C)=CCCC(C)=CCOP([O-])(=O)OP([O-])([O-])=O'],['CC1=C2CC3(C)CCC(C3CC2C23CCC(C)C2CCC31C)C(C)C'],{66865}
marts_E01530,sester,CC(C)=CCCC(C)=CCCC(C)=CCCC(C)=CCCC(C)=CCOP([O-])(=O)OP([O-])([O-])=O,CC(C)C1CCC2(C)CC3C(CC21)C(C)=CCCC(C)=CCCC3=C,['CC(C)=CCCC(C)=CCCC(C)=CCCC(C)=CCCC(C)=CCOP([O-])(=O)OP([O-])([O-])=O'],['CC(C)C1CCC2(C)CC3C(CC21)C(C)=CCCC(C)=CCCC3=C'],set()
marts_E01530,sester,CC(C)=CCCC(C)=CCCC(C)=CCCC(C)=CCCC(C)=CCOP([O-])(=O)OP([O-])([O-])=O,CC(C)C1CCC2(C)CC=C(C)CCC3C(CCC=3C)C(C)=CCC21,['CC(C)=CCCC(C)=CCCC(C)=CCCC(C)=CCCC(C)=CCOP([O-])(=O)OP([O-])([O-])=O'],['CC(C)C1CCC2(C)CC=C(C)CCC3C(CCC=3C)C(C)=CCC21'],set()
marts_E01531,sesq,CC(C)=CCCC(C)=CCCC(C)=CCOP([O-])(=O)OP([O-])([O-])=O,CC(C)=CCCC(C)=CCCC(=C)C=C,['CC(C)=CCCC(C)=CCCC(C)=CCOP([O-])(=O)OP([O-])([O-])=O'],['CC(C)=CCCC(C)=CCCC(=C)C=C'],"{68545, 27426, 68857, 68505, 68509}"
marts_E01531,sesq,CC(C)=CCCC(C)=CCCC(C)=CCOP([O-])(=O)OP([O-])([O-])=O,CC(C)=CCCC(C)=CCC=C(C)C=C,['CC(C)=CCCC(C)=CCCC(C)=CCOP([O-])(=O)OP([O-])([O-])=O'],['CC(C)=CCCC(C)=CCC=C(C)C=C'],{27422}
marts_E01531,sesq,CC(C)=CCCC(C)=CCCC(C)=CCOP([O-])(=O)OP([O-])([O-])=O,CC(C)=CCCC(C)=CCC=C(C)C=C,['CC(C)=CCCC(C)=CCCC(C)=CCOP([O-])(=O)OP([O-])([O-])=O'],['CC(C)=CCCC(C)=CCC=C(C)C=C'],{27422}
marts_E01531,sesq,CC(C)=CCCC(C)=CCCC(C)=CCOP([O-])(=O)OP([O-])([O-])=O,CC(C)=CCCC(=C)C1CC=C(C)CC1,['CC(C)=CCCC(C)=CCCC(C)=CCOP([O-])(=O)OP([O-])([O-])=O'],['CC(C)=CCCC(=C)C1CC=C(C)CC1'],"{68813, 68529, 28267, 68525}"
marts_E01531,sesq,CC(C)=CCCC(C)=CCCC(C)=CCOP([O-])(=O)OP([O-])([O-])=O,CC(C)=CCCC(C)=CCCC(C)(O)C=C,['CC(C)=CCCC(C)=CCCC(C)=CCOP([O-])(=O)OP([O-])([O-])=O'],['CC(C)=CCCC(C)=CCCC(C)(O)C=C'],"{68833, 27531, 27535, 68821, 56985}"
marts_E01532,sester,CC(C)=CCCC(C)=CCCC(C)=CCCC(C)=CCCC(C)=CCOP([O-])(=O)OP([O-])([O-])=O,CC(C)C1CCC2(C)CC3C(CC21)C(C)=CCCC(C)=CCC=C3C,['CC(C)=CCCC(C)=CCCC(C)=CCCC(C)=CCCC(C)=CCOP([O-])(=O)OP([O-])([O-])=O'],['CC(C)C1CCC2(C)CC3C(CC21)C(C)=CCCC(C)=CCC=C3C'],set()
marts_E01533,sesq,CC(C)=CCCC(C)=CCCC(C)=CCOP([O-])(=O)OP([O-])([O-])=O,CC1CCC=C(C)CCC(C=C1)C(C)(C)O,['CC(C)=CCCC(C)=CCCC(C)=CCOP([O-])(=O)OP([O-])([O-])=O'],['CC1CCC=C(C)CCC(C=C1)C(C)(C)O'],{22437}
marts_E01533,sesq,CC(C)=CCCC(C)=CCCC(C)=CCOP([O-])(=O)OP([O-])([O-])=O,CC1CCC(C=CC(=C)CCC=1)C(C)C,['CC(C)=CCCC(C)=CCCC(C)=CCOP([O-])(=O)OP([O-])([O-])=O'],['CC1CCC(C=CC(=C)CCC=1)C(C)C'],"{12017, 30428, 68717}"
marts_E01533,sesq,CC(C)=CCCC(C)=CCCC(C)=CCOP([O-])(=O)OP([O-])([O-])=O,CC1CCC(CC=C(C)CCC=1)C(C)=C,['CC(C)=CCCC(C)=CCCC(C)=CCOP([O-])(=O)OP([O-])([O-])=O'],['CC1CCC(CC=C(C)CCC=1)C(C)=C'],"{68777, 25453, 12517}"
marts_E01534,di,CC(C)=CCCC(C)=CCCC(C)=CCCC(C)=CCOP([O-])(=O)OP([O-])([O-])=O,CC(C)C1CCC2(C)CCC3(C)CC4CC4(C)C(O)C3C21,['CC(C)=CCCC(C)=CCCC(C)=CCCC(C)=CCOP([O-])(=O)OP([O-])([O-])=O'],['CC(C)C1CCC2(C)CCC3(C)CC4CC4(C)C(O)C3C21'],{75156}
marts_E01535,mono,CC(C)=CCCC(C)=CCOP([O-])(=O)OP([O-])([O-])=O,CC(C)=CCCC(C)=CCO,['CC(C)=CCCC(C)=CCOP([O-])(=O)OP([O-])([O-])=O'],['CC(C)=CCCC(C)=CCO'],"{32680, 65829}"
marts_E01536,di,CC(C)=CCCC(C)=CCCC(C)=CCCC(C)=CCOP([O-])(=O)OP([O-])([O-])=O,CC(C)C1CCC2(C)CC3C(CCC3C)C(C)(O)CC=C21,['CC(C)=CCCC(C)=CCCC(C)=CCCC(C)=CCOP([O-])(=O)OP([O-])([O-])=O'],['CC(C)C1CCC2(C)CC3C(CCC3C)C(C)(O)CC=C21'],{41629}
marts_E01536,di,CC(C)=CCCC(C)=CCCC(C)=CCCC(C)=CCOP([O-])(=O)OP([O-])([O-])=O,CC1CCC2C(CCC2(C)CC=C(C)CCC=1)C(C)=C,['CC(C)=CCCC(C)=CCCC(C)=CCCC(C)=CCOP([O-])(=O)OP([O-])([O-])=O'],['CC1CCC2C(CCC2(C)CC=C(C)CCC=1)C(C)=C'],set()
marts_E01537,di,CC(C)=CCCC(C)=CCCC(C)=CCCC(C)=CCOP([O-])(=O)OP([O-])([O-])=O,CC1(C)CC2=C3CCC(C)=CCC3(C)CCC2(C)CC1,['CC(C)=CCCC(C)=CCCC(C)=CCCC(C)=CCOP([O-])(=O)OP([O-])([O-])=O'],['CC1(C)CC2=C3CCC(C)=CCC3(C)CCC2(C)CC1'],{75184}
marts_E01538,sesq,CC(C)=CCCC(C)=CCCC(C)=CCOP([O-])(=O)OP([O-])([O-])=O,CC1(C)C2CC3(CC2)C(C)CCC3=C1C,['CC(C)=CCCC(C)=CCCC(C)=CCOP([O-])(=O)OP([O-])([O-])=O'],['CC1(C)C2CC3(CC2)C(C)CCC3=C1C'],{25993}
marts_E01538,sesq,CC(C)=CCCC(C)=CCCC(C)=CCOP([O-])(=O)OP([O-])([O-])=O,CC(C)=CCCC(C)=CCCC(C)=CCO,['CC(C)=CCCC(C)=CCCC(C)=CCOP([O-])(=O)OP([O-])([O-])=O'],['CC(C)=CCCC(C)=CCCC(C)=CCO'],{27527}
marts_E01538,sesq,CC(C)=CCCC(C)=CCCC(C)=CCOP([O-])(=O)OP([O-])([O-])=O,CC(C)=CCCC(C)=CCCC(C)(O)C=C,['CC(C)=CCCC(C)=CCCC(C)=CCOP([O-])(=O)OP([O-])([O-])=O'],['CC(C)=CCCC(C)=CCCC(C)(O)C=C'],"{68833, 27531, 27535, 68821, 56985}"
marts_E01539,sesq,CC(C)=CCCC(C)=CCCC(C)=CCOP([O-])(=O)OP([O-])([O-])=O,CC1(C)C=CC23CC(C)(CCC2)CCC13,['CC(C)=CCCC(C)=CCCC(C)=CCOP([O-])(=O)OP([O-])([O-])=O'],['CC1(C)C=CC23CC(C)(CCC2)CCC13'],set()
marts_E01539,mono,CC(C)=CCCC(C)=CCOP([O-])(=O)OP([O-])([O-])=O,CC(C)=CCCC(C)=CCO,['CC(C)=CCCC(C)=CCOP([O-])(=O)OP([O-])([O-])=O'],['CC(C)=CCCC(C)=CCO'],"{32680, 65829}"
marts_E01539,mono,CC(C)=CCCC(C)=CCOP([O-])(=O)OP([O-])([O-])=O,CC(C)=CCCC(C)=CC=O,['CC(C)=CCCC(C)=CCOP([O-])(=O)OP([O-])([O-])=O'],['CC(C)=CCCC(C)=CC=O'],set()
